Bureau of Justice Statistics,,,,,,,,,,,,
Filename:  cv0767.csv,,,,,,,,,,,,
"Table 67. Percent distribution of violent crime victimizations, by who was first to use or threaten to use physical force",,,,,,,,,,,,
"Data source: National Criminal Victimization Survey, 2007  NCJ 227669",,,,,,,,,,,,
Produced by:  Cathy Maston ,,,,,,,,,,,,
Authors:  Patsy Klaus and Cathy Maston,,,,,,,,,,,,
Refer questions to: askbjs@usdoj.gov  202-307-0765,,,,,,,,,,,,
Data of version:  02/03/10,,,,,,,,,,,,
,,,,,,,,,,,,
"Table 67. Personal crimes of violence, 2007: Percent distribution of violent crime victimizations, by who was first to use or threaten to use physical force",,,,,,,,,,,,
,Percent of victimizations,,,,,,,,,,,
Type of crime,Total crimes using force,,Respondent was first to use force,,Offender was first to use force,,Someone else was first to use force,,Don't know who was first to use force,,Not available,
Crimes of violence,100,%,8.9,%,80.7,%,1.1,%*,0.5,%*,8.9,%
   Rape/Sexual assault/a,100,%*,21.7,*,66.9,*,0,*,0,*,11.4,*
   Robbery,100,%,11.4,*,78.2,,0,*,0,*,10.5,*
   Assault,100,%,8,,81.5,,1.2,*,0.6,*,8.6,
      Aggravated,100,%,6.6,*,70.8,,2.6,*,2,*,17.9,*
      Simple,100,%,8.6,*,85.8,,0.7,*,0,*,4.9,*
Note: Detail may not add to total shown because of rounding.,,,,,,,,,,,,
*Estimate is based on 10 or fewer sample cases.,,,,,,,,,,,,
a/Includes verbal threats of rape and threats of sexual assault.,,,,,,,,,,,,
