Bureau of Justice Statistics,,,,,,,,,,,,,,,,
Filename:  cv0760.csv,,,,,,,,,,,,,,,,
"Table 60. Percent distribution of incidents, by type of crime, type of offender, and time of occurrence",,,,,,,,,,,,,,,,
"Data source: National Criminal Victimization Survey, 2007  NCJ 227669",,,,,,,,,,,,,,,,
Produced by:  Cathy Maston ,,,,,,,,,,,,,,,,
Authors:  Patsy Klaus and Cathy Maston,,,,,,,,,,,,,,,,
Refer questions to: askbjs@usdoj.gov  202-307-0765,,,,,,,,,,,,,,,,
Data of version:  02/03/10,,,,,,,,,,,,,,,,
,,,,,,,,,,,,,,,,
"Table 60. Personal robbery and assault by armed or unarmed offenders, 2007: Percent distribution of incidents, by type of crime, type of offender, and time of occurrence",,,,,,,,,,,,,,,,
,,,Percent of incidents,,,,,,,,,,,,,
,,,,,Daytime,,Nighttime,,,,,,,,,
Type of crime and offender,, Number of incidents,Total,,6 a.m. -6 p.m.,,  Total,,6 p.m.-midnight,,Midnight -6 a.m.,, Not known,,Not known and not available,
Robbery,,,,,,,,,,,,,,,,
,By armed offenders,"265,900",100,%,31,%,66.2,%,49.2,%,13.1,%,3.9,%*,2.8,%*
,By unarmed offenders,"230,910",100,%,48.3,,50.2,,36.8,,11.7,*,1.7,*,1.5,*
Assault,,,,,,,,,,,,,,,,
,By armed offenders,"717,100",100,%,46.7,,52.9,,38.8,,12.8,,1.3,*,0.4,*
,By unarmed offenders,"3,053,000",100,%,61.1,,36.6,,24.2,,10.1,,2.3,,2.3,
Note: Detail may not add to total shown because of rounding.,,,,,,,,,,,,,,,,
Excludes data in which the presence of a weapon was not ascertained.,,,,,,,,,,,,,,,,
*Estimate is based on 10 or fewer sample cases.,,,,,,,,,,,,,,,,
