Bureau of Justice Statistics,,,,,,,,,,,,,,,,,
Filename:  cv0773.csv,,,,,,,,,,,,,,,,,
Table 73. Percent distribution of victimizations in which self-protective measures taken by the victim were helpful,,,,,,,,,,,,,,,,,
"Data source: National Criminal Victimization Survey, 2007  NCJ 227669",,,,,,,,,,,,,,,,,
Produced by:  Cathy Maston ,,,,,,,,,,,,,,,,,
Authors:  Patsy Klaus and Cathy Maston,,,,,,,,,,,,,,,,,
Refer questions to: askbjs@usdoj.gov  202-307-0765,,,,,,,,,,,,,,,,,
Data of version:  02/03/10,,,,,,,,,,,,,,,,,
,,,,,,,,,,,,,,,,,
"Table 73. Personal crimes of violence, 2007: Percent distribution of victimizations in which self-protective measures taken by the victim were helpful",,,,,,,,,,,,,,,,,
,,Percent of victimizations,,,,,,,,,,,,,,,
Type of crime,Number of victimizations, Total,,Avoided injury or greater injury,,Scared offender off,,Escaped,,Protected property,,Protected other people,,In other ways,,Not available,
Crimes of violence,"2,678,370",100,%,52.4,%,18.4,%,15.2,%,4.4,%,4.9,%,4.7,%,0,%*
   Rape/Sexual assault/a,"128,010",100,%,37.7,,34.2,,25.2,*,2.9,*,0,*,0,*,0,*
   Robbery,"229,590",100,%,48.6,,17.2,,15.9,,10.9,*,4,*,3.4,*,0,*
   Assault,"2,320,780",100,%,53.6,,17.6,,14.5,,3.9,,5.3,,5.1,,0,*
      Aggravated,"541,330",100,%,52.3,,18.8,,11.6,,6.5,,7.3,,3.5,*,0,*
      Simple,"1,779,440",100,%,54,,17.3,,15.4,,3.1,,4.6,,5.5,,0,*
Note: Detail may not add to total shown because of rounding.,,,,,,,,,,,,,,,,,
Excludes victimizations in which no self-protective actions were taken.,,,,,,,,,,,,,,,,,
*Estimate is based on 10 or fewer sample cases.,,,,,,,,,,,,,,,,,
a/Includes verbal threats of rape and threats of sexual assault.,,,,,,,,,,,,,,,,,
