Bureau of Justice Statistics,,,,,,,,,,,,,,,,,,
Filename:  cv0776.csv,,,,,,,,,,,,,,,,,,
"Table 76. Percent distribution of victims receiving medical care, by type of crime and where care was received",,,,,,,,,,,,,,,,,,
"Data source: National Criminal Victimization Survey, 2007  NCJ 227669",,,,,,,,,,,,,,,,,,
Produced by:  Cathy Maston ,,,,,,,,,,,,,,,,,,
Authors:  Patsy Klaus and Cathy Maston,,,,,,,,,,,,,,,,,,
Refer questions to: askbjs@usdoj.gov  202-307-0765,,,,,,,,,,,,,,,,,,
Data of version:  02/03/10,,,,,,,,,,,,,,,,,,
,,,,,,,,,,,,,,,,,,
"Table 76. Personal crimes of violence, 2007: Percent distribution of victims receiving medical care, by type of crime and where care was received",,,,,,,,,,,,,,,,,,
,,,Percent distribution of where care was received,,,,,,,,,,,,,,,
Type of crime,Number of victims receiving medical care,, Total,,At the scene,,At home or neighbor's or friend's home,,Health unit at work or first-aid station,,Doctor's office or health clinic,,Emergency room at hospital; emergency clinic,,Hospital,,Other,
Crimes of violence,"596,080",,100,%,10.6,%,27.6,%,2.6,%*,11.8,%,38,%,8.7,%,0.3,%*
,,,,,,,,,,,,,,,,,,
   Completed violence,"569,730",,100,%,11.1,,27.6,,2.7,*,11.6,,37.8,,8.5,,0.3,*
   Attempted/threatened violence,"26,350",*,100,%*,0,*,27.1,*,0,*,16.9,*,42.4,*,13.6,*,0,*
   Rape/Sexual assault/a,"49,500",,100,%,5.9,*,19.9,*,0,*,19.5,*,38.3,*,16.4,*,0,*
   Robbery,"103,280",,100,%,14.8,*,27,*,0,*,7.1,*,40.3,,7.7,*,0,*
      Completed/property taken,"86,470",,100,%,17.6,*,26.4,*,0,*,6.2,*,41.1,,5,*,0,*
      Attempted to take property,"16,810",*,100,%*,0,*,30.4,*,0,*,11.9,*,36.3,*,21.4,*,0,*
   Assault,"443,300",,100,%,10.1,,28.5,,3.5,*,12,,37.4,,8.1,,0.4,*
      Aggravated,"174,700",,100,%,8,*,23.8,,1,*,6.9,*,46.1,,14.2,*,0,*
      Simple,"268,610",,100,%,11.5,*,31.6,,5,*,15.4,,31.7,,4.1,*,0.7,*
Note: Detail may not add to total shown because of rounding.,,,,,,,,,,,,,,,,,,
Some respondents may have received medical attention at more than one location.,,,,,,,,,,,,,,,,,,
*Estimate is based on 10 or fewer sample cases.,,,,,,,,,,,,,,,,,,
a/Includes verbal threats of rape and threats of sexual assault.,,,,,,,,,,,,,,,,,,
