Bureau of Justice Statistics,,,
Filename:  cv0778.csv,,,
"Table 78. Percent of victimizations in which injured victims had health insurance coverage or were eligible for public medical services, by selected characteristics of victims",,,
"Data source: National Criminal Victimization Survey, 2007  NCJ 227669",,,
Produced by:  Cathy Maston ,,,
Authors:  Patsy Klaus and Cathy Maston,,,
Refer questions to: askbjs@usdoj.gov  202-307-0765,,,
Data of version:  02/03/10,,,
,,,
"Table 78. Personal crimes of violence, 2007: Percent of victimizations in which injured victims had health insurance coverage or were eligible for public medical services, by selected characteristics of victims",,,
Characteristic,,Percent of victimizations,
Race,,,
,All races/a,64,%
,White only,61.9,
,Black only,68.2,
Annual family income/b,,,
,"Less than $7,500",47.7,*
,"$7,500-$14,999",72.8,
,"$15,000-$24,999",54.5,*
,"$25,000-$34,999",91.8,
,"$35,000-$49,999",76.8,
,"$50,000-$74,999",61.3,
,"$75,000 or more",77.8,
Gender,,,
,Male,62.9,
,Female,64.7,
Age,,,
, 12-15,55.5,
,16-19,57.2,
,20-24,71.8,
,25-34,55.6,
,35-49,68.8,
,50-64,75.9,
,65 and over,100,*
Note: Data includes only those victimizations in which the victim received medical attention.,,,
*Estimate is based on 10 or fewer sample cases.,,,
"a/Includes data on persons of ""Other"" races and persons indicating two or more races, not shown separately.",,,
b/Excludes data on persons whose family income level was not ascertained.,,,
