Bureau of Justice Statistics,,,,,,,,,,,
Filename:  cv0771.csv,,,,,,,,,,,
"Table 71. Percent distribution of self-protective measures employed by victims, by selected characteristics of victims",,,,,,,,,,,
"Data source: National Criminal Victimization Survey, 2007  NCJ 227669",,,,,,,,,,,
Produced by:  Cathy Maston ,,,,,,,,,,,
Authors:  Patsy Klaus and Cathy Maston,,,,,,,,,,,
Refer questions to: askbjs@usdoj.gov  202-307-0765,,,,,,,,,,,
Data of version:  02/03/10,,,,,,,,,,,
,,,,,,,,,,,
"Table 71. Personal crimes of violence, 2007: Percent distribution of self-protective measures employed by victims, by selected characteristics of victims",,,,,,,,,,,
,,Percent of self-protective measures,,,,,,,,,
,,Gender,,,,,,                      Race/a,,,
Self-protective measure,,    Both genders,,Male,,Female,,White only,,Black only,
Total,,100,%,100,%,100,%,100,%,100,%
,Attacked offender with weapon,1.2,,1.8,,0.6,*,1.1,*,0.8,*
,Attacked offender without weapon,10.2,,12.8,,7.4,,9.4,,13.6,
,Threatened offender with weapon,2.1,,3,,1.2,*,2.1,,1.5,*
,Threatened offender without weapon,2.7,,3.8,,1.5,*,2.6,,2.2,*
,Resisted or captured offender,23.6,,26,,21,,23.1,,27.7,
,Scared or warned offender,10.6,,7.6,,13.8,,11.6,,6.6,
,Persuaded or appeased offender,10.7,,11.2,,10.2,,11.1,,9.4,
,Ran away or hid,16.2,,14.2,,18.2,,15.4,,18.9,
,Got help or gave alarm,13.7,,12.6,,14.9,,14.3,,10.3,
,Screamed from pain or fear,2.3,,0.6,*,4,,2.2,,3,*
,Took other measures,6.8,,6.4,,7.1,,7,,6.1,*
Note: Detail may not add to total shown because of rounding.,,,,,,,,,,,
"Excludes data on persons of ""Other"" races and persons indicating two or more races.",,,,,,,,,,,
Some respondents may have cited more than one self-protective measure employed.,,,,,,,,,,,
*Estimate is based on 10 or fewer sample cases.,,,,,,,,,,,
a/Excludes data on persons other than White only or Black only.,,,,,,,,,,,
