"Sheriff's Office Workload Data                 The following statistics represent the workload generated during the period of                     January 1, 2009 to December 31, 2009.                                                         Calls for Service                      11,784                                                           Rescue Squad Calls Dispatched                      2,731                                                           Fire Department Calls Disptached                      1,865                                                           Felony Warrants Served                      229                                                           Misdemeanor Warrants Served                      462                                                           Civil Papers Served                      6,651                                                           Traffic Summons Issued                      1,642                                                           Traffic Accidents Worked                      85                                                           Drug Charge Arrests                     55 persons                                                            DUI Arrests                      71 persons                                                           Court Days                      188 days totaling 4,333 man hours                                                            Transports                     808  manhours for 26,836 miles                                                            Presentations                     16 presentation to 1,020 persons",Calls for Service,"11,784",Rescue Squad Calls Dispatched,"2,731",Fire Department Calls Disptached,"1,865",Felony Warrants Served,229,Misdemeanor Warrants Served,462,Civil Papers Served,"6,651",Traffic Summons Issued,"1,642",Traffic Accidents Worked,85,Drug Charge Arrests,55 persons,DUI Arrests,71 persons,Court Days,"188 days totaling 4,333 man hours",Transports,"808  manhours for 26,836 miles",Presentations,"16 presentation to 1,020 persons"
Calls for Service,"11,784"
Rescue Squad Calls Dispatched,"2,731"
Fire Department Calls Disptached,"1,865"
Felony Warrants Served,229
Misdemeanor Warrants Served,462
Civil Papers Served,"6,651"
Traffic Summons Issued,"1,642"
Traffic Accidents Worked,85
Drug Charge Arrests,55 persons
DUI Arrests,71 persons
Court Days,"188 days totaling 4,333 man hours"
Transports,"808  manhours for 26,836 miles"
Presentations,"16 presentation to 1,020 persons"
