[
  {
    "Sheriff's Office Workload Data                 The following statistics represent the workload generated during the period of                     January 1, 2009 to December 31, 2009.                                                         Calls for Service                      11,784                                                           Rescue Squad Calls Dispatched                      2,731                                                           Fire Department Calls Disptached                      1,865                                                           Felony Warrants Served                      229                                                           Misdemeanor Warrants Served                      462                                                           Civil Papers Served                      6,651                                                           Traffic Summons Issued                      1,642                                                           Traffic Accidents Worked                      85                                                           Drug Charge Arrests                     55 persons                                                            DUI Arrests                      71 persons                                                           Court Days                      188 days totaling 4,333 man hours                                                            Transports                     808  manhours for 26,836 miles                                                            Presentations                     16 presentation to 1,020 persons":"Calls for Service",
    "Calls for Service":"11,784",
    "11,784":"",
    "Rescue Squad Calls Dispatched":"",
    "2,731":"",
    "Fire Department Calls Disptached":"",
    "1,865":"",
    "Felony Warrants Served":"",
    "229":"",
    "Misdemeanor Warrants Served":"",
    "462":"",
    "Civil Papers Served":"",
    "6,651":"",
    "Traffic Summons Issued":"",
    "1,642":"",
    "Traffic Accidents Worked":"",
    "85":"",
    "Drug Charge Arrests":"",
    "55 persons":"",
    "DUI Arrests":"",
    "71 persons":"",
    "Court Days":"",
    "188 days totaling 4,333 man hours":"",
    "Transports":"",
    "808  manhours for 26,836 miles":"",
    "Presentations":"",
    "16 presentation to 1,020 persons":""
  },
  {
    "Sheriff's Office Workload Data                 The following statistics represent the workload generated during the period of                     January 1, 2009 to December 31, 2009.                                                         Calls for Service                      11,784                                                           Rescue Squad Calls Dispatched                      2,731                                                           Fire Department Calls Disptached                      1,865                                                           Felony Warrants Served                      229                                                           Misdemeanor Warrants Served                      462                                                           Civil Papers Served                      6,651                                                           Traffic Summons Issued                      1,642                                                           Traffic Accidents Worked                      85                                                           Drug Charge Arrests                     55 persons                                                            DUI Arrests                      71 persons                                                           Court Days                      188 days totaling 4,333 man hours                                                            Transports                     808  manhours for 26,836 miles                                                            Presentations                     16 presentation to 1,020 persons":"Rescue Squad Calls Dispatched",
    "Calls for Service":"2,731",
    "11,784":"",
    "Rescue Squad Calls Dispatched":"",
    "2,731":"",
    "Fire Department Calls Disptached":"",
    "1,865":"",
    "Felony Warrants Served":"",
    "229":"",
    "Misdemeanor Warrants Served":"",
    "462":"",
    "Civil Papers Served":"",
    "6,651":"",
    "Traffic Summons Issued":"",
    "1,642":"",
    "Traffic Accidents Worked":"",
    "85":"",
    "Drug Charge Arrests":"",
    "55 persons":"",
    "DUI Arrests":"",
    "71 persons":"",
    "Court Days":"",
    "188 days totaling 4,333 man hours":"",
    "Transports":"",
    "808  manhours for 26,836 miles":"",
    "Presentations":"",
    "16 presentation to 1,020 persons":""
  },
  {
    "Sheriff's Office Workload Data                 The following statistics represent the workload generated during the period of                     January 1, 2009 to December 31, 2009.                                                         Calls for Service                      11,784                                                           Rescue Squad Calls Dispatched                      2,731                                                           Fire Department Calls Disptached                      1,865                                                           Felony Warrants Served                      229                                                           Misdemeanor Warrants Served                      462                                                           Civil Papers Served                      6,651                                                           Traffic Summons Issued                      1,642                                                           Traffic Accidents Worked                      85                                                           Drug Charge Arrests                     55 persons                                                            DUI Arrests                      71 persons                                                           Court Days                      188 days totaling 4,333 man hours                                                            Transports                     808  manhours for 26,836 miles                                                            Presentations                     16 presentation to 1,020 persons":"Fire Department Calls Disptached",
    "Calls for Service":"1,865",
    "11,784":"",
    "Rescue Squad Calls Dispatched":"",
    "2,731":"",
    "Fire Department Calls Disptached":"",
    "1,865":"",
    "Felony Warrants Served":"",
    "229":"",
    "Misdemeanor Warrants Served":"",
    "462":"",
    "Civil Papers Served":"",
    "6,651":"",
    "Traffic Summons Issued":"",
    "1,642":"",
    "Traffic Accidents Worked":"",
    "85":"",
    "Drug Charge Arrests":"",
    "55 persons":"",
    "DUI Arrests":"",
    "71 persons":"",
    "Court Days":"",
    "188 days totaling 4,333 man hours":"",
    "Transports":"",
    "808  manhours for 26,836 miles":"",
    "Presentations":"",
    "16 presentation to 1,020 persons":""
  },
  {
    "Sheriff's Office Workload Data                 The following statistics represent the workload generated during the period of                     January 1, 2009 to December 31, 2009.                                                         Calls for Service                      11,784                                                           Rescue Squad Calls Dispatched                      2,731                                                           Fire Department Calls Disptached                      1,865                                                           Felony Warrants Served                      229                                                           Misdemeanor Warrants Served                      462                                                           Civil Papers Served                      6,651                                                           Traffic Summons Issued                      1,642                                                           Traffic Accidents Worked                      85                                                           Drug Charge Arrests                     55 persons                                                            DUI Arrests                      71 persons                                                           Court Days                      188 days totaling 4,333 man hours                                                            Transports                     808  manhours for 26,836 miles                                                            Presentations                     16 presentation to 1,020 persons":"Felony Warrants Served",
    "Calls for Service":"229",
    "11,784":"",
    "Rescue Squad Calls Dispatched":"",
    "2,731":"",
    "Fire Department Calls Disptached":"",
    "1,865":"",
    "Felony Warrants Served":"",
    "229":"",
    "Misdemeanor Warrants Served":"",
    "462":"",
    "Civil Papers Served":"",
    "6,651":"",
    "Traffic Summons Issued":"",
    "1,642":"",
    "Traffic Accidents Worked":"",
    "85":"",
    "Drug Charge Arrests":"",
    "55 persons":"",
    "DUI Arrests":"",
    "71 persons":"",
    "Court Days":"",
    "188 days totaling 4,333 man hours":"",
    "Transports":"",
    "808  manhours for 26,836 miles":"",
    "Presentations":"",
    "16 presentation to 1,020 persons":""
  },
  {
    "Sheriff's Office Workload Data                 The following statistics represent the workload generated during the period of                     January 1, 2009 to December 31, 2009.                                                         Calls for Service                      11,784                                                           Rescue Squad Calls Dispatched                      2,731                                                           Fire Department Calls Disptached                      1,865                                                           Felony Warrants Served                      229                                                           Misdemeanor Warrants Served                      462                                                           Civil Papers Served                      6,651                                                           Traffic Summons Issued                      1,642                                                           Traffic Accidents Worked                      85                                                           Drug Charge Arrests                     55 persons                                                            DUI Arrests                      71 persons                                                           Court Days                      188 days totaling 4,333 man hours                                                            Transports                     808  manhours for 26,836 miles                                                            Presentations                     16 presentation to 1,020 persons":"Misdemeanor Warrants Served",
    "Calls for Service":"462",
    "11,784":"",
    "Rescue Squad Calls Dispatched":"",
    "2,731":"",
    "Fire Department Calls Disptached":"",
    "1,865":"",
    "Felony Warrants Served":"",
    "229":"",
    "Misdemeanor Warrants Served":"",
    "462":"",
    "Civil Papers Served":"",
    "6,651":"",
    "Traffic Summons Issued":"",
    "1,642":"",
    "Traffic Accidents Worked":"",
    "85":"",
    "Drug Charge Arrests":"",
    "55 persons":"",
    "DUI Arrests":"",
    "71 persons":"",
    "Court Days":"",
    "188 days totaling 4,333 man hours":"",
    "Transports":"",
    "808  manhours for 26,836 miles":"",
    "Presentations":"",
    "16 presentation to 1,020 persons":""
  },
  {
    "Sheriff's Office Workload Data                 The following statistics represent the workload generated during the period of                     January 1, 2009 to December 31, 2009.                                                         Calls for Service                      11,784                                                           Rescue Squad Calls Dispatched                      2,731                                                           Fire Department Calls Disptached                      1,865                                                           Felony Warrants Served                      229                                                           Misdemeanor Warrants Served                      462                                                           Civil Papers Served                      6,651                                                           Traffic Summons Issued                      1,642                                                           Traffic Accidents Worked                      85                                                           Drug Charge Arrests                     55 persons                                                            DUI Arrests                      71 persons                                                           Court Days                      188 days totaling 4,333 man hours                                                            Transports                     808  manhours for 26,836 miles                                                            Presentations                     16 presentation to 1,020 persons":"Civil Papers Served",
    "Calls for Service":"6,651",
    "11,784":"",
    "Rescue Squad Calls Dispatched":"",
    "2,731":"",
    "Fire Department Calls Disptached":"",
    "1,865":"",
    "Felony Warrants Served":"",
    "229":"",
    "Misdemeanor Warrants Served":"",
    "462":"",
    "Civil Papers Served":"",
    "6,651":"",
    "Traffic Summons Issued":"",
    "1,642":"",
    "Traffic Accidents Worked":"",
    "85":"",
    "Drug Charge Arrests":"",
    "55 persons":"",
    "DUI Arrests":"",
    "71 persons":"",
    "Court Days":"",
    "188 days totaling 4,333 man hours":"",
    "Transports":"",
    "808  manhours for 26,836 miles":"",
    "Presentations":"",
    "16 presentation to 1,020 persons":""
  },
  {
    "Sheriff's Office Workload Data                 The following statistics represent the workload generated during the period of                     January 1, 2009 to December 31, 2009.                                                         Calls for Service                      11,784                                                           Rescue Squad Calls Dispatched                      2,731                                                           Fire Department Calls Disptached                      1,865                                                           Felony Warrants Served                      229                                                           Misdemeanor Warrants Served                      462                                                           Civil Papers Served                      6,651                                                           Traffic Summons Issued                      1,642                                                           Traffic Accidents Worked                      85                                                           Drug Charge Arrests                     55 persons                                                            DUI Arrests                      71 persons                                                           Court Days                      188 days totaling 4,333 man hours                                                            Transports                     808  manhours for 26,836 miles                                                            Presentations                     16 presentation to 1,020 persons":"Traffic Summons Issued",
    "Calls for Service":"1,642",
    "11,784":"",
    "Rescue Squad Calls Dispatched":"",
    "2,731":"",
    "Fire Department Calls Disptached":"",
    "1,865":"",
    "Felony Warrants Served":"",
    "229":"",
    "Misdemeanor Warrants Served":"",
    "462":"",
    "Civil Papers Served":"",
    "6,651":"",
    "Traffic Summons Issued":"",
    "1,642":"",
    "Traffic Accidents Worked":"",
    "85":"",
    "Drug Charge Arrests":"",
    "55 persons":"",
    "DUI Arrests":"",
    "71 persons":"",
    "Court Days":"",
    "188 days totaling 4,333 man hours":"",
    "Transports":"",
    "808  manhours for 26,836 miles":"",
    "Presentations":"",
    "16 presentation to 1,020 persons":""
  },
  {
    "Sheriff's Office Workload Data                 The following statistics represent the workload generated during the period of                     January 1, 2009 to December 31, 2009.                                                         Calls for Service                      11,784                                                           Rescue Squad Calls Dispatched                      2,731                                                           Fire Department Calls Disptached                      1,865                                                           Felony Warrants Served                      229                                                           Misdemeanor Warrants Served                      462                                                           Civil Papers Served                      6,651                                                           Traffic Summons Issued                      1,642                                                           Traffic Accidents Worked                      85                                                           Drug Charge Arrests                     55 persons                                                            DUI Arrests                      71 persons                                                           Court Days                      188 days totaling 4,333 man hours                                                            Transports                     808  manhours for 26,836 miles                                                            Presentations                     16 presentation to 1,020 persons":"Traffic Accidents Worked",
    "Calls for Service":"85",
    "11,784":"",
    "Rescue Squad Calls Dispatched":"",
    "2,731":"",
    "Fire Department Calls Disptached":"",
    "1,865":"",
    "Felony Warrants Served":"",
    "229":"",
    "Misdemeanor Warrants Served":"",
    "462":"",
    "Civil Papers Served":"",
    "6,651":"",
    "Traffic Summons Issued":"",
    "1,642":"",
    "Traffic Accidents Worked":"",
    "85":"",
    "Drug Charge Arrests":"",
    "55 persons":"",
    "DUI Arrests":"",
    "71 persons":"",
    "Court Days":"",
    "188 days totaling 4,333 man hours":"",
    "Transports":"",
    "808  manhours for 26,836 miles":"",
    "Presentations":"",
    "16 presentation to 1,020 persons":""
  },
  {
    "Sheriff's Office Workload Data                 The following statistics represent the workload generated during the period of                     January 1, 2009 to December 31, 2009.                                                         Calls for Service                      11,784                                                           Rescue Squad Calls Dispatched                      2,731                                                           Fire Department Calls Disptached                      1,865                                                           Felony Warrants Served                      229                                                           Misdemeanor Warrants Served                      462                                                           Civil Papers Served                      6,651                                                           Traffic Summons Issued                      1,642                                                           Traffic Accidents Worked                      85                                                           Drug Charge Arrests                     55 persons                                                            DUI Arrests                      71 persons                                                           Court Days                      188 days totaling 4,333 man hours                                                            Transports                     808  manhours for 26,836 miles                                                            Presentations                     16 presentation to 1,020 persons":"Drug Charge Arrests",
    "Calls for Service":"55 persons",
    "11,784":"",
    "Rescue Squad Calls Dispatched":"",
    "2,731":"",
    "Fire Department Calls Disptached":"",
    "1,865":"",
    "Felony Warrants Served":"",
    "229":"",
    "Misdemeanor Warrants Served":"",
    "462":"",
    "Civil Papers Served":"",
    "6,651":"",
    "Traffic Summons Issued":"",
    "1,642":"",
    "Traffic Accidents Worked":"",
    "85":"",
    "Drug Charge Arrests":"",
    "55 persons":"",
    "DUI Arrests":"",
    "71 persons":"",
    "Court Days":"",
    "188 days totaling 4,333 man hours":"",
    "Transports":"",
    "808  manhours for 26,836 miles":"",
    "Presentations":"",
    "16 presentation to 1,020 persons":""
  },
  {
    "Sheriff's Office Workload Data                 The following statistics represent the workload generated during the period of                     January 1, 2009 to December 31, 2009.                                                         Calls for Service                      11,784                                                           Rescue Squad Calls Dispatched                      2,731                                                           Fire Department Calls Disptached                      1,865                                                           Felony Warrants Served                      229                                                           Misdemeanor Warrants Served                      462                                                           Civil Papers Served                      6,651                                                           Traffic Summons Issued                      1,642                                                           Traffic Accidents Worked                      85                                                           Drug Charge Arrests                     55 persons                                                            DUI Arrests                      71 persons                                                           Court Days                      188 days totaling 4,333 man hours                                                            Transports                     808  manhours for 26,836 miles                                                            Presentations                     16 presentation to 1,020 persons":"DUI Arrests",
    "Calls for Service":"71 persons",
    "11,784":"",
    "Rescue Squad Calls Dispatched":"",
    "2,731":"",
    "Fire Department Calls Disptached":"",
    "1,865":"",
    "Felony Warrants Served":"",
    "229":"",
    "Misdemeanor Warrants Served":"",
    "462":"",
    "Civil Papers Served":"",
    "6,651":"",
    "Traffic Summons Issued":"",
    "1,642":"",
    "Traffic Accidents Worked":"",
    "85":"",
    "Drug Charge Arrests":"",
    "55 persons":"",
    "DUI Arrests":"",
    "71 persons":"",
    "Court Days":"",
    "188 days totaling 4,333 man hours":"",
    "Transports":"",
    "808  manhours for 26,836 miles":"",
    "Presentations":"",
    "16 presentation to 1,020 persons":""
  },
  {
    "Sheriff's Office Workload Data                 The following statistics represent the workload generated during the period of                     January 1, 2009 to December 31, 2009.                                                         Calls for Service                      11,784                                                           Rescue Squad Calls Dispatched                      2,731                                                           Fire Department Calls Disptached                      1,865                                                           Felony Warrants Served                      229                                                           Misdemeanor Warrants Served                      462                                                           Civil Papers Served                      6,651                                                           Traffic Summons Issued                      1,642                                                           Traffic Accidents Worked                      85                                                           Drug Charge Arrests                     55 persons                                                            DUI Arrests                      71 persons                                                           Court Days                      188 days totaling 4,333 man hours                                                            Transports                     808  manhours for 26,836 miles                                                            Presentations                     16 presentation to 1,020 persons":"Court Days",
    "Calls for Service":"188 days totaling 4,333 man hours",
    "11,784":"",
    "Rescue Squad Calls Dispatched":"",
    "2,731":"",
    "Fire Department Calls Disptached":"",
    "1,865":"",
    "Felony Warrants Served":"",
    "229":"",
    "Misdemeanor Warrants Served":"",
    "462":"",
    "Civil Papers Served":"",
    "6,651":"",
    "Traffic Summons Issued":"",
    "1,642":"",
    "Traffic Accidents Worked":"",
    "85":"",
    "Drug Charge Arrests":"",
    "55 persons":"",
    "DUI Arrests":"",
    "71 persons":"",
    "Court Days":"",
    "188 days totaling 4,333 man hours":"",
    "Transports":"",
    "808  manhours for 26,836 miles":"",
    "Presentations":"",
    "16 presentation to 1,020 persons":""
  },
  {
    "Sheriff's Office Workload Data                 The following statistics represent the workload generated during the period of                     January 1, 2009 to December 31, 2009.                                                         Calls for Service                      11,784                                                           Rescue Squad Calls Dispatched                      2,731                                                           Fire Department Calls Disptached                      1,865                                                           Felony Warrants Served                      229                                                           Misdemeanor Warrants Served                      462                                                           Civil Papers Served                      6,651                                                           Traffic Summons Issued                      1,642                                                           Traffic Accidents Worked                      85                                                           Drug Charge Arrests                     55 persons                                                            DUI Arrests                      71 persons                                                           Court Days                      188 days totaling 4,333 man hours                                                            Transports                     808  manhours for 26,836 miles                                                            Presentations                     16 presentation to 1,020 persons":"Transports",
    "Calls for Service":"808  manhours for 26,836 miles",
    "11,784":"",
    "Rescue Squad Calls Dispatched":"",
    "2,731":"",
    "Fire Department Calls Disptached":"",
    "1,865":"",
    "Felony Warrants Served":"",
    "229":"",
    "Misdemeanor Warrants Served":"",
    "462":"",
    "Civil Papers Served":"",
    "6,651":"",
    "Traffic Summons Issued":"",
    "1,642":"",
    "Traffic Accidents Worked":"",
    "85":"",
    "Drug Charge Arrests":"",
    "55 persons":"",
    "DUI Arrests":"",
    "71 persons":"",
    "Court Days":"",
    "188 days totaling 4,333 man hours":"",
    "Transports":"",
    "808  manhours for 26,836 miles":"",
    "Presentations":"",
    "16 presentation to 1,020 persons":""
  },
  {
    "Sheriff's Office Workload Data                 The following statistics represent the workload generated during the period of                     January 1, 2009 to December 31, 2009.                                                         Calls for Service                      11,784                                                           Rescue Squad Calls Dispatched                      2,731                                                           Fire Department Calls Disptached                      1,865                                                           Felony Warrants Served                      229                                                           Misdemeanor Warrants Served                      462                                                           Civil Papers Served                      6,651                                                           Traffic Summons Issued                      1,642                                                           Traffic Accidents Worked                      85                                                           Drug Charge Arrests                     55 persons                                                            DUI Arrests                      71 persons                                                           Court Days                      188 days totaling 4,333 man hours                                                            Transports                     808  manhours for 26,836 miles                                                            Presentations                     16 presentation to 1,020 persons":"Presentations",
    "Calls for Service":"16 presentation to 1,020 persons",
    "11,784":"",
    "Rescue Squad Calls Dispatched":"",
    "2,731":"",
    "Fire Department Calls Disptached":"",
    "1,865":"",
    "Felony Warrants Served":"",
    "229":"",
    "Misdemeanor Warrants Served":"",
    "462":"",
    "Civil Papers Served":"",
    "6,651":"",
    "Traffic Summons Issued":"",
    "1,642":"",
    "Traffic Accidents Worked":"",
    "85":"",
    "Drug Charge Arrests":"",
    "55 persons":"",
    "DUI Arrests":"",
    "71 persons":"",
    "Court Days":"",
    "188 days totaling 4,333 man hours":"",
    "Transports":"",
    "808  manhours for 26,836 miles":"",
    "Presentations":"",
    "16 presentation to 1,020 persons":""
  }
]