Warsaw Police Department,Warsaw Police Department
MONTHLY COUNCIL REPORT,MONTHLY COUNCIL REPORT
August 2013,
Civic Programs Presented & Community Events,
August 10 th – Warsaw Farmer’s Market (Officer Taylor),
"August 20th – 24 th , The Richmond County Fair",
"(Chief Spare, Officer Scholes, Auxiliary Officer Nathan Thompson)","(Chief Spare, Officer Scholes, Auxiliary Officer Nathan Thompson)"
"August 25th – 28 th , Virginia Assoc of Chiefs of Police Conference (Chief Spare)","August 25th – 28 th , Virginia Assoc of Chiefs of Police Conference (Chief Spare)"
Calls for Service,26
Directed Patrols,186
Property & Business Checks Conducted,421
Follow Ups,0
Arrest,3
DUI,1
Eluding Law Enforcement (Felony),1
Habitual Offender (Felony),1
Uniform Traffic Summons,30
Expired Inspection,2
Fail to Yield Right of Way,1
Following too Close,1
No CDL/No CDL in Possession,1
Reckless Driving,1
Speeding,24
______________________________________,
Chandra O. Johnson - Administrative Assistant,
"""When The Community And Police Work Together We Can Make A Difference!"" – Chief C. Spare","""When The Community And Police Work Together We Can Make A Difference!"" – Chief C. Spare"
9/5/2013,
