,Warsaw Police Department,Warsaw Police Department
,MONTHLY COUNCIL REPORT,MONTHLY COUNCIL REPORT
,June 2013,
Civic Programs Presented & Community Events,Civic Programs Presented & Community Events,
June 5th,Rappahannock High School Fun Day (Chief Spare),Rappahannock High School Fun Day (Chief Spare)
June 8th,Warsaw Farmer’s Market (Officer Scholes),Warsaw Farmer’s Market (Officer Scholes)
June 12th,Military Officers Association of America (MOAA) Board Meeting,Military Officers Association of America (MOAA) Board Meeting
(Chief Spare),,
June 15th,Rappahannock High School Graduation (Officer Scholes),Rappahannock High School Graduation (Officer Scholes)
June 11th,Richmond County Resource Council (Chief Spare),Richmond County Resource Council (Chief Spare)
June 26th – June 28 th,"Crisis Intervention Training (C.I.T.), (Officer Scholes)","Crisis Intervention Training (C.I.T.), (Officer Scholes)"
Calls for Service,,50
Directed Patrols,,440
Property & Business Checks Conducted,Property & Business Checks Conducted,951
Follow Ups,,7
Arrest,,7
DUI,,1
Possession of Marijuana,Possession of Marijuana,2
Open Container,,1
Probation Violation,,1
Underage Possession of Alcohol,Underage Possession of Alcohol,2
Uniform Traffic Summons,Uniform Traffic Summons,54
Defective Equipment,,5
Drive while Suspended,Drive while Suspended,1
Expired Inspection,,1
Expired Registration,,1
No Child Restraint Devices,No Child Restraint Devices,1
No Valid Driver’s License,No Valid Driver’s License,2
Reckless Driving,,1
Speeding,,42
______________________________________,______________________________________,
Chandra O. Johnson - Administrative Assistant,Chandra O. Johnson - Administrative Assistant,
"""When The Community And Police Work Together We Can Make A Difference!"" – Chief C. Spare","""When The Community And Police Work Together We Can Make A Difference!"" – Chief C. Spare","""When The Community And Police Work Together We Can Make A Difference!"" – Chief C. Spare"
,7/5/2013,
