Bureau of Justice Statistics,,,,,,,
Filename: hcv0412stt07,,,,,,,
"Table 7. Characteristics of violent hate crime offenders as reported by victims, 2004, 2011, and 2012",,,,,,,
"Report title: Hate Crime Victimization, 2004-2012 - Statistical Tables",,,,,,,
"Data source: BJS National Crime Victimization Survey, 2003-2012; FBI Hate Crime Statistics Reporting Program, 2003-2012",,,,,,,
"Authors: Meagan Meuchel Wilson, Statistician",,,,,,,
Refer questions to: askbjs@usdoj.gov 202-307-0765,,,,,,,
Date of release: 02/20/14,,,,,,,
 ,,,,,,,
"Table 7. Characteristics of violent hate crime offenders as reported by victims, 2004, 2011, and 2012",,,,,,,
Offender characteristic,,2004,,2011,,2012,
Number of offenders,,100,%,100,%,100,%
,One,71,,57,,64,
,Two or more,27,,42,,34,
,Unknown,2, !,1, !,2, !
Sex,,100,%,100,%,100,%
,Male,66,,65,,61,
,Female,27,,24,,16,
,Both male and female,3, !,10, !,8, !
,Unknown,3, !,2, !,15, !
Race,,100,%,100,%,100,%
,White,30,,58,,34,
,Black/African American,41,,24,,32,
,Other/a,17,,5, !,17, !
,Various races/b,7, !,7, !,6, !
,Unknown,6, !,6, !,11, !
Age,,100,%,100,%,100,%
,17 or younger,28,,23,,19,
,18�29,20,,29,,13,
,30 or older,24,,34,,41,
,Two or more age groups,22,,8, !,10,
,Unknown,6, !,6, !,17, !
Relationship to victim,,100,%,100,%,100,%
,Intimate/family/casual acquaintance,51,,61,,53,
,Stranger,39,,33,,40,
,Unknown,11, !,6, !,7, !
"Note: Detail may not sum to total due to rounding. Hate crime includes incidents confirmed by police as bias-motivated and incidents perceived by victims to be bias-motivated because the offender used hate language or left behind hate symbols. Violent hate crimes include rape or sexual assault, robbery, aggravated assault, and simple assault. Estimates were based on 2-year rolling averages centered on the most recent year. See appendix table 9 for standard errors. ",,,,,,,
"! Interpret with caution; estimate based on 10 or fewer cases, or the coefficient of variation is greater than 50%.",,,,,,,
"a/Includes persons identified as American Indian or Alaska Native; Asian, Native Hawaiian, or other Pacific Islander; and two or more races.",,,,,,,
b/Includes multiple offenders of two or more racial groups.,,,,,,,
"Source: Bureau of Justice Statistics, National Crime Victimization Survey, 2003�2012. ",,,,,,,
