Bureau of Justice Statistics,,,,,,,,,,,,,
Filename: hcv0412stt03,,,,,,,,,,,,,
"Table 3. Hate and nonhate crime victimizations, by type of crime, 2004, 2011, and 2012",,,,,,,,,,,,,
"Report title: Hate Crime Victimization, 2004-2012 - Statistical Tables",,,,,,,,,,,,,
"Data source: BJS National Crime Victimization Survey, 2003-2012; FBI Hate Crime Statistics Reporting Program, 2003-2012",,,,,,,,,,,,,
"Authors: Meagan Meuchel Wilson, Statistician",,,,,,,,,,,,,
Refer questions to: askbjs@usdoj.gov 202-307-0765,,,,,,,,,,,,,
Date of release: 02/20/14,,,,,,,,,,,,,
 ,,,,,,,,,,,,,
"Table 3. Hate and nonhate crime victimizations, by type of crime, 2004, 2011, and 2012",,,,,,,,,,,,,
,,2004,,,,2011,,,,2012,,,
Type of crime,,Hate,,Nonhate,,Hate,,Nonhate,,Hate,,Nonhate,
Violent/a,,78,%,26,%,90,%,24,%,90,%,25,%
,Serious violent crime/b,21,,9,,29,,8,,27,,8,
,Simple assault,57,,18,,61,,16,,63,,17,
Property/c,,22,%,73,%,10,%,75,%,10,%,75,%
Note: Detail may not sum to total due to rounding. Hate crime includes incidents confirmed by police as bias-motivated and incidents perceived by victims to be bias-motivated because the offender used hate language or left behind hate symbols. Estimates were based on 2-year rolling averages centered on the most recent year. See appendix table 5 for standard errors.,,,,,,,,,,,,,
"a/Includes rape or sexual assault, robbery, aggravated assault, and simple assault. ",,,,,,,,,,,,,
"b/Includes rape or sexual assault, robbery, and aggravated assault.",,,,,,,,,,,,,
"c/Includes burglary, motor vehicle theft, and other theft.",,,,,,,,,,,,,
"Source: Bureau of Justice Statistics, National Crime Victimization Survey, 2003�2012. ",,,,,,,,,,,,,
