Bureau of Justice Statistics,,,,,,,,,,,,,
Filename: hcv0412stat05,,,,,,,,,,,,,
"Appendix table 5. Standard errors for table 3: Hate and nonhate crime victimizations, by type of crime, 2004, 2011, and 2012",,,,,,,,,,,,,
"Report title: Hate Crime Victimization, 2004-2012 - Statistical Tables",,,,,,,,,,,,,
"Data source: BJS National Crime Victimization Survey, 2003-2012; FBI Hate Crime Statistics Reporting Program, 2003-2012",,,,,,,,,,,,,
"Authors: Meagan Meuchel Wilson, Statistician",,,,,,,,,,,,,
Refer questions to: askbjs@usdoj.gov 202-307-0765,,,,,,,,,,,,,
Date of release: 02/20/14,,,,,,,,,,,,,
 ,,,,,,,,,,,,,
"Appendix table 5. Standard errors for table 3: Hate and nonhate crime victimizations, by type of crime, 2004, 2011, and 2012",,,,,,,,,,,,,
,,2004,,,,2011,,,,2012,,,
Type of crime,,Hate,,Nonhate,,Hate,,Nonhate,,Hate,,Nonhate,
Violent,,3.8,%,0.6,%,3.7,%,1.1,%,3.2,%,0.9,%
,Serious violent crime,3.2,,0.3,,5,,0.6,,4.3,,0.5,
,Simple assault,4.6,,0.5,,5.7,,0.9,,4.9,,0.7,
Property,,3.6,%,0.6,%,3.1,%,0.7,%,2.8,%,0.7,%
"Source: Bureau of Justice Statistics, National Crime Victimization Survey, 2003�2012. ",,,,,,,,,,,,,
