Bureau of Justice Statistics,,,,,,,,,,,,,
Filename: hcv0412stat07,,,,,,,,,,,,,
"Appendix table 7. Standard errors for table 5: Hate crime victimizations reported to police, 2004, 2011, and 2012",,,,,,,,,,,,,
"Report title: Hate Crime Victimization, 2004-2012 - Statistical Tables",,,,,,,,,,,,,
"Data source: BJS National Crime Victimization Survey, 2003-2012; FBI Hate Crime Statistics Reporting Program, 2003-2012",,,,,,,,,,,,,
"Authors: Meagan Meuchel Wilson, Statistician",,,,,,,,,,,,,
Refer questions to: askbjs@usdoj.gov 202-307-0765,,,,,,,,,,,,,
Date of release: 02/20/14,,,,,,,,,,,,,
 ,,,,,,,,,,,,,
"Appendix table 7. Standard errors for table 5: Hate crime victimizations reported to police, 2004, 2011, and 2012",,,,,,,,,,,,,
,,Total,,,,,,Violent,,,,,
,,2004,,2011,,2012,,2004,,2011,,2012,
Reported,,4.5,%,4.8,%,4.7,%,5,%,5.1,%,4.9,%
,By victim,3.9,,3.9,,4,,3.5,,4.1,,4.1,
,By someone else,3.6,,2.9,,3,,4.4,,3.2,,3.2,
Not reported,,4.6,%,5.3,%,5.1,%,5.1,%,5.6,%,5.3,%
Complaint signed,,3,%,3.3,%,3.1,%,3.7,%,3.6,%,3.4,%
Arrest made,,2.5,%,2.3,%,1.8,% !,3.2,%,2.4,% !,1.9,% !
"! Interpret with caution; estimate based on 10 or fewer cases, or the coefficient of variation is greater than 50%.",,,,,,,,,,,,,
"Source: Bureau of Justice Statistics, National Crime Victimization Survey, 2003�2012. ",,,,,,,,,,,,,
