Bureau of Justice Statistics,,,,,,,,,,,,,
Filename: hcv0412stt05,,,,,,,,,,,,,
"Table 5. Hate crime victimizations reported to police, 2004, 2011, and 2012",,,,,,,,,,,,,
"Report title: Hate Crime Victimization, 2004-2012 - Statistical Tables",,,,,,,,,,,,,
"Data source: BJS National Crime Victimization Survey, 2003-2012; FBI Hate Crime Statistics Reporting Program, 2003-2012",,,,,,,,,,,,,
"Authors: Meagan Meuchel Wilson, Statistician",,,,,,,,,,,,,
Refer questions to: askbjs@usdoj.gov 202-307-0765,,,,,,,,,,,,,
Date of release: 02/20/14,,,,,,,,,,,,,
 ,,,,,,,,,,,,,
"Table 5. Hate crime victimizations reported to police, 2004, 2011, and 2012",,,,,,,,,,,,,
,,Total,,,,,,Violent,,,,,
,,2004,,2011,,2012,,2004,,2011,,2012,
Reported/a,,45,%,25,%,34,%,39,%,26,%,34,%
,By victim,26,,16,,22,,15,,16,,21,
,By someone else/b,20,,9, ,12,,25,,10, ,12,
Not reported,,53,%,74,%,60,%,59,%,73,%,59,%
Complaint signed/c,,13,%,11,%,13,%,16,%,12,%,14,%
Arrest made/c,,9,%,6,%,4,% !,11,%,6,% !,4,% !
"Note: Detail may not sum to total due to rounding. Hate crime includes incidents confirmed by police as bias-motivated and incidents perceived by victims to be bias-motivated because the offender used hate language or left behind hate symbols. Hate crimes include violent crimes, personal larceny, and household property crimes. Estimates were based on 2-year rolling averages centered on the most recent year. See appendix table 7 for standard errors. ",,,,,,,,,,,,,
"! Interpret with caution; estimate based on 10 or fewer cases, or the coefficient of variation is greater than 50%.",,,,,,,,,,,,,
a/Percentage of victims for whom it was unknown whether the police were notified (7% or less) is not shown in table.,,,,,,,,,,,,,
"b/Includes other household members; other officials, such as guards, apartment managers, and school officials; and others.",,,,,,,,,,,,,
"c/Percentages based on all hate crime victimizations, including those in which the police were not notified or it was unknown whether the police were notified.",,,,,,,,,,,,,
"Source: Bureau of Justice Statistics, National Crime Victimization Survey, 2003�2012. ",,,,,,,,,,,,,
