Bureau of Justice Statistics,,,,,,,
Filename: hcv0412stat09,,,,,,,
"Appendix table 9. Standard errors for table 7: Characteristics of violent hate crime offenders as reported by victims, 2004, 2011, and 2012",,,,,,,
"Report title: Hate Crime Victimization, 2004-2012 - Statistical Tables",,,,,,,
"Data source: BJS National Crime Victimization Survey, 2003-2012; FBI Hate Crime Statistics Reporting Program, 2003-2012",,,,,,,
"Authors: Meagan Meuchel Wilson, Statistician",,,,,,,
Refer questions to: askbjs@usdoj.gov 202-307-0765,,,,,,,
Date of release: 02/20/14,,,,,,,
 ,,,,,,,
"Appendix table 9. Standard errors for table 7: Characteristics of violent hate crime offenders as reported by victims, 2004, 2011, and 2012",,,,,,,
Offender characteristic,,2004,,2011,,2012,
Number of offenders,,,,,,,
,One,4.7,%,6.1,%,5.2,%
,Two or more,4.5,,6,,4.9,
,Unknown,1.4, !,0.6, !,1.3, !
Sex,,,,,,,
,Male,4.9,%,6,%,5.3,%
,Female,4.5,,4.9,,3.6,
,Both male and female,1.6, !,3.2, !,2.5, !
,Unknown,1.8, !,1.3, !,3.5, !
Race,,,,,,,
,White,4.6,%,6.1,%,4.9,%
,Black/African American,5,,5,,4.8,
,Other,3.8,,2.2, !,3.7, !
,Various races,2.5, !,2.6, !,2.2, !
,Unknown,2.3, !,2.4, !,3.1, !
Age,,,,,,,
,17 or younger,4.6,%,4.8,%,3.9,%
,18�29,4,,5.3,,3.3,
,30 or older,4.3,,5.6,,5.2,
,Two or more age groups,4.2,,2.9, !,3,
,Unknown,2.3, !,2.4, !,3.7, !
Relationship to victim,,,,,,,
,Intimate/family/casual acquaintance,5.1,%,6.1,%,5.3,%
,Stranger,5,,5.6,,5.2,
,Unknown,3.1, !,2.4, !,2.4, !
"! Interpret with caution; estimate based on 10 or fewer cases, or the coefficient of variation is greater than 50%.",,,,,,,
"Source: Bureau of Justice Statistics, National Crime Victimization Survey, 2003�2012. ",,,,,,,
