AUGUSTA COUNTY
SHERIFF’S OFFICE
ANNUAL REPORT 2008
1
,T ABLE OF C ONTENTS,T ABLE OF C ONTENTS,
1.,IN TR OD UC T ION,PA GE,3
2.,TH E COU NT Y O F A U GU STA,PA G E,4
3.,SH ER IFF,PA GE,5
4.,MIS S IO N ST AT EME NT,PA GE,6
5.,TH E AUG US TA CO UN TY SH ER IFF ’S O FF ICE,PA GE,7
6.,ST AFF OF F IC ER S,PA GE,8
7.,U N ITS,PA GE,9- 11
8.,O RG AN IZ AT ION AL C HAR T,PA G E,12
9.,2008 ST A T IST ICS,PA GE,13- 14
10.,2008 A W AR DS,PA GE,15
11.,2008 A C T IV IT IE S,PA GE,16
,,,2
,,INTRODUCTION,INTRODUCTION,INTRODUCTION,INTRODUCTION,INTRODUCTION,INTRODUCTION,INTRODUCTION,,
The,Augusta,Augusta,County,County,Sheriff’s,Sheriff’s,Office,,respectfully,respectfully
submits the following information as its 2008 Annual,submits the following information as its 2008 Annual,submits the following information as its 2008 Annual,submits the following information as its 2008 Annual,submits the following information as its 2008 Annual,submits the following information as its 2008 Annual,submits the following information as its 2008 Annual,submits the following information as its 2008 Annual,submits the following information as its 2008 Annual,submits the following information as its 2008 Annual,submits the following information as its 2008 Annual
Report.,Throughout,Throughout,Throughout,"2008,","2008,",the,Augusta,Augusta,County,County
Sheriff’s Office has continued its dedicated efforts to,Sheriff’s Office has continued its dedicated efforts to,Sheriff’s Office has continued its dedicated efforts to,Sheriff’s Office has continued its dedicated efforts to,Sheriff’s Office has continued its dedicated efforts to,Sheriff’s Office has continued its dedicated efforts to,Sheriff’s Office has continued its dedicated efforts to,Sheriff’s Office has continued its dedicated efforts to,Sheriff’s Office has continued its dedicated efforts to,Sheriff’s Office has continued its dedicated efforts to,Sheriff’s Office has continued its dedicated efforts to
keep Augusta County safe for all citizen’s and visitors.,keep Augusta County safe for all citizen’s and visitors.,keep Augusta County safe for all citizen’s and visitors.,keep Augusta County safe for all citizen’s and visitors.,keep Augusta County safe for all citizen’s and visitors.,keep Augusta County safe for all citizen’s and visitors.,keep Augusta County safe for all citizen’s and visitors.,keep Augusta County safe for all citizen’s and visitors.,keep Augusta County safe for all citizen’s and visitors.,keep Augusta County safe for all citizen’s and visitors.,keep Augusta County safe for all citizen’s and visitors.
2008,was,a,very,busy,year,for,the,members,of,the
Sheriff’s,Office,Office,and,we,are,proud,of,our,efforts,and
accomplishments throughout the year.,accomplishments throughout the year.,accomplishments throughout the year.,accomplishments throughout the year.,accomplishments throughout the year.,accomplishments throughout the year.,accomplishments throughout the year.,accomplishments throughout the year.,,,
,A UGUSTA C OUNTY SHERIFF ’S OFFICE,A UGUSTA C OUNTY SHERIFF ’S OFFICE,A UGUSTA C OUNTY SHERIFF ’S OFFICE,A UGUSTA C OUNTY SHERIFF ’S OFFICE,A UGUSTA C OUNTY SHERIFF ’S OFFICE,A UGUSTA C OUNTY SHERIFF ’S OFFICE,A UGUSTA C OUNTY SHERIFF ’S OFFICE,A UGUSTA C OUNTY SHERIFF ’S OFFICE,,
,,,Randall D. Fisher,Randall D. Fisher,Randall D. Fisher,Randall D. Fisher,,,,
,,,,,,,,,,3
HISTORY
"Augusta County was formed in 1738 and named for Augusta, the Princess of Wales and Mother of"
"King George, III. The county boundaries once stretched all the way to the Mississippi River."
"Currently, the County covers 967 square miles, more than half of the size of Rhode Island. It is the"
second largest county (in land area) in Virginia.
POPULATION
"According to the 2000 Census, there are 65,615 people in Augusta County. Combined with"
"Staunton and Waynesboro, VA, the area population exceeds 110,000. The median age in"
Augusta County is 39.
GOVERNMENT
Augusta County is governed by a seven member Board of Supervisors. The County is divided into
seven magisterial districts with Board members elected from each district. The Board of
Supervisors meets on the second and fourth Wednesday of each month at 7:00 p.m.
ECONOMY
Augusta County has a diverse economy. While manufacturing accounts for approximately 30% of
"the jobs in the County, the governmental, services, and trade sectors are also very strong. In fact,"
the Augusta Correctional Center and Target are two of the County's largest employers.
AGRICULTURE
Agriculture has traditionally been an important part of the County's economy. This remains true
"today. As of January 1, 2000, Augusta County had 37,400 beef cows and 75,000 sheep and"
"lambs, ranking first in both categories in Virginia. According to the latest Census of Agriculture,"
"there are 1,499 farms in Augusta County covering more that 282,000 acres. The average farm"
in the County is 188 acres.
4
R ANDALL F ISHER
"SHERIFF AUGUSTA COUNTY, VIRGINIA"
Randall “Randy” Fisher joined the Augusta County Sheriff’s Office in 1972 as a jail officer.
"He worked his way through the ranks as a Patrol Deputy, Investigator, Lieutenant, and"
Captain. Randy was appointed interim Sheriff in 1998 after the untimely death of Sheriff
"Glenn P. Lloyd, who had held the office for almost 14 years. Randy was elected as Sheriff"
"in a special election in 1998, and ran unopposed in the regular election in 1999. He has"
been re-elected to two additional terms. Randy resides near the village of Crimora with his
"wife Elizabeth. They have two sons, Matthew and Alex."
Sheriff Fisher is a graduate of Blue Ridge Community College and the Virginia Forensic
Academy. The Sheriff is also a 1992 graduate of the FBI National Academy. Sheriff Fisher
currently serves on numerous local boards and he recently served as the interim director
of the Central Shenandoah Criminal Justice Training Academy.
5
,MISSION S TATEMENT,MISSION S TATEMENT,MISSION S TATEMENT,MISSION S TATEMENT,MISSION S TATEMENT,MISSION S TATEMENT,MISSION S TATEMENT,MISSION S TATEMENT,MISSION S TATEMENT,
“THE,M ISSION,M ISSION,OF,THE,AUGUSTA,AUGUSTA,COUNTY,COUNTY,SHERIFF’S,SHERIFF’S
OFFICE,IS,TO,PROVIDE,PROVIDE,PROVIDE,THE,HIGHEST,HIGHEST,LEVEL,OF
"EFFECTIVE ,","EFFECTIVE ,",EFFICENT,EFFICENT,EFFICENT,,AND,PROACTIVE,PROACTIVE,PROACTIVE,LAW
ENFORCEMENT SERVICES AVAILABLE TO ALL WHO LIVE IN,ENFORCEMENT SERVICES AVAILABLE TO ALL WHO LIVE IN,ENFORCEMENT SERVICES AVAILABLE TO ALL WHO LIVE IN,ENFORCEMENT SERVICES AVAILABLE TO ALL WHO LIVE IN,ENFORCEMENT SERVICES AVAILABLE TO ALL WHO LIVE IN,ENFORCEMENT SERVICES AVAILABLE TO ALL WHO LIVE IN,ENFORCEMENT SERVICES AVAILABLE TO ALL WHO LIVE IN,ENFORCEMENT SERVICES AVAILABLE TO ALL WHO LIVE IN,ENFORCEMENT SERVICES AVAILABLE TO ALL WHO LIVE IN,ENFORCEMENT SERVICES AVAILABLE TO ALL WHO LIVE IN,ENFORCEMENT SERVICES AVAILABLE TO ALL WHO LIVE IN
OR,TRAVEL,THROUGH,THROUGH,THROUGH,A UGUSTA,A UGUSTA,COUNTY,COUNTY,WITHOUT,WITHOUT
"REGUARD TO RACE , ETHNICITY OR RELIGION .","REGUARD TO RACE , ETHNICITY OR RELIGION .","REGUARD TO RACE , ETHNICITY OR RELIGION .","REGUARD TO RACE , ETHNICITY OR RELIGION .","REGUARD TO RACE , ETHNICITY OR RELIGION .","REGUARD TO RACE , ETHNICITY OR RELIGION .","REGUARD TO RACE , ETHNICITY OR RELIGION .","REGUARD TO RACE , ETHNICITY OR RELIGION .","REGUARD TO RACE , ETHNICITY OR RELIGION .",,
THE PARAMOUNT GOAL IN DOING SO SHALL BE TO MAKE,THE PARAMOUNT GOAL IN DOING SO SHALL BE TO MAKE,THE PARAMOUNT GOAL IN DOING SO SHALL BE TO MAKE,THE PARAMOUNT GOAL IN DOING SO SHALL BE TO MAKE,THE PARAMOUNT GOAL IN DOING SO SHALL BE TO MAKE,THE PARAMOUNT GOAL IN DOING SO SHALL BE TO MAKE,THE PARAMOUNT GOAL IN DOING SO SHALL BE TO MAKE,THE PARAMOUNT GOAL IN DOING SO SHALL BE TO MAKE,THE PARAMOUNT GOAL IN DOING SO SHALL BE TO MAKE,THE PARAMOUNT GOAL IN DOING SO SHALL BE TO MAKE,THE PARAMOUNT GOAL IN DOING SO SHALL BE TO MAKE
A UGUSTA,A UGUSTA,COUNTY,COUNTY,A,PLACE,WHERE,WHERE,PEOPLE,CAN,VISIT
AND,LIVE,WITHOUT,WITHOUT,,ANY,FEAR,FOR,THE,SAFETY,OR
WELLBEING,WELLBEING,OF,"THEMSELVES ,","THEMSELVES ,","THEMSELVES ,",THEIR,THEIR,"FAMILY,",OR,THEIR
PROPERTY .,PROPERTY .,,,,,,,,,
"D EDICATION ,","D EDICATION ,","LOYALTY , INTEGRITY , AND","LOYALTY , INTEGRITY , AND","LOYALTY , INTEGRITY , AND","LOYALTY , INTEGRITY , AND","LOYALTY , INTEGRITY , AND","LOYALTY , INTEGRITY , AND",JUSTICE,JUSTICE,SHALL
BE,THE HALLMARKS OF OUR EFFORT AND A QUALITY OF,THE HALLMARKS OF OUR EFFORT AND A QUALITY OF,THE HALLMARKS OF OUR EFFORT AND A QUALITY OF,THE HALLMARKS OF OUR EFFORT AND A QUALITY OF,THE HALLMARKS OF OUR EFFORT AND A QUALITY OF,THE HALLMARKS OF OUR EFFORT AND A QUALITY OF,THE HALLMARKS OF OUR EFFORT AND A QUALITY OF,THE HALLMARKS OF OUR EFFORT AND A QUALITY OF,THE HALLMARKS OF OUR EFFORT AND A QUALITY OF,THE HALLMARKS OF OUR EFFORT AND A QUALITY OF
LIFE,ENJOYED,BY,THE,THE,"PUBLIC, UNFETTERED","PUBLIC, UNFETTERED","PUBLIC, UNFETTERED","PUBLIC, UNFETTERED",BY,"CRIME,"
"SHALL SERVE AS THE BENCHMARK OF OUR SUCCESS.""","SHALL SERVE AS THE BENCHMARK OF OUR SUCCESS.""","SHALL SERVE AS THE BENCHMARK OF OUR SUCCESS.""","SHALL SERVE AS THE BENCHMARK OF OUR SUCCESS.""","SHALL SERVE AS THE BENCHMARK OF OUR SUCCESS.""","SHALL SERVE AS THE BENCHMARK OF OUR SUCCESS.""","SHALL SERVE AS THE BENCHMARK OF OUR SUCCESS.""","SHALL SERVE AS THE BENCHMARK OF OUR SUCCESS.""","SHALL SERVE AS THE BENCHMARK OF OUR SUCCESS.""","SHALL SERVE AS THE BENCHMARK OF OUR SUCCESS.""",
,,,,,,,,,,6
,A U GU STA C OUN TY,A U GU STA C OUN TY,A U GU STA C OUN TY,A U GU STA C OUN TY,A U GU STA C OUN TY,A U GU STA C OUN TY,A U GU STA C OUN TY,A U GU STA C OUN TY,A U GU STA C OUN TY,A U GU STA C OUN TY,A U GU STA C OUN TY,A U GU STA C OUN TY,,
,,S HERIFF ’S OFFIC E,S HERIFF ’S OFFIC E,S HERIFF ’S OFFIC E,S HERIFF ’S OFFIC E,S HERIFF ’S OFFIC E,S HERIFF ’S OFFIC E,S HERIFF ’S OFFIC E,S HERIFF ’S OFFIC E,S HERIFF ’S OFFIC E,S HERIFF ’S OFFIC E,S HERIFF ’S OFFIC E,,
The A ugust a C ount y Sher if f ’s O f f ice is an or ganiz at ion of highly,The A ugust a C ount y Sher if f ’s O f f ice is an or ganiz at ion of highly,The A ugust a C ount y Sher if f ’s O f f ice is an or ganiz at ion of highly,The A ugust a C ount y Sher if f ’s O f f ice is an or ganiz at ion of highly,The A ugust a C ount y Sher if f ’s O f f ice is an or ganiz at ion of highly,The A ugust a C ount y Sher if f ’s O f f ice is an or ganiz at ion of highly,The A ugust a C ount y Sher if f ’s O f f ice is an or ganiz at ion of highly,The A ugust a C ount y Sher if f ’s O f f ice is an or ganiz at ion of highly,The A ugust a C ount y Sher if f ’s O f f ice is an or ganiz at ion of highly,The A ugust a C ount y Sher if f ’s O f f ice is an or ganiz at ion of highly,The A ugust a C ount y Sher if f ’s O f f ice is an or ganiz at ion of highly,The A ugust a C ount y Sher if f ’s O f f ice is an or ganiz at ion of highly,The A ugust a C ount y Sher if f ’s O f f ice is an or ganiz at ion of highly,The A ugust a C ount y Sher if f ’s O f f ice is an or ganiz at ion of highly,The A ugust a C ount y Sher if f ’s O f f ice is an or ganiz at ion of highly
mot ivat ed,mot ivat ed,,public,public,ser v ant s,ser v ant s,w ho,ar e,dedicat ed,dedicat ed,t o,impr oving,impr oving,t he
saf et y,and,and,qualit y,qualit y,of,life,of,count y,r eside nt s,r eside nt s,and,visit or s.,visit or s.,The
A ugusta C ount y Sher if f ’s O f fice consist s of 72 sw or n deput ies.,A ugusta C ount y Sher if f ’s O f fice consist s of 72 sw or n deput ies.,A ugusta C ount y Sher if f ’s O f fice consist s of 72 sw or n deput ies.,A ugusta C ount y Sher if f ’s O f fice consist s of 72 sw or n deput ies.,A ugusta C ount y Sher if f ’s O f fice consist s of 72 sw or n deput ies.,A ugusta C ount y Sher if f ’s O f fice consist s of 72 sw or n deput ies.,A ugusta C ount y Sher if f ’s O f fice consist s of 72 sw or n deput ies.,A ugusta C ount y Sher if f ’s O f fice consist s of 72 sw or n deput ies.,A ugusta C ount y Sher if f ’s O f fice consist s of 72 sw or n deput ies.,A ugusta C ount y Sher if f ’s O f fice consist s of 72 sw or n deput ies.,A ugusta C ount y Sher if f ’s O f fice consist s of 72 sw or n deput ies.,A ugusta C ount y Sher if f ’s O f fice consist s of 72 sw or n deput ies.,A ugusta C ount y Sher if f ’s O f fice consist s of 72 sw or n deput ies.,A ugusta C ount y Sher if f ’s O f fice consist s of 72 sw or n deput ies.,A ugusta C ount y Sher if f ’s O f fice consist s of 72 sw or n deput ies.
Those,68,Full,Full,t ime,and,4,par t - t ime,par t - t ime,of f icer s,ser ve,ser ve,i n,t he,"Pat r ol,"
"Tr af f ic,","Invest i gat ions,","Invest i gat ions,","Invest i gat ions,","Invest i gat ions,","Invest i gat ions,",C ivil,C ivil,"Pr ocess,","C our t s,","C our t s,",C r ime,C r ime,pr e vent ion,pr e vent ion
and,Administ r at ive,Administ r at ive,Administ r at ive,Administ r at ive,D ivisions.,D ivisions.,D ivisions.,Sher if f ’s,O f f ice,O f f ice,O f f ice,Suppor t,Suppor t,st af f
includes,includes,,an,A dminist r at ive,A dminist r at ive,A dminist r at ive,A dminist r at ive,"A s sist ant ,","A s sist ant ,",,Inf or mat ion,Inf or mat ion,Inf or mat ion,and
"Technology C oor dinat or , an O f f ice Manage r and seven se r vice s","Technology C oor dinat or , an O f f ice Manage r and seven se r vice s","Technology C oor dinat or , an O f f ice Manage r and seven se r vice s","Technology C oor dinat or , an O f f ice Manage r and seven se r vice s","Technology C oor dinat or , an O f f ice Manage r and seven se r vice s","Technology C oor dinat or , an O f f ice Manage r and seven se r vice s","Technology C oor dinat or , an O f f ice Manage r and seven se r vice s","Technology C oor dinat or , an O f f ice Manage r and seven se r vice s","Technology C oor dinat or , an O f f ice Manage r and seven se r vice s","Technology C oor dinat or , an O f f ice Manage r and seven se r vice s","Technology C oor dinat or , an O f f ice Manage r and seven se r vice s","Technology C oor dinat or , an O f f ice Manage r and seven se r vice s","Technology C oor dinat or , an O f f ice Manage r and seven se r vice s","Technology C oor dinat or , an O f f ice Manage r and seven se r vice s","Technology C oor dinat or , an O f f ice Manage r and seven se r vice s"
suppor t per sonnel.,suppor t per sonnel.,suppor t per sonnel.,suppor t per sonnel.,suppor t per sonnel.,,,,,,,,,,
"D ur ing 2008 our agenc y r espo nded t o 24,5 26 calls f o r ser vic e an d","D ur ing 2008 our agenc y r espo nded t o 24,5 26 calls f o r ser vic e an d","D ur ing 2008 our agenc y r espo nded t o 24,5 26 calls f o r ser vic e an d","D ur ing 2008 our agenc y r espo nded t o 24,5 26 calls f o r ser vic e an d","D ur ing 2008 our agenc y r espo nded t o 24,5 26 calls f o r ser vic e an d","D ur ing 2008 our agenc y r espo nded t o 24,5 26 calls f o r ser vic e an d","D ur ing 2008 our agenc y r espo nded t o 24,5 26 calls f o r ser vic e an d","D ur ing 2008 our agenc y r espo nded t o 24,5 26 calls f o r ser vic e an d","D ur ing 2008 our agenc y r espo nded t o 24,5 26 calls f o r ser vic e an d","D ur ing 2008 our agenc y r espo nded t o 24,5 26 calls f o r ser vic e an d","D ur ing 2008 our agenc y r espo nded t o 24,5 26 calls f o r ser vic e an d","D ur ing 2008 our agenc y r espo nded t o 24,5 26 calls f o r ser vic e an d","D ur ing 2008 our agenc y r espo nded t o 24,5 26 calls f o r ser vic e an d","D ur ing 2008 our agenc y r espo nded t o 24,5 26 calls f o r ser vic e an d","D ur ing 2008 our agenc y r espo nded t o 24,5 26 calls f o r ser vic e an d"
w e,had,"16,20 9","16,20 9",self,in it iat ed,in it iat ed,in it iat ed,incident s,f or,a,combined,combined,t ot al,of
"40,73 5 i ncident s.","40,73 5 i ncident s.","40,73 5 i ncident s.","40,73 5 i ncident s.","40,73 5 i ncident s.",,,,,,,,,,
,72 TOTAL SWORN PERSONNEL,72 TOTAL SWORN PERSONNEL,72 TOTAL SWORN PERSONNEL,72 TOTAL SWORN PERSONNEL,72 TOTAL SWORN PERSONNEL,72 TOTAL SWORN PERSONNEL,72 TOTAL SWORN PERSONNEL,72 TOTAL SWORN PERSONNEL,72 TOTAL SWORN PERSONNEL,72 TOTAL SWORN PERSONNEL,72 TOTAL SWORN PERSONNEL,72 TOTAL SWORN PERSONNEL,,
30,,,,,,,,,,,,,,
25,,,,,,,,,,,,,,
,,,,,,,,,,,,,Patrol,
20,,,,,,,,,,,,,Investigations,Investigations
,,,,,,,,,,,,,Civil Process,Civil Process
15,,,,,,,,,,,,,Courts,
,,,,,,,,,,,,,SRO/DARE/K9,SRO/DARE/K9
10,,,,,,,,,,,,,Admin,
,,,,,,,,,,,,,Traffic,
5,,,,,,,,,,,,,,
0,,,,,,,,,,,,,,
28,,10,,10,10,,7,6,1,,,,,
,,,,,,,,,,,,,,7
,ACSO STA FF OFFIC ER S,
,CA P TA IN DWIG H T WO O D,
,C H IEF DE PU TY,
P A T R OL,IN VE ST IGA T ION S,TR A F F IC
LT . DENNI S BAC K,LT . G L ENN HA NG E R,L T . J AMES M AD ER
,,8
,SHERIFF’S OFFICE,SHERIFF’S OFFICE,SHERIFF’S OFFICE,SHERIFF’S OFFICE,SHERIFF’S OFFICE,SHERIFF’S OFFICE,SHERIFF’S OFFICE,SHERIFF’S OFFICE,SHERIFF’S OFFICE,
,,,,UNITS,UNITS,UNITS,UNITS,,,
,,,PATROL DIVISION,PATROL DIVISION,PATROL DIVISION,PATROL DIVISION,PATROL DIVISION,PATROL DIVISION,,
The Patrol Division is the backbone of the Department’s traffic enforcement efforts,The Patrol Division is the backbone of the Department’s traffic enforcement efforts,The Patrol Division is the backbone of the Department’s traffic enforcement efforts,The Patrol Division is the backbone of the Department’s traffic enforcement efforts,The Patrol Division is the backbone of the Department’s traffic enforcement efforts,The Patrol Division is the backbone of the Department’s traffic enforcement efforts,The Patrol Division is the backbone of the Department’s traffic enforcement efforts,The Patrol Division is the backbone of the Department’s traffic enforcement efforts,The Patrol Division is the backbone of the Department’s traffic enforcement efforts,The Patrol Division is the backbone of the Department’s traffic enforcement efforts,The Patrol Division is the backbone of the Department’s traffic enforcement efforts
"and with only 28 assigned personnel, the division not only answers calls for service","and with only 28 assigned personnel, the division not only answers calls for service","and with only 28 assigned personnel, the division not only answers calls for service","and with only 28 assigned personnel, the division not only answers calls for service","and with only 28 assigned personnel, the division not only answers calls for service","and with only 28 assigned personnel, the division not only answers calls for service","and with only 28 assigned personnel, the division not only answers calls for service","and with only 28 assigned personnel, the division not only answers calls for service","and with only 28 assigned personnel, the division not only answers calls for service","and with only 28 assigned personnel, the division not only answers calls for service","and with only 28 assigned personnel, the division not only answers calls for service"
"and investigates all manner of criminal complaints, they also contribute the lions","and investigates all manner of criminal complaints, they also contribute the lions","and investigates all manner of criminal complaints, they also contribute the lions","and investigates all manner of criminal complaints, they also contribute the lions","and investigates all manner of criminal complaints, they also contribute the lions","and investigates all manner of criminal complaints, they also contribute the lions","and investigates all manner of criminal complaints, they also contribute the lions","and investigates all manner of criminal complaints, they also contribute the lions","and investigates all manner of criminal complaints, they also contribute the lions","and investigates all manner of criminal complaints, they also contribute the lions","and investigates all manner of criminal complaints, they also contribute the lions"
share of effort that is directed by the Department in the area of criminal and traffic,share of effort that is directed by the Department in the area of criminal and traffic,share of effort that is directed by the Department in the area of criminal and traffic,share of effort that is directed by the Department in the area of criminal and traffic,share of effort that is directed by the Department in the area of criminal and traffic,share of effort that is directed by the Department in the area of criminal and traffic,share of effort that is directed by the Department in the area of criminal and traffic,share of effort that is directed by the Department in the area of criminal and traffic,share of effort that is directed by the Department in the area of criminal and traffic,share of effort that is directed by the Department in the area of criminal and traffic,share of effort that is directed by the Department in the area of criminal and traffic
"enforcement. Each year, manpower fluctuates and the demands on the division’s","enforcement. Each year, manpower fluctuates and the demands on the division’s","enforcement. Each year, manpower fluctuates and the demands on the division’s","enforcement. Each year, manpower fluctuates and the demands on the division’s","enforcement. Each year, manpower fluctuates and the demands on the division’s","enforcement. Each year, manpower fluctuates and the demands on the division’s","enforcement. Each year, manpower fluctuates and the demands on the division’s","enforcement. Each year, manpower fluctuates and the demands on the division’s","enforcement. Each year, manpower fluctuates and the demands on the division’s","enforcement. Each year, manpower fluctuates and the demands on the division’s","enforcement. Each year, manpower fluctuates and the demands on the division’s"
"resources are stretched, but the division manages to successfully combat all types","resources are stretched, but the division manages to successfully combat all types","resources are stretched, but the division manages to successfully combat all types","resources are stretched, but the division manages to successfully combat all types","resources are stretched, but the division manages to successfully combat all types","resources are stretched, but the division manages to successfully combat all types","resources are stretched, but the division manages to successfully combat all types","resources are stretched, but the division manages to successfully combat all types","resources are stretched, but the division manages to successfully combat all types","resources are stretched, but the division manages to successfully combat all types","resources are stretched, but the division manages to successfully combat all types"
of violations.,of violations.,of violations.,,,,,,,,
The Division is divided into 4 rotating shifts that work 12 Hour tours of duty. These,The Division is divided into 4 rotating shifts that work 12 Hour tours of duty. These,The Division is divided into 4 rotating shifts that work 12 Hour tours of duty. These,The Division is divided into 4 rotating shifts that work 12 Hour tours of duty. These,The Division is divided into 4 rotating shifts that work 12 Hour tours of duty. These,The Division is divided into 4 rotating shifts that work 12 Hour tours of duty. These,The Division is divided into 4 rotating shifts that work 12 Hour tours of duty. These,The Division is divided into 4 rotating shifts that work 12 Hour tours of duty. These,The Division is divided into 4 rotating shifts that work 12 Hour tours of duty. These,The Division is divided into 4 rotating shifts that work 12 Hour tours of duty. These,The Division is divided into 4 rotating shifts that work 12 Hour tours of duty. These
shifts,are,commanded,by,Sergeants.,The,Division,is,commanded,by,Lieutenant
"Dennis Back and in 2008 the Division wrote 2,133 Crime Incident Reports.","Dennis Back and in 2008 the Division wrote 2,133 Crime Incident Reports.","Dennis Back and in 2008 the Division wrote 2,133 Crime Incident Reports.","Dennis Back and in 2008 the Division wrote 2,133 Crime Incident Reports.","Dennis Back and in 2008 the Division wrote 2,133 Crime Incident Reports.","Dennis Back and in 2008 the Division wrote 2,133 Crime Incident Reports.","Dennis Back and in 2008 the Division wrote 2,133 Crime Incident Reports.","Dennis Back and in 2008 the Division wrote 2,133 Crime Incident Reports.","Dennis Back and in 2008 the Division wrote 2,133 Crime Incident Reports.","Dennis Back and in 2008 the Division wrote 2,133 Crime Incident Reports.",
,,,ACSO PATROL DIVISION,ACSO PATROL DIVISION,ACSO PATROL DIVISION,ACSO PATROL DIVISION,ACSO PATROL DIVISION,ACSO PATROL DIVISION,,
,10,,,,,,,,,
,9,,,,,,,,,
,8,,,,,,,,,
,,,,,,,,,,A Shift
,7,,,,,,,,,
,,,,,,,,,,B Shift
,6,,,,,,,,,
,,,,,,,,,,C Shift
,5,,,,,,,,,
,,,,,,,,,,D Shift
,4,,,,,,,,,
,,,,,,,,,,Admin
,3,,,,,,,,,
,2,,,,,,,,,
,1,,,,,,,,,
,0,,,,,,,,,
,,7 Deputies,7 Deputies,7 Deputies,7 Deputies,,Lieutenant,Lieutenant,,
,,,,,,,,,,9
,,,COURT SERVICES DIVISION,COURT SERVICES DIVISION,COURT SERVICES DIVISION,COURT SERVICES DIVISION,COURT SERVICES DIVISION,COURT SERVICES DIVISION,COURT SERVICES DIVISION,COURT SERVICES DIVISION,COURT SERVICES DIVISION,COURT SERVICES DIVISION,COURT SERVICES DIVISION,,
The,Augusta,Augusta,County,Sheriff’s,,Office,Court,Services,Services,Division,Division,Division,consists,of,Sgt.
Michael,Michael,"Painter,",Corporal,Corporal,Jerry,Shifflett,and,7,fulltime,,and,1,part,deputy.,The
Division,Division,provides,court,security,security,in,three,county,courts,courts,and,and,is,responsible,for
transporting prisoners to and from the court complex.,transporting prisoners to and from the court complex.,transporting prisoners to and from the court complex.,transporting prisoners to and from the court complex.,transporting prisoners to and from the court complex.,transporting prisoners to and from the court complex.,transporting prisoners to and from the court complex.,transporting prisoners to and from the court complex.,transporting prisoners to and from the court complex.,transporting prisoners to and from the court complex.,,,,,,
,,,CIVIL PROCESS DIVISION,CIVIL PROCESS DIVISION,CIVIL PROCESS DIVISION,CIVIL PROCESS DIVISION,CIVIL PROCESS DIVISION,CIVIL PROCESS DIVISION,CIVIL PROCESS DIVISION,CIVIL PROCESS DIVISION,CIVIL PROCESS DIVISION,CIVIL PROCESS DIVISION,,,
The Augusta County Sheriff’s Office Civil Process Division consists of Sgt. James,The Augusta County Sheriff’s Office Civil Process Division consists of Sgt. James,The Augusta County Sheriff’s Office Civil Process Division consists of Sgt. James,The Augusta County Sheriff’s Office Civil Process Division consists of Sgt. James,The Augusta County Sheriff’s Office Civil Process Division consists of Sgt. James,The Augusta County Sheriff’s Office Civil Process Division consists of Sgt. James,The Augusta County Sheriff’s Office Civil Process Division consists of Sgt. James,The Augusta County Sheriff’s Office Civil Process Division consists of Sgt. James,The Augusta County Sheriff’s Office Civil Process Division consists of Sgt. James,The Augusta County Sheriff’s Office Civil Process Division consists of Sgt. James,The Augusta County Sheriff’s Office Civil Process Division consists of Sgt. James,The Augusta County Sheriff’s Office Civil Process Division consists of Sgt. James,The Augusta County Sheriff’s Office Civil Process Division consists of Sgt. James,The Augusta County Sheriff’s Office Civil Process Division consists of Sgt. James,The Augusta County Sheriff’s Office Civil Process Division consists of Sgt. James,The Augusta County Sheriff’s Office Civil Process Division consists of Sgt. James
“Monty” Sellers and 6 fulltime and 3 part deputies. In 2008 the Civil Process Division,“Monty” Sellers and 6 fulltime and 3 part deputies. In 2008 the Civil Process Division,“Monty” Sellers and 6 fulltime and 3 part deputies. In 2008 the Civil Process Division,“Monty” Sellers and 6 fulltime and 3 part deputies. In 2008 the Civil Process Division,“Monty” Sellers and 6 fulltime and 3 part deputies. In 2008 the Civil Process Division,“Monty” Sellers and 6 fulltime and 3 part deputies. In 2008 the Civil Process Division,“Monty” Sellers and 6 fulltime and 3 part deputies. In 2008 the Civil Process Division,“Monty” Sellers and 6 fulltime and 3 part deputies. In 2008 the Civil Process Division,“Monty” Sellers and 6 fulltime and 3 part deputies. In 2008 the Civil Process Division,“Monty” Sellers and 6 fulltime and 3 part deputies. In 2008 the Civil Process Division,“Monty” Sellers and 6 fulltime and 3 part deputies. In 2008 the Civil Process Division,“Monty” Sellers and 6 fulltime and 3 part deputies. In 2008 the Civil Process Division,“Monty” Sellers and 6 fulltime and 3 part deputies. In 2008 the Civil Process Division,“Monty” Sellers and 6 fulltime and 3 part deputies. In 2008 the Civil Process Division,“Monty” Sellers and 6 fulltime and 3 part deputies. In 2008 the Civil Process Division,“Monty” Sellers and 6 fulltime and 3 part deputies. In 2008 the Civil Process Division
"served 23,788 pieces of civil process of all types.","served 23,788 pieces of civil process of all types.","served 23,788 pieces of civil process of all types.","served 23,788 pieces of civil process of all types.","served 23,788 pieces of civil process of all types.","served 23,788 pieces of civil process of all types.","served 23,788 pieces of civil process of all types.","served 23,788 pieces of civil process of all types.","served 23,788 pieces of civil process of all types.",,,,,,,
,,,,TRAFFIC DIVISION,TRAFFIC DIVISION,TRAFFIC DIVISION,TRAFFIC DIVISION,TRAFFIC DIVISION,TRAFFIC DIVISION,,,,,,
The,Augusta,Augusta,County,Sheriff’s,,Office,has,a,small,but,active,active,Traffic,Division.,Division.
Lieutenant James Mader has been serving as the Department’s Traffic Officer for,Lieutenant James Mader has been serving as the Department’s Traffic Officer for,Lieutenant James Mader has been serving as the Department’s Traffic Officer for,Lieutenant James Mader has been serving as the Department’s Traffic Officer for,Lieutenant James Mader has been serving as the Department’s Traffic Officer for,Lieutenant James Mader has been serving as the Department’s Traffic Officer for,Lieutenant James Mader has been serving as the Department’s Traffic Officer for,Lieutenant James Mader has been serving as the Department’s Traffic Officer for,Lieutenant James Mader has been serving as the Department’s Traffic Officer for,Lieutenant James Mader has been serving as the Department’s Traffic Officer for,Lieutenant James Mader has been serving as the Department’s Traffic Officer for,Lieutenant James Mader has been serving as the Department’s Traffic Officer for,Lieutenant James Mader has been serving as the Department’s Traffic Officer for,Lieutenant James Mader has been serving as the Department’s Traffic Officer for,Lieutenant James Mader has been serving as the Department’s Traffic Officer for,Lieutenant James Mader has been serving as the Department’s Traffic Officer for
several years and he is the most active traffic enforcer in the Department. In 2008,several years and he is the most active traffic enforcer in the Department. In 2008,several years and he is the most active traffic enforcer in the Department. In 2008,several years and he is the most active traffic enforcer in the Department. In 2008,several years and he is the most active traffic enforcer in the Department. In 2008,several years and he is the most active traffic enforcer in the Department. In 2008,several years and he is the most active traffic enforcer in the Department. In 2008,several years and he is the most active traffic enforcer in the Department. In 2008,several years and he is the most active traffic enforcer in the Department. In 2008,several years and he is the most active traffic enforcer in the Department. In 2008,several years and he is the most active traffic enforcer in the Department. In 2008,several years and he is the most active traffic enforcer in the Department. In 2008,several years and he is the most active traffic enforcer in the Department. In 2008,several years and he is the most active traffic enforcer in the Department. In 2008,several years and he is the most active traffic enforcer in the Department. In 2008,several years and he is the most active traffic enforcer in the Department. In 2008
Lt. Mader issued 1353 Virginia Uniform Summonses.,Lt. Mader issued 1353 Virginia Uniform Summonses.,Lt. Mader issued 1353 Virginia Uniform Summonses.,Lt. Mader issued 1353 Virginia Uniform Summonses.,Lt. Mader issued 1353 Virginia Uniform Summonses.,Lt. Mader issued 1353 Virginia Uniform Summonses.,Lt. Mader issued 1353 Virginia Uniform Summonses.,Lt. Mader issued 1353 Virginia Uniform Summonses.,Lt. Mader issued 1353 Virginia Uniform Summonses.,Lt. Mader issued 1353 Virginia Uniform Summonses.,,,,,,
,,,I NVESTIGATIONS DIVISION,I NVESTIGATIONS DIVISION,I NVESTIGATIONS DIVISION,I NVESTIGATIONS DIVISION,I NVESTIGATIONS DIVISION,I NVESTIGATIONS DIVISION,I NVESTIGATIONS DIVISION,I NVESTIGATIONS DIVISION,I NVESTIGATIONS DIVISION,I NVESTIGATIONS DIVISION,,,
The Augusta County Sheriff’s Office Criminal Investigations Division is commanded,The Augusta County Sheriff’s Office Criminal Investigations Division is commanded,The Augusta County Sheriff’s Office Criminal Investigations Division is commanded,The Augusta County Sheriff’s Office Criminal Investigations Division is commanded,The Augusta County Sheriff’s Office Criminal Investigations Division is commanded,The Augusta County Sheriff’s Office Criminal Investigations Division is commanded,The Augusta County Sheriff’s Office Criminal Investigations Division is commanded,The Augusta County Sheriff’s Office Criminal Investigations Division is commanded,The Augusta County Sheriff’s Office Criminal Investigations Division is commanded,The Augusta County Sheriff’s Office Criminal Investigations Division is commanded,The Augusta County Sheriff’s Office Criminal Investigations Division is commanded,The Augusta County Sheriff’s Office Criminal Investigations Division is commanded,The Augusta County Sheriff’s Office Criminal Investigations Division is commanded,The Augusta County Sheriff’s Office Criminal Investigations Division is commanded,The Augusta County Sheriff’s Office Criminal Investigations Division is commanded,The Augusta County Sheriff’s Office Criminal Investigations Division is commanded
by,Lt.,Glenn,Hanger,and,consists,of,Sgt.,A.C.,Powers,,and,five,five,investigators,in
General Investigations. These investigators are on call for all manner of criminal,General Investigations. These investigators are on call for all manner of criminal,General Investigations. These investigators are on call for all manner of criminal,General Investigations. These investigators are on call for all manner of criminal,General Investigations. These investigators are on call for all manner of criminal,General Investigations. These investigators are on call for all manner of criminal,General Investigations. These investigators are on call for all manner of criminal,General Investigations. These investigators are on call for all manner of criminal,General Investigations. These investigators are on call for all manner of criminal,General Investigations. These investigators are on call for all manner of criminal,General Investigations. These investigators are on call for all manner of criminal,General Investigations. These investigators are on call for all manner of criminal,General Investigations. These investigators are on call for all manner of criminal,General Investigations. These investigators are on call for all manner of criminal,General Investigations. These investigators are on call for all manner of criminal,General Investigations. These investigators are on call for all manner of criminal
investigations and in 2008 they handled 529 cases.,investigations and in 2008 they handled 529 cases.,investigations and in 2008 they handled 529 cases.,investigations and in 2008 they handled 529 cases.,investigations and in 2008 they handled 529 cases.,investigations and in 2008 they handled 529 cases.,investigations and in 2008 they handled 529 cases.,investigations and in 2008 they handled 529 cases.,investigations and in 2008 they handled 529 cases.,,,,,,,
Investigators can also be found in specialized units such as the Drug Task Force,Investigators can also be found in specialized units such as the Drug Task Force,Investigators can also be found in specialized units such as the Drug Task Force,Investigators can also be found in specialized units such as the Drug Task Force,Investigators can also be found in specialized units such as the Drug Task Force,Investigators can also be found in specialized units such as the Drug Task Force,Investigators can also be found in specialized units such as the Drug Task Force,Investigators can also be found in specialized units such as the Drug Task Force,Investigators can also be found in specialized units such as the Drug Task Force,Investigators can also be found in specialized units such as the Drug Task Force,Investigators can also be found in specialized units such as the Drug Task Force,Investigators can also be found in specialized units such as the Drug Task Force,Investigators can also be found in specialized units such as the Drug Task Force,Investigators can also be found in specialized units such as the Drug Task Force,Investigators can also be found in specialized units such as the Drug Task Force,Investigators can also be found in specialized units such as the Drug Task Force
which has a Sergeant and two investigators and the Regional Gang Task Force,which has a Sergeant and two investigators and the Regional Gang Task Force,which has a Sergeant and two investigators and the Regional Gang Task Force,which has a Sergeant and two investigators and the Regional Gang Task Force,which has a Sergeant and two investigators and the Regional Gang Task Force,which has a Sergeant and two investigators and the Regional Gang Task Force,which has a Sergeant and two investigators and the Regional Gang Task Force,which has a Sergeant and two investigators and the Regional Gang Task Force,which has a Sergeant and two investigators and the Regional Gang Task Force,which has a Sergeant and two investigators and the Regional Gang Task Force,which has a Sergeant and two investigators and the Regional Gang Task Force,which has a Sergeant and two investigators and the Regional Gang Task Force,which has a Sergeant and two investigators and the Regional Gang Task Force,which has a Sergeant and two investigators and the Regional Gang Task Force,which has a Sergeant and two investigators and the Regional Gang Task Force,which has a Sergeant and two investigators and the Regional Gang Task Force
which has one investigator.,which has one investigator.,which has one investigator.,which has one investigator.,which has one investigator.,,,,,,,,,,,
,,,,,,,,,,,,,,,10
SCHOOL RESOURCE DIVISION,SCHOOL RESOURCE DIVISION
The Augusta County Sheriff’s Office School Resource Division is commanded by,The Augusta County Sheriff’s Office School Resource Division is commanded by
Sgt. Bill Bishop and consists of Corporal Rick Modlin and three School Resource,Sgt. Bill Bishop and consists of Corporal Rick Modlin and three School Resource
Officers. These deputies provide police services at all of the County’s High,Officers. These deputies provide police services at all of the County’s High
"Schools, Middle Schools and Elementary Schools.",
DARE,
Kathy Bishop is the Sheriff’s Office D.A.R.E Officer and she is responsible for,Kathy Bishop is the Sheriff’s Office D.A.R.E Officer and she is responsible for
teaching the DARE program throughout Augusta County Public Schools. During,teaching the DARE program throughout Augusta County Public Schools. During
th,
2008 Kathy taught 144 45 minute DARE classes and 845 5,graders in all
schools participated in the program.,
CRIME PREVENTION,
The Augusta County Sheriff’s Office Crime Prevention Officer is Corporal Derek,The Augusta County Sheriff’s Office Crime Prevention Officer is Corporal Derek
"Almarode. He is responsible for the Department’s Neighborhood Watch Program,","Almarode. He is responsible for the Department’s Neighborhood Watch Program,"
"Business Watch Program, National Night out and virtually every aspect of our Crime","Business Watch Program, National Night out and virtually every aspect of our Crime"
Prevention activities.,
,11
,,AUGUSTA COUNTY,AUGUSTA COUNTY,AUGUSTA COUNTY,AUGUSTA COUNTY,,,,
,,,,,,Randall D. Fisher,Randall D. Fisher,,
,,SHERIFF’S OFFICE,SHERIFF’S OFFICE,SHERIFF’S OFFICE,SHERIFF’S OFFICE,,Sheriff,,
,,ORGANIZATIONAL CHART,ORGANIZATIONAL CHART,ORGANIZATIONAL CHART,ORGANIZATIONAL CHART,Accreditation,,,
,,,,,,Manager,,,
,,,Chief,Chief,,,Sgt.,Lt.,Admin.
,,,Deputy,Deputy,,,SRO,Traffic,Asst.
,,,,RMS,,,,Cpl.,Support
,,,,Admin.,,,,,Secretary
,,,,,,,,SRO,
Lt.,,Support,Lt.,,,,,DS,Sgt.
,,,,,Sgt.,Cpl.,Records,,
,,Secretary,,,,,,,
CID,,,Patrol,,Narcotic,Crime,Manager,SRO,Civil
Sgt.,Sgt.,,DS,DS,DS,K-9,Records,DS,DS
CID,Bailiff,,Utility,Utility,Narcotic,Officer,Clerk,SRO,Process
Inv.,Cpl.,,Sgt.,Sgt.,Sgt.,Sgt.,Records,DS,DS
,Bailiff,,Patrol,Patrol,Patrol,Patrol,,Dare,Process
Inv.,DS,DS,Cpl.,Cpl.,Cpl.,Cpl.,Records,,DS
,Bailiff,Bailiff,Patrol,Patrol,Patrol,Patrol,Clerk,,Process
Inv.,DS,DS,DS,DS,DS,DS,Records,,DS
,Bailiff,Bailiff,Patrol,Patrol,Patrol,Patrol,Clerk,,Process
Inv.,DS,DS,DS,DS,DS,DS,Records,,DS
,Bailiff,Bailiff,Patrol,Patrol,Patrol,Patrol,Clerk,,Process
Inv.,DS,DS,DS,DS,DS,DS,Records,,DS
Computer,Part Time,Bailiff,Patrol,Patrol,Patrol,Patrol,Clerk,,Process
Inv.,,,DS,DS,DS,DS,,,DS
Gang,,,Patrol,Patrol,Patrol,Patrol,,,Part Time
,,,DS,DS,DS,DS,,DS,DS
,,,Patrol,Patrol,Patrol,Patrol,,Part Time,Part Time
,,,,,,,,,12
,,STATISTICS FOR 2008,STATISTICS FOR 2008,STATISTICS FOR 2008,STATISTICS FOR 2008,STATISTICS FOR 2008,STATISTICS FOR 2008,,,,
"Civil Process Served: 23,788","Civil Process Served: 23,788","Civil Process Served: 23,788","Civil Process Served: 23,788","Civil Process Served: 23,788",,,,,,,
"Crime Incident Reports: 5,889","Crime Incident Reports: 5,889","Crime Incident Reports: 5,889","Crime Incident Reports: 5,889","Crime Incident Reports: 5,889",,,,,,,
"Criminal Warrants Served: 3,205","Criminal Warrants Served: 3,205","Criminal Warrants Served: 3,205","Criminal Warrants Served: 3,205","Criminal Warrants Served: 3,205",,,,,,,
Protective Orders Served: 590,Protective Orders Served: 590,Protective Orders Served: 590,Protective Orders Served: 590,Protective Orders Served: 590,,,,,,,
Traffic Charges: 6524,Traffic Charges: 6524,Traffic Charges: 6524,Traffic Charges: 6524,,,,,,,,
DUI Arrests: 96,DUI Arrests: 96,DUI Arrests: 96,,,,,,,,,
,,,2008 Group A Offenses,2008 Group A Offenses,2008 Group A Offenses,2008 Group A Offenses,2008 Group A Offenses,,,,
Population,Incident,Total,Murder,Kidnapping/,Forcible,Other,Robbery,Aggravated,Simple,Arson,Extortion/
,rate per,incidents,and,Abduction,Rape,Forcible,,Assault,Assault/,,Blackmail
,"100,000",,Nonnegligent,,,Sex,,,Intimidation,,
,,,Manslaughter,,,Offenses,,,,,
71586,2151.25,1540,0,1,9,27,8,66,157,9,0
,,,,,,,,,,,13
,2008 Adult and Juvenile Arrests,2008 Adult and Juvenile Arrests,2008 Adult and Juvenile Arrests,,
ARRESTS BY,,,ARRESTS BY,,
OFFENSE,ADULT,JUVENILE,OFFENSE,ADULT,JUVENILE
Murder,0,0,Bad Checks,53,0
Negligent Manslaughter,0,0,Curfew/Loitering/Vagrancy,0,0
Kidnapping,0,0,Disorderly Conduct,15,0
Sex Offenses,16,0,Driving Under Influence,205,3
Forcible,6,0,Drunkenness,221,0
Robbery,,,,,
Aggravated Assault,12,0,"Family Offenses,",8,0
,,,Nonforcible,,
Simple,81,1,Liquor Laws Violations,61,16
Assault/Intimidation,,,,,
Arson,2,0,Peeping Tom,0,0
Extortion/Blackmail,0,0,Runaway,0,0
Burglary,37,1,Trespass of Real Property,36,1
,,,Conspiracy,,
Larceny,92,3,All Other (except Traffic),778,19
Motor Vehicle Theft,0,0,TOTAL GROUP B,1377,39
Counterfeiting/Forgery,14,0,,,
,,,GRAND TOTAL,1844,50
Fraud,31,0,,,
Embezzlement,5,0,,,
Stolen Property,7,0,,,
Vandalism,25,2,,,
Drug/Narcotic Offenses,107,3,,,
"Sex Offenses,",0,0,,,
Nonforcible,,,,,
Pornography,0,0,,,
Gambling,0,0,,,
Prostitution,0,0,,,
Bribery,0,0,,,
Weapon Law Violations,20,1,,,
TOTAL GROUP A,467,11,,,
,,,14,,
,2008 AWARDS
In 2008 the Augusta County Sheriff’s Office,
received several Departmental Awards including,
the following:,
2008 DMV Seatbelt Usage Rate Award,
st,
1,Place in the 2007 Virginia Law Enforcement Challenge
Individual officers and units also received the following,
recognition:,
2008 Deputy of the Year - Deputy Donald Smith,
Sheriff’s Commendation - Investigator Paul McCormick,
Sheriff’s Unit Commendation - Investigations Division,
Supervisors Commendation -,
Deputy Jonathan Wells,
Deputy Caleb Spence,
Deputy Arthur Blackwell,
Deputy Thomas Christopher Pultz,
2008 Occupant Protection Award – Corporal Michael Roane,
2008 DUI Enforcement Award – Sergeant James “Monty” Sellers,
2008 Speed Enforcement Award – Lieutenant James Mader,
,15
,,2008 ACTIVITIES,
,,Augusta County Sheriff’s Office,
,,2008 Public Meetings and Forums,
,,,
,,,
01/8/2008,,,Broadmoore N.W.G. Meeting
01/18/2008,,,Crime Stoppers Meeting
01/29/2008,,,WWRC Security Threat Assessment Meeting
02/05/2008,,,WWRC Security Threat Assessment
02/14/2008,,,Mint Springs Ruritan – Identity Theft
02/15/2008,,,Crime Stoppers Meeting
03/13/2008,,,Deerfield N.W.G. Meeting
03/18-19/2008,03/18-19/2008,,Virginia Crime Prevention Conference
03/20/2008,,,Crime Prevention Class – Valley Vo-Tech School
03/21/2008,,,Crime Stoppers Meeting
04/17/2008,,,Plaza Apartments N.W.G. Meeting
04/18/2008,,,Crime Stoppers Meeting
05/16/2008,,,Crime Stoppers Meeting
05/20/2008,,,Bethel Presbyterian Church Men’s Supper
06/20/2008,,,Crime Stoppers Meeting
06/23/2008,,,Buffalo Gap Ruritan
07/01/2008,,,Regional Crime Prevention Meeting – Roanoke
07/08/2008,,,DuPont Retirees Lunch
07/18/2008,,,Crime Stoppers Meeting
08/05/2008,,,National Night Out
08/11/2008,,,CPS Security Assessment
08/14/2008,,,Verona N.W.G. Meeting – Identity Theft
08/15/2008,,,Crime Stoppers Meeting
09/16/2008,,,Plaza Apartment N.W.G Meeting
09/19/2008,,,Crime Stoppers Meeting
09/20/2008,,,Mount Solon Fire Department Open House
09/25/2008,,,Plaza Apartment N.W.G Meeting
10/03/2008,,,Light House Church – Early Childhood Education
10/17/2008,,,Crime Stoppers Meeting
11/11/2008,,,Deerfield N.W.G. Meeting
11/20/2008,,,Plaza Apartment N.W.G Meeting
11/21/2008,,,Crime Stoppers Meeting
12/1-3/2008,,,JMU Threat Assessment
12/09/2008,,,Pro Build – Identity Theft
12/19/2008,,,Crime Stoppers Meeting
,,,
,,,
,,,16
