Name: “Table 1 of 1 on page 16 of 16”,Name: “Table 1 of 1 on page 16 of 16”,Name: “Table 1 of 1 on page 16 of 16”,Name: “Table 1 of 1 on page 16 of 16”
Table: 16,Table: 16,Table: 16,Table: 16
,,,
,,2008 ACTIVITIES,
,,Augusta County Sheriff’s Office,
,,2008 Public Meetings and Forums,
,,,
,,,
01/8/2008,,,Broadmoore N.W.G. Meeting
01/18/2008,,,Crime Stoppers Meeting
01/29/2008,,,WWRC Security Threat Assessment Meeting
02/05/2008,,,WWRC Security Threat Assessment
02/14/2008,,,Mint Springs Ruritan – Identity Theft
02/15/2008,,,Crime Stoppers Meeting
03/13/2008,,,Deerfield N.W.G. Meeting
03/18-19/2008,03/18-19/2008,,Virginia Crime Prevention Conference
03/20/2008,,,Crime Prevention Class – Valley Vo-Tech School
03/21/2008,,,Crime Stoppers Meeting
04/17/2008,,,Plaza Apartments N.W.G. Meeting
04/18/2008,,,Crime Stoppers Meeting
05/16/2008,,,Crime Stoppers Meeting
05/20/2008,,,Bethel Presbyterian Church Men’s Supper
06/20/2008,,,Crime Stoppers Meeting
06/23/2008,,,Buffalo Gap Ruritan
07/01/2008,,,Regional Crime Prevention Meeting – Roanoke
07/08/2008,,,DuPont Retirees Lunch
07/18/2008,,,Crime Stoppers Meeting
08/05/2008,,,National Night Out
08/11/2008,,,CPS Security Assessment
08/14/2008,,,Verona N.W.G. Meeting – Identity Theft
08/15/2008,,,Crime Stoppers Meeting
09/16/2008,,,Plaza Apartment N.W.G Meeting
09/19/2008,,,Crime Stoppers Meeting
09/20/2008,,,Mount Solon Fire Department Open House
09/25/2008,,,Plaza Apartment N.W.G Meeting
10/03/2008,,,Light House Church – Early Childhood Education
10/17/2008,,,Crime Stoppers Meeting
11/11/2008,,,Deerfield N.W.G. Meeting
11/20/2008,,,Plaza Apartment N.W.G Meeting
11/21/2008,,,Crime Stoppers Meeting
12/1-3/2008,,,JMU Threat Assessment
12/09/2008,,,Pro Build – Identity Theft
12/19/2008,,,Crime Stoppers Meeting
,,,
,,,
,,,16
