Name: “Table 1 of 1 on page 12 of 16”,Name: “Table 1 of 1 on page 12 of 16”,Name: “Table 1 of 1 on page 12 of 16”,Name: “Table 1 of 1 on page 12 of 16”,Name: “Table 1 of 1 on page 12 of 16”,Name: “Table 1 of 1 on page 12 of 16”,Name: “Table 1 of 1 on page 12 of 16”,Name: “Table 1 of 1 on page 12 of 16”,Name: “Table 1 of 1 on page 12 of 16”,Name: “Table 1 of 1 on page 12 of 16”
Table: 12,Table: 12,Table: 12,Table: 12,Table: 12,Table: 12,Table: 12,Table: 12,Table: 12,Table: 12
,,,,,,,,,
,,AUGUSTA COUNTY,AUGUSTA COUNTY,AUGUSTA COUNTY,AUGUSTA COUNTY,,,,
,,,,,,Randall D. Fisher,Randall D. Fisher,,
,,SHERIFF’S OFFICE,SHERIFF’S OFFICE,SHERIFF’S OFFICE,SHERIFF’S OFFICE,,Sheriff,,
,,ORGANIZATIONAL CHART,ORGANIZATIONAL CHART,ORGANIZATIONAL CHART,ORGANIZATIONAL CHART,Accreditation,,,
,,,,,,Manager,,,
,,,Chief,Chief,,,Sgt.,Lt.,Admin.
,,,Deputy,Deputy,,,SRO,Traffic,Asst.
,,,,RMS,,,,Cpl.,Support
,,,,Admin.,,,,,Secretary
,,,,,,,,SRO,
Lt.,,Support,Lt.,,,,,DS,Sgt.
,,,,,Sgt.,Cpl.,Records,,
,,Secretary,,,,,,,
CID,,,Patrol,,Narcotic,Crime,Manager,SRO,Civil
Sgt.,Sgt.,,DS,DS,DS,K-9,Records,DS,DS
CID,Bailiff,,Utility,Utility,Narcotic,Officer,Clerk,SRO,Process
Inv.,Cpl.,,Sgt.,Sgt.,Sgt.,Sgt.,Records,DS,DS
,Bailiff,,Patrol,Patrol,Patrol,Patrol,,Dare,Process
Inv.,DS,DS,Cpl.,Cpl.,Cpl.,Cpl.,Records,,DS
,Bailiff,Bailiff,Patrol,Patrol,Patrol,Patrol,Clerk,,Process
Inv.,DS,DS,DS,DS,DS,DS,Records,,DS
,Bailiff,Bailiff,Patrol,Patrol,Patrol,Patrol,Clerk,,Process
Inv.,DS,DS,DS,DS,DS,DS,Records,,DS
,Bailiff,Bailiff,Patrol,Patrol,Patrol,Patrol,Clerk,,Process
Inv.,DS,DS,DS,DS,DS,DS,Records,,DS
Computer,Part Time,Bailiff,Patrol,Patrol,Patrol,Patrol,Clerk,,Process
Inv.,,,DS,DS,DS,DS,,,DS
Gang,,,Patrol,Patrol,Patrol,Patrol,,,Part Time
,,,DS,DS,DS,DS,,DS,DS
,,,Patrol,Patrol,Patrol,Patrol,,Part Time,Part Time
,,,,,,,,,12
