Name: “Table 1 of 1 on page 15 of 16”,Name: “Table 1 of 1 on page 15 of 16”
Table: 15,Table: 15
,
,2008 AWARDS
In 2008 the Augusta County Sheriff’s Office,
received several Departmental Awards including,
the following:,
2008 DMV Seatbelt Usage Rate Award,
st,
1,Place in the 2007 Virginia Law Enforcement Challenge
Individual officers and units also received the following,
recognition:,
2008 Deputy of the Year - Deputy Donald Smith,
Sheriff’s Commendation - Investigator Paul McCormick,
Sheriff’s Unit Commendation - Investigations Division,
Supervisors Commendation -,
Deputy Jonathan Wells,
Deputy Caleb Spence,
Deputy Arthur Blackwell,
Deputy Thomas Christopher Pultz,
2008 Occupant Protection Award – Corporal Michael Roane,
2008 DUI Enforcement Award – Sergeant James “Monty” Sellers,
2008 Speed Enforcement Award – Lieutenant James Mader,
,15
