Name: “Table 1 of 1 on page 13 of 16”,Name: “Table 1 of 1 on page 13 of 16”,Name: “Table 1 of 1 on page 13 of 16”,Name: “Table 1 of 1 on page 13 of 16”,Name: “Table 1 of 1 on page 13 of 16”,Name: “Table 1 of 1 on page 13 of 16”,Name: “Table 1 of 1 on page 13 of 16”,Name: “Table 1 of 1 on page 13 of 16”,Name: “Table 1 of 1 on page 13 of 16”,Name: “Table 1 of 1 on page 13 of 16”,Name: “Table 1 of 1 on page 13 of 16”,Name: “Table 1 of 1 on page 13 of 16”
Table: 13,Table: 13,Table: 13,Table: 13,Table: 13,Table: 13,Table: 13,Table: 13,Table: 13,Table: 13,Table: 13,Table: 13
,,,,,,,,,,,
,,STATISTICS FOR 2008,STATISTICS FOR 2008,STATISTICS FOR 2008,STATISTICS FOR 2008,STATISTICS FOR 2008,STATISTICS FOR 2008,,,,
"Civil Process Served: 23,788","Civil Process Served: 23,788","Civil Process Served: 23,788","Civil Process Served: 23,788","Civil Process Served: 23,788",,,,,,,
"Crime Incident Reports: 5,889","Crime Incident Reports: 5,889","Crime Incident Reports: 5,889","Crime Incident Reports: 5,889","Crime Incident Reports: 5,889",,,,,,,
"Criminal Warrants Served: 3,205","Criminal Warrants Served: 3,205","Criminal Warrants Served: 3,205","Criminal Warrants Served: 3,205","Criminal Warrants Served: 3,205",,,,,,,
Protective Orders Served: 590,Protective Orders Served: 590,Protective Orders Served: 590,Protective Orders Served: 590,Protective Orders Served: 590,,,,,,,
Traffic Charges: 6524,Traffic Charges: 6524,Traffic Charges: 6524,Traffic Charges: 6524,,,,,,,,
DUI Arrests: 96,DUI Arrests: 96,DUI Arrests: 96,,,,,,,,,
,,,2008 Group A Offenses,2008 Group A Offenses,2008 Group A Offenses,2008 Group A Offenses,2008 Group A Offenses,,,,
Population,Incident,Total,Murder,Kidnapping/,Forcible,Other,Robbery,Aggravated,Simple,Arson,Extortion/
,rate per,incidents,and,Abduction,Rape,Forcible,,Assault,Assault/,,Blackmail
,"100,000",,Nonnegligent,,,Sex,,,Intimidation,,
,,,Manslaughter,,,Offenses,,,,,
71586,2151.25,1540,0,1,9,27,8,66,157,9,0
,,,,,,,,,,,13
