Name: “Table 1 of 1 on page 14 of 16”,Name: “Table 1 of 1 on page 14 of 16”,Name: “Table 1 of 1 on page 14 of 16”,Name: “Table 1 of 1 on page 14 of 16”,Name: “Table 1 of 1 on page 14 of 16”,Name: “Table 1 of 1 on page 14 of 16”
Table: 14,Table: 14,Table: 14,Table: 14,Table: 14,Table: 14
,,,,,
,2008 Adult and Juvenile Arrests,2008 Adult and Juvenile Arrests,2008 Adult and Juvenile Arrests,,
ARRESTS BY,,,ARRESTS BY,,
OFFENSE,ADULT,JUVENILE,OFFENSE,ADULT,JUVENILE
Murder,0,0,Bad Checks,53,0
Negligent Manslaughter,0,0,Curfew/Loitering/Vagrancy,0,0
Kidnapping,0,0,Disorderly Conduct,15,0
Sex Offenses,16,0,Driving Under Influence,205,3
Forcible,6,0,Drunkenness,221,0
Robbery,,,,,
Aggravated Assault,12,0,"Family Offenses,",8,0
,,,Nonforcible,,
Simple,81,1,Liquor Laws Violations,61,16
Assault/Intimidation,,,,,
Arson,2,0,Peeping Tom,0,0
Extortion/Blackmail,0,0,Runaway,0,0
Burglary,37,1,Trespass of Real Property,36,1
,,,Conspiracy,,
Larceny,92,3,All Other (except Traffic),778,19
Motor Vehicle Theft,0,0,TOTAL GROUP B,1377,39
Counterfeiting/Forgery,14,0,,,
,,,GRAND TOTAL,1844,50
Fraud,31,0,,,
Embezzlement,5,0,,,
Stolen Property,7,0,,,
Vandalism,25,2,,,
Drug/Narcotic Offenses,107,3,,,
"Sex Offenses,",0,0,,,
Nonforcible,,,,,
Pornography,0,0,,,
Gambling,0,0,,,
Prostitution,0,0,,,
Bribery,0,0,,,
Weapon Law Violations,20,1,,,
TOTAL GROUP A,467,11,,,
,,,14,,
