Name: “Table 1 of 1 on page 2 of 16”,Name: “Table 1 of 1 on page 2 of 16”,Name: “Table 1 of 1 on page 2 of 16”,Name: “Table 1 of 1 on page 2 of 16”
Table: 2,Table: 2,Table: 2,Table: 2
,,,
,T ABLE OF C ONTENTS,T ABLE OF C ONTENTS,
1.,IN TR OD UC T ION,PA GE,3
2.,TH E COU NT Y O F A U GU STA,PA G E,4
3.,SH ER IFF,PA GE,5
4.,MIS S IO N ST AT EME NT,PA GE,6
5.,TH E AUG US TA CO UN TY SH ER IFF ’S O FF ICE,PA GE,7
6.,ST AFF OF F IC ER S,PA GE,8
7.,U N ITS,PA GE,9- 11
8.,O RG AN IZ AT ION AL C HAR T,PA G E,12
9.,2008 ST A T IST ICS,PA GE,13- 14
10.,2008 A W AR DS,PA GE,15
11.,2008 A C T IV IT IE S,PA GE,16
,,,2
