Name: “Table 1 of 1 on page 6 of 16”,Name: “Table 1 of 1 on page 6 of 16”,Name: “Table 1 of 1 on page 6 of 16”,Name: “Table 1 of 1 on page 6 of 16”,Name: “Table 1 of 1 on page 6 of 16”,Name: “Table 1 of 1 on page 6 of 16”,Name: “Table 1 of 1 on page 6 of 16”,Name: “Table 1 of 1 on page 6 of 16”,Name: “Table 1 of 1 on page 6 of 16”,Name: “Table 1 of 1 on page 6 of 16”,Name: “Table 1 of 1 on page 6 of 16”
Table: 6,Table: 6,Table: 6,Table: 6,Table: 6,Table: 6,Table: 6,Table: 6,Table: 6,Table: 6,Table: 6
,,,,,,,,,,
,MISSION S TATEMENT,MISSION S TATEMENT,MISSION S TATEMENT,MISSION S TATEMENT,MISSION S TATEMENT,MISSION S TATEMENT,MISSION S TATEMENT,MISSION S TATEMENT,MISSION S TATEMENT,
“THE,M ISSION,M ISSION,OF,THE,AUGUSTA,AUGUSTA,COUNTY,COUNTY,SHERIFF’S,SHERIFF’S
OFFICE,IS,TO,PROVIDE,PROVIDE,PROVIDE,THE,HIGHEST,HIGHEST,LEVEL,OF
"EFFECTIVE ,","EFFECTIVE ,",EFFICENT,EFFICENT,EFFICENT,,AND,PROACTIVE,PROACTIVE,PROACTIVE,LAW
ENFORCEMENT SERVICES AVAILABLE TO ALL WHO LIVE IN,ENFORCEMENT SERVICES AVAILABLE TO ALL WHO LIVE IN,ENFORCEMENT SERVICES AVAILABLE TO ALL WHO LIVE IN,ENFORCEMENT SERVICES AVAILABLE TO ALL WHO LIVE IN,ENFORCEMENT SERVICES AVAILABLE TO ALL WHO LIVE IN,ENFORCEMENT SERVICES AVAILABLE TO ALL WHO LIVE IN,ENFORCEMENT SERVICES AVAILABLE TO ALL WHO LIVE IN,ENFORCEMENT SERVICES AVAILABLE TO ALL WHO LIVE IN,ENFORCEMENT SERVICES AVAILABLE TO ALL WHO LIVE IN,ENFORCEMENT SERVICES AVAILABLE TO ALL WHO LIVE IN,ENFORCEMENT SERVICES AVAILABLE TO ALL WHO LIVE IN
OR,TRAVEL,THROUGH,THROUGH,THROUGH,A UGUSTA,A UGUSTA,COUNTY,COUNTY,WITHOUT,WITHOUT
"REGUARD TO RACE , ETHNICITY OR RELIGION .","REGUARD TO RACE , ETHNICITY OR RELIGION .","REGUARD TO RACE , ETHNICITY OR RELIGION .","REGUARD TO RACE , ETHNICITY OR RELIGION .","REGUARD TO RACE , ETHNICITY OR RELIGION .","REGUARD TO RACE , ETHNICITY OR RELIGION .","REGUARD TO RACE , ETHNICITY OR RELIGION .","REGUARD TO RACE , ETHNICITY OR RELIGION .","REGUARD TO RACE , ETHNICITY OR RELIGION .",,
THE PARAMOUNT GOAL IN DOING SO SHALL BE TO MAKE,THE PARAMOUNT GOAL IN DOING SO SHALL BE TO MAKE,THE PARAMOUNT GOAL IN DOING SO SHALL BE TO MAKE,THE PARAMOUNT GOAL IN DOING SO SHALL BE TO MAKE,THE PARAMOUNT GOAL IN DOING SO SHALL BE TO MAKE,THE PARAMOUNT GOAL IN DOING SO SHALL BE TO MAKE,THE PARAMOUNT GOAL IN DOING SO SHALL BE TO MAKE,THE PARAMOUNT GOAL IN DOING SO SHALL BE TO MAKE,THE PARAMOUNT GOAL IN DOING SO SHALL BE TO MAKE,THE PARAMOUNT GOAL IN DOING SO SHALL BE TO MAKE,THE PARAMOUNT GOAL IN DOING SO SHALL BE TO MAKE
A UGUSTA,A UGUSTA,COUNTY,COUNTY,A,PLACE,WHERE,WHERE,PEOPLE,CAN,VISIT
AND,LIVE,WITHOUT,WITHOUT,,ANY,FEAR,FOR,THE,SAFETY,OR
WELLBEING,WELLBEING,OF,"THEMSELVES ,","THEMSELVES ,","THEMSELVES ,",THEIR,THEIR,"FAMILY,",OR,THEIR
PROPERTY .,PROPERTY .,,,,,,,,,
"D EDICATION ,","D EDICATION ,","LOYALTY , INTEGRITY , AND","LOYALTY , INTEGRITY , AND","LOYALTY , INTEGRITY , AND","LOYALTY , INTEGRITY , AND","LOYALTY , INTEGRITY , AND","LOYALTY , INTEGRITY , AND",JUSTICE,JUSTICE,SHALL
BE,THE HALLMARKS OF OUR EFFORT AND A QUALITY OF,THE HALLMARKS OF OUR EFFORT AND A QUALITY OF,THE HALLMARKS OF OUR EFFORT AND A QUALITY OF,THE HALLMARKS OF OUR EFFORT AND A QUALITY OF,THE HALLMARKS OF OUR EFFORT AND A QUALITY OF,THE HALLMARKS OF OUR EFFORT AND A QUALITY OF,THE HALLMARKS OF OUR EFFORT AND A QUALITY OF,THE HALLMARKS OF OUR EFFORT AND A QUALITY OF,THE HALLMARKS OF OUR EFFORT AND A QUALITY OF,THE HALLMARKS OF OUR EFFORT AND A QUALITY OF
LIFE,ENJOYED,BY,THE,THE,"PUBLIC, UNFETTERED","PUBLIC, UNFETTERED","PUBLIC, UNFETTERED","PUBLIC, UNFETTERED",BY,"CRIME,"
"SHALL SERVE AS THE BENCHMARK OF OUR SUCCESS.""","SHALL SERVE AS THE BENCHMARK OF OUR SUCCESS.""","SHALL SERVE AS THE BENCHMARK OF OUR SUCCESS.""","SHALL SERVE AS THE BENCHMARK OF OUR SUCCESS.""","SHALL SERVE AS THE BENCHMARK OF OUR SUCCESS.""","SHALL SERVE AS THE BENCHMARK OF OUR SUCCESS.""","SHALL SERVE AS THE BENCHMARK OF OUR SUCCESS.""","SHALL SERVE AS THE BENCHMARK OF OUR SUCCESS.""","SHALL SERVE AS THE BENCHMARK OF OUR SUCCESS.""","SHALL SERVE AS THE BENCHMARK OF OUR SUCCESS.""",
,,,,,,,,,,6
