Name: “Table 1 of 1 on page 11 of 16”,Name: “Table 1 of 1 on page 11 of 16”
Table: 11,Table: 11
,
SCHOOL RESOURCE DIVISION,SCHOOL RESOURCE DIVISION
The Augusta County Sheriff’s Office School Resource Division is commanded by,The Augusta County Sheriff’s Office School Resource Division is commanded by
Sgt. Bill Bishop and consists of Corporal Rick Modlin and three School Resource,Sgt. Bill Bishop and consists of Corporal Rick Modlin and three School Resource
Officers. These deputies provide police services at all of the County’s High,Officers. These deputies provide police services at all of the County’s High
"Schools, Middle Schools and Elementary Schools.",
DARE,
Kathy Bishop is the Sheriff’s Office D.A.R.E Officer and she is responsible for,Kathy Bishop is the Sheriff’s Office D.A.R.E Officer and she is responsible for
teaching the DARE program throughout Augusta County Public Schools. During,teaching the DARE program throughout Augusta County Public Schools. During
th,
2008 Kathy taught 144 45 minute DARE classes and 845 5,graders in all
schools participated in the program.,
CRIME PREVENTION,
The Augusta County Sheriff’s Office Crime Prevention Officer is Corporal Derek,The Augusta County Sheriff’s Office Crime Prevention Officer is Corporal Derek
"Almarode. He is responsible for the Department’s Neighborhood Watch Program,","Almarode. He is responsible for the Department’s Neighborhood Watch Program,"
"Business Watch Program, National Night out and virtually every aspect of our Crime","Business Watch Program, National Night out and virtually every aspect of our Crime"
Prevention activities.,
,11
