Bureau of Justice Statistics,,,,,,,,,,,,,,,,
Filename:  cv0706.csv,,,,,,,,,,,,,,,,
"Table 6. Number of victimizations and victimization rates for persons age 12 and over, by type of crime and gender and race of victims",,,,,,,,,,,,,,,,
"Data source: National Criminal Victimization Survey, 2007  NCJ 227669",,,,,,,,,,,,,,,,
Produced by:  Cathy Maston ,,,,,,,,,,,,,,,,
Authors:  Patsy Klaus and Cathy Maston,,,,,,,,,,,,,,,,
Refer questions to: askbjs@usdoj.gov  202-307-0765,,,,,,,,,,,,,,,,
Data of version:  02/03/10,,,,,,,,,,,,,,,,
,,,,,,,,,,,,,,,,
"Table 6. Personal crimes, 2007: Number of victimizations and victimization rates for persons age 12 and over, by type of crime and gender and race of victims",,,,,,,,,,,,,,,,
,"Rate per 1,000 persons age 12 and over",,,,,,,,,,,,,,,
                                                                                                ,,,,Male,,,,,,,,Female,,,,
,White only,,,,Black only,,,,White only,,,,Black only,,,
Type of crime         ,Number,,Rate,,Number,,Rate,,Number,,Rate,,Number,,Rate,
All personal crimes,"2,261,900",,22.6,,"381,540",,27.5,,"1,914,540",,18.6,,"412,680",,25,
  Crimes of violence,"2,196,710",,21.9,,"351,170",,25.3,,"1,859,170",,18,,"385,870",,23.4,
    Completed violence,"536,720",,5.4,,"125,400",,9,,"624,390",,6.1,,"162,620",,9.8,
    Attempted/threatened violence,"1,659,990",,16.6,,"225,780",,16.3,,"1,234,780",,12,,"223,250",,13.5,
    Rape/Sexual assault/a,"8,180",*,0.1,*,0,*,0,*,"190,720",,1.8,,"15,670",*,0.9,*
    Robbery,"260,360",,2.6,,"105,340",,7.6,,"129,610",,1.3,,"43,460",,2.6,
      Completed/property taken,"187,300",,1.9,,"75,070",,5.4,,"95,140",,0.9,,"41,130",,2.5,
        With injury,"60,750",,0.6,,"24,820",*,1.8,*,"48,060",,0.5,,"18,080",*,1.1,*
        Without injury,"126,560",,1.3,,"50,250",,3.6,,"47,080",,0.5,,"23,040",*,1.4,*
      Attempted to take property,"73,060",,0.7,,"30,280",*,2.2,*,"34,470",,0.3,,"2,330",*,0.1,*
        With injury,"18,000",*,0.2,*,"6,890",*,0.5,*,"16,230",*,0.2,*,"2,330",*,0.1,*
        Without injury,"55,070",,0.5,,"23,390",*,1.7,*,"18,240",*,0.2,*,0,*,0,*
    Assault,"1,928,170",,19.2,,"245,830",,17.7,,"1,538,840",,14.9,,"326,750",,19.8,
      Aggravated,"455,560",,4.5,,"65,400",,4.7,,"191,260",,1.9,,"69,340",,4.2,
        With injury,"104,670",,1,,"20,320",*,1.5,*,"36,070",,0.3,,"37,170",,2.3,
        Threatened with weapon,"350,890",,3.5,,"45,090",,3.3,,"155,190",,1.5,,"32,170",*,1.9,*
      Simple,"1,472,610",,14.7,,"180,420",,13,,"1,347,580",,13.1,,"257,400",,15.6,
        With minor injury,"244,750",,2.4,,"30,010",*,2.2,*,"376,230",,3.6,,"74,820",,4.5,
        Without injury,"1,227,860",,12.2,,"150,410",,10.8,,"971,340",,9.4,,"182,590",,11.1,
  Purse snatching/Pocket picking,"65,190",,0.7,,"30,370",*,2.2,*,"55,370",,0.5,,"26,810",*,1.6,*
Population age 12 and over,"100,276,590",,...,,"13,868,320",,...,,"103,193,780",,...,,"16,517,140",,...,
"Note: The 2007 rates are comparable to 2005 and previous years, but not to 2006 because of changes in methodology. See Criminal Victimization, 2006, at <http:www.ojp.usdoj.gov/bjs/abstract/cv06.htm> and Criminal Victimization, 2007 at <http:www.ojp.usdoj.gov/bjs/abstract/cv07.htm>.",,,,,,,,,,,,,,,,
Detail may not add to total shown because of rounding.,,,,,,,,,,,,,,,,
"Excludes data on persons of ""Other"" races and persons indicating two or more races.",,,,,,,,,,,,,,,,
*Estimate is based on 10 or fewer sample cases.,,,,,,,,,,,,,,,,
...Not applicable.,,,,,,,,,,,,,,,,
a/Includes verbal threats of rape and threats of sexual assault.,,,,,,,,,,,,,,,,
