Bureau of Justice Statistics,,,,,,,,,,,,,
Filename:  cv0720.csv,,,,,,,,,,,,,
Table 20. Victimization rates by type of crime and annual family income,,,,,,,,,,,,,
"Data source: National Criminal Victimization Survey, 2007  NCJ 227669",,,,,,,,,,,,,
Produced by:  Cathy Maston ,,,,,,,,,,,,,
Authors:  Patsy Klaus and Cathy Maston,,,,,,,,,,,,,
Refer questions to: askbjs@usdoj.gov  202-307-0765,,,,,,,,,,,,,
Data of version:  02/03/10,,,,,,,,,,,,,
,,,,,,,,,,,,,
"Table 20. Property crimes, 2007: Victimization rates by type of crime and annual family income",,,,,,,,,,,,,
,,,"Rate per 1,000 households",,,,,,,,,,
Type of crime,"  Less than $7,500",,"$7,500-$14,999",," $15,000-$24,999",,"  $25,000-$34,999",,"$35,000-$49,999",,"    $50,000-$74,999",," $75,000 or more"
Property crimes,213.1,,201.3,,167,,154.6,,151.2,,144.3,,146.3
  Household burglary,57.6,,51.2,,33.5,,25.2,,28.3,,21.8,,17.2
    Completed,48,,40,,26.7,,16.3,,20.1,,17,,14.5
      Forcible entry,23.6,,17.1,,12.4,,5.3,,8.1,,4.9,,7.1
      Unlawful entry without force,24.4,,22.9,,14.3,,11,,12,,12.1,,7.4
    Attempted forcible entry,9.6,,11.2,,6.9,,8.8,,8.2,,4.8,,2.7
  Motor vehicle theft,11.1,,10.8,,11,,9.5,,7.6,,7.9,,7.1
    Completed,9.6,,10.3,,8.9,,7.3,,5.8,,6.1,,5.4
    Attempted,1.5,*,0.4,*,2.1,*,2.2,*,1.8,*,1.8,*,1.7
  Theft,144.4,,139.4,,122.4,,119.8,,115.2,,114.6,,122
    Completed,140.1,,134.6,,115.2,,113.9,,108.2,,110,,118.4
       Less than $50,39.1,,43.4,,27,,26,,29.4,,32.4,,31
       $50 - $249,55.5,,45.5,,48.6,,41.3,,42.2,,36,,39.7
       $250 or more,28,,30.3,,24.3,,30.8,,28.5,,31.6,,34.9
       Amount not available,17.5,,15.5,,15.2,,15.8,,8,,10,,12.8
     Attempted,4.3,*,4.7,*,7.2,,5.9,,7.1,,4.6,,3.6
Total number of households,"4,381,010",,"6,757,910",,"9,552,980",,"10,084,590",,"13,292,780",,"14,932,280",,"22,886,490"
"Note: The 2007 rates are comparable to 2005 and previous years, but not to 2006 because of changes in methodology. See Criminal Victimization, 2006, at <http:www.ojp.usdoj.gov/bjs/abstract/cv06.htm> and Criminal Victimization, 2007 at <http:www.ojp.usdoj.gov/bjs/abstract/cv07.htm>.",,,,,,,,,,,,,
Detail may not add to total shown because of rounding.,,,,,,,,,,,,,
*Estimate is based on 10 or fewer sample cases.,,,,,,,,,,,,,
Excludes data on families whose income level was not ascertained.,,,,,,,,,,,,,
