Bureau of Justice Statistics,,,,,,
Filename:  cv0717.csv,,,,,,
Table 17. Number of victimizations and victimization rates by type of crime and ethnicity of head of household,,,,,,
"Data source: National Criminal Victimization Survey, 2007  NCJ 227669",,,,,,
Produced by:  Cathy Maston ,,,,,,
Authors:  Patsy Klaus and Cathy Maston,,,,,,
Refer questions to: askbjs@usdoj.gov  202-307-0765,,,,,,
Data of version:  02/03/10,,,,,,
,,,,,,
"Table 17. Property crimes, 2007: Number of victimizations and victimization rates by type of crime and ethnicity of head of household",,,,,,
                                                                                           ,"Rate per 1,000 households",,,,,
,         Total/a,,Hispanic,,Non-Hispanic,
Type of crime,Number,Rate,Number,Rate,Number,Rate
Property crimes,"17,508,530",146.5,"2,550,120",190.5,"14,947,270",141.2
   Household burglary,"3,215,090",26.9,"412,030",30.8,"2,803,060",26.5
      Completed,"2,563,190",21.4,"355,900",26.6,"2,207,300",20.9
         Forcible entry,"1,101,230",9.2,"186,070",13.9,"915,150",8.6
         Unlawful entry without force,"1,461,970",12.2,"169,820",12.7,"1,292,140",12.2
      Attempted forcible entry,"651,890",5.5,"56,140",4.2,"595,760",5.6
   Motor vehicle theft,"979,640",8.2,"213,070",15.9,"766,570",7.2
      Completed,"795,900",6.7,"174,440",13,"621,460",5.9
      Attempted,"183,740",1.5,"38,630",2.9,"145,110",1.4
   Theft ,"13,313,800",111.4,"1,925,010",143.8,"11,377,640",107.5
      Completed,"12,776,930",106.9,"1,857,620",138.7,"10,908,160",103
         Less than $50,"3,244,070",27.1,"338,750",25.3,"2,901,820",27.4
         $50 - $249,"4,521,300",37.8,"702,480",52.5,"3,818,820",36.1
         $250 or more,"3,416,890",28.6,"558,260",41.7,"2,858,640",27
         Amount not available,"1,594,670",13.3,"258,130",19.3,"1,328,890",12.6
      Attempted,"536,870",4.5,"67,400",5,"469,480",4.4
Total number of households,"119,503,530",...,"13,388,250",...,"105,856,820",...
"Note: The 2007 rates are comparable to 2005 and previous years, but not to 2006 because of changes in methodology. See Criminal Victimization, 2006, at <http:www.ojp.usdoj.gov/bjs/abstract/cv06.htm> and Criminal Victimization, 2007 at <http:www.ojp.usdoj.gov/bjs/abstract/cv07.htm>.",,,,,,
Detail may not add to total shown because of rounding.,,,,,,
...Not applicable.,,,,,,
"a/Includes data on persons whose ethnicity was not ascertained, which is not shown separately.",,,,,,
