Bureau of Justice Statistics,,,,,,,,,,
Filename:  cv0718.csv,,,,,,,,,,
"Table 18. Number of victimizations and victimization rates on the basis of thefts per 1,000 households and of thefts per 1,000 vehicles owned by selected household characteristics ",,,,,,,,,,
"Data source: National Criminal Victimization Survey, 2007  NCJ 227669",,,,,,,,,,
Produced by:  Cathy Maston ,,,,,,,,,,
Authors:  Patsy Klaus and Cathy Maston,,,,,,,,,,
Refer questions to: askbjs@usdoj.gov  202-307-0765,,,,,,,,,,
Data of version:  02/03/10,,,,,,,,,,
,,,,,,,,,,
"Table 18. Motor vehicle theft, 2007: Number of victimizations and victimization rates on the basis of thefts per 1,000 households and of thefts per 1,000 vehicles owned by selected household characteristics ",,,,,,,,,,
                                                                                                           ,Based on households,,,,,Based on vehicles owned,,,,
Characteristic,Number of households,Number of thefts,,"Rate per 1,000",,Number of vehicles owned,Number of thefts,,"Rate per 1,000",
Race of head of household,,,,,,,,,,
   All races,"119,503,530","979,640",,8.2,,"227,794,430","1,054,570",,4.6,
      White only,"97,427,160","687,500",,7.1,,"192,946,660","724,390",,3.8,
      Black only,"15,051,900","213,300",,14.2,,"22,019,040","240,440",,10.9,
      Other race only/a,"5,715,950","44,200",,7.7,,"10,344,300","51,890",,5,
      Two or more races/b,"1,308,530","34,640",,26.5,,"2,484,430","37,870",,15.2,
Age of head of household,,,,,,,,,,
   12-19,"1,144,920","14,600",*,12.8,*,"1,814,610","14,600",*,8,*
   20-34,"26,832,480","347,210",,12.9,,"47,547,280","372,450",,7.8,
   35-49,"36,280,380","269,670",,7.4,,"76,530,080","296,180",,3.9,
   50-64,"31,329,130","259,340",,8.3,,"65,954,880","277,080",,4.2,
   65 and over,"23,916,630","88,820",,3.7,,"35,947,580","94,260",,2.6,
Form of tenure,,,,,,,,,,
   Owned or being bought,"81,896,800","518,780",,6.3,,"177,520,960","550,260",,3.1,
   Rented,"37,606,740","460,860",,12.3,,"50,273,460","504,310",,10,
"Note: The 2007 rates are comparable to 2005 and previous years, but not to 2006 because of changes in methodology. See Criminal Victimization, 2006, at <http:www.ojp.usdoj.gov/bjs/abstract/cv06.htm> and Criminal Victimization, 2007 at <http:www.ojp.usdoj.gov/bjs/abstract/cv07.htm>.",,,,,,,,,,
Detail may not add to total shown because of rounding.,,,,,,,,,,
*Estimate is based on 10 or fewer sample cases.,,,,,,,,,,
"The number of thefts based on vehicles owned is equal to or higher than the corresponding figure based on households because the former includes all  completed or attempted vehicle thefts, regardless of the final classification of the event; personal crimes of contact and burglary occurring in conjunction with motor vehicle thefts take precedence in determining the final classification based on the number of households.",,,,,,,,,,
"a/Includes American Indian, Eskimo, Asian Pacific Islander if only one of these races is given.",,,,,,,,,,
"b/Includes all persons of any race, indicating two or more races.",,,,,,,,,,
