Bureau of Justice Statistics,,,,,,,,,,
Filename:  cv0722.csv,,,,,,,,,,
"Table 22. Victimization rates by race of head of household, annual family income, and type of theft",,,,,,,,,,
"Data source: National Criminal Victimization Survey, 2007  NCJ 227669",,,,,,,,,,
Produced by:  Cathy Maston ,,,,,,,,,,
Authors:  Patsy Klaus and Cathy Maston,,,,,,,,,,
Refer questions to: askbjs@usdoj.gov  202-307-0765,,,,,,,,,,
Data of version:  02/03/10,,,,,,,,,,
,,,,,,,,,,
"Table 22. Theft, 2007: Victimization rates by race of head of household, annual family income, and type of theft",,,,,,,,,,
                                                                                                                                         ,,,"Rate per 1,000 households",,,,,,,
,,,,Completed theft,,,,,,
Race and income,,Total households,Theft/a,Less than $50,,$50-$249,$250 or more,,Attempted,
White only,,,,,,,,,,
                                          ,"Less than $7,500","2,784,910",142.3,40,,51.5,29.6,,5.1,*
                                                Control   household                                                           Attempted  ,"$7,500-$14,999","5,074,950",142.1,44.8,,46.7,30,,5.5,*
             ,"$15,000-$24,999","7,543,030",118.6,26.8,,46,24.1,,4.7,
                                                                                                                                         ,"$25,000-$34,999","8,264,510",116.5,26.2,,40,30,,5.5,
,"$35,000-$49,999","11,008,760",112.5,28.9,,40.4,29.5,,5.3,
,"$50,000-$74,999","12,796,030",110.5,31.7,,34,30.9,,5,
,"$75,000 or more","20,107,240",121.5,31.1,,38.8,35.3,,3.3,
Black only,,,,,,,,,,
,"Less than $7,500","1,238,000",147.2,37.7,,54.3,30.7,,2,*
,"$7,500-$14,999","1,284,430",133.2,44.4,,37.7,32.7,,3.4,*
,"$15,000-$24,999","1,503,470",130.2,24.5,,56.3,21.6,*,19.7,*
,"$25,000-$34,999","1,321,520",139,24.9,*,43.2,37.7,,10.8,*
,"$35,000-$49,999","1,607,770",123.5,28.7,,46,23.2,,19.7,*
,"$50,000-$74,999","1,232,740",148.7,37.1,,58.7,28.4,,4.7,*
,"$75,000 or more","1,318,250",131.7,39.1,,36.6,37.9,,11.2,*
"Note: The 2007 rates are comparable to 2005 and previous years, but not to 2006 because of changes in methodology. See Criminal Victimization, 2006, at <http:www.ojp.usdoj.gov/bjs/abstract/cv06.htm> and Criminal Victimization, 2007 at <http:www.ojp.usdoj.gov/bjs/abstract/cv07.htm>.",,,,,,,,,,
Detail may not add to total shown because of rounding.,,,,,,,,,,
"Excludes data on families whose income level was not ascertained and data on persons of ""Other"" races and persons indicating two or more races.",,,,,,,,,,
*Estimate is based on 10 or fewer sample cases.,,,,,,,,,,
"a/Includes data, not shown separately, on thefts for which the value of loss was not ascertained.",,,,,,,,,,
