Bureau of Justice Statistics,,,,,
Filename:  cv0701.csv,,,,,
"Table 1. Number, percent distribution, and rate of victimizations, by type of crime",,,,,
"Data source: National Criminal Victimization Survey, 2007  NCJ 227669",,,,,
Produced by:  Cathy Maston ,,,,,
Authors:  Patsy Klaus and Cathy Maston,,,,,
Refer questions to: askbjs@usdoj.gov  202-307-0765,,,,,
Data of version:  02/03/10,,,,,
,,,,,
"Table 1. Personal and property crimes, 2007:  Number, percent distribution, and rate of victimizations, by type of crime",,,,,
Type of crime,Number of victimizations,Percent of all victimizations,,"Rate per 1,000 persons or households",
All crimes,"22,879,720",100,%,         ...,
Personal crimes,"5,371,190",23.5,%,21.5,
Crimes of violence,"5,177,130",22.6,,20.7,
   Completed violence,"1,578,870",6.9,,6.3,
   Attempted/threatened violence,"3,598,260",15.7,,14.4,
   Rape/Sexual assault,"248,280",1.1,,1,
      Rape/Attempted rape,"140,620",0.6,,0.6,
         Rape,"69,850",0.3,,0.3,
         Attempted rape/a,"70,770",0.3,,0.3,
      Sexual assault/b,"107,660",0.5,,0.4,
   Robbery,"597,320",2.6,,2.4,
      Completed/property taken,"444,010",1.9,,1.8,
         With injury,"169,980",0.7,,0.7,
         Without injury,"274,020",1.2,,1.1,
      Attempted to take property,"153,320",0.7,,0.6,
         With injury,"43,440",0.2,,0.2,
         Without injury,"109,870",0.5,,0.4,
   Assault,"4,331,530",18.9,,17.3,
      Aggravated,"858,940",3.8,,3.4,
         With injury,"221,340",1,,0.9,
         Threatened with weapon,"637,590",2.8,,2.5,
      Simple,"3,472,590",15.2,,13.9,
         With minor injury,"757,890",3.3,,3,
         Without injury,"2,714,710",11.9,,10.8,
Purse snatching/Pocket picking,"194,060",0.8,,0.8,
   Completed purse snatching,"30,070",0.1,*,0.1,*
   Attempted purse snatching,"7,690",0,*,0,*
   Pocket picking,"156,300",0.7,,0.6,
Total population age 12 and over,"250,344,870",...,,...,
Property crimes,"17,508,530",76.5,%,146.5,
Household burglary,"3,215,090",14.1,,26.9,
   Completed,"2,563,190",11.2,,21.4,
      Forcible entry,"1,101,230",4.8,,9.2,
      Unlawful entry without force,"1,461,970",6.4,,12.2,
   Attempted forcible entry,"651,890",2.8,,5.5,
Motor vehicle theft,"979,640",4.3,,8.2,
   Completed,"795,900",3.5,,6.7,
   Attempted,"183,740",0.8,,1.5,
Theft,"13,313,800",58.2,,111.4,
   Completed,"12,776,930",55.8,,106.9,
      Less than $50,"3,244,070",14.2,,27.1,
      $50 - $249,"4,521,300",19.8,,37.8,
      $250 or more,"3,416,890",14.9,,28.6,
      Amount not available,"1,594,670",7,,13.3,
   Attempted,"536,870",2.3,,4.5,
Total number of households,"119,503,530",           ...,,           ...,
"Note: The 2007 rates are comparable to 2005 and previous years, but not to 2006 because of changes in methodology. See Criminal Victimization, 2006, at <http:www.ojp.usdoj.gov/bjs/abstract/cv06.htm> and Criminal Victimization, 2007 at <http:www.ojp.usdoj.gov/bjs/abstract/cv07.htm>.",,,,,
Detail may not add to total shown because of rounding.,,,,,
*Estimate is based on 10 or fewer sample cases.,,,,,
Percent distribution is based on unrounded figures.,,,,,
...Not applicable.,,,,,
a/Includes verbal threats of rape.,,,,,
b/Includes threats.,,,,,
,,,,,
,,,,,
,,,,,
,,,,,
,,,,,
,,,,,
,,,,,
,,,,,
,,,,,
,,,,,
,,,,,
,,,,,
,,,,,
,,,,,
,,,,,
,,,,,
,,,,,
,,,,,
,,,,,
,,,,,
,,,,,
,,,,,
,,,,,
,,,,,
,,,,,
,,,,,
,,,,,
,,,,,
,,,,,
,,,,,
,,,,,
,,,,,
,,,,,
,,,,,
,,,,,
,,,,,
,,,,,
,,,,,
,,,,,
,,,,,
,,,,,
,,,,,
,,,,,
,,,,,
,,,,,
,,,,,
,,,,,
,,,,,
,,,,,
,,,,,
,,,,,
,,,,,
,,,,,
,,,,,
,,,,,
,,,,,
,,,,,
,,,,,
,,,,,
,,,,,
,,,,,
,,,,,
,,,,,
,,,,,
,,,,,
,,,,,
,,,,,
,,,,,
,,,,,
,,,,,
,,,,,
,,,,,
,,,,,
,,,,,
,,,,,
,,,,,
,,,,,
,,,,,
,,,,,
,,,,,
,,,,,
,,,,,
,,,,,
,,,,,
,,,,,
,,,,,
,,,,,
,,,,,
,,,,,
,,,,,
,,,,,
,,,,,
,,,,,
,,,,,
,,,,,
,,,,,
,,,,,
,,,,,
,,,,,
,,,,,
,,,,,
,,,,,
,,,,,
,,,,,
,,,,,
,,,,,
,,,,,
,,,,,NUM1
,,,,,46
