Bureau of Justice Statistics,,,,,,,,,,,,,,,,,
Filename:  cv0712.csv,,,,,,,,,,,,,,,,,
"Table 12. Victimization rates for persons age 12 and over, by gender and marital status of victims and type of crime",,,,,,,,,,,,,,,,,
"Data source: National Criminal Victimization Survey, 2007  NCJ 227669",,,,,,,,,,,,,,,,,
Produced by:  Cathy Maston ,,,,,,,,,,,,,,,,,
Authors:  Patsy Klaus and Cathy Maston,,,,,,,,,,,,,,,,,
Refer questions to: askbjs@usdoj.gov  202-307-0765,,,,,,,,,,,,,,,,,
Data of version:  02/03/10,,,,,,,,,,,,,,,,,
,,,,,,,,,,,,,,,,,
"Table 12. Personal crimes, 2007: Victimization rates for persons age 12 and over, by gender and marital status of victims and type of crime",,,,,,,,,,,,,,,,,
,,,,"Rate per 1,000 persons age 12 and over",,,,,,,,,,,,,
,,,,,,,,,,,,Robbery,,,,,
Gender and marital status,,Total population,,Crime of violence,,Completed violence,,Attempted/threatened violence,,Rape/Sexual assault/a,,Total,,With injury,,Without injury,
Male,,,,,,,,,,,,,,,,,
,Never married,"43,806,360",,38.5,,11.5,,27,,0.1,*,6.5,,2.3,,4.2,
,Married,"62,952,950",,9.7,,1.7,,8,,0,*,0.9,,0.1,*,0.8,
,Widowed,"2,944,140",,10.3,*,3.9,*,6.5,*,0,*,1.9,*,1.1,*,0.8,*
,Divorced or separated,"11,562,100",,36.1,,7.9,,28.2,,0.3,*,5.6,,1.3,*,4.3,
Female,,,,,,,,,,,,,,,,,
,Never married,"37,733,280",,32.7,,11.9,,20.7,,3.3,,1.7,,0.6,*,1,
,Married,"62,544,710",,9.2,,2.8,,6.4,,0.6,,0.7,,0.3,*,0.4,*
,Widowed,"11,100,970",,4.8,,2.5,*,2.2,*,0.7,*,1,*,0.8,*,0.2,*
                                                                                                                                          ,Divorced or separated,"15,838,350",,35.3,,12.9,,22.4,,4.4,,4.3,,2.2,,2.1,*
,,"                 Rate per 1,000 persons age 12 and over",,,,,,,,,,,,,,,
,,Assault,,,,,,,,,,,,,,,
Gender and marital status,,Total,,Aggravated,,   Simple,,Purse snatching/Pocket picking,,,,,,,,,
Male,,,,,,,,,,,,,,,,,
,Never married,31.9,,7,,24.9,,1.2,,,,,,,,,
,Married,8.8,,2.7,,6.1,,0.3,*,,,,,,,,
,Widowed,8.4,*,2.7,*,5.8,*,3.4,*,,,,,,,,
,Divorced or separated,30.2,,6,,24.2,,2,*,,,,,,,,
Female,,,,,,,,,,,,,,,,,
,Never married,27.7,,3.2,,24.5,,0.9,*,,,,,,,,
,Married,7.9,,1.6,,6.3,,0.5,*,,,,,,,,
,Widowed,3,*,0.5,*,2.5,*,0.9,*,,,,,,,,
                                                                                                                                          ,Divorced or separated,26.6,,4.5,,22.1,,0.9,*,,,,,,,,
"Note: The 2007 rates are comparable to 2005 and previous years, but not to 2006 because of changes in methodology. See Criminal Victimization, 2006, at <http:www.ojp.usdoj.gov/bjs/abstract/cv06.htm> and Criminal Victimization, 2007 at <http:www.ojp.usdoj.gov/bjs/abstract/cv07.htm>.",,,,,,,,,,,,,,,,,
Detail may not add to total shown because of rounding.,,,,,,,,,,,,,,,,,
Excludes data on persons whose marital status was not ascertained.,,,,,,,,,,,,,,,,,
*Estimate is based on 10 or fewer sample cases.,,,,,,,,,,,,,,,,,
a/Includes verbal threats of rape and threats of sexual assault.,,,,,,,,,,,,,,,,,
