Bureau of Justice Statistics,,,,,,,,,,
Filename:  cv0721.csv,,,,,,,,,,
"Table 21. Victimization rates by race of head of household, annual family income and type of household burglary",,,,,,,,,,
"Data source: National Criminal Victimization Survey, 2007  NCJ 227669",,,,,,,,,,
Produced by:  Cathy Maston ,,,,,,,,,,
Authors:  Patsy Klaus and Cathy Maston,,,,,,,,,,
Refer questions to: askbjs@usdoj.gov  202-307-0765,,,,,,,,,,
Data of version:  02/03/10,,,,,,,,,,
,,,,,,,,,,
"Table 21. Household burglary, 2007: Victimization rates by race of head of household, annual family income and type of household burglary",,,,,,,,,,
                                                                                          ,,,"Rate per 1,000 households",,,,,,,
,,,,,  Completed household burglary,,,,,
Race and income,,Total households,All household burglaries,,Forcible entry,,Unlawful entry without force,,Attempted forcible entry,
White only,,,,,,,,,,
,"Less than $7,500","2,784,910",52.8,,22.7,,18.3,,11.9,*
,"$7,500-$14,999","5,074,950",51.9,,15.3,,25.4,,11.2,
,"$15,000-$24,999","7,543,030",31.6,,10.5,,14,,7,
,"$25,000-$34,999","8,264,510",25.3,,4.7,,11.4,,9.2,
,"$35,000-$49,999","11,008,760",25.1,,5.5,,12.1,,7.4,
,"$50,000-$74,999","12,796,030",20.1,,4.4,,12.5,,3.2,
,"$75,000 or more","20,107,240",16,,6.9,,6.6,,2.5,
Black only,,,,,,,,,,
,"Less than $7,500","1,238,000",80.1,,29.9,,43,,7.2,*
,"$7,500-$14,999","1,284,430",48.7,,17.7,*,20.2,*,10.8,*
,"$15,000-$24,999","1,503,470",37.7,,20.7,*,8.6,*,8.3,*
,"$25,000-$34,999","1,321,520",26.2,,9.1,*,10.7,*,6.5,*
,"$35,000-$49,999","1,607,770",36.8,,13.7,*,8.1,*,15,*
,"$50,000-$74,999","1,232,740",26.7,*,4.8,*,3.9,*,18.1,*
,"$75,000 or more","1,318,250",25.5,*,12.2,*,10.7,*,2.5,*
"Note: The 2007 rates are comparable to 2005 and previous years, but not to 2006 because of changes in methodology. See Criminal Victimization, 2006, at <http:www.ojp.usdoj.gov/bjs/abstract/cv06.htm> and Criminal Victimization, 2007 at <http:www.ojp.usdoj.gov/bjs/abstract/cv07.htm>.",,,,,,,,,,
Detail may not add to total shown because of rounding.,,,,,,,,,,
"Excludes data on families whose income level was not ascertained and data on persons of ""Other"" races and persons indicating two or more races.",,,,,,,,,,
*Estimate is based on 10 or fewer sample cases.,,,,,,,,,,
