Bureau of Justice Statistics,,,,,,,,
Filename:  cv0707.csv,,,,,,,,
"Table 7. Number of victimizations and victimization rates for persons age 12 and over, by type of crime and ethnicity of victims",,,,,,,,
"Data source: National Criminal Victimization Survey, 2007  NCJ 227669",,,,,,,,
Produced by:  Cathy Maston ,,,,,,,,
Authors:  Patsy Klaus and Cathy Maston,,,,,,,,
Refer questions to: askbjs@usdoj.gov  202-307-0765,,,,,,,,
Data of version:  02/03/10,,,,,,,,
,,,,,,,,
"Table 7. Personal crimes, 2007: Number of victimizations and victimization rates for persons age 12 and over, by type of crime and ethnicity of victims",,,,,,,,
,"              Rate per 1,000 persons age 12 and over",,,,,,,
,               Total/a,,Hispanic,,,,Non-Hispanic,
Type of crime,Number,Rate,Number,,Rate,,Number,Rate
All personal crimes,"5,371,190",21.5,"674,950",,19.6,,"4,696,240",21.8
Crimes of violence,"5,177,130",20.7,"641,140",,18.6,,"4,535,990",21
   Completed violence,"1,578,870",6.3,"237,280",,6.9,,"1,341,590",6.2
   Attempted/threatened violence,"3,598,260",14.4,"403,850",,11.7,,"3,194,400",14.8
   Rape/Sexual assault,"248,280",1,"9,820",*,0.3,*,"238,450",1.1
      Rape/Attempted rape,"140,620",0.6,"2,240",*,0.1,*,"138,380",0.6
         Rape,"69,850",0.3,0,*,0,*,"69,850",0.3
         Attempted rape/b,"70,770",0.3,"2,240",*,0.1,*,"68,530",0.3
      Sexual assault/c,"107,660",0.4,"7,590",*,0.2,*,"100,070",0.5
   Robbery,"597,320",2.4,"133,500",,3.9,,"463,820",2.2
      Completed/property taken,"444,010",1.8,"97,690",,2.8,,"346,320",1.6
         With injury,"169,980",0.7,"32,350",*,0.9,*,"137,630",0.6
         Without injury,"274,020",1.1,"65,340",,1.9,,"208,690",1
      Attempted to take property,"153,320",0.6,"35,820",,1,,"117,500",0.5
         With injury,"43,440",0.2,"5,110",*,0.1,*,"38,340",0.2
         Without injury,"109,870",0.4,"30,710",*,0.9,*,"79,170",0.4
   Assault,"4,331,530",17.3,"497,810",,14.5,,"3,833,720",17.8
      Aggravated,"858,940",3.4,"104,650",,3,,"754,290",3.5
         With injury,"221,340",0.9,"29,250",*,0.8,*,"192,090",0.9
         Threatened with weapon,"637,590",2.5,"75,400",,2.2,,"562,200",2.6
      Simple,"3,472,590",13.9,"393,170",,11.4,,"3,079,430",14.3
         With minor injury,"757,890",3,"106,020",,3.1,,"651,870",3
         Without injury,"2,714,710",10.8,"287,150",,8.3,,"2,427,560",11.3
Purse snatching/Pocket picking,"194,060",0.8,"33,810",*,1,*,"160,250",0.7
Population age 12 and over,"250,344,870",...,"34,423,520",,...,,"215,499,060",...
"Note: The 2007 rates are comparable to 2005 and previous years, but not to 2006 because of changes in methodology. See Criminal Victimization, 2006, at <http:www.ojp.usdoj.gov/bjs/abstract/cv06.htm> and Criminal Victimization, 2007 at <http:www.ojp.usdoj.gov/bjs/abstract/cv07.htm>.",,,,,,,,
Detail may not add to total shown because of rounding.,,,,,,,,
*Estimate is based on 10 or fewer sample cases.,,,,,,,,
...Not applicable.,,,,,,,,
"a/Includes data on persons whose ethnicity was not ascertained, which are not shown separately.",,,,,,,,
b/Includes verbal threats of rape.,,,,,,,,
c/Includes threats.,,,,,,,,
,,,,,,,,
,,,,,,,,
,,,,,,,,
,,,,,,,,
,,,,,,,,
,,,,,,,,
,,,,,,,,
,,,,,,,,
,,,,,,,,
,,,,,,,,
,,,,,,,,
,,,,,,,,
,,,,,,,,
,,,,,,,,
,,,,,,,,
,,,,,,,,
,,,,,,,,
,,,,,,,,
,,,,,,,,
,,,,,,,,
,,,,,,,,
,,,,,,,,
,,,,,,,,
,,,,,,,,
,,,,,,,,
,,,,,,,,
,,,,,,,,
,,,,,,,,
,,,,,,,,
,,,,,,,,
,,,,,,,,
,,,,,,,,
,,,,,,,,
q,,,,,,,,
