Name: “Table 1 of 1 on page 14 of 27”,Name: “Table 1 of 1 on page 14 of 27”
Table: 14,Table: 14
,
Group B Crime Information,Group B Crime Information
"Group B offenses include bad checks, loitering, disorderly conduct, driving under the influence,","Group B offenses include bad checks, loitering, disorderly conduct, driving under the influence,"
"drunk in public, family offenses (non-violent), liquor law violations, peeping tom, runaway,","drunk in public, family offenses (non-violent), liquor law violations, peeping tom, runaway,"
trespassing and conspiracy to commit crimes.,
"Group B offenses increased 10 percent from 2011 to 2012. Due to more proactive patrols, a 129","Group B offenses increased 10 percent from 2011 to 2012. Due to more proactive patrols, a 129"
percent increase was seen in the number of arrests made for driving while intoxicated in town.,percent increase was seen in the number of arrests made for driving while intoxicated in town.
Group B Offenses - 2012,
,Liquor Law
"Drunkenness, 101,","Violations, 44, 13%"
29%,
,"Peeping Tom, 1, 0%"
,"Runaway, 2, 1%"
,"Trespassing, 21, 6%"
,"All Other Offenses,"
,"40, 11%"
,"Bad Check, 1, 0%"
"DUI, 120, 35%",
,"Disorderly Conduct,"
,"17, 5%"
Source: Incident-Based Crime Reports (01/07/13),
