Name: “Table 1 of 1 on page 8 of 27”,Name: “Table 1 of 1 on page 8 of 27”,Name: “Table 1 of 1 on page 8 of 27”,Name: “Table 1 of 1 on page 8 of 27”,Name: “Table 1 of 1 on page 8 of 27”,Name: “Table 1 of 1 on page 8 of 27”,Name: “Table 1 of 1 on page 8 of 27”,Name: “Table 1 of 1 on page 8 of 27”,Name: “Table 1 of 1 on page 8 of 27”,Name: “Table 1 of 1 on page 8 of 27”,Name: “Table 1 of 1 on page 8 of 27”,Name: “Table 1 of 1 on page 8 of 27”,Name: “Table 1 of 1 on page 8 of 27”,Name: “Table 1 of 1 on page 8 of 27”,Name: “Table 1 of 1 on page 8 of 27”,Name: “Table 1 of 1 on page 8 of 27”,Name: “Table 1 of 1 on page 8 of 27”,Name: “Table 1 of 1 on page 8 of 27”
Table: 8,Table: 8,Table: 8,Table: 8,Table: 8,Table: 8,Table: 8,Table: 8,Table: 8,Table: 8,Table: 8,Table: 8,Table: 8,Table: 8,Table: 8,Table: 8,Table: 8,Table: 8
,,,,,,,,,,,,,,,,,
Explorers,Explorers,,,,,,,,,,,,,,,,
The Herndon Police Department offers a law enforcement Explorers Post youth club for young,The Herndon Police Department offers a law enforcement Explorers Post youth club for young,The Herndon Police Department offers a law enforcement Explorers Post youth club for young,The Herndon Police Department offers a law enforcement Explorers Post youth club for young,The Herndon Police Department offers a law enforcement Explorers Post youth club for young,The Herndon Police Department offers a law enforcement Explorers Post youth club for young,The Herndon Police Department offers a law enforcement Explorers Post youth club for young,The Herndon Police Department offers a law enforcement Explorers Post youth club for young,The Herndon Police Department offers a law enforcement Explorers Post youth club for young,The Herndon Police Department offers a law enforcement Explorers Post youth club for young,The Herndon Police Department offers a law enforcement Explorers Post youth club for young,The Herndon Police Department offers a law enforcement Explorers Post youth club for young,The Herndon Police Department offers a law enforcement Explorers Post youth club for young,The Herndon Police Department offers a law enforcement Explorers Post youth club for young,The Herndon Police Department offers a law enforcement Explorers Post youth club for young,The Herndon Police Department offers a law enforcement Explorers Post youth club for young,The Herndon Police Department offers a law enforcement Explorers Post youth club for young,The Herndon Police Department offers a law enforcement Explorers Post youth club for young
men and women ages 14 through 20 years old.,men and women ages 14 through 20 years old.,men and women ages 14 through 20 years old.,men and women ages 14 through 20 years old.,men and women ages 14 through 20 years old.,men and women ages 14 through 20 years old.,men and women ages 14 through 20 years old.,men and women ages 14 through 20 years old.,men and women ages 14 through 20 years old.,men and women ages 14 through 20 years old.,men and women ages 14 through 20 years old.,men and women ages 14 through 20 years old.,The program offers learning opportunities,The program offers learning opportunities,The program offers learning opportunities,The program offers learning opportunities,The program offers learning opportunities,The program offers learning opportunities
combined with hands-on activities to youth interested in the field of law enforcement.,combined with hands-on activities to youth interested in the field of law enforcement.,combined with hands-on activities to youth interested in the field of law enforcement.,combined with hands-on activities to youth interested in the field of law enforcement.,combined with hands-on activities to youth interested in the field of law enforcement.,combined with hands-on activities to youth interested in the field of law enforcement.,combined with hands-on activities to youth interested in the field of law enforcement.,combined with hands-on activities to youth interested in the field of law enforcement.,combined with hands-on activities to youth interested in the field of law enforcement.,combined with hands-on activities to youth interested in the field of law enforcement.,combined with hands-on activities to youth interested in the field of law enforcement.,combined with hands-on activities to youth interested in the field of law enforcement.,combined with hands-on activities to youth interested in the field of law enforcement.,combined with hands-on activities to youth interested in the field of law enforcement.,combined with hands-on activities to youth interested in the field of law enforcement.,combined with hands-on activities to youth interested in the field of law enforcement.,combined with hands-on activities to youth interested in the field of law enforcement.,Youth
"interested can contact Denise Randles at 703-435-6881, ext. 2343.","interested can contact Denise Randles at 703-435-6881, ext. 2343.","interested can contact Denise Randles at 703-435-6881, ext. 2343.","interested can contact Denise Randles at 703-435-6881, ext. 2343.","interested can contact Denise Randles at 703-435-6881, ext. 2343.","interested can contact Denise Randles at 703-435-6881, ext. 2343.","interested can contact Denise Randles at 703-435-6881, ext. 2343.","interested can contact Denise Randles at 703-435-6881, ext. 2343.","interested can contact Denise Randles at 703-435-6881, ext. 2343.","interested can contact Denise Randles at 703-435-6881, ext. 2343.","interested can contact Denise Randles at 703-435-6881, ext. 2343.","interested can contact Denise Randles at 703-435-6881, ext. 2343.","interested can contact Denise Randles at 703-435-6881, ext. 2343.","interested can contact Denise Randles at 703-435-6881, ext. 2343.","interested can contact Denise Randles at 703-435-6881, ext. 2343.",,,
Herndon Police Citizens’ Support,Herndon Police Citizens’ Support,Herndon Police Citizens’ Support,Herndon Police Citizens’ Support,Herndon Police Citizens’ Support,Herndon Police Citizens’ Support,Herndon Police Citizens’ Support,Herndon Police Citizens’ Support,Herndon Police Citizens’ Support,,,,,,,,,
Team,,,,,,,,,,,,,,,,,
The Herndon Police Citizens' Support,The Herndon Police Citizens' Support,The Herndon Police Citizens' Support,The Herndon Police Citizens' Support,The Herndon Police Citizens' Support,The Herndon Police Citizens' Support,The Herndon Police Citizens' Support,The Herndon Police Citizens' Support,The Herndon Police Citizens' Support,,,,,,,,,
Team,,(HPCST),(HPCST),is,,a,volunteer,volunteer,,,,,,,,,
"organization to provide aid, support","organization to provide aid, support","organization to provide aid, support","organization to provide aid, support","organization to provide aid, support","organization to provide aid, support","organization to provide aid, support","organization to provide aid, support","organization to provide aid, support",,,,,,,,,
and assistance to the Herndon Police.,and assistance to the Herndon Police.,and assistance to the Herndon Police.,and assistance to the Herndon Police.,and assistance to the Herndon Police.,and assistance to the Herndon Police.,and assistance to the Herndon Police.,and assistance to the Herndon Police.,and assistance to the Herndon Police.,,,,,,,,,
HPCST,,celebrated,celebrated,,its,35th,year,of,,,,,,,,,
operation,operation,in,2011.,2011.,,In,"2012,",the,,,,,,,,,
HPCST,,dedicated,dedicated,more,more,,than,"1,653",,,,,,,,,
hours,of,volunteer,volunteer,volunteer,,work,to,the,,,,,,,,,
department. The services provided by,department. The services provided by,department. The services provided by,department. The services provided by,department. The services provided by,department. The services provided by,department. The services provided by,department. The services provided by,department. The services provided by,,,,,,,,,
"the HPCST include: vehicle patrol, bike","the HPCST include: vehicle patrol, bike","the HPCST include: vehicle patrol, bike","the HPCST include: vehicle patrol, bike","the HPCST include: vehicle patrol, bike","the HPCST include: vehicle patrol, bike","the HPCST include: vehicle patrol, bike","the HPCST include: vehicle patrol, bike","the HPCST include: vehicle patrol, bike",,,,,,,,,
"patrol,",,accident,accident,"assistance,","assistance,","assistance,","assistance,",traffic,,,,,,,,,
control,,and,"surveys,","surveys,",,fingerprinting,fingerprinting,fingerprinting,,,,,,,,,
"services,","services,",and,,child,,safety,safety,seat,,,,,,,,,
inspection.,inspection.,,The,The,Herndon,Herndon,Herndon,Police,,,,,,,,,
Citizens’ Support Team (HPCST) assists with many events in the Town of Herndon including,Citizens’ Support Team (HPCST) assists with many events in the Town of Herndon including,Citizens’ Support Team (HPCST) assists with many events in the Town of Herndon including,Citizens’ Support Team (HPCST) assists with many events in the Town of Herndon including,Citizens’ Support Team (HPCST) assists with many events in the Town of Herndon including,Citizens’ Support Team (HPCST) assists with many events in the Town of Herndon including,Citizens’ Support Team (HPCST) assists with many events in the Town of Herndon including,Citizens’ Support Team (HPCST) assists with many events in the Town of Herndon including,Citizens’ Support Team (HPCST) assists with many events in the Town of Herndon including,Citizens’ Support Team (HPCST) assists with many events in the Town of Herndon including,Citizens’ Support Team (HPCST) assists with many events in the Town of Herndon including,Citizens’ Support Team (HPCST) assists with many events in the Town of Herndon including,Citizens’ Support Team (HPCST) assists with many events in the Town of Herndon including,Citizens’ Support Team (HPCST) assists with many events in the Town of Herndon including,Citizens’ Support Team (HPCST) assists with many events in the Town of Herndon including,Citizens’ Support Team (HPCST) assists with many events in the Town of Herndon including,Citizens’ Support Team (HPCST) assists with many events in the Town of Herndon including,Citizens’ Support Team (HPCST) assists with many events in the Town of Herndon including
"Friday Night Live, Herndon Festival, Community Center Teen Dances, Fourth of July fireworks","Friday Night Live, Herndon Festival, Community Center Teen Dances, Fourth of July fireworks","Friday Night Live, Herndon Festival, Community Center Teen Dances, Fourth of July fireworks","Friday Night Live, Herndon Festival, Community Center Teen Dances, Fourth of July fireworks","Friday Night Live, Herndon Festival, Community Center Teen Dances, Fourth of July fireworks","Friday Night Live, Herndon Festival, Community Center Teen Dances, Fourth of July fireworks","Friday Night Live, Herndon Festival, Community Center Teen Dances, Fourth of July fireworks","Friday Night Live, Herndon Festival, Community Center Teen Dances, Fourth of July fireworks","Friday Night Live, Herndon Festival, Community Center Teen Dances, Fourth of July fireworks","Friday Night Live, Herndon Festival, Community Center Teen Dances, Fourth of July fireworks","Friday Night Live, Herndon Festival, Community Center Teen Dances, Fourth of July fireworks","Friday Night Live, Herndon Festival, Community Center Teen Dances, Fourth of July fireworks","Friday Night Live, Herndon Festival, Community Center Teen Dances, Fourth of July fireworks","Friday Night Live, Herndon Festival, Community Center Teen Dances, Fourth of July fireworks","Friday Night Live, Herndon Festival, Community Center Teen Dances, Fourth of July fireworks","Friday Night Live, Herndon Festival, Community Center Teen Dances, Fourth of July fireworks","Friday Night Live, Herndon Festival, Community Center Teen Dances, Fourth of July fireworks","Friday Night Live, Herndon Festival, Community Center Teen Dances, Fourth of July fireworks"
and the Herndon High School Homecoming Parade. The HPCST also provides assistance in,and the Herndon High School Homecoming Parade. The HPCST also provides assistance in,and the Herndon High School Homecoming Parade. The HPCST also provides assistance in,and the Herndon High School Homecoming Parade. The HPCST also provides assistance in,and the Herndon High School Homecoming Parade. The HPCST also provides assistance in,and the Herndon High School Homecoming Parade. The HPCST also provides assistance in,and the Herndon High School Homecoming Parade. The HPCST also provides assistance in,and the Herndon High School Homecoming Parade. The HPCST also provides assistance in,and the Herndon High School Homecoming Parade. The HPCST also provides assistance in,and the Herndon High School Homecoming Parade. The HPCST also provides assistance in,and the Herndon High School Homecoming Parade. The HPCST also provides assistance in,and the Herndon High School Homecoming Parade. The HPCST also provides assistance in,and the Herndon High School Homecoming Parade. The HPCST also provides assistance in,and the Herndon High School Homecoming Parade. The HPCST also provides assistance in,and the Herndon High School Homecoming Parade. The HPCST also provides assistance in,and the Herndon High School Homecoming Parade. The HPCST also provides assistance in,and the Herndon High School Homecoming Parade. The HPCST also provides assistance in,and the Herndon High School Homecoming Parade. The HPCST also provides assistance in
neighborhood,neighborhood,neighborhood,watch,watch,activities,activities,activities,and,Vacation,Vacation,House,House,"Check,",a,summer,program,whereby
homeowners can sign up for house checks while on vacation. Many of the members of the,homeowners can sign up for house checks while on vacation. Many of the members of the,homeowners can sign up for house checks while on vacation. Many of the members of the,homeowners can sign up for house checks while on vacation. Many of the members of the,homeowners can sign up for house checks while on vacation. Many of the members of the,homeowners can sign up for house checks while on vacation. Many of the members of the,homeowners can sign up for house checks while on vacation. Many of the members of the,homeowners can sign up for house checks while on vacation. Many of the members of the,homeowners can sign up for house checks while on vacation. Many of the members of the,homeowners can sign up for house checks while on vacation. Many of the members of the,homeowners can sign up for house checks while on vacation. Many of the members of the,homeowners can sign up for house checks while on vacation. Many of the members of the,homeowners can sign up for house checks while on vacation. Many of the members of the,homeowners can sign up for house checks while on vacation. Many of the members of the,homeowners can sign up for house checks while on vacation. Many of the members of the,homeowners can sign up for house checks while on vacation. Many of the members of the,homeowners can sign up for house checks while on vacation. Many of the members of the,homeowners can sign up for house checks while on vacation. Many of the members of the
HPCST are involved in the Herndon Police Crime Prevention Council and the Alumni Association,HPCST are involved in the Herndon Police Crime Prevention Council and the Alumni Association,HPCST are involved in the Herndon Police Crime Prevention Council and the Alumni Association,HPCST are involved in the Herndon Police Crime Prevention Council and the Alumni Association,HPCST are involved in the Herndon Police Crime Prevention Council and the Alumni Association,HPCST are involved in the Herndon Police Crime Prevention Council and the Alumni Association,HPCST are involved in the Herndon Police Crime Prevention Council and the Alumni Association,HPCST are involved in the Herndon Police Crime Prevention Council and the Alumni Association,HPCST are involved in the Herndon Police Crime Prevention Council and the Alumni Association,HPCST are involved in the Herndon Police Crime Prevention Council and the Alumni Association,HPCST are involved in the Herndon Police Crime Prevention Council and the Alumni Association,HPCST are involved in the Herndon Police Crime Prevention Council and the Alumni Association,HPCST are involved in the Herndon Police Crime Prevention Council and the Alumni Association,HPCST are involved in the Herndon Police Crime Prevention Council and the Alumni Association,HPCST are involved in the Herndon Police Crime Prevention Council and the Alumni Association,HPCST are involved in the Herndon Police Crime Prevention Council and the Alumni Association,HPCST are involved in the Herndon Police Crime Prevention Council and the Alumni Association,HPCST are involved in the Herndon Police Crime Prevention Council and the Alumni Association
of the Herndon Police Citizens Academy.,of the Herndon Police Citizens Academy.,of the Herndon Police Citizens Academy.,of the Herndon Police Citizens Academy.,of the Herndon Police Citizens Academy.,of the Herndon Police Citizens Academy.,of the Herndon Police Citizens Academy.,of the Herndon Police Citizens Academy.,of the Herndon Police Citizens Academy.,of the Herndon Police Citizens Academy.,,,,,,,,
Herndon Police Crime Prevention Council,Herndon Police Crime Prevention Council,Herndon Police Crime Prevention Council,Herndon Police Crime Prevention Council,Herndon Police Crime Prevention Council,Herndon Police Crime Prevention Council,Herndon Police Crime Prevention Council,Herndon Police Crime Prevention Council,Herndon Police Crime Prevention Council,Herndon Police Crime Prevention Council,Herndon Police Crime Prevention Council,,,,,,,
The Herndon Police Crime Prevention Council (HPCPC) was,The Herndon Police Crime Prevention Council (HPCPC) was,The Herndon Police Crime Prevention Council (HPCPC) was,The Herndon Police Crime Prevention Council (HPCPC) was,The Herndon Police Crime Prevention Council (HPCPC) was,The Herndon Police Crime Prevention Council (HPCPC) was,The Herndon Police Crime Prevention Council (HPCPC) was,The Herndon Police Crime Prevention Council (HPCPC) was,The Herndon Police Crime Prevention Council (HPCPC) was,The Herndon Police Crime Prevention Council (HPCPC) was,The Herndon Police Crime Prevention Council (HPCPC) was,The Herndon Police Crime Prevention Council (HPCPC) was,The Herndon Police Crime Prevention Council (HPCPC) was,The Herndon Police Crime Prevention Council (HPCPC) was,,,,
established in 2003 by the Chief of Police as an active,established in 2003 by the Chief of Police as an active,established in 2003 by the Chief of Police as an active,established in 2003 by the Chief of Police as an active,established in 2003 by the Chief of Police as an active,established in 2003 by the Chief of Police as an active,established in 2003 by the Chief of Police as an active,established in 2003 by the Chief of Police as an active,established in 2003 by the Chief of Police as an active,established in 2003 by the Chief of Police as an active,established in 2003 by the Chief of Police as an active,established in 2003 by the Chief of Police as an active,established in 2003 by the Chief of Police as an active,established in 2003 by the Chief of Police as an active,,,,
citizens’ organization to promote crime prevention efforts,citizens’ organization to promote crime prevention efforts,citizens’ organization to promote crime prevention efforts,citizens’ organization to promote crime prevention efforts,citizens’ organization to promote crime prevention efforts,citizens’ organization to promote crime prevention efforts,citizens’ organization to promote crime prevention efforts,citizens’ organization to promote crime prevention efforts,citizens’ organization to promote crime prevention efforts,citizens’ organization to promote crime prevention efforts,citizens’ organization to promote crime prevention efforts,citizens’ organization to promote crime prevention efforts,citizens’ organization to promote crime prevention efforts,citizens’ organization to promote crime prevention efforts,,,,
and,to,support,support,the,,mission,mission,of,the,Herndon,Herndon,,Police,,,,
Department.,Department.,Department.,,The,HPCPC,HPCPC,is,helping,,to,build,a,safer,,,,
community,community,community,by,increasing,increasing,increasing,community,community,community,awareness,awareness,awareness,and,,,,
educating citizens of their individual responsibility in the,educating citizens of their individual responsibility in the,educating citizens of their individual responsibility in the,educating citizens of their individual responsibility in the,educating citizens of their individual responsibility in the,educating citizens of their individual responsibility in the,educating citizens of their individual responsibility in the,educating citizens of their individual responsibility in the,educating citizens of their individual responsibility in the,educating citizens of their individual responsibility in the,educating citizens of their individual responsibility in the,educating citizens of their individual responsibility in the,educating citizens of their individual responsibility in the,educating citizens of their individual responsibility in the,,,,
reduction and prevention of crime.,reduction and prevention of crime.,reduction and prevention of crime.,reduction and prevention of crime.,reduction and prevention of crime.,reduction and prevention of crime.,reduction and prevention of crime.,reduction and prevention of crime.,reduction and prevention of crime.,The members of the,The members of the,The members of the,The members of the,The members of the,,,,
HPCPC,,board,,represent,represent,represent,"residents,","residents,",senior,senior,"members,","members,","members,",,,,
business owners and volunteers of the Herndon Police,business owners and volunteers of the Herndon Police,business owners and volunteers of the Herndon Police,business owners and volunteers of the Herndon Police,business owners and volunteers of the Herndon Police,business owners and volunteers of the Herndon Police,business owners and volunteers of the Herndon Police,business owners and volunteers of the Herndon Police,business owners and volunteers of the Herndon Police,business owners and volunteers of the Herndon Police,business owners and volunteers of the Herndon Police,business owners and volunteers of the Herndon Police,business owners and volunteers of the Herndon Police,business owners and volunteers of the Herndon Police,,,,
Citizens Support Team.,Citizens Support Team.,Citizens Support Team.,Citizens Support Team.,Citizens Support Team.,Citizens Support Team.,The HPCPC provides specialized,The HPCPC provides specialized,The HPCPC provides specialized,The HPCPC provides specialized,The HPCPC provides specialized,The HPCPC provides specialized,The HPCPC provides specialized,The HPCPC provides specialized,,,,
crime,prevention,prevention,prevention,,"training,","training,",promotes,promotes,the,the,formation,formation,of,,,,
"Neighborhood, Business and Fleet Watches, and serves as","Neighborhood, Business and Fleet Watches, and serves as","Neighborhood, Business and Fleet Watches, and serves as","Neighborhood, Business and Fleet Watches, and serves as","Neighborhood, Business and Fleet Watches, and serves as","Neighborhood, Business and Fleet Watches, and serves as","Neighborhood, Business and Fleet Watches, and serves as","Neighborhood, Business and Fleet Watches, and serves as","Neighborhood, Business and Fleet Watches, and serves as","Neighborhood, Business and Fleet Watches, and serves as","Neighborhood, Business and Fleet Watches, and serves as","Neighborhood, Business and Fleet Watches, and serves as","Neighborhood, Business and Fleet Watches, and serves as","Neighborhood, Business and Fleet Watches, and serves as",,,,
a liaison between the police department and citizens. In,a liaison between the police department and citizens. In,a liaison between the police department and citizens. In,a liaison between the police department and citizens. In,a liaison between the police department and citizens. In,a liaison between the police department and citizens. In,a liaison between the police department and citizens. In,a liaison between the police department and citizens. In,a liaison between the police department and citizens. In,a liaison between the police department and citizens. In,a liaison between the police department and citizens. In,a liaison between the police department and citizens. In,a liaison between the police department and citizens. In,a liaison between the police department and citizens. In,,,,
"2012, the HPCPC hosted two informational seminars for the community:","2012, the HPCPC hosted two informational seminars for the community:","2012, the HPCPC hosted two informational seminars for the community:","2012, the HPCPC hosted two informational seminars for the community:","2012, the HPCPC hosted two informational seminars for the community:","2012, the HPCPC hosted two informational seminars for the community:","2012, the HPCPC hosted two informational seminars for the community:","2012, the HPCPC hosted two informational seminars for the community:","2012, the HPCPC hosted two informational seminars for the community:","2012, the HPCPC hosted two informational seminars for the community:","2012, the HPCPC hosted two informational seminars for the community:","2012, the HPCPC hosted two informational seminars for the community:","2012, the HPCPC hosted two informational seminars for the community:","2012, the HPCPC hosted two informational seminars for the community:","2012, the HPCPC hosted two informational seminars for the community:","2012, the HPCPC hosted two informational seminars for the community:",Prescription Drug,Prescription Drug
Abuse and Emergency Preparedness.,Abuse and Emergency Preparedness.,Abuse and Emergency Preparedness.,Abuse and Emergency Preparedness.,Abuse and Emergency Preparedness.,Abuse and Emergency Preparedness.,Abuse and Emergency Preparedness.,Abuse and Emergency Preparedness.,Abuse and Emergency Preparedness.,The HPCPC also assisted with National Night Out and,The HPCPC also assisted with National Night Out and,The HPCPC also assisted with National Night Out and,The HPCPC also assisted with National Night Out and,The HPCPC also assisted with National Night Out and,The HPCPC also assisted with National Night Out and,The HPCPC also assisted with National Night Out and,The HPCPC also assisted with National Night Out and,The HPCPC also assisted with National Night Out and
hosted a Public Safety Day in the town.,hosted a Public Safety Day in the town.,hosted a Public Safety Day in the town.,hosted a Public Safety Day in the town.,hosted a Public Safety Day in the town.,hosted a Public Safety Day in the town.,hosted a Public Safety Day in the town.,hosted a Public Safety Day in the town.,hosted a Public Safety Day in the town.,,,,,,,,,
