Name: “Table 1 of 1 on page 10 of 27”,Name: “Table 1 of 1 on page 10 of 27”,Name: “Table 1 of 1 on page 10 of 27”,Name: “Table 1 of 1 on page 10 of 27”,Name: “Table 1 of 1 on page 10 of 27”,Name: “Table 1 of 1 on page 10 of 27”,Name: “Table 1 of 1 on page 10 of 27”,Name: “Table 1 of 1 on page 10 of 27”
Table: 10,Table: 10,Table: 10,Table: 10,Table: 10,Table: 10,Table: 10,Table: 10
,,,,,,,
Emergency Management,Emergency Management,Emergency Management,Emergency Management,,,,
The Town of Herndon is committed to emergency,The Town of Herndon is committed to emergency,The Town of Herndon is committed to emergency,The Town of Herndon is committed to emergency,The Town of Herndon is committed to emergency,The Town of Herndon is committed to emergency,The Town of Herndon is committed to emergency,The Town of Herndon is committed to emergency
management,management,coordination,coordination,coordination,under,the,National
Incident,Management,Management,Management,System,(NIMS),guidelines.,guidelines.
The,Town,has,fully,adopted,adopted,the,Incident
Management,Management,template,template,to,comply,with,federal
"guidelines, and all action plans and documentation","guidelines, and all action plans and documentation","guidelines, and all action plans and documentation","guidelines, and all action plans and documentation","guidelines, and all action plans and documentation","guidelines, and all action plans and documentation","guidelines, and all action plans and documentation","guidelines, and all action plans and documentation"
is prepared in accordance with these mandates.,is prepared in accordance with these mandates.,is prepared in accordance with these mandates.,is prepared in accordance with these mandates.,is prepared in accordance with these mandates.,is prepared in accordance with these mandates.,is prepared in accordance with these mandates.,is prepared in accordance with these mandates.
"Early in 2012, department heads and key Town","Early in 2012, department heads and key Town","Early in 2012, department heads and key Town","Early in 2012, department heads and key Town","Early in 2012, department heads and key Town","Early in 2012, department heads and key Town","Early in 2012, department heads and key Town","Early in 2012, department heads and key Town"
officials participated in WebEOC retraining at the,officials participated in WebEOC retraining at the,officials participated in WebEOC retraining at the,officials participated in WebEOC retraining at the,officials participated in WebEOC retraining at the,officials participated in WebEOC retraining at the,officials participated in WebEOC retraining at the,officials participated in WebEOC retraining at the
"Fairfax County Emergency Operations Center, and","Fairfax County Emergency Operations Center, and","Fairfax County Emergency Operations Center, and","Fairfax County Emergency Operations Center, and","Fairfax County Emergency Operations Center, and","Fairfax County Emergency Operations Center, and","Fairfax County Emergency Operations Center, and","Fairfax County Emergency Operations Center, and"
all participants were provided with passwords for,all participants were provided with passwords for,all participants were provided with passwords for,all participants were provided with passwords for,all participants were provided with passwords for,all participants were provided with passwords for,all participants were provided with passwords for,all participants were provided with passwords for
access,to,the,National,Capitol,Capitol,Region,(NCR)
WebEOC,WebEOC,system,to,monitor,activities,activities,during
"significant emergency events. In addition, representatives from both the Police Department and","significant emergency events. In addition, representatives from both the Police Department and","significant emergency events. In addition, representatives from both the Police Department and","significant emergency events. In addition, representatives from both the Police Department and","significant emergency events. In addition, representatives from both the Police Department and","significant emergency events. In addition, representatives from both the Police Department and","significant emergency events. In addition, representatives from both the Police Department and","significant emergency events. In addition, representatives from both the Police Department and"
the Department of Public Works received training as WebEOC controllers to facilitate Town,the Department of Public Works received training as WebEOC controllers to facilitate Town,the Department of Public Works received training as WebEOC controllers to facilitate Town,the Department of Public Works received training as WebEOC controllers to facilitate Town,the Department of Public Works received training as WebEOC controllers to facilitate Town,the Department of Public Works received training as WebEOC controllers to facilitate Town,the Department of Public Works received training as WebEOC controllers to facilitate Town,the Department of Public Works received training as WebEOC controllers to facilitate Town
emergency management participation in the program.,emergency management participation in the program.,,,,,,
"These practices and this training proved beneficial during several significant events in 2012,","These practices and this training proved beneficial during several significant events in 2012,","These practices and this training proved beneficial during several significant events in 2012,","These practices and this training proved beneficial during several significant events in 2012,","These practices and this training proved beneficial during several significant events in 2012,","These practices and this training proved beneficial during several significant events in 2012,","These practices and this training proved beneficial during several significant events in 2012,","These practices and this training proved beneficial during several significant events in 2012,"
including the unanticipated Derecho storm which devastated the east coast in July and the slow,including the unanticipated Derecho storm which devastated the east coast in July and the slow,including the unanticipated Derecho storm which devastated the east coast in July and the slow,including the unanticipated Derecho storm which devastated the east coast in July and the slow,including the unanticipated Derecho storm which devastated the east coast in July and the slow,including the unanticipated Derecho storm which devastated the east coast in July and the slow,including the unanticipated Derecho storm which devastated the east coast in July and the slow,including the unanticipated Derecho storm which devastated the east coast in July and the slow
"moving Sandy hurricane and nor’easter, which occurred in October.","moving Sandy hurricane and nor’easter, which occurred in October.","moving Sandy hurricane and nor’easter, which occurred in October.","moving Sandy hurricane and nor’easter, which occurred in October.","moving Sandy hurricane and nor’easter, which occurred in October.","During both events,","During both events,","During both events,"
Herndon fully participated in the emergency management activities.,Herndon fully participated in the emergency management activities.,Herndon fully participated in the emergency management activities.,Herndon fully participated in the emergency management activities.,,,,
Other significant emergency management events of note for 2012 where the Town activated its,Other significant emergency management events of note for 2012 where the Town activated its,Other significant emergency management events of note for 2012 where the Town activated its,Other significant emergency management events of note for 2012 where the Town activated its,Other significant emergency management events of note for 2012 where the Town activated its,Other significant emergency management events of note for 2012 where the Town activated its,Other significant emergency management events of note for 2012 where the Town activated its,Other significant emergency management events of note for 2012 where the Town activated its
Emergency Operations Center and participated as a member of the WebEOC included the,Emergency Operations Center and participated as a member of the WebEOC included the,Emergency Operations Center and participated as a member of the WebEOC included the,Emergency Operations Center and participated as a member of the WebEOC included the,Emergency Operations Center and participated as a member of the WebEOC included the,Emergency Operations Center and participated as a member of the WebEOC included the,Emergency Operations Center and participated as a member of the WebEOC included the,Emergency Operations Center and participated as a member of the WebEOC included the
Herndon Festival and the presidential election.,"For the festival, incident action plans and a","For the festival, incident action plans and a","For the festival, incident action plans and a","For the festival, incident action plans and a","For the festival, incident action plans and a","For the festival, incident action plans and a","For the festival, incident action plans and a"
table-top exercise were prepared to field test plans and procedures.,table-top exercise were prepared to field test plans and procedures.,table-top exercise were prepared to field test plans and procedures.,table-top exercise were prepared to field test plans and procedures.,During the presidential,During the presidential,During the presidential,During the presidential
"election in November, Town officials prepared incident action plans with area jurisdictions to","election in November, Town officials prepared incident action plans with area jurisdictions to","election in November, Town officials prepared incident action plans with area jurisdictions to","election in November, Town officials prepared incident action plans with area jurisdictions to","election in November, Town officials prepared incident action plans with area jurisdictions to","election in November, Town officials prepared incident action plans with area jurisdictions to","election in November, Town officials prepared incident action plans with area jurisdictions to","election in November, Town officials prepared incident action plans with area jurisdictions to"
ensure a coordinated response to unanticipated events.,ensure a coordinated response to unanticipated events.,,,,,,
The Town’s participation in NCR activities and training benefits Herndon citizens who must rely,The Town’s participation in NCR activities and training benefits Herndon citizens who must rely,The Town’s participation in NCR activities and training benefits Herndon citizens who must rely,The Town’s participation in NCR activities and training benefits Herndon citizens who must rely,The Town’s participation in NCR activities and training benefits Herndon citizens who must rely,The Town’s participation in NCR activities and training benefits Herndon citizens who must rely,The Town’s participation in NCR activities and training benefits Herndon citizens who must rely,The Town’s participation in NCR activities and training benefits Herndon citizens who must rely
on an organized response to natural and manmade emergency events.,on an organized response to natural and manmade emergency events.,on an organized response to natural and manmade emergency events.,on an organized response to natural and manmade emergency events.,,,,
