Name: “Table 1 of 1 on page 4 of 27”,Name: “Table 1 of 1 on page 4 of 27”,Name: “Table 1 of 1 on page 4 of 27”
Table: 4,Table: 4,Table: 4
,,
2012 Herndon Police Department,2012 Herndon Police Department,
Organization Chart,Organization Chart,
,,Chief of Police
Professional,,
Standards Section,,
Field Operations,Support Services,
Division,,Division
Patrol Section,,Communications
,,Section
Traffic Section,,Criminal Investigations
,,Section
Herndon Police Citizens,,Personnel and Training
Support Team,,Section
,,Records Section
,,Demographics
"2012 Town Population: 23,556","2012 Town Population: 23,556",
Land area: 4.28 square miles,Land area: 4.28 square miles,
Total HPD regular employees: 71,Total HPD regular employees: 71,
Total current sworn officers: 55,Total current sworn officers: 55,
Officer/Citizen ratio: 1:428,Officer/Citizen ratio: 1:428,
