Name: “Table 1 of 1 on page 11 of 27”,Name: “Table 1 of 1 on page 11 of 27”,Name: “Table 1 of 1 on page 11 of 27”,Name: “Table 1 of 1 on page 11 of 27”,Name: “Table 1 of 1 on page 11 of 27”,Name: “Table 1 of 1 on page 11 of 27”,Name: “Table 1 of 1 on page 11 of 27”,Name: “Table 1 of 1 on page 11 of 27”,Name: “Table 1 of 1 on page 11 of 27”,Name: “Table 1 of 1 on page 11 of 27”,Name: “Table 1 of 1 on page 11 of 27”,Name: “Table 1 of 1 on page 11 of 27”,Name: “Table 1 of 1 on page 11 of 27”,Name: “Table 1 of 1 on page 11 of 27”,Name: “Table 1 of 1 on page 11 of 27”,Name: “Table 1 of 1 on page 11 of 27”
Table: 11,Table: 11,Table: 11,Table: 11,Table: 11,Table: 11,Table: 11,Table: 11,Table: 11,Table: 11,Table: 11,Table: 11,Table: 11,Table: 11,Table: 11,Table: 11
,,,,,,,,,,,,,,,
,,,,,Criminal Investigations,Criminal Investigations,Criminal Investigations,Criminal Investigations,Criminal Investigations,Criminal Investigations,,,,,
The,Criminal,Criminal,,Investigations,Investigations,Section,,is,,,,,,,
responsible,,for,investigating,investigating,investigating,felony,criminal,criminal,,,,,,,
"cases such as murder, sexual assault, robbery,","cases such as murder, sexual assault, robbery,","cases such as murder, sexual assault, robbery,","cases such as murder, sexual assault, robbery,","cases such as murder, sexual assault, robbery,","cases such as murder, sexual assault, robbery,","cases such as murder, sexual assault, robbery,","cases such as murder, sexual assault, robbery,","cases such as murder, sexual assault, robbery,",,,,,,,
aggravated,,"assault,","assault,",,auto,"theft,",and,and,,,,,,,
embezzlement.,embezzlement.,embezzlement.,The,section,also,investigates,investigates,investigates,,,,,,,
child abuse cases and missing person reports.,child abuse cases and missing person reports.,child abuse cases and missing person reports.,child abuse cases and missing person reports.,child abuse cases and missing person reports.,child abuse cases and missing person reports.,child abuse cases and missing person reports.,child abuse cases and missing person reports.,child abuse cases and missing person reports.,,,,,,,
The Criminal Investigations Section is comprised,The Criminal Investigations Section is comprised,The Criminal Investigations Section is comprised,The Criminal Investigations Section is comprised,The Criminal Investigations Section is comprised,The Criminal Investigations Section is comprised,The Criminal Investigations Section is comprised,The Criminal Investigations Section is comprised,The Criminal Investigations Section is comprised,,,,,,,
"of a sergeant, three criminal detectives, two","of a sergeant, three criminal detectives, two","of a sergeant, three criminal detectives, two","of a sergeant, three criminal detectives, two","of a sergeant, three criminal detectives, two","of a sergeant, three criminal detectives, two","of a sergeant, three criminal detectives, two","of a sergeant, three criminal detectives, two","of a sergeant, three criminal detectives, two",,,,,,,
special assignment detectives and a computer,special assignment detectives and a computer,special assignment detectives and a computer,special assignment detectives and a computer,special assignment detectives and a computer,special assignment detectives and a computer,special assignment detectives and a computer,special assignment detectives and a computer,special assignment detectives and a computer,,,,,,,
forensics detective. Two criminal detectives are,forensics detective. Two criminal detectives are,forensics detective. Two criminal detectives are,forensics detective. Two criminal detectives are,forensics detective. Two criminal detectives are,forensics detective. Two criminal detectives are,forensics detective. Two criminal detectives are,forensics detective. Two criminal detectives are,forensics detective. Two criminal detectives are,,,,,,,
certified,polygraph,polygraph,polygraph,examiners,examiners,and,assist,in,,,,,,,
investigations,investigations,when,when,needed.,needed.,A,narcotics,narcotics,,,,,,,
detective,and,,a,gang,detective,are,special,special,,,,,,,
assignments and work in conjunction with task,assignments and work in conjunction with task,assignments and work in conjunction with task,assignments and work in conjunction with task,assignments and work in conjunction with task,assignments and work in conjunction with task,assignments and work in conjunction with task,assignments and work in conjunction with task,assignments and work in conjunction with task,,,,,,,
forces.,The,,department,department,,recognizes,the,the,,,,,,,
importance,,of,task,force,,partnerships,,to,,,,,,,
effectively pursue special investigations which are time consuming and require additional,effectively pursue special investigations which are time consuming and require additional,effectively pursue special investigations which are time consuming and require additional,effectively pursue special investigations which are time consuming and require additional,effectively pursue special investigations which are time consuming and require additional,effectively pursue special investigations which are time consuming and require additional,effectively pursue special investigations which are time consuming and require additional,effectively pursue special investigations which are time consuming and require additional,effectively pursue special investigations which are time consuming and require additional,effectively pursue special investigations which are time consuming and require additional,effectively pursue special investigations which are time consuming and require additional,effectively pursue special investigations which are time consuming and require additional,effectively pursue special investigations which are time consuming and require additional,effectively pursue special investigations which are time consuming and require additional,effectively pursue special investigations which are time consuming and require additional,effectively pursue special investigations which are time consuming and require additional
expertise,or,resources.,resources.,resources.,The,narcotics,detective,detective,works,with,the,Fairfax,County,Police,Police
Vice/Narcotics Unit and the gang detective participates in gang investigations with the Northern,Vice/Narcotics Unit and the gang detective participates in gang investigations with the Northern,Vice/Narcotics Unit and the gang detective participates in gang investigations with the Northern,Vice/Narcotics Unit and the gang detective participates in gang investigations with the Northern,Vice/Narcotics Unit and the gang detective participates in gang investigations with the Northern,Vice/Narcotics Unit and the gang detective participates in gang investigations with the Northern,Vice/Narcotics Unit and the gang detective participates in gang investigations with the Northern,Vice/Narcotics Unit and the gang detective participates in gang investigations with the Northern,Vice/Narcotics Unit and the gang detective participates in gang investigations with the Northern,Vice/Narcotics Unit and the gang detective participates in gang investigations with the Northern,Vice/Narcotics Unit and the gang detective participates in gang investigations with the Northern,Vice/Narcotics Unit and the gang detective participates in gang investigations with the Northern,Vice/Narcotics Unit and the gang detective participates in gang investigations with the Northern,Vice/Narcotics Unit and the gang detective participates in gang investigations with the Northern,Vice/Narcotics Unit and the gang detective participates in gang investigations with the Northern,Vice/Narcotics Unit and the gang detective participates in gang investigations with the Northern
Virginia Gang Task Force.,Virginia Gang Task Force.,Virginia Gang Task Force.,Virginia Gang Task Force.,Virginia Gang Task Force.,The computer forensics detective conducts forensic examinations of,The computer forensics detective conducts forensic examinations of,The computer forensics detective conducts forensic examinations of,The computer forensics detective conducts forensic examinations of,The computer forensics detective conducts forensic examinations of,The computer forensics detective conducts forensic examinations of,The computer forensics detective conducts forensic examinations of,The computer forensics detective conducts forensic examinations of,The computer forensics detective conducts forensic examinations of,The computer forensics detective conducts forensic examinations of,The computer forensics detective conducts forensic examinations of
"computers and other technology in support of internet crimes and criminal investigations, and","computers and other technology in support of internet crimes and criminal investigations, and","computers and other technology in support of internet crimes and criminal investigations, and","computers and other technology in support of internet crimes and criminal investigations, and","computers and other technology in support of internet crimes and criminal investigations, and","computers and other technology in support of internet crimes and criminal investigations, and","computers and other technology in support of internet crimes and criminal investigations, and","computers and other technology in support of internet crimes and criminal investigations, and","computers and other technology in support of internet crimes and criminal investigations, and","computers and other technology in support of internet crimes and criminal investigations, and","computers and other technology in support of internet crimes and criminal investigations, and","computers and other technology in support of internet crimes and criminal investigations, and","computers and other technology in support of internet crimes and criminal investigations, and","computers and other technology in support of internet crimes and criminal investigations, and","computers and other technology in support of internet crimes and criminal investigations, and","computers and other technology in support of internet crimes and criminal investigations, and"
also works with the Virginia State Police on the Internet Crimes Against Children Task Force.,also works with the Virginia State Police on the Internet Crimes Against Children Task Force.,also works with the Virginia State Police on the Internet Crimes Against Children Task Force.,also works with the Virginia State Police on the Internet Crimes Against Children Task Force.,also works with the Virginia State Police on the Internet Crimes Against Children Task Force.,also works with the Virginia State Police on the Internet Crimes Against Children Task Force.,also works with the Virginia State Police on the Internet Crimes Against Children Task Force.,also works with the Virginia State Police on the Internet Crimes Against Children Task Force.,also works with the Virginia State Police on the Internet Crimes Against Children Task Force.,also works with the Virginia State Police on the Internet Crimes Against Children Task Force.,also works with the Virginia State Police on the Internet Crimes Against Children Task Force.,also works with the Virginia State Police on the Internet Crimes Against Children Task Force.,also works with the Virginia State Police on the Internet Crimes Against Children Task Force.,also works with the Virginia State Police on the Internet Crimes Against Children Task Force.,,
,,,,,Crime Scene Investigations,Crime Scene Investigations,Crime Scene Investigations,Crime Scene Investigations,Crime Scene Investigations,Crime Scene Investigations,Crime Scene Investigations,,,,
,,,,,,The Herndon Police Department has three crime scene,The Herndon Police Department has three crime scene,The Herndon Police Department has three crime scene,The Herndon Police Department has three crime scene,The Herndon Police Department has three crime scene,The Herndon Police Department has three crime scene,The Herndon Police Department has three crime scene,The Herndon Police Department has three crime scene,The Herndon Police Department has three crime scene,The Herndon Police Department has three crime scene
,,,,,,technicians who have received training from the Virginia,technicians who have received training from the Virginia,technicians who have received training from the Virginia,technicians who have received training from the Virginia,technicians who have received training from the Virginia,technicians who have received training from the Virginia,technicians who have received training from the Virginia,technicians who have received training from the Virginia,technicians who have received training from the Virginia,technicians who have received training from the Virginia
,,,,,,Forensic Science Academy.,Forensic Science Academy.,Forensic Science Academy.,Forensic Science Academy.,The crime scene technicians,The crime scene technicians,The crime scene technicians,The crime scene technicians,The crime scene technicians,The crime scene technicians
,,,,,,"collect, preserve, package, transport and document physical","collect, preserve, package, transport and document physical","collect, preserve, package, transport and document physical","collect, preserve, package, transport and document physical","collect, preserve, package, transport and document physical","collect, preserve, package, transport and document physical","collect, preserve, package, transport and document physical","collect, preserve, package, transport and document physical","collect, preserve, package, transport and document physical","collect, preserve, package, transport and document physical"
,,,,,,evidence,evidence,from,crime,scenes.,The,department,department,has,a
,,,,,,laboratory with highly specialized equipment enabling the,laboratory with highly specialized equipment enabling the,laboratory with highly specialized equipment enabling the,laboratory with highly specialized equipment enabling the,laboratory with highly specialized equipment enabling the,laboratory with highly specialized equipment enabling the,laboratory with highly specialized equipment enabling the,laboratory with highly specialized equipment enabling the,laboratory with highly specialized equipment enabling the,laboratory with highly specialized equipment enabling the
,,,,,,department to perform crime scene forensics examinations.,department to perform crime scene forensics examinations.,department to perform crime scene forensics examinations.,department to perform crime scene forensics examinations.,department to perform crime scene forensics examinations.,department to perform crime scene forensics examinations.,department to perform crime scene forensics examinations.,department to perform crime scene forensics examinations.,department to perform crime scene forensics examinations.,department to perform crime scene forensics examinations.
,,,,,,This,specialized,specialized,equipment,equipment,allows,the,department’s,department’s,department’s
,,,,,,professionally trained crime scene technicians to analyze,professionally trained crime scene technicians to analyze,professionally trained crime scene technicians to analyze,professionally trained crime scene technicians to analyze,professionally trained crime scene technicians to analyze,professionally trained crime scene technicians to analyze,professionally trained crime scene technicians to analyze,professionally trained crime scene technicians to analyze,professionally trained crime scene technicians to analyze,professionally trained crime scene technicians to analyze
,,,,,,forensic evidence. The laboratory also contains equipment,forensic evidence. The laboratory also contains equipment,forensic evidence. The laboratory also contains equipment,forensic evidence. The laboratory also contains equipment,forensic evidence. The laboratory also contains equipment,forensic evidence. The laboratory also contains equipment,forensic evidence. The laboratory also contains equipment,forensic evidence. The laboratory also contains equipment,forensic evidence. The laboratory also contains equipment,forensic evidence. The laboratory also contains equipment
,,,,,,for the recovery of latent fingerprints from all types of,for the recovery of latent fingerprints from all types of,for the recovery of latent fingerprints from all types of,for the recovery of latent fingerprints from all types of,for the recovery of latent fingerprints from all types of,for the recovery of latent fingerprints from all types of,for the recovery of latent fingerprints from all types of,for the recovery of latent fingerprints from all types of,for the recovery of latent fingerprints from all types of,for the recovery of latent fingerprints from all types of
,,,,,,surfaces.,surfaces.,These,capabilities,capabilities,are,invaluable,to,the,the
,,,,,,department in its use in investigations.,department in its use in investigations.,department in its use in investigations.,department in its use in investigations.,department in its use in investigations.,department in its use in investigations.,,,,
