Name: “Table 1 of 1 on page 21 of 27”,Name: “Table 1 of 1 on page 21 of 27”
Table: 21,Table: 21
,
,Community Policing Philosophy
The Herndon Police Department has adopted a community policing philosophy and is,The Herndon Police Department has adopted a community policing philosophy and is
committed to providing law enforcement services through its community policing efforts.,committed to providing law enforcement services through its community policing efforts.
This philosophy promotes police/citizen partnerships and supports interactive problem-,This philosophy promotes police/citizen partnerships and supports interactive problem-
solving strategies to address the cause and effect of crime. Although the department fulfills,solving strategies to address the cause and effect of crime. Although the department fulfills
"its traditional role of a full-service agency by responding to all calls for service, community","its traditional role of a full-service agency by responding to all calls for service, community"
policing supplements traditional law enforcement services by building effective partnerships,policing supplements traditional law enforcement services by building effective partnerships
with citizens to work together towards the common goal of making Herndon a safe place to,with citizens to work together towards the common goal of making Herndon a safe place to
live and work.,live and work.
"To enhance the Department's community policing program, five districts, Golf Course,","To enhance the Department's community policing program, five districts, Golf Course,"
"Bruin, Haley Smith, Center and Runnymede, have been created within the Town of","Bruin, Haley Smith, Center and Runnymede, have been created within the Town of"
Herndon. Officers are assigned to each community policing district as part of a Community,Herndon. Officers are assigned to each community policing district as part of a Community
"Action Team (CAT), to address concerns or specific issues of residents and businesses within","Action Team (CAT), to address concerns or specific issues of residents and businesses within"
each district.,Officers additionally act as a point of reference for other services the Town
provides. The Community Action Teams seek to proactively identify problems in order to,provides. The Community Action Teams seek to proactively identify problems in order to
prevent escalation of an issue or problem.,prevent escalation of an issue or problem.
"Team members can be reached at the police non-emergency number, 703-435-6846.","Team members can be reached at the police non-emergency number, 703-435-6846."
Team Leaders,Team Leaders
Bruin,
SSgt. D. L. Nidell,SSgt. D. L. Nidell
Center,
Sgt. S.T. Pihonak,Sgt. S.T. Pihonak
Golf Course,
SSgt. J. W. Tacci,SSgt. J. W. Tacci
Haley Smith,
Sgt. J. K.,
Williams,
Runnymede,
Sgt. C. R. Saa,
