Name: “Table 1 of 1 on page 5 of 27”,Name: “Table 1 of 1 on page 5 of 27”,Name: “Table 1 of 1 on page 5 of 27”,Name: “Table 1 of 1 on page 5 of 27”,Name: “Table 1 of 1 on page 5 of 27”,Name: “Table 1 of 1 on page 5 of 27”,Name: “Table 1 of 1 on page 5 of 27”,Name: “Table 1 of 1 on page 5 of 27”,Name: “Table 1 of 1 on page 5 of 27”
Table: 5,Table: 5,Table: 5,Table: 5,Table: 5,Table: 5,Table: 5,Table: 5,Table: 5
,,,,,,,,
,2012 Herndon Police Department,2012 Herndon Police Department,2012 Herndon Police Department,2012 Herndon Police Department,2012 Herndon Police Department,2012 Herndon Police Department,,
,,Statistical Highlights,Statistical Highlights,Statistical Highlights,,,,
,,"Calls for Service – 27,989","Calls for Service – 27,989","Calls for Service – 27,989",,,,
,,Average Response Time – 2.40 minutes,Average Response Time – 2.40 minutes,Average Response Time – 2.40 minutes,Average Response Time – 2.40 minutes,,,
"Group A Incidents – 1,003","Group A Incidents – 1,003",,Bike Patrol Hours – 438.02,Bike Patrol Hours – 438.02,Bike Patrol Hours – 438.02,,,
Group B Incidents – 347,Group B Incidents – 347,,"Foot Patrol Hours – 1,814.60","Foot Patrol Hours – 1,814.60","Foot Patrol Hours – 1,814.60","Foot Patrol Hours – 1,814.60",,
Arrests – 682,,,ICE 287(g) Investigations – 9,ICE 287(g) Investigations – 9,ICE 287(g) Investigations – 9,ICE 287(g) Investigations – 9,,
Adult – 628; Juvenile -54,Adult – 628; Juvenile -54,,ICE Detainers – 41,ICE Detainers – 41,,,,
Traffic Accidents - 561,Traffic Accidents - 561,,,,,,,
Alcohol Related Accidents – 19,Alcohol Related Accidents – 19,Alcohol Related Accidents – 19,,287(g) Activity,287(g) Activity,,,
"Traffic Tickets – 8,056","Traffic Tickets – 8,056",,120,109,97,,,
Reckless – 67,,,18000,,,,,
"Speeding – 1,797",,,60,,41,Investigations,,
DUI Arrests – 133,,,40,,,Detainers,,
,,,20,,,,,
"Other Violations – 6,192","Other Violations – 6,192",,0,,,,,
,,,,2011,2012,,,
,,,,Year,,,,
"Volunteer Hours – 1,653.75","Volunteer Hours – 1,653.75",,,,,,,
,,INTERNAL AFFAIRS INVESTIGATIONS,INTERNAL AFFAIRS INVESTIGATIONS,INTERNAL AFFAIRS INVESTIGATIONS,INTERNAL AFFAIRS INVESTIGATIONS,,,
,2011,,,,,2012,,
Investigations,External,Internal,Total,Investigations,Investigations,External,Internal,Total
Total Complaints,4,10,14,Total Complaints,Total Complaints,4,9,13
Sustained,2,6,8,Sustained,,0,7,7
We value your input. If you would like to report a community issue or any,We value your input. If you would like to report a community issue or any,We value your input. If you would like to report a community issue or any,We value your input. If you would like to report a community issue or any,We value your input. If you would like to report a community issue or any,We value your input. If you would like to report a community issue or any,We value your input. If you would like to report a community issue or any,We value your input. If you would like to report a community issue or any,
"action concerning the Herndon Police Department or its employees, contact us","action concerning the Herndon Police Department or its employees, contact us","action concerning the Herndon Police Department or its employees, contact us","action concerning the Herndon Police Department or its employees, contact us","action concerning the Herndon Police Department or its employees, contact us","action concerning the Herndon Police Department or its employees, contact us","action concerning the Herndon Police Department or its employees, contact us","action concerning the Herndon Police Department or its employees, contact us",
"by phone, (703) 435-6846, by mail, or email (herndon.police@herndon-va.gov),","by phone, (703) 435-6846, by mail, or email (herndon.police@herndon-va.gov),","by phone, (703) 435-6846, by mail, or email (herndon.police@herndon-va.gov),","by phone, (703) 435-6846, by mail, or email (herndon.police@herndon-va.gov),","by phone, (703) 435-6846, by mail, or email (herndon.police@herndon-va.gov),","by phone, (703) 435-6846, by mail, or email (herndon.police@herndon-va.gov),","by phone, (703) 435-6846, by mail, or email (herndon.police@herndon-va.gov),","by phone, (703) 435-6846, by mail, or email (herndon.police@herndon-va.gov),",
or visit us in person. A member of the Herndon Police Department will follow-,or visit us in person. A member of the Herndon Police Department will follow-,or visit us in person. A member of the Herndon Police Department will follow-,or visit us in person. A member of the Herndon Police Department will follow-,or visit us in person. A member of the Herndon Police Department will follow-,or visit us in person. A member of the Herndon Police Department will follow-,or visit us in person. A member of the Herndon Police Department will follow-,or visit us in person. A member of the Herndon Police Department will follow-,
up with you.,,,,,,,,
