Name: “Table 1 of 1 on page 7 of 27”,Name: “Table 1 of 1 on page 7 of 27”,Name: “Table 1 of 1 on page 7 of 27”,Name: “Table 1 of 1 on page 7 of 27”,Name: “Table 1 of 1 on page 7 of 27”,Name: “Table 1 of 1 on page 7 of 27”,Name: “Table 1 of 1 on page 7 of 27”,Name: “Table 1 of 1 on page 7 of 27”,Name: “Table 1 of 1 on page 7 of 27”,Name: “Table 1 of 1 on page 7 of 27”,Name: “Table 1 of 1 on page 7 of 27”,Name: “Table 1 of 1 on page 7 of 27”,Name: “Table 1 of 1 on page 7 of 27”,Name: “Table 1 of 1 on page 7 of 27”,Name: “Table 1 of 1 on page 7 of 27”
Table: 7,Table: 7,Table: 7,Table: 7,Table: 7,Table: 7,Table: 7,Table: 7,Table: 7,Table: 7,Table: 7,Table: 7,Table: 7,Table: 7,Table: 7
,,,,,,,,,,,,,,
,,,,Special Programs,Special Programs,Special Programs,Special Programs,,,,,,,
National and State Accreditation,National and State Accreditation,National and State Accreditation,National and State Accreditation,National and State Accreditation,,,,,,,,,,
The Herndon Police Department is a progressive law enforcement agency committed to,The Herndon Police Department is a progressive law enforcement agency committed to,The Herndon Police Department is a progressive law enforcement agency committed to,The Herndon Police Department is a progressive law enforcement agency committed to,The Herndon Police Department is a progressive law enforcement agency committed to,The Herndon Police Department is a progressive law enforcement agency committed to,The Herndon Police Department is a progressive law enforcement agency committed to,The Herndon Police Department is a progressive law enforcement agency committed to,The Herndon Police Department is a progressive law enforcement agency committed to,The Herndon Police Department is a progressive law enforcement agency committed to,The Herndon Police Department is a progressive law enforcement agency committed to,The Herndon Police Department is a progressive law enforcement agency committed to,The Herndon Police Department is a progressive law enforcement agency committed to,The Herndon Police Department is a progressive law enforcement agency committed to,The Herndon Police Department is a progressive law enforcement agency committed to
providing professional law enforcement services to our citizens according to national and state,providing professional law enforcement services to our citizens according to national and state,providing professional law enforcement services to our citizens according to national and state,providing professional law enforcement services to our citizens according to national and state,providing professional law enforcement services to our citizens according to national and state,providing professional law enforcement services to our citizens according to national and state,providing professional law enforcement services to our citizens according to national and state,providing professional law enforcement services to our citizens according to national and state,providing professional law enforcement services to our citizens according to national and state,providing professional law enforcement services to our citizens according to national and state,providing professional law enforcement services to our citizens according to national and state,providing professional law enforcement services to our citizens according to national and state,providing professional law enforcement services to our citizens according to national and state,providing professional law enforcement services to our citizens according to national and state,providing professional law enforcement services to our citizens according to national and state
"recognized law enforcement standards, and is currently accredited by the Commission on","recognized law enforcement standards, and is currently accredited by the Commission on","recognized law enforcement standards, and is currently accredited by the Commission on","recognized law enforcement standards, and is currently accredited by the Commission on","recognized law enforcement standards, and is currently accredited by the Commission on","recognized law enforcement standards, and is currently accredited by the Commission on","recognized law enforcement standards, and is currently accredited by the Commission on","recognized law enforcement standards, and is currently accredited by the Commission on","recognized law enforcement standards, and is currently accredited by the Commission on","recognized law enforcement standards, and is currently accredited by the Commission on","recognized law enforcement standards, and is currently accredited by the Commission on","recognized law enforcement standards, and is currently accredited by the Commission on","recognized law enforcement standards, and is currently accredited by the Commission on","recognized law enforcement standards, and is currently accredited by the Commission on","recognized law enforcement standards, and is currently accredited by the Commission on"
"Accreditation for Law Enforcement Agencies (CALEA), a national accreditation agency, and the","Accreditation for Law Enforcement Agencies (CALEA), a national accreditation agency, and the","Accreditation for Law Enforcement Agencies (CALEA), a national accreditation agency, and the","Accreditation for Law Enforcement Agencies (CALEA), a national accreditation agency, and the","Accreditation for Law Enforcement Agencies (CALEA), a national accreditation agency, and the","Accreditation for Law Enforcement Agencies (CALEA), a national accreditation agency, and the","Accreditation for Law Enforcement Agencies (CALEA), a national accreditation agency, and the","Accreditation for Law Enforcement Agencies (CALEA), a national accreditation agency, and the","Accreditation for Law Enforcement Agencies (CALEA), a national accreditation agency, and the","Accreditation for Law Enforcement Agencies (CALEA), a national accreditation agency, and the","Accreditation for Law Enforcement Agencies (CALEA), a national accreditation agency, and the","Accreditation for Law Enforcement Agencies (CALEA), a national accreditation agency, and the","Accreditation for Law Enforcement Agencies (CALEA), a national accreditation agency, and the","Accreditation for Law Enforcement Agencies (CALEA), a national accreditation agency, and the","Accreditation for Law Enforcement Agencies (CALEA), a national accreditation agency, and the"
Virginia,Law,Enforcement,Professional,Professional,Standards,Standards,Commission,Commission,"(VLEPSC),","(VLEPSC),",a,Virginia,state,state
accreditation agency. The department achieved VLEPSC reaccreditation in March 2012.,accreditation agency. The department achieved VLEPSC reaccreditation in March 2012.,accreditation agency. The department achieved VLEPSC reaccreditation in March 2012.,accreditation agency. The department achieved VLEPSC reaccreditation in March 2012.,accreditation agency. The department achieved VLEPSC reaccreditation in March 2012.,accreditation agency. The department achieved VLEPSC reaccreditation in March 2012.,accreditation agency. The department achieved VLEPSC reaccreditation in March 2012.,accreditation agency. The department achieved VLEPSC reaccreditation in March 2012.,accreditation agency. The department achieved VLEPSC reaccreditation in March 2012.,accreditation agency. The department achieved VLEPSC reaccreditation in March 2012.,accreditation agency. The department achieved VLEPSC reaccreditation in March 2012.,accreditation agency. The department achieved VLEPSC reaccreditation in March 2012.,,,
287(g) Enforcement,287(g) Enforcement,287(g) Enforcement,,,,,,,,,,,,
"In 2012, the police conducted 97 ICE investigations and issued 41 detainers under an agreement","In 2012, the police conducted 97 ICE investigations and issued 41 detainers under an agreement","In 2012, the police conducted 97 ICE investigations and issued 41 detainers under an agreement","In 2012, the police conducted 97 ICE investigations and issued 41 detainers under an agreement","In 2012, the police conducted 97 ICE investigations and issued 41 detainers under an agreement","In 2012, the police conducted 97 ICE investigations and issued 41 detainers under an agreement","In 2012, the police conducted 97 ICE investigations and issued 41 detainers under an agreement","In 2012, the police conducted 97 ICE investigations and issued 41 detainers under an agreement","In 2012, the police conducted 97 ICE investigations and issued 41 detainers under an agreement","In 2012, the police conducted 97 ICE investigations and issued 41 detainers under an agreement","In 2012, the police conducted 97 ICE investigations and issued 41 detainers under an agreement","In 2012, the police conducted 97 ICE investigations and issued 41 detainers under an agreement","In 2012, the police conducted 97 ICE investigations and issued 41 detainers under an agreement","In 2012, the police conducted 97 ICE investigations and issued 41 detainers under an agreement","In 2012, the police conducted 97 ICE investigations and issued 41 detainers under an agreement"
with the Department of Homeland Security (DHS) in conjunction with the 287(g) program which,with the Department of Homeland Security (DHS) in conjunction with the 287(g) program which,with the Department of Homeland Security (DHS) in conjunction with the 287(g) program which,with the Department of Homeland Security (DHS) in conjunction with the 287(g) program which,with the Department of Homeland Security (DHS) in conjunction with the 287(g) program which,with the Department of Homeland Security (DHS) in conjunction with the 287(g) program which,with the Department of Homeland Security (DHS) in conjunction with the 287(g) program which,with the Department of Homeland Security (DHS) in conjunction with the 287(g) program which,with the Department of Homeland Security (DHS) in conjunction with the 287(g) program which,with the Department of Homeland Security (DHS) in conjunction with the 287(g) program which,with the Department of Homeland Security (DHS) in conjunction with the 287(g) program which,with the Department of Homeland Security (DHS) in conjunction with the 287(g) program which,with the Department of Homeland Security (DHS) in conjunction with the 287(g) program which,with the Department of Homeland Security (DHS) in conjunction with the 287(g) program which,with the Department of Homeland Security (DHS) in conjunction with the 287(g) program which
allows state and local law enforcement to perform certain enforcement activities of an,allows state and local law enforcement to perform certain enforcement activities of an,allows state and local law enforcement to perform certain enforcement activities of an,allows state and local law enforcement to perform certain enforcement activities of an,allows state and local law enforcement to perform certain enforcement activities of an,allows state and local law enforcement to perform certain enforcement activities of an,allows state and local law enforcement to perform certain enforcement activities of an,allows state and local law enforcement to perform certain enforcement activities of an,allows state and local law enforcement to perform certain enforcement activities of an,allows state and local law enforcement to perform certain enforcement activities of an,allows state and local law enforcement to perform certain enforcement activities of an,allows state and local law enforcement to perform certain enforcement activities of an,allows state and local law enforcement to perform certain enforcement activities of an,allows state and local law enforcement to perform certain enforcement activities of an,allows state and local law enforcement to perform certain enforcement activities of an
immigration officer.,immigration officer.,DHS discontinued this program effective December 2012; however the,DHS discontinued this program effective December 2012; however the,DHS discontinued this program effective December 2012; however the,DHS discontinued this program effective December 2012; however the,DHS discontinued this program effective December 2012; however the,DHS discontinued this program effective December 2012; however the,DHS discontinued this program effective December 2012; however the,DHS discontinued this program effective December 2012; however the,DHS discontinued this program effective December 2012; however the,DHS discontinued this program effective December 2012; however the,DHS discontinued this program effective December 2012; however the,DHS discontinued this program effective December 2012; however the,DHS discontinued this program effective December 2012; however the
department continues to work in partnership with ICE on immigration cases as the need arises.,department continues to work in partnership with ICE on immigration cases as the need arises.,department continues to work in partnership with ICE on immigration cases as the need arises.,department continues to work in partnership with ICE on immigration cases as the need arises.,department continues to work in partnership with ICE on immigration cases as the need arises.,department continues to work in partnership with ICE on immigration cases as the need arises.,department continues to work in partnership with ICE on immigration cases as the need arises.,department continues to work in partnership with ICE on immigration cases as the need arises.,department continues to work in partnership with ICE on immigration cases as the need arises.,department continues to work in partnership with ICE on immigration cases as the need arises.,department continues to work in partnership with ICE on immigration cases as the need arises.,department continues to work in partnership with ICE on immigration cases as the need arises.,department continues to work in partnership with ICE on immigration cases as the need arises.,department continues to work in partnership with ICE on immigration cases as the need arises.,department continues to work in partnership with ICE on immigration cases as the need arises.
,,,,,,Citizen’s Police Academy,Citizen’s Police Academy,Citizen’s Police Academy,Citizen’s Police Academy,Citizen’s Police Academy,,,,
,,,,,,The,Herndon,Herndon,Police,Department,Department,Department,,held
,,,,,,"its inaugural Citizen's Police Academy in 1994,","its inaugural Citizen's Police Academy in 1994,","its inaugural Citizen's Police Academy in 1994,","its inaugural Citizen's Police Academy in 1994,","its inaugural Citizen's Police Academy in 1994,","its inaugural Citizen's Police Academy in 1994,","its inaugural Citizen's Police Academy in 1994,","its inaugural Citizen's Police Academy in 1994,","its inaugural Citizen's Police Academy in 1994,"
,,,,,,and continues the program each year.,and continues the program each year.,and continues the program each year.,and continues the program each year.,and continues the program each year.,and continues the program each year.,and continues the program each year.,,The
,,,,,,Citizens Police Academy additionally extends,Citizens Police Academy additionally extends,Citizens Police Academy additionally extends,Citizens Police Academy additionally extends,Citizens Police Academy additionally extends,Citizens Police Academy additionally extends,Citizens Police Academy additionally extends,Citizens Police Academy additionally extends,Citizens Police Academy additionally extends
,,,,,,its,format,to,Senior,Citizens,Citizens,and,Youth.,Youth.
,,,,,,Each academy is specifically designed to foster,Each academy is specifically designed to foster,Each academy is specifically designed to foster,Each academy is specifically designed to foster,Each academy is specifically designed to foster,Each academy is specifically designed to foster,Each academy is specifically designed to foster,Each academy is specifically designed to foster,Each academy is specifically designed to foster
,,,,,,a strong partnership with the community by,a strong partnership with the community by,a strong partnership with the community by,a strong partnership with the community by,a strong partnership with the community by,a strong partnership with the community by,a strong partnership with the community by,a strong partnership with the community by,a strong partnership with the community by
,,,,,,providing,a,better,understanding,understanding,understanding,,of,the
,,,,,,department's,department's,operations,operations,through,through,education,education,education
,,,,,,and involvement.,and involvement.,and involvement.,,,,,,
Certified Crime Prevention Community,Certified Crime Prevention Community,Certified Crime Prevention Community,Certified Crime Prevention Community,Certified Crime Prevention Community,,,,,,,,,,
The Herndon Police Department is dedicated to its community and crime prevention efforts and,The Herndon Police Department is dedicated to its community and crime prevention efforts and,The Herndon Police Department is dedicated to its community and crime prevention efforts and,The Herndon Police Department is dedicated to its community and crime prevention efforts and,The Herndon Police Department is dedicated to its community and crime prevention efforts and,The Herndon Police Department is dedicated to its community and crime prevention efforts and,The Herndon Police Department is dedicated to its community and crime prevention efforts and,The Herndon Police Department is dedicated to its community and crime prevention efforts and,The Herndon Police Department is dedicated to its community and crime prevention efforts and,The Herndon Police Department is dedicated to its community and crime prevention efforts and,The Herndon Police Department is dedicated to its community and crime prevention efforts and,The Herndon Police Department is dedicated to its community and crime prevention efforts and,The Herndon Police Department is dedicated to its community and crime prevention efforts and,The Herndon Police Department is dedicated to its community and crime prevention efforts and,The Herndon Police Department is dedicated to its community and crime prevention efforts and
meets the standards to be designated as a Certified Crime Prevention Community (CCPC) by the,meets the standards to be designated as a Certified Crime Prevention Community (CCPC) by the,meets the standards to be designated as a Certified Crime Prevention Community (CCPC) by the,meets the standards to be designated as a Certified Crime Prevention Community (CCPC) by the,meets the standards to be designated as a Certified Crime Prevention Community (CCPC) by the,meets the standards to be designated as a Certified Crime Prevention Community (CCPC) by the,meets the standards to be designated as a Certified Crime Prevention Community (CCPC) by the,meets the standards to be designated as a Certified Crime Prevention Community (CCPC) by the,meets the standards to be designated as a Certified Crime Prevention Community (CCPC) by the,meets the standards to be designated as a Certified Crime Prevention Community (CCPC) by the,meets the standards to be designated as a Certified Crime Prevention Community (CCPC) by the,meets the standards to be designated as a Certified Crime Prevention Community (CCPC) by the,meets the standards to be designated as a Certified Crime Prevention Community (CCPC) by the,meets the standards to be designated as a Certified Crime Prevention Community (CCPC) by the,meets the standards to be designated as a Certified Crime Prevention Community (CCPC) by the
Virginia Department of Criminal Justice Services. The CCPC certification consists of a defined set,Virginia Department of Criminal Justice Services. The CCPC certification consists of a defined set,Virginia Department of Criminal Justice Services. The CCPC certification consists of a defined set,Virginia Department of Criminal Justice Services. The CCPC certification consists of a defined set,Virginia Department of Criminal Justice Services. The CCPC certification consists of a defined set,Virginia Department of Criminal Justice Services. The CCPC certification consists of a defined set,Virginia Department of Criminal Justice Services. The CCPC certification consists of a defined set,Virginia Department of Criminal Justice Services. The CCPC certification consists of a defined set,Virginia Department of Criminal Justice Services. The CCPC certification consists of a defined set,Virginia Department of Criminal Justice Services. The CCPC certification consists of a defined set,Virginia Department of Criminal Justice Services. The CCPC certification consists of a defined set,Virginia Department of Criminal Justice Services. The CCPC certification consists of a defined set,Virginia Department of Criminal Justice Services. The CCPC certification consists of a defined set,Virginia Department of Criminal Justice Services. The CCPC certification consists of a defined set,Virginia Department of Criminal Justice Services. The CCPC certification consists of a defined set
of,rigorous,standards,related,to,community,safety,that,must,be,met,and,fosters,fosters,the
development of community safety initiatives at the local level. Herndon is one of only 12,development of community safety initiatives at the local level. Herndon is one of only 12,development of community safety initiatives at the local level. Herndon is one of only 12,development of community safety initiatives at the local level. Herndon is one of only 12,development of community safety initiatives at the local level. Herndon is one of only 12,development of community safety initiatives at the local level. Herndon is one of only 12,development of community safety initiatives at the local level. Herndon is one of only 12,development of community safety initiatives at the local level. Herndon is one of only 12,development of community safety initiatives at the local level. Herndon is one of only 12,development of community safety initiatives at the local level. Herndon is one of only 12,development of community safety initiatives at the local level. Herndon is one of only 12,development of community safety initiatives at the local level. Herndon is one of only 12,development of community safety initiatives at the local level. Herndon is one of only 12,development of community safety initiatives at the local level. Herndon is one of only 12,development of community safety initiatives at the local level. Herndon is one of only 12
localities in Virginia to maintain this certification.,localities in Virginia to maintain this certification.,localities in Virginia to maintain this certification.,localities in Virginia to maintain this certification.,localities in Virginia to maintain this certification.,localities in Virginia to maintain this certification.,,,,,,,,,
Honor Guard,Honor Guard,,,,,,,,,,,,,
The Herndon Police Honor Guard was established in 2008 and,The Herndon Police Honor Guard was established in 2008 and,The Herndon Police Honor Guard was established in 2008 and,The Herndon Police Honor Guard was established in 2008 and,The Herndon Police Honor Guard was established in 2008 and,The Herndon Police Honor Guard was established in 2008 and,The Herndon Police Honor Guard was established in 2008 and,The Herndon Police Honor Guard was established in 2008 and,The Herndon Police Honor Guard was established in 2008 and,,,,,,
"participates in promotion, retirement and valor awards ceremonies,","participates in promotion, retirement and valor awards ceremonies,","participates in promotion, retirement and valor awards ceremonies,","participates in promotion, retirement and valor awards ceremonies,","participates in promotion, retirement and valor awards ceremonies,","participates in promotion, retirement and valor awards ceremonies,","participates in promotion, retirement and valor awards ceremonies,","participates in promotion, retirement and valor awards ceremonies,","participates in promotion, retirement and valor awards ceremonies,",,,,,,
town council presentations and funerals. Individual team members,town council presentations and funerals. Individual team members,town council presentations and funerals. Individual team members,town council presentations and funerals. Individual team members,town council presentations and funerals. Individual team members,town council presentations and funerals. Individual team members,town council presentations and funerals. Individual team members,town council presentations and funerals. Individual team members,town council presentations and funerals. Individual team members,,,,,,
additionally represent the department at several local events which,additionally represent the department at several local events which,additionally represent the department at several local events which,additionally represent the department at several local events which,additionally represent the department at several local events which,additionally represent the department at several local events which,additionally represent the department at several local events which,additionally represent the department at several local events which,additionally represent the department at several local events which,,,,,,
include Fairfax County Criminal Justice Academy graduations and,include Fairfax County Criminal Justice Academy graduations and,include Fairfax County Criminal Justice Academy graduations and,include Fairfax County Criminal Justice Academy graduations and,include Fairfax County Criminal Justice Academy graduations and,include Fairfax County Criminal Justice Academy graduations and,include Fairfax County Criminal Justice Academy graduations and,include Fairfax County Criminal Justice Academy graduations and,include Fairfax County Criminal Justice Academy graduations and,,,,,,
Fairfax County Valor Awards.,Fairfax County Valor Awards.,Fairfax County Valor Awards.,The Herndon Police Honor Guard is,The Herndon Police Honor Guard is,The Herndon Police Honor Guard is,The Herndon Police Honor Guard is,The Herndon Police Honor Guard is,The Herndon Police Honor Guard is,,,,,,
available upon request to the Herndon community. For information,available upon request to the Herndon community. For information,available upon request to the Herndon community. For information,available upon request to the Herndon community. For information,available upon request to the Herndon community. For information,available upon request to the Herndon community. For information,available upon request to the Herndon community. For information,available upon request to the Herndon community. For information,available upon request to the Herndon community. For information,,,,,,
"or availability, please contact Corporal Chris Farbry at 703-435-6881,","or availability, please contact Corporal Chris Farbry at 703-435-6881,","or availability, please contact Corporal Chris Farbry at 703-435-6881,","or availability, please contact Corporal Chris Farbry at 703-435-6881,","or availability, please contact Corporal Chris Farbry at 703-435-6881,","or availability, please contact Corporal Chris Farbry at 703-435-6881,","or availability, please contact Corporal Chris Farbry at 703-435-6881,","or availability, please contact Corporal Chris Farbry at 703-435-6881,","or availability, please contact Corporal Chris Farbry at 703-435-6881,",,,,,,
ext. 2345.,ext. 2345.,,,,,,,,,,,,,
