Name: “Table 1 of 1 on page 13 of 27”,Name: “Table 1 of 1 on page 13 of 27”
Table: 13,Table: 13
,
Group A Crime Information,Group A Crime Information
"Group A offenses include murder, sex offenses, robbery, assaults, burglary, larceny, motor","Group A offenses include murder, sex offenses, robbery, assaults, burglary, larceny, motor"
"vehicle theft, fraud, vandalism, drug offenses, prostitution and weapons violations.","vehicle theft, fraud, vandalism, drug offenses, prostitution and weapons violations."
Group A incidents decreased 6.5 percent from 2011 to 2012.,Larceny was the most prevalent
"Group A crime for 2012, followed by destruction of property.",Larceny offenses indicated a 2.5
"percent decrease from 2011 numbers and the most common type of larceny was shoplifting,","percent decrease from 2011 numbers and the most common type of larceny was shoplifting,"
"which accounted for nearly 60 percent of all larcenies. Larcenies from autos, which have been a","which accounted for nearly 60 percent of all larcenies. Larcenies from autos, which have been a"
"problem in the past, accounted for less than 10 percent of larceny cases for the year.","problem in the past, accounted for less than 10 percent of larceny cases for the year."
Narcotic violations were up 35 percent for the year.,The majority of narcotics cases involved
marijuana and were the result of officers conducting proactive patrols and enforcement.,marijuana and were the result of officers conducting proactive patrols and enforcement.
Source: Incident-Based Crime Reports (02/19/13),
