Name: “Table 1 of 1 on page 25 of 27”,Name: “Table 1 of 1 on page 25 of 27”,Name: “Table 1 of 1 on page 25 of 27”,Name: “Table 1 of 1 on page 25 of 27”,Name: “Table 1 of 1 on page 25 of 27”
Table: 25,Table: 25,Table: 25,Table: 25,Table: 25
,,,,
HALEY SMITH DISTRICT,HALEY SMITH DISTRICT,HALEY SMITH DISTRICT,,
"The Haley Smith District has a higher call volume due to service initiated from walk-ins, follow-","The Haley Smith District has a higher call volume due to service initiated from walk-ins, follow-","The Haley Smith District has a higher call volume due to service initiated from walk-ins, follow-","The Haley Smith District has a higher call volume due to service initiated from walk-ins, follow-","The Haley Smith District has a higher call volume due to service initiated from walk-ins, follow-"
ups,"conducted by officers,",and weekly fingerprinting services,done onsite at,the police
department. The police station is physically located in this district.,department. The police station is physically located in this district.,department. The police station is physically located in this district.,,
"The Haley Smith District’s most common issue was vehicle accidents, although alarm calls,","The Haley Smith District’s most common issue was vehicle accidents, although alarm calls,","The Haley Smith District’s most common issue was vehicle accidents, although alarm calls,","The Haley Smith District’s most common issue was vehicle accidents, although alarm calls,","The Haley Smith District’s most common issue was vehicle accidents, although alarm calls,"
"reports of suspicious activity, and traffic issues were also frequently reported.","reports of suspicious activity, and traffic issues were also frequently reported.","reports of suspicious activity, and traffic issues were also frequently reported.","reports of suspicious activity, and traffic issues were also frequently reported.",
* Graph limited to two years due to size.,* Graph limited to two years due to size.,,,
