Name: “Table 1 of 1 on page 18 of 27”,Name: “Table 1 of 1 on page 18 of 27”,Name: “Table 1 of 1 on page 18 of 27”,Name: “Table 1 of 1 on page 18 of 27”,Name: “Table 1 of 1 on page 18 of 27”,Name: “Table 1 of 1 on page 18 of 27”,Name: “Table 1 of 1 on page 18 of 27”,Name: “Table 1 of 1 on page 18 of 27”
Table: 18,Table: 18,Table: 18,Table: 18,Table: 18,Table: 18,Table: 18,Table: 18
,,,,,,,
,,,Traffic,Traffic,,,
,,,Traffic Accidents by Year,Traffic Accidents by Year,Traffic Accidents by Year,,
700,,,,,,,
600,,,,,,,
,,,,610,620,,
,,584,,,,,562
500,,,,,,,
400,,,,,,,
300,,,,,,,
200,,,,,,,
100,,,,,,,
,0,,,,,,
,,2009,,2010,2011,,2012
,,,,,Year,,
,,,Warnings vs. Citations,Warnings vs. Citations,Warnings vs. Citations,,
,12000,,,,,,
,10000,9866,,,,,
,,,,,8484,,
,,,,,,,8058
,8000,,,7888,,,
,6000,,,,,,Warnings
,,,,,,,Citations
,4000,,,,,,
,2000,,,,,,
,672,,,405,498,,369
,0,,,,,,
,2009,2009,2010,,2011,2012,
,,,,Year,,,
Source: Herndon Police Records Management System,Source: Herndon Police Records Management System,Source: Herndon Police Records Management System,Source: Herndon Police Records Management System,,,,
