Name: “Table 1 of 1 on page 2 of 27”,Name: “Table 1 of 1 on page 2 of 27”,Name: “Table 1 of 1 on page 2 of 27”,Name: “Table 1 of 1 on page 2 of 27”,Name: “Table 1 of 1 on page 2 of 27”,Name: “Table 1 of 1 on page 2 of 27”,Name: “Table 1 of 1 on page 2 of 27”,Name: “Table 1 of 1 on page 2 of 27”,Name: “Table 1 of 1 on page 2 of 27”,Name: “Table 1 of 1 on page 2 of 27”
Table: 2,Table: 2,Table: 2,Table: 2,Table: 2,Table: 2,Table: 2,Table: 2,Table: 2,Table: 2
,,,,,,,,,
"March 1, 2012","March 1, 2012",,,,,,,,
"On behalf of the Herndon Police Department, I am pleased to present the 2012 Annual","On behalf of the Herndon Police Department, I am pleased to present the 2012 Annual","On behalf of the Herndon Police Department, I am pleased to present the 2012 Annual","On behalf of the Herndon Police Department, I am pleased to present the 2012 Annual","On behalf of the Herndon Police Department, I am pleased to present the 2012 Annual","On behalf of the Herndon Police Department, I am pleased to present the 2012 Annual","On behalf of the Herndon Police Department, I am pleased to present the 2012 Annual","On behalf of the Herndon Police Department, I am pleased to present the 2012 Annual","On behalf of the Herndon Police Department, I am pleased to present the 2012 Annual","On behalf of the Herndon Police Department, I am pleased to present the 2012 Annual"
Report.,,,,,,,,,
The report highlights statistical data for 2012 as a comparison to the same data for,The report highlights statistical data for 2012 as a comparison to the same data for,The report highlights statistical data for 2012 as a comparison to the same data for,The report highlights statistical data for 2012 as a comparison to the same data for,The report highlights statistical data for 2012 as a comparison to the same data for,The report highlights statistical data for 2012 as a comparison to the same data for,The report highlights statistical data for 2012 as a comparison to the same data for,The report highlights statistical data for 2012 as a comparison to the same data for,The report highlights statistical data for 2012 as a comparison to the same data for,The report highlights statistical data for 2012 as a comparison to the same data for
previous,years.,The,report,also,provides,highlights,of,the,department’s
"accomplishments, an overview of specialized activities, and other information we hope","accomplishments, an overview of specialized activities, and other information we hope","accomplishments, an overview of specialized activities, and other information we hope","accomplishments, an overview of specialized activities, and other information we hope","accomplishments, an overview of specialized activities, and other information we hope","accomplishments, an overview of specialized activities, and other information we hope","accomplishments, an overview of specialized activities, and other information we hope","accomplishments, an overview of specialized activities, and other information we hope","accomplishments, an overview of specialized activities, and other information we hope","accomplishments, an overview of specialized activities, and other information we hope"
you will find useful.,you will find useful.,you will find useful.,,,,,,,
We recognize the importance of community partnerships as we strive to provide quality,We recognize the importance of community partnerships as we strive to provide quality,We recognize the importance of community partnerships as we strive to provide quality,We recognize the importance of community partnerships as we strive to provide quality,We recognize the importance of community partnerships as we strive to provide quality,We recognize the importance of community partnerships as we strive to provide quality,We recognize the importance of community partnerships as we strive to provide quality,We recognize the importance of community partnerships as we strive to provide quality,We recognize the importance of community partnerships as we strive to provide quality,We recognize the importance of community partnerships as we strive to provide quality
law enforcement services.,law enforcement services.,law enforcement services.,The department consistently seeks to collaborate with,The department consistently seeks to collaborate with,The department consistently seeks to collaborate with,The department consistently seeks to collaborate with,The department consistently seeks to collaborate with,The department consistently seeks to collaborate with,The department consistently seeks to collaborate with
"citizens, neighborhoods and community groups as we deliver law enforcement services","citizens, neighborhoods and community groups as we deliver law enforcement services","citizens, neighborhoods and community groups as we deliver law enforcement services","citizens, neighborhoods and community groups as we deliver law enforcement services","citizens, neighborhoods and community groups as we deliver law enforcement services","citizens, neighborhoods and community groups as we deliver law enforcement services","citizens, neighborhoods and community groups as we deliver law enforcement services","citizens, neighborhoods and community groups as we deliver law enforcement services","citizens, neighborhoods and community groups as we deliver law enforcement services","citizens, neighborhoods and community groups as we deliver law enforcement services"
under a community policing philosophy which allows us to understand the nature of,under a community policing philosophy which allows us to understand the nature of,under a community policing philosophy which allows us to understand the nature of,under a community policing philosophy which allows us to understand the nature of,under a community policing philosophy which allows us to understand the nature of,under a community policing philosophy which allows us to understand the nature of,under a community policing philosophy which allows us to understand the nature of,under a community policing philosophy which allows us to understand the nature of,under a community policing philosophy which allows us to understand the nature of,under a community policing philosophy which allows us to understand the nature of
local issues and,local issues and,develop,mutual strategies.,mutual strategies.,Our commitment,Our commitment,Our commitment,to maintain,these
partnerships enables us to better serve the needs of citizens and provide the most,partnerships enables us to better serve the needs of citizens and provide the most,partnerships enables us to better serve the needs of citizens and provide the most,partnerships enables us to better serve the needs of citizens and provide the most,partnerships enables us to better serve the needs of citizens and provide the most,partnerships enables us to better serve the needs of citizens and provide the most,partnerships enables us to better serve the needs of citizens and provide the most,partnerships enables us to better serve the needs of citizens and provide the most,partnerships enables us to better serve the needs of citizens and provide the most,partnerships enables us to better serve the needs of citizens and provide the most
efficient response.,efficient response.,The police and the community share in the responsibility for public,The police and the community share in the responsibility for public,The police and the community share in the responsibility for public,The police and the community share in the responsibility for public,The police and the community share in the responsibility for public,The police and the community share in the responsibility for public,The police and the community share in the responsibility for public,The police and the community share in the responsibility for public
"safety and as we continue to work together, everyone benefits from the partnership.","safety and as we continue to work together, everyone benefits from the partnership.","safety and as we continue to work together, everyone benefits from the partnership.","safety and as we continue to work together, everyone benefits from the partnership.","safety and as we continue to work together, everyone benefits from the partnership.","safety and as we continue to work together, everyone benefits from the partnership.","safety and as we continue to work together, everyone benefits from the partnership.","safety and as we continue to work together, everyone benefits from the partnership.","safety and as we continue to work together, everyone benefits from the partnership.","safety and as we continue to work together, everyone benefits from the partnership."
Our department prides itself on the law enforcement services provided to the citizens of,Our department prides itself on the law enforcement services provided to the citizens of,Our department prides itself on the law enforcement services provided to the citizens of,Our department prides itself on the law enforcement services provided to the citizens of,Our department prides itself on the law enforcement services provided to the citizens of,Our department prides itself on the law enforcement services provided to the citizens of,Our department prides itself on the law enforcement services provided to the citizens of,Our department prides itself on the law enforcement services provided to the citizens of,Our department prides itself on the law enforcement services provided to the citizens of,Our department prides itself on the law enforcement services provided to the citizens of
Herndon and endeavors to meet the highest ethical and professional standards. We are,Herndon and endeavors to meet the highest ethical and professional standards. We are,Herndon and endeavors to meet the highest ethical and professional standards. We are,Herndon and endeavors to meet the highest ethical and professional standards. We are,Herndon and endeavors to meet the highest ethical and professional standards. We are,Herndon and endeavors to meet the highest ethical and professional standards. We are,Herndon and endeavors to meet the highest ethical and professional standards. We are,Herndon and endeavors to meet the highest ethical and professional standards. We are,Herndon and endeavors to meet the highest ethical and professional standards. We are,Herndon and endeavors to meet the highest ethical and professional standards. We are
nationally accredited through the Commission on Accreditation for Law Enforcement,nationally accredited through the Commission on Accreditation for Law Enforcement,nationally accredited through the Commission on Accreditation for Law Enforcement,nationally accredited through the Commission on Accreditation for Law Enforcement,nationally accredited through the Commission on Accreditation for Law Enforcement,nationally accredited through the Commission on Accreditation for Law Enforcement,nationally accredited through the Commission on Accreditation for Law Enforcement,nationally accredited through the Commission on Accreditation for Law Enforcement,nationally accredited through the Commission on Accreditation for Law Enforcement,nationally accredited through the Commission on Accreditation for Law Enforcement
"Agencies, Inc. (CALEA) and state accredited through the Virginia Law Enforcement","Agencies, Inc. (CALEA) and state accredited through the Virginia Law Enforcement","Agencies, Inc. (CALEA) and state accredited through the Virginia Law Enforcement","Agencies, Inc. (CALEA) and state accredited through the Virginia Law Enforcement","Agencies, Inc. (CALEA) and state accredited through the Virginia Law Enforcement","Agencies, Inc. (CALEA) and state accredited through the Virginia Law Enforcement","Agencies, Inc. (CALEA) and state accredited through the Virginia Law Enforcement","Agencies, Inc. (CALEA) and state accredited through the Virginia Law Enforcement","Agencies, Inc. (CALEA) and state accredited through the Virginia Law Enforcement","Agencies, Inc. (CALEA) and state accredited through the Virginia Law Enforcement"
Professional Standards Commission (VLEPSC).,Professional Standards Commission (VLEPSC).,Professional Standards Commission (VLEPSC).,Professional Standards Commission (VLEPSC).,Professional Standards Commission (VLEPSC).,,,,,
We are honored to serve you.,We are honored to serve you.,We are honored to serve you.,"Please visit us at our website, www.herndon-va.gov,","Please visit us at our website, www.herndon-va.gov,","Please visit us at our website, www.herndon-va.gov,","Please visit us at our website, www.herndon-va.gov,","Please visit us at our website, www.herndon-va.gov,","Please visit us at our website, www.herndon-va.gov,","Please visit us at our website, www.herndon-va.gov,"
"(Public Safety), for current information and ongoing activities of the department.","(Public Safety), for current information and ongoing activities of the department.","(Public Safety), for current information and ongoing activities of the department.","(Public Safety), for current information and ongoing activities of the department.","(Public Safety), for current information and ongoing activities of the department.","(Public Safety), for current information and ongoing activities of the department.","(Public Safety), for current information and ongoing activities of the department.","(Public Safety), for current information and ongoing activities of the department.","(Public Safety), for current information and ongoing activities of the department.",
Maggie A. DeBoard,Maggie A. DeBoard,,,,,,,,
Chief of Police,Chief of Police,,,,,,,,
