Name: “Table 1 of 1 on page 17 of 27”,Name: “Table 1 of 1 on page 17 of 27”,Name: “Table 1 of 1 on page 17 of 27”
Table: 17,Table: 17,Table: 17
,,
Traffic Activity,Traffic Activity,
It is the mission of the Herndon Police Department to promote and increase safety on,It is the mission of the Herndon Police Department to promote and increase safety on,It is the mission of the Herndon Police Department to promote and increase safety on
the public roadways through selective traffic enforcement strategies and proactive,the public roadways through selective traffic enforcement strategies and proactive,the public roadways through selective traffic enforcement strategies and proactive
safety campaigns. Locations of selective enforcement were determined by many factors,safety campaigns. Locations of selective enforcement were determined by many factors,safety campaigns. Locations of selective enforcement were determined by many factors
"including citizen input, speed studies and review of accident data.","including citizen input, speed studies and review of accident data.","In 2012, the"
"department’s focused safety campaigns targeted the impaired driver, child safety,","department’s focused safety campaigns targeted the impaired driver, child safety,","department’s focused safety campaigns targeted the impaired driver, child safety,"
pedestrian violations and speeding. The department conducted enhanced enforcement,pedestrian violations and speeding. The department conducted enhanced enforcement,pedestrian violations and speeding. The department conducted enhanced enforcement
"efforts to deter and detect drivers under the influence, improve seatbelt and child","efforts to deter and detect drivers under the influence, improve seatbelt and child","efforts to deter and detect drivers under the influence, improve seatbelt and child"
safety seat usage and impact speeding.,A continuous effort exists to educate and,A continuous effort exists to educate and
inform the public on police operations and safety information through participation in,inform the public on police operations and safety information through participation in,inform the public on police operations and safety information through participation in
national and local mobilization safety campaigns.,,
Locations with highest number of accidents in 2012:,Locations with highest number of accidents in 2012:,Locations with highest number of accidents in 2012:
LOCATION,NUMBER,
1200 Block Elden Street,27,
1100 Block Elden Street,17,
Herndon Parkway/Sterling Road,14,
Worldgate Drive,13,
Elden Street/Grant Street,11,
