Name: “Table 1 of 1 on page 6 of 27”,Name: “Table 1 of 1 on page 6 of 27”,Name: “Table 1 of 1 on page 6 of 27”,Name: “Table 1 of 1 on page 6 of 27”,Name: “Table 1 of 1 on page 6 of 27”,Name: “Table 1 of 1 on page 6 of 27”,Name: “Table 1 of 1 on page 6 of 27”,Name: “Table 1 of 1 on page 6 of 27”,Name: “Table 1 of 1 on page 6 of 27”
Table: 6,Table: 6,Table: 6,Table: 6,Table: 6,Table: 6,Table: 6,Table: 6,Table: 6
,,,,,,,,
Major Accomplishments in 2012,Major Accomplishments in 2012,Major Accomplishments in 2012,Major Accomplishments in 2012,Major Accomplishments in 2012,,,,
New Chief of Police,New Chief of Police,,,,,,,
"The department welcomed Maggie A. DeBoard as the new Chief of Police,","The department welcomed Maggie A. DeBoard as the new Chief of Police,","The department welcomed Maggie A. DeBoard as the new Chief of Police,","The department welcomed Maggie A. DeBoard as the new Chief of Police,","The department welcomed Maggie A. DeBoard as the new Chief of Police,","The department welcomed Maggie A. DeBoard as the new Chief of Police,","The department welcomed Maggie A. DeBoard as the new Chief of Police,","The department welcomed Maggie A. DeBoard as the new Chief of Police,","The department welcomed Maggie A. DeBoard as the new Chief of Police,"
"following the retirement of Toussaint E. Summers, Jr. Chief DeBoard comes","following the retirement of Toussaint E. Summers, Jr. Chief DeBoard comes","following the retirement of Toussaint E. Summers, Jr. Chief DeBoard comes","following the retirement of Toussaint E. Summers, Jr. Chief DeBoard comes","following the retirement of Toussaint E. Summers, Jr. Chief DeBoard comes","following the retirement of Toussaint E. Summers, Jr. Chief DeBoard comes","following the retirement of Toussaint E. Summers, Jr. Chief DeBoard comes","following the retirement of Toussaint E. Summers, Jr. Chief DeBoard comes","following the retirement of Toussaint E. Summers, Jr. Chief DeBoard comes"
from Fairfax County Police Department where she served for more than 25,from Fairfax County Police Department where she served for more than 25,from Fairfax County Police Department where she served for more than 25,from Fairfax County Police Department where she served for more than 25,from Fairfax County Police Department where she served for more than 25,from Fairfax County Police Department where she served for more than 25,from Fairfax County Police Department where she served for more than 25,from Fairfax County Police Department where she served for more than 25,from Fairfax County Police Department where she served for more than 25
years.,Her,responsibilities,with,Fairfax,included,Deputy,Chief,–
"Investigations and Operations Support, Commander – Helicopter Division,","Investigations and Operations Support, Commander – Helicopter Division,","Investigations and Operations Support, Commander – Helicopter Division,","Investigations and Operations Support, Commander – Helicopter Division,","Investigations and Operations Support, Commander – Helicopter Division,","Investigations and Operations Support, Commander – Helicopter Division,","Investigations and Operations Support, Commander – Helicopter Division,","Investigations and Operations Support, Commander – Helicopter Division,","Investigations and Operations Support, Commander – Helicopter Division,"
"Commander – Special Operations Division, Captain – Franconia District","Commander – Special Operations Division, Captain – Franconia District","Commander – Special Operations Division, Captain – Franconia District","Commander – Special Operations Division, Captain – Franconia District","Commander – Special Operations Division, Captain – Franconia District","Commander – Special Operations Division, Captain – Franconia District","Commander – Special Operations Division, Captain – Franconia District","Commander – Special Operations Division, Captain – Franconia District","Commander – Special Operations Division, Captain – Franconia District"
"Station, and Major of a division patrol bureau.","Station, and Major of a division patrol bureau.","Station, and Major of a division patrol bureau.","Station, and Major of a division patrol bureau.","Station, and Major of a division patrol bureau.",,,,
Virginia Law Enforcement Challenge,Virginia Law Enforcement Challenge,,,,,,,
"In 2012, the Herndon Police Department was a third place winner of the Virginia Law","In 2012, the Herndon Police Department was a third place winner of the Virginia Law","In 2012, the Herndon Police Department was a third place winner of the Virginia Law","In 2012, the Herndon Police Department was a third place winner of the Virginia Law","In 2012, the Herndon Police Department was a third place winner of the Virginia Law","In 2012, the Herndon Police Department was a third place winner of the Virginia Law","In 2012, the Herndon Police Department was a third place winner of the Virginia Law","In 2012, the Herndon Police Department was a third place winner of the Virginia Law","In 2012, the Herndon Police Department was a third place winner of the Virginia Law"
"Enforcement Challenge, a program designed to encourage and promote traffic safety and","Enforcement Challenge, a program designed to encourage and promote traffic safety and","Enforcement Challenge, a program designed to encourage and promote traffic safety and","Enforcement Challenge, a program designed to encourage and promote traffic safety and","Enforcement Challenge, a program designed to encourage and promote traffic safety and","Enforcement Challenge, a program designed to encourage and promote traffic safety and","Enforcement Challenge, a program designed to encourage and promote traffic safety and","Enforcement Challenge, a program designed to encourage and promote traffic safety and","Enforcement Challenge, a program designed to encourage and promote traffic safety and"
"enforcement programs throughout Virginia with an emphasis on impaired driving, speeding and","enforcement programs throughout Virginia with an emphasis on impaired driving, speeding and","enforcement programs throughout Virginia with an emphasis on impaired driving, speeding and","enforcement programs throughout Virginia with an emphasis on impaired driving, speeding and","enforcement programs throughout Virginia with an emphasis on impaired driving, speeding and","enforcement programs throughout Virginia with an emphasis on impaired driving, speeding and","enforcement programs throughout Virginia with an emphasis on impaired driving, speeding and","enforcement programs throughout Virginia with an emphasis on impaired driving, speeding and","enforcement programs throughout Virginia with an emphasis on impaired driving, speeding and"
"aggressive driving, and seat belt and passenger safety enforcement.","aggressive driving, and seat belt and passenger safety enforcement.","aggressive driving, and seat belt and passenger safety enforcement.","aggressive driving, and seat belt and passenger safety enforcement.","aggressive driving, and seat belt and passenger safety enforcement.",The department was also,The department was also,The department was also,The department was also
recognized for the highest seat belt rate and the “most improved” in seat belt usage. The,recognized for the highest seat belt rate and the “most improved” in seat belt usage. The,recognized for the highest seat belt rate and the “most improved” in seat belt usage. The,recognized for the highest seat belt rate and the “most improved” in seat belt usage. The,recognized for the highest seat belt rate and the “most improved” in seat belt usage. The,recognized for the highest seat belt rate and the “most improved” in seat belt usage. The,recognized for the highest seat belt rate and the “most improved” in seat belt usage. The,recognized for the highest seat belt rate and the “most improved” in seat belt usage. The,recognized for the highest seat belt rate and the “most improved” in seat belt usage. The
department competes in this challenge annually.,department competes in this challenge annually.,department competes in this challenge annually.,,,,,,
Task Force Partnerships,,,,,,,,
The department values and seeks external law enforcement partnerships to facilitate specialized,The department values and seeks external law enforcement partnerships to facilitate specialized,The department values and seeks external law enforcement partnerships to facilitate specialized,The department values and seeks external law enforcement partnerships to facilitate specialized,The department values and seeks external law enforcement partnerships to facilitate specialized,The department values and seeks external law enforcement partnerships to facilitate specialized,The department values and seeks external law enforcement partnerships to facilitate specialized,The department values and seeks external law enforcement partnerships to facilitate specialized,The department values and seeks external law enforcement partnerships to facilitate specialized
investigations into specific crime issues.,investigations into specific crime issues.,The department has partnered with the Northern,The department has partnered with the Northern,The department has partnered with the Northern,The department has partnered with the Northern,The department has partnered with the Northern,The department has partnered with the Northern,The department has partnered with the Northern
Virginia Gang Task Force for nine years. It is a multi-jurisdictional partnership comprised of local,Virginia Gang Task Force for nine years. It is a multi-jurisdictional partnership comprised of local,Virginia Gang Task Force for nine years. It is a multi-jurisdictional partnership comprised of local,Virginia Gang Task Force for nine years. It is a multi-jurisdictional partnership comprised of local,Virginia Gang Task Force for nine years. It is a multi-jurisdictional partnership comprised of local,Virginia Gang Task Force for nine years. It is a multi-jurisdictional partnership comprised of local,Virginia Gang Task Force for nine years. It is a multi-jurisdictional partnership comprised of local,Virginia Gang Task Force for nine years. It is a multi-jurisdictional partnership comprised of local,Virginia Gang Task Force for nine years. It is a multi-jurisdictional partnership comprised of local
law enforcement to work together to thwart gang crime.,law enforcement to work together to thwart gang crime.,law enforcement to work together to thwart gang crime.,law enforcement to work together to thwart gang crime.,The department works with the,The department works with the,The department works with the,The department works with the,The department works with the
Virginia State Police on the Internet Crimes Against Children (ICAC) Task Force to conduct,Virginia State Police on the Internet Crimes Against Children (ICAC) Task Force to conduct,Virginia State Police on the Internet Crimes Against Children (ICAC) Task Force to conduct,Virginia State Police on the Internet Crimes Against Children (ICAC) Task Force to conduct,Virginia State Police on the Internet Crimes Against Children (ICAC) Task Force to conduct,Virginia State Police on the Internet Crimes Against Children (ICAC) Task Force to conduct,Virginia State Police on the Internet Crimes Against Children (ICAC) Task Force to conduct,Virginia State Police on the Internet Crimes Against Children (ICAC) Task Force to conduct,Virginia State Police on the Internet Crimes Against Children (ICAC) Task Force to conduct
investigations and identify and apprehend offenders of child victims of internet-based crimes.,investigations and identify and apprehend offenders of child victims of internet-based crimes.,investigations and identify and apprehend offenders of child victims of internet-based crimes.,investigations and identify and apprehend offenders of child victims of internet-based crimes.,investigations and identify and apprehend offenders of child victims of internet-based crimes.,investigations and identify and apprehend offenders of child victims of internet-based crimes.,investigations and identify and apprehend offenders of child victims of internet-based crimes.,investigations and identify and apprehend offenders of child victims of internet-based crimes.,
Exceptional Patrol Award,Exceptional Patrol Award,Exceptional Patrol Award,,,,,,
The American Society for Industrial Security (ASIS) recognized Senior Police,The American Society for Industrial Security (ASIS) recognized Senior Police,The American Society for Industrial Security (ASIS) recognized Senior Police,The American Society for Industrial Security (ASIS) recognized Senior Police,The American Society for Industrial Security (ASIS) recognized Senior Police,The American Society for Industrial Security (ASIS) recognized Senior Police,The American Society for Industrial Security (ASIS) recognized Senior Police,The American Society for Industrial Security (ASIS) recognized Senior Police,The American Society for Industrial Security (ASIS) recognized Senior Police
Officer Brian Hamilton for exceptional patrol efforts.,Officer Brian Hamilton for exceptional patrol efforts.,Officer Brian Hamilton for exceptional patrol efforts.,Officer Brian Hamilton for exceptional patrol efforts.,Officer Brian Hamilton for exceptional patrol efforts.,Officer Hamilton’s,Officer Hamilton’s,Officer Hamilton’s,Officer Hamilton’s
assistance was critical to the identification of a suspect who was falsely,assistance was critical to the identification of a suspect who was falsely,assistance was critical to the identification of a suspect who was falsely,assistance was critical to the identification of a suspect who was falsely,assistance was critical to the identification of a suspect who was falsely,assistance was critical to the identification of a suspect who was falsely,assistance was critical to the identification of a suspect who was falsely,assistance was critical to the identification of a suspect who was falsely,assistance was critical to the identification of a suspect who was falsely
identifying himself as a police officer and assaulting women in Herndon.,identifying himself as a police officer and assaulting women in Herndon.,identifying himself as a police officer and assaulting women in Herndon.,identifying himself as a police officer and assaulting women in Herndon.,identifying himself as a police officer and assaulting women in Herndon.,identifying himself as a police officer and assaulting women in Herndon.,identifying himself as a police officer and assaulting women in Herndon.,identifying himself as a police officer and assaulting women in Herndon.,identifying himself as a police officer and assaulting women in Herndon.
The ceremony was held at the AARP Building in Washington DC.,The ceremony was held at the AARP Building in Washington DC.,The ceremony was held at the AARP Building in Washington DC.,The ceremony was held at the AARP Building in Washington DC.,The ceremony was held at the AARP Building in Washington DC.,The ceremony was held at the AARP Building in Washington DC.,The ceremony was held at the AARP Building in Washington DC.,,
Mothers Against Drunk Driving (MADD) Award,Mothers Against Drunk Driving (MADD) Award,Mothers Against Drunk Driving (MADD) Award,,,,,,
"Officers Dyer, Farbry, and Ruffin were honored with","Officers Dyer, Farbry, and Ruffin were honored with","Officers Dyer, Farbry, and Ruffin were honored with","Officers Dyer, Farbry, and Ruffin were honored with",,,,,
MADD Awards in 2012 for their enforcement efforts,MADD Awards in 2012 for their enforcement efforts,MADD Awards in 2012 for their enforcement efforts,MADD Awards in 2012 for their enforcement efforts,,,,,
against alcohol impaired driving.,against alcohol impaired driving.,,,,,,,
Drunk Driving Arrests,,,,,,,,
Driving under the influence (DUI) arrests increased,Driving under the influence (DUI) arrests increased,Driving under the influence (DUI) arrests increased,Driving under the influence (DUI) arrests increased,,,,,
129 percent from 58 in 2011 to 133 in 2012.,129 percent from 58 in 2011 to 133 in 2012.,Alcohol,Alcohol,,,,,
related accidents decreased 35 percent from 29 in,related accidents decreased 35 percent from 29 in,related accidents decreased 35 percent from 29 in,related accidents decreased 35 percent from 29 in,,,,,
2011 to 19 in 2012.,,,,,,,,
