Name: “Table 1 of 1 on page 12 of 27”,Name: “Table 1 of 1 on page 12 of 27”,Name: “Table 1 of 1 on page 12 of 27”,Name: “Table 1 of 1 on page 12 of 27”,Name: “Table 1 of 1 on page 12 of 27”
Table: 12,Table: 12,Table: 12,Table: 12,Table: 12
,,,,
,,Crime Reporting,Crime Reporting,
"The department utilizes Incident Based Reporting (IBR), in line with national incident based","The department utilizes Incident Based Reporting (IBR), in line with national incident based","The department utilizes Incident Based Reporting (IBR), in line with national incident based","The department utilizes Incident Based Reporting (IBR), in line with national incident based","The department utilizes Incident Based Reporting (IBR), in line with national incident based"
"reporting standards, to compile statistical crime data.","reporting standards, to compile statistical crime data.","reporting standards, to compile statistical crime data.",The IBR format captures comprehensive,The IBR format captures comprehensive
information about each incident which includes the nature and types of specific offenses and,information about each incident which includes the nature and types of specific offenses and,information about each incident which includes the nature and types of specific offenses and,information about each incident which includes the nature and types of specific offenses and,information about each incident which includes the nature and types of specific offenses and
victim and offender data. Crime data is broken into Group A offenses (crimes against persons),victim and offender data. Crime data is broken into Group A offenses (crimes against persons),victim and offender data. Crime data is broken into Group A offenses (crimes against persons),victim and offender data. Crime data is broken into Group A offenses (crimes against persons),victim and offender data. Crime data is broken into Group A offenses (crimes against persons)
and Group B offenses (crimes against society).,and Group B offenses (crimes against society).,and Group B offenses (crimes against society).,"Group A offenses include murder, sex offenses,","Group A offenses include murder, sex offenses,"
"robbery, assaults, burglary, larceny, motor vehicle theft, fraud, vandalism, drug offenses,","robbery, assaults, burglary, larceny, motor vehicle theft, fraud, vandalism, drug offenses,","robbery, assaults, burglary, larceny, motor vehicle theft, fraud, vandalism, drug offenses,","robbery, assaults, burglary, larceny, motor vehicle theft, fraud, vandalism, drug offenses,","robbery, assaults, burglary, larceny, motor vehicle theft, fraud, vandalism, drug offenses,"
prostitution and weapons violations.,prostitution and weapons violations.,"Group B offenses include charges such as bad checks,","Group B offenses include charges such as bad checks,","Group B offenses include charges such as bad checks,"
"loitering, disorderly conduct, driving under the influence, drunk in public, family offenses (non-","loitering, disorderly conduct, driving under the influence, drunk in public, family offenses (non-","loitering, disorderly conduct, driving under the influence, drunk in public, family offenses (non-","loitering, disorderly conduct, driving under the influence, drunk in public, family offenses (non-","loitering, disorderly conduct, driving under the influence, drunk in public, family offenses (non-"
"violent), liquor law violations, peeping tom, runaway, trespassing and conspiracy to commit","violent), liquor law violations, peeping tom, runaway, trespassing and conspiracy to commit","violent), liquor law violations, peeping tom, runaway, trespassing and conspiracy to commit","violent), liquor law violations, peeping tom, runaway, trespassing and conspiracy to commit","violent), liquor law violations, peeping tom, runaway, trespassing and conspiracy to commit"
,crimes.,,,
Group A Offenses,,,,
,,Total Group A Offenses by Year,Total Group A Offenses by Year,
"1,500",,,,
"1,250",,,,
,"1,305",,,
,,"1,170",,
"1,000",,,,
,,,"1,072","1,003"
750,,,,
500,,,,
250,,,,
,0,,,
,2009,2010,2011,2012
,,,Year,
Group B Offenses,,,,
,,Group B Offenses by Year,Group B Offenses by Year,
,500,,,
,450,,,
,447,,,
,400,,,
,350,,,
,,350,,347
,300,,311,
,250,,,
,200,,,
,150,,,
,100,,,
,50,,,
,0,,,
,2009,2010,2011,2012
