CRIME,DATE,CASE,ADRESS,icon
LARCENY - ALL OTHER,10/1/2011 15:25:00,201105901,"2200 BLOCK JEFFERSON PARK AVE, Charlottesville, VA 22903",large_blue
VANDALISM/DESTRUCTION OF PROPERTY,10/1/2011 12:30:00,201105961,"2400 BLOCK JEFFERSON PARK AVE, Charlottesville, VA 22903",large_yellow
ASSAULT - SIMPLE,10/10/2011 16:30:00,201106079,"100 BLOCK MONTE VISTA AVE, Charlottesville, VA 22903",large_red
ASSAULT - AGGRAVATED,10/13/2011 11:36:00,201106136,"100 BLOCK MONTE VISTA AVE, Charlottesville, VA 22903",large_red
VANDALISM/DESTRUCTION OF PROPERTY,10/17/2011 6:48:00,201106221,"1700 BLOCK CHERRY AVE, Charlottesville, VA 22903",large_yellow
ASSAULT - INTIMIDATION,10/20/2011 22:40:00,201106319,"200 BLOCK STRIBLING AVE, Charlottesville, VA 22903",large_red
VANDALISM/DESTRUCTION OF PROPERTY,10/20/2011 23:30:00,201106325,"2300 BLOCK JEFFERSON PARK AVE, Charlottesville, VA 22903",large_yellow
VANDALISM/DESTRUCTION OF PROPERTY,10/20/2011 22:00:00,201106326,"2400 BLOCK SUNSET RD, Charlottesville, VA 22903",large_yellow
LARCENY - ALL OTHER,10/16/2011 17:00:00,201106333,"2400 BLOCK JEFFERSON PARK AVE, Charlottesville, VA 22903",large_blue
VANDALISM/DESTRUCTION OF PROPERTY,10/21/2011 20:00:00,201106386,"200 BLOCK SUNSET AVE, Charlottesville, VA 22903",large_yellow
VANDALISM/DESTRUCTION OF PROPERTY,10/20/2011 18:00:00,201106437,"100 BLOCK STRIBLING AVE, Charlottesville, VA 22903",large_yellow
TRAFFIC - HIT AND RUN,10/28/2011 20:00:00,201106560,"1600 BLOCK CENTER AVE, Charlottesville, VA 22903",
VANDALISM/DESTRUCTION OF PROPERTY,10/30/2011 8:00:00,201106590,"200 BLOCK SHAMROCK RD, Charlottesville, VA 22903",large_yellow
ASSAULT - SIMPLE,10/28/2011 12:00:00,201106620,"300 BLOCK MIDDLETON LANE, Charlottesville, VA 22903",large_red
DRUG/NARCOTIC VIOLATIONS,11/1/2011 8:01:00,201106637,"100 BLOCK HILTON DR, Charlottesville, VA 22903",large_green
VANDALISM/DESTRUCTION OF PROPERTY,11/1/2011 8:01:00,201106637,"100 BLOCK HILTON DR, Charlottesville, VA 22903",large_yellow
DRUG/NARCOTIC VIOLATIONS,2011-11-05  3:40,201106738,"200 BLOCK STRIBLING AVE, Charlottesville, VA 22903",large_green
FRAUD - FALSE PRETENSES/SWINDLE/CONFIDENCE GAME,2011-11-01  0:01,201107232,"2700 BLOCK MCELROY DR, Charlottesville, VA 22903",
LARCENY - THEFT FROM BUILDING,2011-11-14  19:00,201107036,"200 BLOCK STRIBLING AVE, Charlottesville, VA 22903",large_blue
LARCENY - THEFT FROM MOTOR VEHICLE,2011-11-17  2:00,201107054,"200 BLOCK OLD LYNCHBURG RD, Charlottesville, VA 22903",large_blue
MOTOR VEHICLE THEFT,2011-11-23  18:00,201107215,"1700 BLOCK CHERRY AVE, Charlottesville, VA 22903",
TRAFFIC - HIT AND RUN,2011-11-11  21:00,201106889,"200 BLOCK OLD LYNCHBURG RD, Charlottesville, VA 22903",
VANDALISM/DESTRUCTION OF PROPERTY,2011-11-30  19:00,201107370,"2500 BLOCK WOODLAND DR, Charlottesville, VA 22903",large_yellow
VANDALISM/DESTRUCTION OF PROPERTY,2011-11-30  15:00,201107377,"2700 BLOCK MCELROY DR, Charlottesville, VA 22903",large_yellow
VANDALISM/DESTRUCTION OF PROPERTY,2011-11-22  19:00,201107202,"2500 BLOCK JEFFERSON PARK AVE, Charlottesville, VA 22903",large_yellow
VANDALISM/DESTRUCTION OF PROPERTY,2011-11-17  12:00,201107118,"1700 BLOCK CHERRY AVE, Charlottesville, VA 22903",large_yellow
VANDALISM/DESTRUCTION OF PROPERTY,2011-11-17  2:00,201107054,"200 BLOCK OLD LYNCHBURG RD, Charlottesville, VA 22903",large_yellow
VANDALISM/DESTRUCTION OF PROPERTY,2011-11-13  0:01,201106935,"200 BLOCK SUNSET AVE, Charlottesville, VA 22903",large_yellow
VANDALISM/DESTRUCTION OF PROPERTY,2011-11-05  3:40,201106738,"200 BLOCK STRIBLING AVE, Charlottesville, VA 22903",large_yellow
LARCENY - ALL OTHER,12/19/11 15:30,201107890,"200 BLOCK MONTE VISTA AVE, charlottesville, VA 22903",large_blue
LARCENY - THEFT FROM MOTOR VEHICLE,12/25/11 20:30,201107923,"1620 BLOCK CENTER AVE, charlottesville, VA 22903",large_blue
LARCENY - THEFT FROM MOTOR VEHICLE,12/13/11 6:30,201107664,"200 BLOCK ROBERTSON AVE, charlottesville, VA 22903",large_blue
LARCENY - THEFT FROM MOTOR VEHICLE,12/11/11 0:01,201107623,"200 BLOCK SUNSET AVE, charlottesville, VA 22903",large_blue
LARCENY - THEFT FROM MOTOR VEHICLE,12/10/11 21:00,201107609,"2410 BLOCK SUNSET RD, charlottesville, VA 22903",large_blue
LARCENY - THEFT FROM MOTOR VEHICLE,12/7/11 20:00,201107565,"200 BLOCK STRIBLING AVE, charlottesville, VA 22903",large_blue
LARCENY - THEFT OF MOTOR VEHICLE PARTS/ACCESSORIES,12/14/11 8:00,201107700,"1600 BLOCK CENTER AVE, charlottesville, VA 22903",large_blue
TRAFFIC - HIT AND RUN,12/31/11 13:00,201108021,"100 BLOCK ROBERTSON AVE, charlottesville, VA 22903",
VANDALISM/DESTRUCTION OF PROPERTY,12/10/11 21:00,201107609,"2400 BLOCK SUNSET RD, charlottesville, VA 22903",large_yellow
DRUG/NARCOTIC VIOLATIONS,2012-01-24  2:43,201200468,"200 BLOCK SHAMROCK RD Charlottesville, VA",large_green
FRAUD - CREDIT CARD/ATM,2012-01-16  8:00,201200364,"2200 BLOCK HILL ST Charlottesville, VA",
LARCENY - ALL OTHER,2012-01-28  1:00,201200591,"200 BLOCK ROBERTSON AVE Charlottesville, VA",large_blue
LARCENY - ALL OTHER,2012-01-26  12:00,201200498,"2500 BLOCK WOODLAND DR Charlottesville, VA",large_blue
LARCENY - ALL OTHER,2012-01-12  16:48,201200223,"100 BLOCK STRIBLING AVE Charlottesville, VA",large_blue
LARCENY - THEFT FROM BUILDING,2012-01-03  0:01,201200064,"2200 BLOCK JEFFERSON PARK AVE Charlottesville, VA",large_blue
LARCENY - THEFT FROM MOTOR VEHICLE,2012-01-26  17:00,201200510,"100 BLOCK HARRIS RD Charlottesville, VA",large_blue
LARCENY - THEFT FROM MOTOR VEHICLE,2012-01-21  20:00,201200421,"2300 BLOCK HIGHLAND AVE Charlottesville, VA",large_blue
MOTOR VEHICLE THEFT,2012-01-10  18:00,201200224,"2400 BLOCK JEFFERSON PARK AVE Charlottesville, VA",large_blue
VANDALISM/DESTRUCTION OF PROPERTY,2012-01-15  3:00,201200272,"1600 BLOCK CHERRY AVE Charlottesville, VA",large_yellow
LARCENY - ALL OTHER,2012-02-12  13:00,201201375,"200 BLOCK STRIBLING AVE, Charlottesville, VA  22903",large_blue
SEX OFFENSE - FORCIBLE FONDLING,2012-02-15  2:30,201200990,"2500 BLOCK JEFFERSON PARK AVE, Charlottesville, VA  22903",
TRAFFIC - HIT AND RUN,2012-02-05  0:01,201200810,"2300 BLOCK HIGHLAND AVE, Charlottesville, VA  22903",
VANDALISM/DESTRUCTION OF PROPERTY,2012-02-26  18:00,201201199,"2600 BLOCK JEFFERSON PARK CIR, Charlottesville, VA  22903",large_yellow
VANDALISM/DESTRUCTION OF PROPERTY,2012-02-18  15:00,201201100,"2400 BLOCK JEFFERSON PARK AVE, Charlottesville, VA  22903",large_yellow
VANDALISM/DESTRUCTION OF PROPERTY,2012-02-16  19:30,201200985,"0 BLOCK MOBILE LN, Charlottesville, VA  22903",large_yellow
VANDALISM/DESTRUCTION OF PROPERTY,2012-02-15  21:30,201200944,"2700 BLOCK MCELROY DR, Charlottesville, VA  22903",large_yellow
VANDALISM/DESTRUCTION OF PROPERTY,2012-02-14  23:30,201200930,"2600 BLOCK JEFFERSON PARK AVE, Charlottesville, VA  22903",large_yellow
VANDALISM/DESTRUCTION OF PROPERTY,2012-02-01  8:00,201200659,"2200 BLOCK JEFFERSON PARK AVE, Charlottesville, VA  22903",large_yellow
ASSAULT - SIMPLE,2012-03-08  14:46,201201410,"200 BLOCK SHAMROCK RD, Charlottesville, VA  22903",large_red
DRUG/NARCOTIC VIOLATIONS,2012-03-06  21:40,201201370,"2700 BLOCK MCELROY DR, Charlottesville, VA  22903",large_green
LARCENY - THEFT FROM MOTOR VEHICLE,2012-03-28  18:30,201201866,"2200 BLOCK JEFFERSON PARK AVE, Charlottesville, VA  22903",large_blue
LARCENY - THEFT FROM MOTOR VEHICLE,2012-03-16  0:01,201201578,"2300 BLOCK CENTER AVE, Charlottesville, VA  22903",large_blue
TRAFFIC - HIT AND RUN,2012-03-20  19:31,201201660,"200 BLOCK SHAMROCK RD, Charlottesville, VA  22903",
VANDALISM/DESTRUCTION OF PROPERTY,2012-03-16  0:01,201201578,"2300 BLOCK CENTER AVE, Charlottesville, VA  22903",large_yellow
VANDALISM/DESTRUCTION OF PROPERTY,2012-03-14  15:19,201201533,"2400 BLOCK JEFFERSON PARK AVE, Charlottesville, VA  22903",large_yellow
VANDALISM/DESTRUCTION OF PROPERTY,2012-03-09  23:05,201201440,"2400 BLOCK SUNSET RD, Charlottesville, VA  22903",large_yellow
VANDALISM/DESTRUCTION OF PROPERTY,2012-03-08  8:25,201201395,"1700 BLOCK CHERRY AVE, Charlottesville, VA  22903",large_yellow
VANDALISM/DESTRUCTION OF PROPERTY,2012-03-07  19:00,201201393,"200 BLOCK SUNSET AVE, Charlottesville, VA  22903",large_yellow
VANDALISM/DESTRUCTION OF PROPERTY,2012-03-07  8:27,201201372,"2300 BLOCK JEFFERSON PARK AVE, Charlottesville, VA  22903",large_yellow
ASSAULT - AGGRAVATED,2012-04-03  23:47,201201999,"200 BLOCK SHAMROCK RD Charlottesville, Va",large_red
ASSAULT - SIMPLE,2012-04-14  1:36,201202272,"2500 BLOCK JEFFERSON PARK AVE Charlottesville, Va",large_red
ASSAULT - SIMPLE,2012-04-14  0:53,201202268,"2500 BLOCK JEFFERSON PARK AVE Charlottesville, Va",large_red
DRUG/NARCOTIC VIOLATIONS,2012-04-14  2:50,201202245,"2500 BLOCK JEFFERSON PARK AV Charlottesville, Va",large_green
FRAUD - CREDIT CARD/ATM,2012-04-10  18:28,201202175,"100 BLOCK TROOST CT Charlottesville, Va",
FRAUD - IMPERSONATION,2012-04-17  21:00,201202362,"100 BLOCK TROOST CT Charlottesville, Va",
LARCENY - ALL OTHER,2012-04-25  13:56,201202564,"1500 BLOCK BROAD AVE Charlottesville, Va",large_blue
LARCENY - THEFT OF MOTOR VEHICLE PARTS/ACCESSORIES,2012-04-27  17:45,201202574,"200 BLOCK SHAMROCK RD Charlottesville, Va",large_blue
TRAFFIC - HIT AND RUN,2012-04-01  1:00,201201943,"100 BLOCK CAMELLIA DR Charlottesville, Va",
VANDALISM/DESTRUCTION OF PROPERTY,2012-04-25  13:56,201202564,"1500 BLOCK BROAD AVE Charlottesville, Va",large_yellow
VANDALISM/DESTRUCTION OF PROPERTY,2012-04-15  12:17,201202284,"300 BLOCK OLD LYNCHBURG RD Charlottesville, Va",large_yellow
VANDALISM/DESTRUCTION OF PROPERTY,2012-04-15  12:17,201202283,"300 BLOCK OLD LYNCHBURG RD Charlottesville, Va",large_yellow
VANDALISM/DESTRUCTION OF PROPERTY,2012-04-14  0:53,201202268,"2500 BLOCK JEFFERSON PARK AVE Charlottesville, Va",large_yellow
ASSAULT - SIMPLE,2012-05-04  0:01,201202845,"200 BLOCK SHAMROCK RD, CHARLOTTESVILLE, VA",large_red
BURGLARY/BREAKING AND ENTERING,2012-05-26  8:00,201203300,"200 BLOCK SHAMROCK RD, CHARLOTTESVILLE, VA",
MOTOR VEHICLE THEFT,2012-05-03  22:00,201202714,"100 BLOCK HILTON DR, CHARLOTTESVILLE, VA",
VANDALISM/DESTRUCTION OF PROPERTY,2012-05-26  21:30,201203262,"500 BLOCK MOSELEY DR, CHARLOTTESVILLE, VA",large_yellow
VANDALISM/DESTRUCTION OF PROPERTY,2012-05-25  21:00,201203256,"200 BLOCK MONTE VISTA AVE, CHARLOTTESVILLE, VA",large_yellow
VANDALISM/DESTRUCTION OF PROPERTY,2012-05-20  1:00,201203107,"100 BLOCK HARRIS RD, CHARLOTTESVILLE, VA",large_yellow
BURGLARY/BREAKING AND ENTERING,2012-09-06  23:45,201205509,"200 BLOCK STRIBLING AVE, Charlottesville, VA",
TRAFFIC - HIT AND RUN,2012-09-27  2:30,201206015,"2500 BLOCK JEFFERSON PARK AVE, Charlottesville, VA",
TRAFFIC - HIT AND RUN,2012-09-20  21:30,201205885,"1600 BLOCK MULBERRY AVE, Charlottesville, VA",
WEAPON LAW OFFENSE,2012-09-16  22:10,201205764,"200 BLOCK SHAMROCK RD, Charlottesville, VA",
