Bureau of Justice Statistics,,,,,,
filename:  cv0598.csv,,,,,,
"Table 98. Percent of victimizations reported to the police, by type of crime and form of tenure",,,,,,
"data source: National Criminal Victimization Survey, 2005  NCJ 215244",,,,,,
produced by:  Cathy Maston ,,,,,,
authors:  Patsy Klaus and Cathy Maston,,,,,,
refer questions to: askbjs@usdoj.gov  202-307-0765,,,,,,
data of version:  12/08/06,,,,,,

"Table 98. Property crimes, 2005: Percent of victimizations reported to the police, by type of crime and form of tenure",,,,,,
,Percent of victimizations reported to the police,,,,,
Type of crime,Both forms,,Owned,,Rented,
Property crimes,39.6,%,40.4,%,38.3,%
   Household burglary,56.3,,58.4,,53.2,
      Completed,57.1,,59,,54.5,
         Forcible entry,74.7,,78,,70.8,
         Unlawful entry without force,46.9,,49.1,,43.4
      Attempted forcible entry,51.7,,55.6,,46.3
   Motor vehicle theft,83.2,,84.2,,82.3
      Completed,92.4,,95.3,,89.8
      Attempted,48.2,,47.9,,48.7
   Theft,32.3,,33.6,,30.1
      Completed,32,,33.3,,30
         Less than $50,18.6,,18.7,,18.6
         $50 - $249,27.6,,28.7,,26.2
         $250 or more,52.7,,56.5,,47.3
         Amount not available,39,,40.6,,34.4
      Attempted,38.6,,41.4,,33.5
