Bureau of Justice Statistics,,,,,,,,,,,
Filename: vit12t06,,,,,,,,,,,
"Table 6. Actions victims and nonvictims took during the past 12 months to reduce the risk of identity theft, by whether the action was taken in response to the theft, 2012",,,,,,,,,,,
"Report title: Victims of Identity Theft, 2012 NCJ 243779",,,,,,,,,,,
"Data source: BJS National Crime Victimization Survey, Identity Theft Supplement, 2012",,,,,,,,,,,
Authors: Erika Harrell and Lynn Langton,,,,,,,,,,,
Refer questions to: askbjs@usdoj.gov 202-307-0765,,,,,,,,,,,
Date of release: 12/12/13,,,,,,,,,,,
,,,,,,,,,,,
"Table 6. Actions victims and nonvictims took during the past 12 months to reduce the risk of identity theft, by whether the action was taken in response to the theft, 2012",,,,,,,,,,,
,,Percent of persons age 16 or older,,,,,,,,,
,,,,,,Victim during prior 12 months,,,,,
Type of action,,,,,,,,,,Action taken independently ,
,,Total,,Nonvictims,,Total,,Action taken in response to identity theft,,of identity theft in past year,
,Any,84.5,%,83.7,%,96.4,%,11.8,%,84.6,%
Checked credit report,,37.9,,36.8,,53.1,,15,,38.1,
Changed passwords on financial accounts,,28.6,,26.6,,56.1,,24.4,,31.7,
Purchased identity theft insurance/credit monitoring service,,5.3,,4.9,,11.8,,5.7,,6.1,
Shredded/destroyed documents with personal information,,67.4,,66.5,,79.8,,13,,66.8,
Checked bank or credit statements,,74.8,,73.6,,91.8,,25.6,,66.2,
Used identity theft security program on computer,,16.6,,16.1,,24.5,,5.7,,18.8,
Purchased identity theft protection,,3.5,,3.2,,6.8,,3.9,,3,
Note: Estimates are based on the most recent incident of identity theft. About 1% of victims and nonvictims did not know or did not report whether actions were taken. See appendix table 21 for standard errors.,,,,,,,,,,,
"Source: Bureau of Justice Statistics, National Crime Victimization Survey, Identity Theft Supplement, 2012. ",,,,,,,,,,,
