Bureau of Justice Statistics,,,,,
Filename: vit12at04,,,,,
"Appendix table 4. Estimates and standard errors for figure 3: Identity theft victims who knew how their personal information was obtained, by type of theft, 2012",,,,,
"Report title: Victims of Identity Theft, 2012 NCJ 243779",,,,,
"Data source: BJS National Crime Victimization Survey, Identity Theft Supplement, 2012",,,,,
Authors: Erika Harrell and Lynn Langton,,,,,
Refer questions to: askbjs@usdoj.gov 202-307-0765,,,,,
Date of release: 12/12/13,,,,,
 ,,,,,
"Appendix table 4. Estimates and standard errors for figure 3: Identity theft victims who knew how their personal information was obtained, by type of theft, 2012",,,,,
Type of identity theft,,Estimate,,Standard error,
,Total,32,%,1.6,%
Existing credit card account,,24.4,,1.9,
Exsiting bank account,,35.4,,2.3,
Other existing account,,39,,4.3,
New account,,36.7,,5.2,
Personal information,,33.4,,5.2,
Multiple types*,,46.5,,4.3,
*Includes victims who experienced more than one type of identity theft in a single incident.,,,,,
"Source: Bureau of Justice Statistics, National Crime Victimization Survey, Identity Theft Supplement, 2012.",,,,,
