Bureau of Justice Statistics,,,,
Filename: vit12t04,,,,
"Table 4. Mean, median, and total losses attributed to property crime and identity theft, 2012",,,,
"Report title: Victims of Identity Theft, 2012 NCJ 243779",,,,
"Data source: BJS National Crime Victimization Survey, Identity Theft Supplement, 2012",,,,
Authors: Erika Harrell and Lynn Langton,,,,
Refer questions to: askbjs@usdoj.gov 202-307-0765,,,,
Date of release: 12/12/13,,,,
,,,,
"Table 4. Mean, median, and total losses attributed to property crime and identity theft, 2012",,,,
,,Mean,Median,Total (in thousands)
Identity theft/a,,"$2,183 ",$300 ,"$24,696,300 "
Property crime/b,,$915 ,$150 ,"$13,991,700 "
,Burglary,"2,378",600,"5,234,800"
,Motor vehicle theft,"7,963","4,000","3,079,900"
,Theft,447,100,"5,677,000"
Note: See appendix table 6 for standard errors.,,,,
a/Based on 11.3 million persons 16 or older who experienced one or more incidents of identity theft with known losses of $1 or more. ,,,,
"b/Based on 15.3 million household property crimes, 2.2 million burglaries, 400,000 motor vehicle thefts, and 12.7 million household thefts with known losses of $1 or more. In 2012, 19% of completed burglaries had unknown loss amounts. ",,,,
"Source: Bureau of Justice Statistics, National Crime Victimization Survey, 2012, and National Crime Victimization Survey, Identity Theft Supplement, 2012.",,,,
