Bureau of Justice Statistics,,
Filename: vit12f05,,
"Figure 5. Victims who experienced financial or legal problems as a result identity theft, by type of theft, 2012",,
"Report title: Victims of Identity Theft, 2012 NCJ 243779",,
"Data source: BJS National Crime Victimization Survey, Identity Theft Supplement, 2012",,
Authors: Erika Harrell and Lynn Langton,,
Refer questions to: askbjs@usdoj.gov 202-307-0765,,
Date of release: 12/12/13,,
,,
"Figure 5. Victims who experienced financial or legal problems as a result identity theft, by type of theft, 2012",,
,Exisiting account misuse/a,Other identity theft/b
Credit-related problems/c,1.6,11.6
Banking problems/d,1.6,6.7
Problems with debt collectors,1.7,16.7
Utilities cut off or new service denied,0.5,1.7
Legal problems/e,0.2,2.9
Other problems/f,0.3,2.6
Note: Estimates are based on the most recent identity theft incident. See appendix table 10 for estimates and standard errors.,,
a/Includes victims who experienced multiple types of existing account misuse. ,,
b/Includes identity theft incidents involving the misuse of personal information to open a new account or for other fraudulent purposes. ,,
"c/Includes problems such as having to correct the same information on a credit report repeatedly, being turned down for credit or loans, or paying higher interest rates. ",,
d/Includes problems such as being turned down for a checking account or having checks bounce. ,,
"e/Includes being the subject of a lawsuit or other criminal proceedings, or being arrested.  ",,
"f/Includes problems such as being turned down for a job, losing a job, or problems with income taxes.   ",,
"Source: Bureau of Justice Statistics, National Crime Victimization Survey, Identity Theft Supplement, 2012.  ",,
