Bureau of Justice Statistics,,,
Filename: vit12f09,,,
"Figure 9. Identity theft victims who reported work/school or family/friend problems or distress, by length of time spent resolving associated financial and credit problems, 2012",,,
"Report title: Victims of Identity Theft, 2012 NCJ 243779",,,
"Data source: BJS National Crime Victimization Survey, Identity Theft Supplement, 2012",,,
Authors: Erika Harrell and Lynn Langton,,,
Refer questions to: askbjs@usdoj.gov 202-307-0765,,,
Date of release: 12/12/13,,,
,,,
"Figure 9. Identity theft victims who reported work/school or family/friend problems or distress, by length of time spent resolving associated financial and credit problems, 2012",,,
,,,
Time spent resolving problems due to identity theft,Work/school problems/a,Family/friend problems/b,Feelings that incident was severely distressing
1 day or less,0.4,1.6,3.9
2 to 7 days,0.5,2.4,7.2
8 days to less than 1 month,1.4,4.6,13.6
1 to less than 3 months,2.7,1.8,18.4
3 to less than 6 months,1.4,14.1,34.3
6 months or more,3,14.4,46.6
Note: Estimates are based on the most recent incident of identity theft. See appendix table 16 for estimates and standard errors.,,,
"a/Includes victims reporting significant problems with job or school, such as trouble with boss, coworker, or peers.",,,
"b/Includes victims reporting significant problems with family members or friends, including getting into more arguments or fights than before, not feeling able to trust them as much, or not feeling as close to them as before the crime.",,,
"Source: Bureau of Justice Statistics, National Crime Victimization Survey, Identity Theft Supplement, 2012.",,,
