Bureau of Justice Statistics,,,
Filename: vit12t03,,,
"Table 3. Identity theft victims who knew something about the offender, by type of theft, 2012",,,
"Report title: Victims of Identity Theft, 2012 NCJ 243779",,,
"Data source: BJS National Crime Victimization Survey, Identity Theft Supplement, 2012",,,
Authors: Erika Harrell and Lynn Langton,,,
Refer questions to: askbjs@usdoj.gov 202-307-0765,,,
Date of release: 12/12/13,,,
,,,
"Table 3. Identity theft victims who knew something about the offender, by type of theft, 2012",,,
Type of identity theft,,Victim knew something about the offender,
,Total,8.6,%
Existing account,,6.6,
,Credit card,2.7,
,Bank,9.2,
,Other,15.9,
New account,,24.6,
Personal information,,22.9,
Multiple types,,15.1,
,Existing account/a,11,
,Other/b,23.1,
Note: Estimates are based on the most recent incident of identity theft. See appendix table 5 for standard errors. ,,,
"a/Includes victims who experienced two or more of the following: unauthorized use of a credit card, bank account, or other existing account.",,,
"b/Includes victims who experienced two or more of the following: unauthorized use of an existing account, misuse of personal information to open a new account, or misuse of personal information for other fraudulent purposes.",,,
"Source: Bureau of Justice Statistics, National Crime Victimization Survey, Identity Theft Supplement, 2012.",,,
