Bureau of Justice Statistics,,,,,,,,,,,
Filename: vit12at09,,,,,,,,,,,
"Appendix table 9. Standard errors for appendix table 8: Financial loss among victims who experienced at least one attempted or successful identity theft incident during the previous 12 months, by type of theft and type of loss, 2012",,,,,,,,,,,
"Report title: Victims of Identity Theft, 2012 NCJ 243779",,,,,,,,,,,
"Data source: BJS National Crime Victimization Survey, Identity Theft Supplement, 2012",,,,,,,,,,,
Authors: Erika Harrell and Lynn Langton,,,,,,,,,,,
Refer questions to: askbjs@usdoj.gov 202-307-0765,,,,,,,,,,,
Date of release: 12/12/13,,,,,,,,,,,
,,,,,,,,,,,
"Appendix table 9. Standard errors for appendix table 8: Financial loss among victims who experienced at least one attempted or successful identity theft incident during the previous 12 months, by type of theft and type of loss, 2012",,,,,,,,,,,
,,,Existing account,,,,,,Multiple types,,
,,Total identity ,,,,,New ,,,,
,,theft,Total,Credit card,Bank,Other,account,Personal information,Total,Existing account,Other
,Total number of victims,"750,223","673,954","414,852","394,659","129,787","92,348","87,000","136,881","104,263","68,425"
Combined direct and indirect loss,,,,,,,,,,,
,Mean,"$3,051 ","$2,281 ","$2,737 ","$1,718 ","$2,303 ","$6,057 ","$11,700 ","$4,149 ","$3,856 ","$4,660 "
,Percent experiencing a loss,1.7,1.8,2.3,2.2,4.5,5.4,5.4,4.1,4.8,6.2
Direct loss,,,,,,,,,,,
,Mean,"$2,712 ","$2,275 ","$2,750 ","$1,674 ","$2,338 ","$6,361 ","$7,484 ","$3,369 ","$2,454 ","$4,749 "
,Percent experiencing a loss,1.7,1.8,2.3,2.2,4.5,5.4,5.2,4.1,4.8,6.4
Direct out-of-pocket loss,,,,,,,,,,,
,Mean,"$4,866 ","$3,408 ","$4,784 ","$3,037 ","$2,896 ","$2,894 ","$10,985 ","$6,973 ","$4,482 ","$9,283 "
,Percent experiencing a loss,0.8,0.8,0.6,1.3,2.9,2.8,3.8,3.2,3.5,5.6
Indirect loss,,,,,,,,,,,
,Mean,"$4,779 ","$1,134 ",$438 ,"$1,482 ",$814 ,$606 ,"$15,942 ","$5,747 ","$9,280 ","$1,304 "
,Percent experiencing a loss,0.7,0.6,0.7,1,2,3,3.6,2.6,2.4,5.3
Total out-of-pocket loss,,,,,,,,,,,
,Mean,"$5,152 ","$2,863 ","$3,244 ","$2,745 ","$2,563 ","$2,106 ","$15,101 ","$7,208 ","$7,021 ","$7,382 "
,Percent experiencing a loss,1,1,1,1.6,3.3,3.9,4.6,3.7,3.9,6.4
"Source: Bureau of Justice Statistics, National Crime Victimization Survey, Identity Theft Supplement, 2012.",,,,,,,,,,,
