Bureau of Justice Statistics,,,,,,,,,,,,,,,,,,,,,,,
Filename: vit12at13,,,,,,,,,,,,,,,,,,,,,,,
"Appendix table 13. Identity theft victims who resolved associated problems and length of time spent resolving problems, 2012",,,,,,,,,,,,,,,,,,,,,,,
"Report title: Victims of Identity Theft, 2012 NCJ 243779",,,,,,,,,,,,,,,,,,,,,,,
"Data source: BJS National Crime Victimization Survey, Identity Theft Supplement, 2012",,,,,,,,,,,,,,,,,,,,,,,
Authors: Erika Harrell and Lynn Langton,,,,,,,,,,,,,,,,,,,,,,,
Refer questions to: askbjs@usdoj.gov 202-307-0765,,,,,,,,,,,,,,,,,,,,,,,
Date of release: 12/12/13,,,,,,,,,,,,,,,,,,,,,,,
,,,,,,,,,,,,,,,,,,,,,,,
"Appendix table 13. Identity theft victims who resolved associated problems and length of time spent resolving problems, 2012",,,,,,,,,,,,,,,,,,,,,,,
,,,,,,Existing account,,,,,,,,,,,,Multiple types,,,,,
,,,,Total identity ,,,,Credit ,,,,,,New ,,,,,,Existing ,,,
Time to resolve,,,,theft,,Total,,card,,Bank,,Other,,account,,Personal information,,Total,,account,,Other,
Victim resolved problems associated with theft,,,,,,,,,,,,,,,,,,,,,,,
,No,,,8.8,%,6.4,%,4.7,%,7,%,13.2,%,25.7,%,34.2,%,13.5,%,9.7,%,20.8,%
,Yes,,,86.2,,89.7,,91.7,,89.4,,79.6,,57,,45.7,,83.3,,88.5,,73.3,
,,Length of time to resolve problems,,,,,,,,,,,,,,,,,,,,,
,,,1 day or less,52.3,,54.2,,60.9,,46.1,,57.7,,41.9,,42.8,,36.4,,42.4,,22.6,
,,,2 to 7 days,19.3,,19,,17.7,,20.7,,17.6,,17.3,,14.4,,24.4,,24.2,,25.1,
,,,8 days to less than 1 month,17.7,,17.6,,12.5,,23.9,,13.4,,15.9,,11.5,,21.2,,22.4,,18.6,
,,,1 month to less than 3 months,7.3,,6.6,,6.2,,7,,7.4,,9.4,,14.4,,12.1,,7.5,,22.9,
,,,3 months to less than 6 months,2.1,,1.5,,1.5,,1.3,,2.7,,10.8,,8,,3.6,,3.1, !,4.9, !
,,,6 months or more,0.8,,0.5,,0.3,,0.6,,1.2,,3.7,,6.1,,2.2,,0.5, !,4.9, !
,,,Unknown length of time,0.5,,0.5,,0.8,,0.3,,--,,1,,2.8,,--, !,--, !,--, !
,Do not know,,,5,%,3.9,%,3.6,%,3.6,%,7.2,%,17.3,%,20.1,%,3.2,%,1.8,% !,5.9,% !
Note: Estimates are based on the most recent identity theft incident. Detail may not sum to total due to rounding. See appendix table 14 for standard errors.,,,,,,,,,,,,,,,,,,,,,,,
--Less than 0.05%.,,,,,,,,,,,,,,,,,,,,,,,
"! Interpret estimate with caution; estimate based on 10 or fewer sample cases, or coefficient or variation greater than 50%.",,,,,,,,,,,,,,,,,,,,,,,
"Source: Bureau of Justice Statistics, National Crime Victimization Survey, Identity Theft Supplement, 2012.",,,,,,,,,,,,,,,,,,,,,,,
