Bureau of Justice Statistics,,,
Filename: vit12at05,,,
"Appendix table 5. Standard errors for table 3: Identity theft victims who knew something about the offender, by type of theft, 2012",,,
"Report title: Victims of Identity Theft, 2012 NCJ 243779",,,
"Data source: BJS National Crime Victimization Survey, Identity Theft Supplement, 2012",,,
Authors: Erika Harrell and Lynn Langton,,,
Refer questions to: askbjs@usdoj.gov 202-307-0765,,,
Date of release: 12/12/13,,,
,,,
"Appendix table 5. Standard errors for table 3: Identity theft victims who knew something about the offender, by type of theft, 2012",,,
Type of identity theft,Victim knew something about the offender,,
,Total,0.8,%
Existing account,,0.7,
,Credit card,0.6,
,Bank,1.2,
,Other,3,
New account,,4.5,
Personal information,,4.6,
Multiple types,,2.8,
,Existing account,2.9,
,Other,5.4,
"Source: Bureau of Justice Statistics, National Crime Victimization Survey, Identity Theft Supplement, 2012.",,,
