Bureau of Justice Statistics,,,,,,,,,,
Filename: vit12t01,,,,,,,,,,
"Table 1. Persons age 16 or older who experienced at least one identity theft incident in the past 12 months, by type of theft, 2012",,,,,,,,,,
"Report title: Victims of Identity Theft, 2012 NCJ 243779",,,,,,,,,,
"Data source: BJS National Crime Victimization Survey, Identity Theft Supplement, 2012",,,,,,,,,,
Authors: Erika Harrell and Lynn Langton,,,,,,,,,,
Refer questions to: askbjs@usdoj.gov 202-307-0765,,,,,,,,,,
Date of release: 12/12/13,,,,,,,,,,
,,,,,,,,,,
"Table 1. Persons age 16 or older who experienced at least one identity theft incident in the past 12 months, by type of theft, 2012",,,,,,,,,,
,,Anytime during the past 12 months/a,,,,Most recent incident/b,,,,
Type of identity theft,,Number of victims,Percent of all persons,,,Number of victims,Percent of all persons,,Percent of all victims,
,Total,"16,580,500",6.7,%,,"16,580,500",6.7,%,100,%
Existing account,,"15,323,500",6.2,%,,"14,022,100",5.7,%,84.6,%
,Credit card,"7,698,500",3.1,,,"6,676,300",2.7,,40.3,
,Bank,"7,470,700",3,,,"6,191,500",2.5,,37.3,
,Other,"1,696,400",0.7,,,"1,154,300",0.5,,7,
New account,,"1,125,100",0.5,%,,"683,400",0.3,%,4.1,%
Personal information,,"833,600",0.3,%,,"622,900",0.3,%,3.8,%
Multiple types,,~,~,,,"1,252,000",0.5,%,7.6,%
,Existing account/b,~,~,,,"824,700",0.3,,5,
,Other/c,~,~,,,"427,400",0.2,,2.6,
Note: Detail may not sum to total due to victims who reported multiple incidents of identity theft and rounding. See appendix table 1 for standard errors.,,,,,,,,,,
~Not applicable.,,,,,,,,,,
a/Identity theft classified as a single type.,,,,,,,,,,
"b/Includes victims who experienced two or more of the following: unauthorized use of a credit card, bank account, or other existing account.",,,,,,,,,,
"c/Includes victims who experienced two or more of the following: unauthorized use of an existing account, misuse of personal information to open a new account, or misuse of personal information for other fraudulent purposes.",,,,,,,,,,
"Source: Bureau of Justice Statistics, National Crime Victimization Survey, Identity Theft Supplement, 2012.",,,,,,,,,,
