Bureau of Justice Statistics,,,,,,,,,,,,,,,,,,,,,,
Filename: vit12at18,,,,,,,,,,,,,,,,,,,,,,
"Appendix table 18. Standard errors for table 17: Victims who did and did not report identity theft to police, by type of theft and reason for not reporting, 2012",,,,,,,,,,,,,,,,,,,,,,
"Report title: Victims of Identity Theft, 2012 NCJ 243779",,,,,,,,,,,,,,,,,,,,,,
"Data source: BJS National Crime Victimization Survey, Identity Theft Supplement, 2012",,,,,,,,,,,,,,,,,,,,,,
Authors: Erika Harrell and Lynn Langton,,,,,,,,,,,,,,,,,,,,,,
Refer questions to: askbjs@usdoj.gov 202-307-0765,,,,,,,,,,,,,,,,,,,,,,
Date of release: 12/12/13,,,,,,,,,,,,,,,,,,,,,,
,,,,,,,,,,,,,,,,,,,,,,
"Appendix table 18. Standard errors for table 17: Victims who did and did not report identity theft to police, by type of theft and reason for not reporting, 2012",,,,,,,,,,,,,,,,,,,,,,
,,,,,Existing account,,,,,,,,,,,,Multiple types,,,,,
,,,Total identity ,,,,Credit ,,,,,,New ,,,,,,Existing ,,,
Victim response,,,theft,,Total,,card,,Banking,,Other,,account,,Personal information,,Total,,account,,Other,
Reported to police,,,0.8,%,0.7,%,0.7,%,1.2,%,1.8,%,4.4,%,5.5,%,3.4,%,3.6,%,6,%
Did not report to police,,,1.1,,1,,1,,1.5,,2.2,,4.8,,5.6,,3.7,,4,,6.3,
,Reasons for not reporting,,,,,,,,,,,,,,,,,,,,,
,,Did not know to report,1.2,,1.2,,1.5,,1.6,,3.1,,4,,5.7,,3.1,,3.7,,5,
,,No monetary loss,1.6,,1.7,,2.2,,2.1,,4.1,,4.8,,5.4,,3.8,,4.4,,6.4,
,,Handled it another way,1.9,,1.9,,2.4,,2.5,,4.6,,6.1,,6.5,,4.8,,5.4,,7.8,
,,Did not think the police could help,1.3,,1.4,,1.7,,1.8,,4,,5.1,,5.5,,4,,4.4,,7.1,
,,Offender was a family member or friend,0.3,,0.3,,0.2,,0.4,,1.5,,2.7,,2,,1.2,,1.5,,2,
,,Personal reasons,0.5,,0.5,,0.6,,0.7,,1.3,,2.3,,3.9,,1.8,,1.6,,4.3,
,,Location of the theft,0.3,,0.3,,0.4,,0.3,,1,,1,,--,,0.8,,0.9,,1.5,
,,Other,0.3,,0.2,,0.3,,0.3,,0.8,,2.4,,4.4,,1.3,,1,,3.2,
--Less than 0.05%.,,,,,,,,,,,,,,,,,,,,,,
"Source: Bureau of Justice Statistics, National Crime Victimization Survey, Identity Theft Supplement, 2012.",,,,,,,,,,,,,,,,,,,,,,
