Bureau of Justice Statistics,,
Filename: vit12f06,,
"Figure 6. Victims of identity theft and violent crime who experienced problems as a result of the victimization, 2012",,
"Report title: Victims of Identity Theft, 2012 NCJ 243779",,
"Data source: BJS National Crime Victimization Survey, Identity Theft Supplement, 2012 and National Crime Victimization Survey, 2012",,
Authors: Erika Harrell and Lynn Langton,,
Refer questions to: askbjs@usdoj.gov 202-307-0765,,
Date of release: 12/12/13,,
,,
"Figure 6. Victims of identity theft and violent crime who experienced problems as a result of the victimization, 2012",,
, Family/friend relationship problems/a,Work/school problems/b
Total identity theft,3.7,1.5
Credit card,1.6,0.5
Bank account,3.7,1.1
New account,10.1,6.1
Personal information,10.4,5.2
Multiple types*,5.9,3.9
Total violent crime,18.9,12.3
"Note: Estimates are based on the most recent incident of identity theft. Victims reported their perceptions of whether the victimization led to significant problems and problems at work or school with family and friends. Total violent crime includes rape/sexual assault, robbery, aggravated assault, and simple assault. Includes violent crime victims (14%) with missing information on relationship, work, and school problems due to crime. See appendix table 11 for estimates and appendix table 12 for standard errors. ",,
*Includes victims who experienced more than one type of identity theft in a single incident.,,
"a/Includes victims reporting significant problems with family members or friends, including getting into more arguments or fights than before, not feeling able to trust them as much, or not feeling as close to them as before the crime. ",,
"b/Includes victims reporting significant problems with job or school, such as trouble with boss, coworker, or peers.",,
"Source: Bureau of Justice Statistics, National Crime Victimization Survey, 2012, and National Crime Victimization Survey, Identity Theft Supplement, 2012.",,
