Bureau of Justice Statistics,,,,,,,,,,,
Filename: vit12at21,,,,,,,,,,,
"Appendix table 21. Standard errors for table 6: Actions victims and nonvictims took during the past 12 months to reduce the risk of identity theft, by whether the action was taken in response to the theft, 2012",,,,,,,,,,,
"Report title: Victims of Identity Theft, 2012 NCJ 243779",,,,,,,,,,,
"Data source: BJS National Crime Victimization Survey, Identity Theft Supplement, 2012",,,,,,,,,,,
Authors: Erika Harrell and Lynn Langton,,,,,,,,,,,
Refer questions to: askbjs@usdoj.gov 202-307-0765,,,,,,,,,,,
Date of release: 12/12/13,,,,,,,,,,,
,,,,,,,,,,,
"Appendix table 21. Standard errors for table 6: Actions victims and nonvictims took during the past 12 months to reduce the risk of identity theft, by whether the action was taken in response to the theft, 2012",,,,,,,,,,,
,,Percent of persons age 16 or older,,,,,,,,,
,,,,,,Victim during prior 12 months,,,,,
,,,,,,,,Action taken in response ,,Action taken independently ,
Type of action,,Total,,Nonvictims,,Total,,to identity theft,,of identity theft in past year,
,Any,0.6,%,0.7,%,0.7,%,1,%,1.4,%
Checked credit report,,0.8,,0.8,,1.8,,1.1,,1.7,
Changed passwords on financial accounts,,0.7,,0.7,,1.8,,1.4,,1.6,
Purchased identity theft insurance/credit monitoring service,,0.3,,0.3,,1,,0.6,,0.7,
Shredded/destroyed documents with personal information,,0.8,,0.8,,1.5,,1,,1.7,
Checked bank or credit statements,,0.8,,0.8,,1.1,,1.4,,1.7,
Used identity theft security program on computer,,0.5,,0.5,,1.4,,0.6,,1.2,
Purchased identity theft protection,,0.2,,0.2,,0.7,,0.5,,0.4,
"Source: Bureau of Justice Statistics, National Crime Victimization Survey, Identity Theft Supplement, 2012. ",,,,,,,,,,,
