Bureau of Justice Statistics,,,,,,,,,,,,,,,,,,,,,
Filename: vit12at20,,,,,,,,,,,,,,,,,,,,,
"Appendix table 20. Standard errors for appendix table 19: Identity theft victims who contacted an organization, by type of theft, type of organization, and credit bureau action, 2012",,,,,,,,,,,,,,,,,,,,,
"Report title: Victims of Identity Theft, 2012 NCJ 243779",,,,,,,,,,,,,,,,,,,,,
"Data source: BJS National Crime Victimization Survey, Identity Theft Supplement, 2012",,,,,,,,,,,,,,,,,,,,,
Authors: Erika Harrell and Lynn Langton,,,,,,,,,,,,,,,,,,,,,
Refer questions to: askbjs@usdoj.gov 202-307-0765,,,,,,,,,,,,,,,,,,,,,
Date of release: 12/12/13,,,,,,,,,,,,,,,,,,,,,
 ,,,,,,,,,,,,,,,,,,,,,
"Appendix table 20. Standard errors for appendix table 19: Identity theft victims who contacted an organization, by type of theft, type of organization, and credit bureau action, 2012",,,,,,,,,,,,,,,,,,,,,
,,,,Existing account,,,,,,,,,,,,Multiple types,,,,,
,,Total identity ,,,,Credit ,,,,,,New ,,,,,,Existing ,,,
Organization,,theft,,Total,,card,,Bank,,Other,,account,,Personal information,,Total,,account,,Other,
Percent organization,,,,,,,,,,,,,,,,,,,,,
,Credit card company or bank,1.3,%,1.2,%,1.2,%,1.3,%,4.4,%,5.3,%,4.8,%,3,%,2.9,%,5.7,%
,Federal Trade Commission (FTC),0.2,,0.1,,0.2,,0.1,,0.9,,2.1,,2.2,,1.5,,1.1,,3.6,
,Consumer agency,0.2,,0.2,,0.2,,0.3,,1,,1.8,,1.2,,0.9,,1,,1.8,
,Document issuing agency,0.4,,0.3,,0.4,,0.4,,0.7,,2.1,,4.4,,2.2,,2.6,,3.4,
,Credit monitoring service,0.6,,0.6,,0.8,,0.7,,1.5,,3.8,,3.4,,2.9,,3.1,,5.1,
,Credit bureau,0.8,,0.7,,0.9,,0.9,,2.1,,4.9,,4.2,,3.3,,2.9,,6.3,
Percent credit bureau,,,,,,,,,,,,,,,,,,,,,
,Placed a fraud alert on their credit report,3.9,,4.9,,6.6,,6.6,,13,,7.1,,9,,7.2,,9.9,,9,
,Requested a credit report,4,,5,,6.6,,7,,11.2,,7.4,,9.2,,7.9,,12.8,,9.2,
,Requested corrections to their credit report,4,,4.7,,6.2,,7,,12.3,,8.8,,9.9,,8.2,,12.7,,9.9,
,Provided a police report to the credit bureau,3,,3,,3.6,,4.9,,7.4,,7.9,,10.3,,7.2,,11.1,,8.8,
,Placed a freeze on their credit report,3.9,,4.7,,5.7,,7.1,,12.1,,8.9,,10.2,,8.2,,12.9,,9.7,
"Source: Bureau of Justice Statistics, National Crime Victimization Survey, Identity Theft Supplement, 2012.",,,,,,,,,,,,,,,,,,,,,
