Bureau of Justice Statistics,,,,,,,,,
Filename: vit12at15,,,,,,,,,
"Appendix table 15. Standard errors for table 5: Persons age 16 or older who experienced identity theft at any point in their lives, type of identity theft they experienced outside of the past year, and ongoing problems from identity theft that occurred outside of the past year, 2012",,,,,,,,,
"Report title: Victims of Identity Theft, 2012 NCJ 243779",,,,,,,,,
"Data source: BJS National Crime Victimization Survey, Identity Theft Supplement, 2012",,,,,,,,,
Authors: Erika Harrell and Lynn Langton,,,,,,,,,
Refer questions to: askbjs@usdoj.gov 202-307-0765,,,,,,,,,
Date of release: 12/12/13,,,,,,,,,
 ,,,,,,,,,
"Appendix table 15. Standard errors for table 5: Persons age 16 or older who experienced identity theft at any point in their lives, type of identity theft they experienced outside of the past year, and ongoing problems from identity theft that occurred outside of the past year, 2012",,,,,,,,,
,,,,,Number of persons ,Percent of all persons ,,Percent with unresolved problems resulting from identity theft,
Experienced at least one incident of identity theft during lifetime,,,,,,,,,
,No,,,,"1,538,646",0.6,%,~,
,Yes,,,,"1,170,040",0.5,,0.6,%
Experienced at least one incident of identity theft outside of past 12 months,,,,,,,,,
,No,,,,"1,247,612",0.5,%,0.1,%
,Yes,,,,"853,299",0.3,,0.7,
,,Type of identity theft experienced,,,,,,,
,,,Existing account,,"713,065",0.3,,0.5,
,,,,Credit card,"499,949",0.2,,0.5,
,,,,Bank account,"374,551",0.2,,1,
,,,,Other account,"96,275",--,,2.5,
,,,New account,,"159,840",0.1,,2.7,
,,,Personal information,,"183,122",0.1,,2.4,
,,,Multiple types,,"150,748",0.1,,3.1,
,,,,Existing accounts,"82,447",--,,3.4,
,,,,Other,"108,544",--,,4.2,
~Not applicable.  ,,,,,,,,,
--Less than 0.05%.,,,,,,,,,
"Source: Bureau of Justice Statistics, National Crime Victimization Survey, Identity Theft Supplement, 2012.",,,,,,,,,
