Bureau of Justice Statistics,,
Filename: vit12f02,,
"Figure 2. Most common ways victims discovered identity theft, by type of theft, 2012",,
"Report title: Victims of Identity Theft, 2012 NCJ 243779",,
"Data source: BJS National Crime Victimization Survey, Identity Theft Supplement, 2012",,
Authors: Erika Harrell and Lynn Langton,,
Refer questions to: askbjs@usdoj.gov 202-307-0765,,
Date of release: 12/12/13,,
,,
"Figure 2. Most common ways victims discovered identity theft, by type of theft, 2012",,
,Existing account misuse,Other identity theft*
Contacted by financial institution about suspicious account activity,45.2,15.2
Noticed fraudulent charges on account,19.8,7.5
Noticed money missing from account,10.5,4.6
Contacted by company or agency,4.7,20.9
Contacted financial institution to report a theft,5.7,3.3
"Credit card declined, check bounced, or account closed due to insufficient funds",5.4,1.6
Received a bill or contacted about an unpaid bill ,3.3,13.4
Note: Estimates are based on the most recent incident of identity theft. See appendix table 3 for estimates and standard errors for all ways that victims discovered the identity theft.,,
*Includes identity theft incidents involving the misuse of personal information to open a new account or for other fraudulent purposes.,,
"Source: Bureau of Justice Statistics, National Crime Victimization Survey, Identity Theft Supplement, 2012.",,
