Bureau of Justice Statistics,,,,
Filename: vit12f08,,,,
"Figure 8. Length of time spent resolving financial and credit problems associated with identity theft, by type of identity theft, 2012",,,,
"Report title: Victims of Identity Theft, 2012 NCJ 243779",,,,
"Data source: BJS National Crime Victimization Survey, Identity Theft Supplement, 2012",,,,
Authors: Erika Harrell and Lynn Langton,,,,
Refer questions to: askbjs@usdoj.gov 202-307-0765,,,,
Date of release: 12/12/13,,,,
,,,,
"Figure 8. Length of time spent resolving financial and credit problems associated with identity theft, by type of identity theft, 2012",,,,
Percent of victims,Existing account,New account,Personal information,Multiple types*
1 day or less,54.2,41.9,42.8,36.4
2 to 7 days,19,17.3,14.4,24.4
8 days to less than 1 month,17.6,15.9,11.5,21.2
1 month to less than 3 months,6.6,9.4,14.4,12.1
3 months to less than 6 months ,1.5,10.8,8,3.6
6 months or more,0.5,3.7,6.1,2.2
Note: Estimates are based on the most recent incident of identity theft. See appendix table 13 for estimates and appendix table 14 for standard errors.,,,,
*Includes victims who experienced more than one type of identity theft in a single incident.,,,,
"Source: Bureau of Justice Statistics, National Crime Victimization Survey, Identity Theft Supplement, 2012.",,,,
