Bureau of Justice Statistics,,,,,,,,,,,,,,,
Filename: vit12at12,,,,,,,,,,,,,,,
"Appendix table 12. Standard errors for appendix table 11: Identity theft and violent crime victims who experienced emotional distress, by type of identity theft or violent crime, 2012",,,,,,,,,,,,,,,
"Report title: Victims of Identity Theft, 2012 NCJ 243779",,,,,,,,,,,,,,,
"Data source: BJS National Crime Victimization Survey, Identity Theft Supplement, 2012",,,,,,,,,,,,,,,
Authors: Erika Harrell and Lynn Langton,,,,,,,,,,,,,,,
Refer questions to: askbjs@usdoj.gov 202-307-0765,,,,,,,,,,,,,,,
Date of release: 12/12/13,,,,,,,,,,,,,,,
 ,,,,,,,,,,,,,,,
"Appendix table 12. Standard errors for appendix table 11: Identity theft and violent crime victims who experienced emotional distress, by type of identity theft or violent crime, 2012",,,,,,,,,,,,,,,
,,,Total number ,Significant work- or ,,,,Distress related to crime,,,,,,,
,,,of victims,school-related problems,,Significant family or friend relationship problems,,None,,Mild,,Moderate,,Severe,
Total identity theft,,,"750,223",0.3,%,0.5,%,1.3,%,1.7,%,1.5,%,0.9,%
,Existing account misuse,,"673,954",0.2,,0.5,,1.4,,1.8,,1.5,,0.8,
,,Credit card,"414,852",0.2,,0.4,,1.9,,2.4,,1.8,,0.8,
,,Bank,"394,659",0.4,,0.7,,1.7,,2.4,,2.1,,1.3,
,,Other,"129,787",1,,1.8,,3.4,,4.3,,3.9,,2.3,
,New account,,"92,348",2.3,,3,,3.6,,5.1,,4.9,,4.3,
,Personal information,,"87,000",2.2,,3.2,,3.9,,4.9,,4.7,,5.2,
,Multiple types,,"136,881",1.4,,1.8,,2.6,,4.1,,3.9,,3.1,
,,Existing account,"104,263",1.6,,2,,3.5,,4.9,,4.6,,2.9,
,,Other,"68,425",2.4,,3,,2.4,,6,,6.1,,5.9,
Total violent victimization,,,"355,502",1.3,%,1.6,%,1.6,%,2,%,1.8,%,2,%
,Rape/sexual assault,,"51,953",5.9,,6,,5.6,,4.8,,4.9,,6.7,
,Robbery,,"85,975",3.2,,4.2,,3.1,,3.8,,4.2,,4.8,
,Aggravated assault,,"101,200",2.4,,2.7,,3.3,,3.7,,4,,3.8,
,Simple assault,,"273,940",1.4,,1.8,,1.9,,2.4,,1.9,,2.2,
"Source: Bureau of Justice Statistics, National Crime Victimization Survey, Identity Theft Supplement, 2012.",,,,,,,,,,,,,,,
