Bureau of Justice Statistics,,,,,,,,,,,,
Filename: vit12at03,,,,,,,,,,,,
"Appendix table 3. Ways that victims discovered identity theft, by type of theft, 2012",,,,,,,,,,,,
"Report title: Victims of Identity Theft, 2012 NCJ 243779",,,,,,,,,,,,
"Data source: BJS National Crime Victimization Survey, Identity Theft Supplement, 2012",,,,,,,,,,,,
Authors: Erika Harrell and Lynn Langton,,,,,,,,,,,,
Refer questions to: askbjs@usdoj.gov 202-307-0765,,,,,,,,,,,,
Date of release: 12/12/13,,,,,,,,,,,,
 ,,,,,,,,,,,,
"Appendix table 3. Ways that victims discovered identity theft, by type of theft, 2012",,,,,,,,,,,,
,Any identity theft,,,,Existing account misuse,,,,Other identity theft/a,,,
,Percent,,Standard error,,Percent,,Standard error,,Percent,,Standard error,
Contacted by financial institution about suspicious activity,42.1,%,1.7,%,45.2,%,1.8,%,15.2,%,2.5,%
Noticed fraudulent charges on account,18.6,,1.2,,19.8,,1.3,,7.5,,1.8,
Noticed money missing from account,9.9,,0.9,,10.5,,0.9,,4.6,,1.3,
Notified by a company or agency,6.4,,0.7,,4.7,,0.6,,20.9,,2.9,
Contacted financial institution to report a theft,5.5,,0.6,,5.7,,0.7,,3.3,,1.1,
"Credit card declined, check bounced, or account closed due to insufficient funds",5,,0.6,,5.4,,0.6,,1.6,,0.7,
Received a bill or contacted about an unpaid bill ,4.3,,0.5,,3.3,,0.5,,13.4,,2.4,
Notified by a known person,1.3,,0.3,,1,,0.2,,4.5,,1.3,
Discovered through credit report or credit monitoring service,1.3,,0.3,,0.9,,0.2,,4.8,,1.4,
"Problems applying for a loan, government benefits or with income taxes",1.2,,0.3,,0.1,,0.1,,10.7,,2.1,
Notified by police,0.8,,0.2,,0.3,,0.1,,5.7,,1.5,
Received merchandise or a card that the victim did not order or did not receive a product the victim had ordered,0.7,,0.2,,0.5,,0.2,,1.9, !,0.8,
Another way/b,2.8,,0.4,,2.4,,0.4,,5.9,,1.5,
Note: Estimates are based on the most recent identity theft incident.,,,,,,,,,,,,
"! Estimate based on 10 or fewer sample cases, or coefficient of variation is greater than 50%. ",,,,,,,,,,,,
a/Includes incidents involving the use of personal information to open a new account or for other fraudulent purposes.,,,,,,,,,,,,
"b/Victim noticed suspicious phishing activity, hacked computer, account information missing or stolen, or discovered the theft by accident.",,,,,,,,,,,,
"Source: Bureau of Justice Statistics, National Crime Victimization Survey, Identity Theft Supplement, 2012.",,,,,,,,,,,,
