Bureau of Justice Statistics,,,,
Filename: vit12f07,,,,
"Figure 7. Level of emotional distress reported by identity theft and violent crime victims, 2012",,,,
"Report title: Victims of Identity Theft, 2012 NCJ 243779",,,,
"Data source: BJS National Crime Victimization Survey, Identity Theft Supplement, 2012 and National Crime Victimization Survey, 2012",,,,
Authors: Erika Harrell and Lynn Langton,,,,
Refer questions to: askbjs@usdoj.gov 202-307-0765,,,,
Date of release: 12/12/13,,,,
,,,,
"Figure 7. Level of emotional distress reported by identity theft and violent crime victims, 2012",,,,
,None, Mild,Moderate,Severe
Total identity theft,20.7,42.7,26.2,10.5
Credit card,25.6,46.7,22.4,5.3
Bank account,18.2,42.1,28.3,11.4
New account,14.3,33.9,30.2,21.7
Personal information,16.4,27.2,24.6,31.8
Multiple types,12.1,38,32.2,17.7
Total violent crime,18.4,29.7,24.8,27.2
"Note: Estimates are based on the most recent incident of identity theft. Victims reported whether they found the victimization to be not at all distressing, mildly distressing, moderately distressing, or severly distressing. Detail may not sum to total due to rounding. Excludes identity theft victims (less than 1%) and violent crime victims (15%) with missing data on emotional distress. See appendix table 11 for estimates and appendix table 12 for standard errors. ",,,,
*Includes victims who experienced more than one type of identity theft in a single incident.,,,,
"Source: Bureau of Justice Statistics, National Crime Victimization Survey, 2012, and National Crime Victimization Survey, Identity Theft Supplement, 2012.",,,,
