Bureau of Justice Statistics,,,,,,,,,
Filename: vit12t05,,,,,,,,,
"Table 5. Persons age 16 or older who experienced identity theft at any point in their lives, type of identity theft they experienced outside of the past year, and ongoing problems from identity theft that occurred outside of the past year, 2012",,,,,,,,,
"Report title: Victims of Identity Theft, 2012 NCJ 243779",,,,,,,,,
"Data source: BJS National Crime Victimization Survey, Identity Theft Supplement, 2012",,,,,,,,,
Authors: Erika Harrell and Lynn Langton,,,,,,,,,
Refer questions to: askbjs@usdoj.gov 202-307-0765,,,,,,,,,
Date of release: 12/12/13,,,,,,,,,
,,,,,,,,,
"Table 5. Persons age 16 or older who experienced identity theft at any point in their lives, type of identity theft they experienced outside of the past year, and ongoing problems from identity theft that occurred outside of the past year, 2012",,,,,,,,,
,,,,,,Percent of ,,,
Experienced at least one incident of identity theft during lifetime,, ,,,Number of persons ,all persons ,,Percent with unresolved problems resulting from identity theft/a,
,No,,,,"211,327,500",86,%,~,
,Yes,,,,"34,237,400",13.9,,7.8,%
Experienced at least one incident of identity theft outside of past 12 months,,,,,,,,,
,No,,,,"225,127,300",91.6,%,~,
,Yes,,,,"20,334,600",8.3,,7.3,%
,,Type of identity theft experienced,,,,,,,
,,,Existing account,,"15,311,100",6.2,%,4,%
,,,,Credit card,"8,860,400",2.3,,2.8,
,,,,Bank account,"5,721,700",3.6,,5.9,
,,,,Other account,"729,000",0.3,,7.7,
,,,New account,,"1,585,100",0.6,,16.1,
,,,Personal information,,"1,947,700",0.8,,14.9,
,,,Multiple types,,"1,450,300",0.6,%,20.6,%
,,,,Existing accounts/b,"572,800",0.2,,11.1,
,,,,Other/c,"877,500",0.4,,26.7,
Note: Detail may not sum to same population total due to a small number of victims who did not know whether they experienced identity theft during the lifetime or outside of the past 12 months. See appendix table 15 for standard errors.,,,,,,,,,
~Not applicable.,,,,,,,,,
a/Based on number of persons who experienced the identity theft. ,,,,,,,,,
"b/Includes victims who experienced two or more of the following: unauthorized use of a credit card, bank account, or other existing account. ",,,,,,,,,
"c/Includes victims who experienced two or more of the following: unauthorized use of an existing account, misuse of personal information to open a new account, or misuse of personal information for other fraudulent purposes.",,,,,,,,,
"Source: Bureau of Justice Statistics, National Crime Victimization Survey, Identity Theft Supplement, 2012.",,,,,,,,,
