Bureau of Justice Statistics,,,
Filename: vit12f01,,,
"Figure 1. Persons age 16 or older who experienced at least one identity theft incident during the past 12 months, by type of theft, 2012",,,
"Report title: Victims of Identity Theft, 2012 NCJ 243779",,,
"Data source: BJS National Crime Victimization Survey, Identity Theft Supplement, 2012",,,
Authors: Erika Harrell and Lynn Langton,,,
Refer questions to: askbjs@usdoj.gov 202-307-0765,,,
Date of release: 12/12/13,,,
,,,
"Figure 1. Persons age 16 or older who experienced at least one identity theft incident during the past 12 months, by type of theft, 2012",,,
,,,
,Estimate,High,Low
Total identity theft,6.74,7.34,6.15
Existing credit card account,3.13,3.49,2.77
Existing bank account,3.04,3.39,2.68
Other existing account,0.69,0.82,0.56
New account,0.46,0.56,0.36
Personal information,0.34,0.42,0.26
Note: See table 1 for estimates and appendix table 1 for standard errors.,,,
"Source: Bureau of Justice Statistics, National Crime Victimization Survey, Identity Theft Supplement, 2012.",,,
