Bureau of Justice Statistics,,,,,,,,,,,,,,,,,,,,,
Filename: vit12at19,,,,,,,,,,,,,,,,,,,,,
"Appendix table 19. Identity theft victims who contacted an organization, by type of theft, type of organization, and credit bureau action, 2012",,,,,,,,,,,,,,,,,,,,,
"Report title: Victims of Identity Theft, 2012 NCJ 243779",,,,,,,,,,,,,,,,,,,,,
"Data source: BJS National Crime Victimization Survey, Identity Theft Supplement, 2012",,,,,,,,,,,,,,,,,,,,,
Authors: Erika Harrell and Lynn Langton,,,,,,,,,,,,,,,,,,,,,
Refer questions to: askbjs@usdoj.gov 202-307-0765,,,,,,,,,,,,,,,,,,,,,
Date of release: 12/12/13,,,,,,,,,,,,,,,,,,,,,
 ,,,,,,,,,,,,,,,,,,,,,
"Appendix table 19. Identity theft victims who contacted an organization, by type of theft, type of organization, and credit bureau action, 2012",,,,,,,,,,,,,,,,,,,,,
,,,,Existing account,,,,,,,,,,,,Multiple types,,,,,
,,Total identity ,,,,Credit ,,,,,,New ,,,,,,Existing ,,,
Organization,,theft,,Total,,card,,Bank,,Other,,account,,Personal information,,Total,,account/a,,Other/b,
Percent organization,,,,,,,,,,,,,,,,,,,,,
,Credit card company or bank,86,%,89.6,%,93.8,%,93,%,46.7,%,64.8,%,26.4,%,86.9,%,92,%,77.2,%
,Federal Trade Commission (FTC),1,,0.4,,0.4, !,0.1, !,1.6, !,4.9, !,5, !,4.4,,1.6, !,9.7, !
,Consumer agency/c,0.9,,0.6,,0.3, !,0.6,,2, !,3.8, !,1.7, !,1.8, !,1.3, !,2.6, !
,Document issuing agency/d,2.7,,1.2,,1.2,,1.3,,1, !,5.2, !,21.3,,8.8,,8.9,,8.4, !
,Credit monitoring service,5.8,,4.2,,4.5,,3.7,,4.3,,16,,11.8,,15.4,,12.9,,20.4,
,Credit bureau/e,8.7,,6.2,,6.4,,5.7,,7.6,,30,,19.3,,20.2,,11,,38,
Percent credit bureau,,,,,,,,,,,,,,,,,,,,,
,Placed a fraud alert on their credit report,69.8,,63.5,,57.7,,71.9,,57.6,,81.6,,81.4,,76.1,,82.6,,72.5,
,Requested a credit report,65.6,,59.8,,52.9,,63.8,,77,,79.7,,80.5,,66.9,,59.1,,71.2,
,Requested corrections to their credit report,41.2,,36.9,,35.1,,39.7,,33.9, !,63.7,,26.9, !,44.5,,41.8, !,46,
,Provided a police report to the credit bureau,18.5,,12,,9.7,,15.5,,9.6, !,27.6,,30.3, !,27.3,,25.7, !,28.2,
,Placed a freeze on their credit report,37.8,,35.1,,27.4,,45.2,,32.2, !,45.4,,28.9, !,45.2,,53.4,,40.6,
Note: Estimates are based on the most recent identity theft incident. See appendix table 20 for standard errors.,,,,,,,,,,,,,,,,,,,,,
"a/Includes victims who experienced two or more of the following: the unauthorized use of a credit card, bank account, or other existing account.",,,,,,,,,,,,,,,,,,,,,
"b/Includes victims who experienced two or more of the following: the unauthorized use of an existing account, misuse of personal information to open a new account, or misuse of personal information for other fraudulent purposes.",,,,,,,,,,,,,,,,,,,,,
c/Includes government consumer affairs agencies and agencies such as the Better Business Bureau.,,,,,,,,,,,,,,,,,,,,,
d/Includes agencies that issue drivers� licenses or Social Security cards.,,,,,,,,,,,,,,,,,,,,,
"e/Percent of victims who took actions with a credit bureau, based on the number of victims who contacted a credit bureau. Details may sum to more than 100% because some respondents took multiple actions with the credit bureau.",,,,,,,,,,,,,,,,,,,,,
! Interpret with caution;  estimates based on 10 or fewer sample cases or coefficient of variation is greater than 50%. ,,,,,,,,,,,,,,,,,,,,,
"Source: Bureau of Justice Statistics, National Crime Victimization Survey, Identity Theft Supplement, 2012.",,,,,,,,,,,,,,,,,,,,,
