Bureau of Justice Statistics,,,,,,,,,,,,
Filename: vit12at16,,,,,,,,,,,,
"Appendix table 16. Estimates and standard errors for figure 9: Identity theft victims who reported work/school or relationship problems or distress, by length of time spent resolving associated financial and credit problems, 2012",,,,,,,,,,,,
"Report title: Victims of Identity Theft, 2012 NCJ 243779",,,,,,,,,,,,
"Data source: BJS National Crime Victimization Survey, Identity Theft Supplement, 2012",,,,,,,,,,,,
Authors: Erika Harrell and Lynn Langton,,,,,,,,,,,,
Refer questions to: askbjs@usdoj.gov 202-307-0765,,,,,,,,,,,,
Date of release: 12/12/13,,,,,,,,,,,,
 ,,,,,,,,,,,,
"Appendix table 16. Estimates and standard errors for figure 9: Identity theft victims who reported work/school or relationship problems or distress, by length of time spent resolving associated financial and credit problems, 2012",,,,,,,,,,,,
,,,,,Family/friend ,,,,Feelings that incident ,,,
,Work/school problems/a,,,,relationship problems/b,,,,was severely distressing,,,
Time spent resolving problems due to identity theft,Estimate,,Standard error,,Estimate,,Standard error,,Estimate,,Standard error,
1 day or less,0.4,%,0.2,%,1.6,%,0.4,%,3.9,%,0.7,%
2 to 7 days,0.5,,0.3,,2.4,,0.8,,7.2,,1.4,
8 days to less than 1 month,1.4,,0.6,,4.6,,1.1,,13.6,,2,
1 to less than 3 months,2.7,,1.3,,1.8,,1,,18.4,,3.4,
3 to less than 6 months,1.4,,1.6,,14.1,,5.1,,34.3,,7.2,
6 months or more,3,,3.6,,14.4,,7.7,,46.6,,11.4,
"a/Includes victims reporting significant problems with job or school, such as trouble with boss, coworker, or peers.",,,,,,,,,,,,
"b/Includes victims reporting significant problems with family members or friends, including getting into more arguments or fights than before, not feeling able to trust them as much, or not feeling as close to them as before the crime. ",,,,,,,,,,,,
"Source: Bureau of Justice Statistics, National Crime Victimization Survey, Identity Theft Supplement, 2012.",,,,,,,,,,,,
