Bureau of Justice Statistics,,,,,,,,,,,,,,,
Filename: vit12at11,,,,,,,,,,,,,,,
"Appendix table 11. Identity theft and violent crime victims who experienced emotional distress, by type of identity theft or violent crime, 2012",,,,,,,,,,,,,,,
"Report title: Victims of Identity Theft, 2012 NCJ 243779",,,,,,,,,,,,,,,
"Data source: BJS National Crime Victimization Survey, Identity Theft Supplement, 2012",,,,,,,,,,,,,,,
Authors: Erika Harrell and Lynn Langton,,,,,,,,,,,,,,,
Refer questions to: askbjs@usdoj.gov 202-307-0765,,,,,,,,,,,,,,,
Date of release: 12/12/13,,,,,,,,,,,,,,,
,,,,,,,,,,,,,,,
"Appendix table 11. Identity theft and violent crime victims who experienced emotional distress, by type of identity theft or violent crime, 2012",,,,,,,,,,,,,,,
,,,Total number ,Significant work- or ,,,,Distress related to crime,,,,,,,
,,,of victims,school-related problems/a,,Significant family or friend relationship problems/b,,None,,Mild,,Moderate,,Severe,
Total identity theft,,,"16,580,500",1.5,%,3.7,%,20.7,%,42.7,%,26.2,%,10.5,%
,Existing account misuse,,"14,022,100",0.9,,2.9,,21.9,,44.2,,25.5,,8.3,
,,Credit card,"6,676,300",0.5,,1.6,,25.6,,46.7,,22.4,,5.3,
,,Bank,"6,191,500",1.1,,3.7,,18.2,,42.1,,28.3,,11.4,
,,Other,"1,154,300",1.8, !,5.9,,21.1,,41.6,,28.4,,8.9,
,New account,,"683,400",6.1, !,10.1,,14.3,,33.9,,30.2,,21.7,
,Personal information,,"622,900",5.2, !,10.4,,16.4,,27.2,,24.6,,31.8,
,Multiple types,,"1,252,000",3.9,,5.9,,12.1,,38,,32.2,,17.7,
,,Existing account/c,"824,666",3.7, !,5.5,,16.2,,41.2,,31.3,,11.3,
,,Other/d,"427,371",4.3, !,6.6, !,4.3, !,31.8,,33.8,,30.1,
Total violent victimization,,,"5,901,100",12.3,%,18.9,%,19,%,29.7,%,22.6,%,28.8,%
,Rape/sexual assault,,"316,700",27.5,,28.8,,24.2, !,16.4,,17.5,,41.9,
,Robbery,,"695,400",14,,27,,13,,20.8,,26,,40.1,
,Aggravated assault,,"892,900",9.8,,12.8,,19.2,,24,,30.3,,26.5,
,Simple assault,,"3,996,100",11.4,,18.1,,19.5,,33.7,,20.7,,26,
Note: Estimates are based on the most recent identity theft incident. See appendix table 12 for standard errors.,,,,,,,,,,,,,,,
"! Interpret with caution; estimates based on 10 or fewer sample cases, or the coefficient of variation is greater than 50%.",,,,,,,,,,,,,,,
"a/Includes victims reporting significant problems with job or school, such as trouble with boss, coworker, or peers.",,,,,,,,,,,,,,,
"b/Includes victims reporting significant problems with family members or friends, including getting into more arguments or fights than before, not feeling able to trust them as much, or not feeling as close to them as before the crime.",,,,,,,,,,,,,,,
"c/Includes victims who experienced two or more of the following: unauthorized use of a credit card, banking account, or other existing account.",,,,,,,,,,,,,,,
"d/Includes victims who experienced two or more of the following: use of an existing account, misuse of personal information to open a new account, or misuse of personal information of other fraudulent purposes.",,,,,,,,,,,,,,,
"Source: Bureau of Justice Statistics, National Crime Victimization Survey, 2012 and National Crime Victimization Survey, Identity Theft Supplement, 2012.",,,,,,,,,,,,,,,
