Bureau of Justice Statistics,
Filename: vit12f03,
"Figure 3. Identity theft victims who knew how their personal information was obtained, by type of theft, 2012",
"Report title: Victims of Identity Theft, 2012 NCJ 243779",
"Data source: BJS National Crime Victimization Survey, Identity Theft Supplement, 2012",
Authors: Erika Harrell and Lynn Langton,
Refer questions to: askbjs@usdoj.gov 202-307-0765,
Date of release: 12/12/13,
,
"Figure 3. Identity theft victims who knew how their personal information was obtained, by type of theft, 2012",
Total identity theft,32.04
Existing credit card account,24.39
Existing bank account,35.4
Other existing account,39
New account,36.74
Personal information,33.45
Multiple types*,46.51
Note: Estimates are based on the most recent incident of identity theft. See appendix table 4 for estimates and standard errors.,
*Includes victims who experienced more than one type of identity theft in a single incident.,
"Source: Bureau of Justice Statistics, National Crime Victimziation Survey, Identity Theft Supplement, 2012.",
