Bureau of Justice Statistics,,,,,,,,
Filename: vit12at01,,,,,,,,
"Appendix table 1. Standard errors for figure 1: Persons age 16 or older who experienced at least one identity theft incident in the past 12 months by type of theft, 2012 and table 1: Persons age 16 or older who experienced at least one identity theft incident in the past 12 months, by type of theft, 2012",,,,,,,,
"Report title: Victims of Identity Theft, 2012 NCJ 243779",,,,,,,,
"Data source: BJS National Crime Victimization Survey, Identity Theft Supplement, 2012",,,,,,,,
Authors: Erika Harrell and Lynn Langton,,,,,,,,
Refer questions to: askbjs@usdoj.gov 202-307-0765,,,,,,,,
Date of release: 12/12/13,,,,,,,,
 ,,,,,,,,
"Appendix table 1. Standard errors for figure 1: Persons age 16 or older who experienced at least one identity theft incident in the past 12 months by type of theft, 2012 and table 1: Persons age 16 or older who experienced at least one identity theft incident in the past 12 months, by type of theft, 2012",,,,,,,,
,,Anytime during the past 12 months,,,Most recent incident,,,
Type of identity theft,,Number of victims,Percent of all persons,,Number of victims,Percent of all persons,,Percent of all victims
,Total,"750,223",0.3,%,"750,223",0.3,%,~
Existing account,,"713,433",0.3,,"673,954",0.3,,1.4
,Credit card,"455,777",0.2,,"414,852",0.2,,1.7
,Bank,"446,837",0.2,,"394,659",0.2,,1.7
,Other,"167,153",0.1,,"129,787",0.1,,0.7
New account,,"127,633",0.1,,"92,348",--,,0.5
Personal information,,"104,992",--,,"87,000",--,,0.5
Multiple types,,~,~,,"136,881",0.1,,0.8
,Existing account,~,~,,"104,263",--,,0.6
,Other,~,~,,"68,425",--,,0.4
~Not applicable.,,,,,,,,
--Less than 0.05%.,,,,,,,,
"Source: Bureau of Justice Statistics, National Crime Victimization Survey, Identity Theft Supplement, 2012.",,,,,,,,
