Bureau of Justice Statistics,,,,,,,,,,,,,,,,,,,,,,,
Filename: vit12at14,,,,,,,,,,,,,,,,,,,,,,,
"Appendix table 14. Standard errors for appendix table 13: Identity theft victims who resolved associated problems and length of time spent resolving problems, 2012",,,,,,,,,,,,,,,,,,,,,,,
"Report title: Victims of Identity Theft, 2012 NCJ 243779",,,,,,,,,,,,,,,,,,,,,,,
"Data source: BJS National Crime Victimization Survey, Identity Theft Supplement, 2012",,,,,,,,,,,,,,,,,,,,,,,
Authors: Erika Harrell and Lynn Langton,,,,,,,,,,,,,,,,,,,,,,,
Refer questions to: askbjs@usdoj.gov 202-307-0765,,,,,,,,,,,,,,,,,,,,,,,
Date of release: 12/12/13,,,,,,,,,,,,,,,,,,,,,,,
,,,,,,,,,,,,,,,,,,,,,,,
"Appendix table 14. Standard errors for appendix table 13: Identity theft victims who resolved associated problems and length of time spent resolving problems, 2012",,,,,,,,,,,,,,,,,,,,,,,
,,,,,,Existing account,,,,,,,,,,Multiple types,,,,,,,
,,,,Total identity ,,,,Credit ,,,,,,New ,,,,,,Existing ,,,
Time to resolve,,,,theft,,Total,,card,,Bank,,Other,,account,,Personal information,,Total,,account,,Other,
Victim resolved problems associated with theft,,,,,,,,,,,,,,,,,,,,,,,
,No,,,0.8,%,0.7,%,0.8,%,1,%,2.8,%,4.6,%,5.3,%,2.7,%,2.7,%,5.1,%
,Yes,,,1.3,,1.2,,1.4,,1.6,,3.7,,5.5,,5.6,,3.3,,3.4,,6,
,,Length of time to resolve problems,,,,,,,,,,,,,,,,,,,,,
,,,1 day or less,1.9,,2,,2.4,,2.5,,4.9,,6.7,,7.7,,4.4,,5.2,,6.1,
,,,2 to 7 days,1.3,,1.4,,1.7,,1.9,,3.5,,4.9,,5.2,,3.8,,4.4,,6.3,
,,,8 days to less than 1 month,1.3,,1.3,,1.4,,2,,3,,4.8,,4.7,,3.6,,4.2,,5.6,
,,,1 month to less than 3 months,0.8,,0.8,,1,,1.1,,2.3,,3.7,,5.2,,2.8,,2.5,,6.1,
,,,3 months to less than 6 months,0.4,,0.3,,0.4,,0.4,,1.3,,4,,3.9,,1.5,,1.6,,2.9,
,,,6 months or more,0.2,,0.2,,0.2,,0.3,,0.9,,2.3,,3.4,,1.1,,0.6,,2.9,
,,,Unknown length of time,0.2,,0.2,,0.3,,0.2,,--,,1.2,,2.3,,--,,--,,--,
,Do not know,,,0.6,,0.5,,0.7,,0.7,,2,,3.9,,4.3,,1.3,,1.1,,2.8,
--Less than 0.05%.,,,,,,,,,,,,,,,,,,,,,,,
"Source: Bureau of Justice Statistics, National Crime Victimization Survey, Identity Theft Supplement, 2012.",,,,,,,,,,,,,,,,,,,,,,,
