Bureau of Justice Statistics,,,,,,,,,,,,
Filename: vit12at10,,,,,,,,,,,,
"Appendix table 10. Estimates and standard errors for figure 5: Victims who experienced financial or legal problems as a result of identity theft, by type of theft, 2012",,,,,,,,,,,,
"Report title: Victims of Identity Theft, 2012 NCJ 243779",,,,,,,,,,,,
"Data source: BJS National Crime Victimization Survey, Identity Theft Supplement, 2012",,,,,,,,,,,,
Authors: Erika Harrell and Lynn Langton,,,,,,,,,,,,
Refer questions to: askbjs@usdoj.gov 202-307-0765,,,,,,,,,,,,
Date of release: 12/12/13,,,,,,,,,,,,
,,,,,,,,,,,,
"Appendix table 10. Estimates and standard errors for figure 5: Victims who experienced financial or legal problems as a result of identity theft, by type of theft, 2012",,,,,,,,,,,,
,Estimates ,,,,,,Standard errors ,,,,,
,Any identity ,,Exisiting ,,,,Any identity ,,Exisiting ,,,
Type of problems experienced,theft,,account misuse,,Other identity theft/a,,theft,,account misuse,,Other identity theft/a,
Credit-related problems/b,2.6,%,1.6,%,11.6,%,0.4,%,0.3,%,2.2,%
Banking problems/c,2.1,,1.6,,6.7,,0.4,,0.3,,1.6,
Problems with debt collectors,3.3,,1.7,,16.7,,0.5,,0.3,,2.6,
Utilities cut off or new service denied,0.6,,0.5,,1.7, !,0.2,,0.2,,0.8,
Legal problems/d,0.5,,0.2, !,2.9,,0.2,,0.1,,1.1,
Other problems/e,0.5,,0.3,,2.6,,0.2,,0.1,,1,
Note: Estimates are based on the most recent identity theft incident.,,,,,,,,,,,,
! Interpret estimate with caution; estimate is based on 10 or fewer sample cases or coefficient of variation is greater than 50%.,,,,,,,,,,,,
a/Includes identity theft incidents involving the misuse of personal information to open a new account or for other fraudulent purposes.,,,,,,,,,,,,
"b/Includes problems such as having to correct the same information on a credit report repeatedly, being turned down for credit or loans, or paying higher interest rates.",,,,,,,,,,,,
c/Includes problems such as being turned down for a checking account or having checks bounce.,,,,,,,,,,,,
"d/Includes being the subject of a lawsuit or other criminal proceedings, or being arrested. ",,,,,,,,,,,,
e/Includes problems such as being turned down for or losing a job or problems with income taxes.  ,,,,,,,,,,,,
"Source: Bureau of Justice Statistics, National Crime Victimization Survey, Identity Theft Supplement, 2012. ",,,,,,,,,,,,
