Bureau of Justice Statistics,
Filename: vit12f10,
"Figure 10. Identity theft victims who reported the incident to police, by type of identity theft, 2012",
"Report title: Victims of Identity Theft, 2012 NCJ 243779",
"Data source: BJS National Crime Victimization Survey, Identity Theft Supplement, 2012",
Authors: Erika Harrell and Lynn Langton,
Refer questions to: askbjs@usdoj.gov 202-307-0765,
Date of release: 12/12/13,
,
"Figure 10. Identity theft victims who reported the incident to police, by type of identity theft, 2012",
Types of identity theft,
Total identity theft,9.3
Bankaccount,8.8
Credit card,3.7
Other existing account,5.8
New account,23
Personal information,39.5
Multiple types*,21.8
Note: Estimates are based on the most recent identity theft incident. See appendix table 17 for estimates and reasons victims did not report to police. See appendix table 18 for standard errors. ,
*Includes victims who experienced more than one type of identity theft in a single incident.,
"Source: Bureau of Justice Statistics, National Crime  Victimization Survey, Identity Theft Supplement, 2012.",
