Bureau of Justice Statistics,,
Filename: vit12at06,,
"Appendix table 6. Standard errors for table 4: Mean losses attributed to property crime and identity theft, 2012",,
"Report title: Victims of Identity Theft, 2012 NCJ 243779",,
"Data source: BJS National Crime Victimization Survey, Identity Theft Supplement, 2012",,
Authors: Erika Harrell and Lynn Langton,,
Refer questions to: askbjs@usdoj.gov 202-307-0765,,
Date of release: 12/12/13,,
 ,,
"Appendix table 6. Standard errors for table 4: Mean losses attributed to property crime and identity theft, 2012",,
,,Mean
Identity theft,,"$3,404 "
Property crime,,"$1,621 "
,Burglary,"2,630"
,Motor vehicle theft,"4,881"
,Theft,"1,129"
"Source: Bureau of Justice Statistics, National Crime Victimization Survey, 2012,",,
"and National Crime Victimization Survey, Identity Theft Supplement, 2012.",,
