Bureau of Justice Statistics,,,,,,,,,,,,,,,,
Filename:  cv07108.csv,,,,,,,,,,,,,,,,
"Table 108. Percent distribution of incidents, by police activity during initial contact with victim and type of crime",,,,,,,,,,,,,,,,
"Data source: National Criminal Victimization Survey, 2007  NCJ 227669",,,,,,,,,,,,,,,,
Produced by:  Cathy Maston ,,,,,,,,,,,,,,,,
Authors:  Patsy Klaus and Cathy Maston,,,,,,,,,,,,,,,,
Refer questions to: askbjs@usdoj.gov  202-307-0765,,,,,,,,,,,,,,,,
Data of version:  02/03/10,,,,,,,,,,,,,,,,
,,,,,,,,,,,,,,,,
"Table 108. Personal and property crimes, 2007: Percent distribution of incidents, by police activity during initial contact with victim and type of crime",,,,,,,,,,,,,,,,
,Percent of incidents,,,,,,,,,,,,,,,
Type of crime, Total,,Took report,,Looked around,,Took evidence,,Questioned witnesses/suspects,,Promised surveillance,,Promised to investigate,,Made arrest,
Crimes of violence/a,100,%,42.8,%,8.6,%,3.1,%,17.8,%,1.3,%,6.4,%,9.9,%
   Robbery,100,%,47,%,13.9,%,4.3,%*,11.3,%,0.8,%*,10.6,%,4.2,%*
   Aggravated assault,100,%,38.7,%,11.2,%,4.6,%*,17.9,%,0.9,%*,5.7,%,14.9,%
   Simple assault,100,%,43.4,%,5.9,%,1.6,%*,19.8,%,1.7,%*,5.2,%,9.9,%
Purse snatching/Pocket picking,100,%,49.9,%,20,%*,0,%*,3.2,%*,1.6,%*,8.1,%*,4.1,%*
Property crimes,100,%,52,%,18.2,%,7.9,%,5.9,%,2.6,%,7.6,%,1.7,%
   Household burglary,100,%,41.7,%,22.5,%,12.1,%,6.4,%,3.4,%,7.9,%,3,%
   Motor vehicle theft,100,%,62.3,%,12.8,%,3.8,%,4.7,%,1.4,%*,11,%,1.2,%*
   Theft,100,%,56.5,%,16.6,%,6.1,%,5.9,%,2.4,%,6.8,%,0.9,%
,Percent of incidents,,,,,,,,,,,,,,,
Type of crime,Other actions,,Don't know,,Not applicable,,,,,,,,,,,
Crimes of violence/a,7.1,%,1.4,%,1.7,%,,,,,,,,,,
   Robbery,5.4,%*,2,%*,0.5,%*,,,,,,,,,,
   Aggravated assault,4.3,%*,1.2,%*,0.7,%*,,,,,,,,,,
   Simple assault,8.7,%,1.5,%*,2.3,%,,,,,,,,,,
Purse snatching/Pocket picking,10,%*,1.3,%*,1.9,%*,,,,,,,,,,
Property crimes,2.2,%,1.1,%,0.7,%,,,,,,,,,,
   Household burglary,1.8,%,0.4,%*,0.8,%*,,,,,,,,,,
   Motor vehicle theft,1.9,%*,0.9,%*,0,%*,,,,,,,,,,
   Theft,2.4,%,1.5,%,0.8,%,,,,,,,,,,
Note: Detail may not add to total shown because of rounding.,,,,,,,,,,,,,,,,
*Estimate is based on 10 or fewer sample cases.,,,,,,,,,,,,,,,,
"a/Crimes of violence includes data on rape and sexual assault, not shown separately.",,,,,,,,,,,,,,,,
