Bureau of Justice Statistics,,,,,,,,,,,,,,,
Filename:  cv07106.csv,,,,,,,,,,,,,,,
"Table 106. Percent distribution of police response to a reported incident, by type of crime",,,,,,,,,,,,,,,
"Data source: National Criminal Victimization Survey, 2007  NCJ 227669",,,,,,,,,,,,,,,
Produced by:  Cathy Maston ,,,,,,,,,,,,,,,
Authors:  Patsy Klaus and Cathy Maston,,,,,,,,,,,,,,,
Refer questions to: askbjs@usdoj.gov  202-307-0765,,,,,,,,,,,,,,,
Data of version:  02/03/10,,,,,,,,,,,,,,,
,,,,,,,,,,,,,,,
"Table 106. Personal and property crimes, 2007: Percent distribution of police response to a reported incident, by type of crime",,,,,,,,,,,,,,,
,,Percent of incidents,,,,,,,,,,,,,
Type of crime,Number of incidents,Total,,Police came to victim,,Victim went to police,,Contact with police-don't know how,,Police did not come,,Not known if police came,,Police were at the scene,
Crimes of violence,"2,142,410",100,%,76.7,%,4.8,%,0,%*,11.2,%,1.8,%,5.4,%
   Rape/Sexual assault/a,"103,350",100,%,79.9,%,2.7,%*,0,%*,5.1,%*,9.5,%*,2.8,%*
   Robbery,"356,090",100,%,83.7,%,6.6,%*,0,%*,7.6,%*,0.7,%*,1.4,%*
   Aggravated assault,"424,000",100,%,80.2,%,2.4,%*,0,%*,8.4,%,3.5,%*,5.6,%*
   Simple assault,"1,258,970",100,%,73.3,%,5.3,%,0,%*,13.7,%,1,%*,6.7,%
Purse snatching/Pocket picking,"126,690",100,%,51.7,%,7.8,%*,0,%*,27.3,%,2.2,%*,11,%*
Property crimes,"6,426,500",100,%,68,%,5.9,%,0,%*,23.4,%,1.8,%,1,%
   Household burglary,"1,596,630",100,%,83.3,%,2.4,%,0,%*,10.9,%,2.6,%,0.8,%*
   Motor vehicle theft,"814,200",100,%,66.4,%,5.6,%,0,%*,23.5,%,1.4,%*,3,%*
   Theft,"4,015,670",100,%,62.2,%,7.3,%,0,%*,28.3,%,1.6,%,0.7,%*
Note: Detail may not add to total shown because of rounding.,,,,,,,,,,,,,,,
*Estimate is based on 10 or fewer sample cases.,,,,,,,,,,,,,,,
a/Includes verbal threats of rape and threats of sexual assault.,,,,,,,,,,,,,,,
