Bureau of Justice Statistics,,,,,,,,,,,,
Filename:  cv0795.csv,,,,,,,,,,,,
"Table 95. Percent of victimizations reported to the police, by type of crime, victim-offender relationship, and ethnicity of victims",,,,,,,,,,,,
"Data source: National Criminal Victimization Survey, 2007  NCJ 227669",,,,,,,,,,,,
Produced by:  Cathy Maston ,,,,,,,,,,,,
Authors:  Patsy Klaus and Cathy Maston,,,,,,,,,,,,
Refer questions to: askbjs@usdoj.gov  202-307-0765,,,,,,,,,,,,
Data of version:  02/03/10,,,,,,,,,,,,
,,,,,,,,,,,,
"Table 95. Violent crimes, 2007: Percent of victimizations reported to the police, by type of crime, victim-offender relationship, and ethnicity of victims",,,,,,,,,,,,
,Percent of all victimizations reported to the police,,,,,,,,,,,
                                                                                               ,All victimizations,,,,Involving strangers,,,,Involving nonstrangers,,,
Type of crime,Hispanic,,Non-Hispanic,,Hispanic,,Non-Hispanic,,Hispanic,,Non-Hispanic,
Crimes of violence,47.6,%,46.1,%,43.8,%,49.8,%,54.8,%,42.4,%
   Completed violence,57.7,,58.6,,59.5,,65,,54.2,,52.8,
   Attempted/threatened violence,41.6,,40.9,,34.1,,43.9,,55.1,,37.7,
   Rape/Sexual assault/a,55.9,*,41,,100,*,50,,34.1,*,34.4,
   Robbery,62.5,,66.5,,61.9,,68.1,,71.5,*,60.8,
      Completed/property taken,63.4,,70.1,,61,,73.1,,100,*,61.6,
         With injury,76.5,*,87,,76.5,*,89.7,,0,*,81.9,
         Without injury,57,,59,,52.5,*,64.2,,100,*,37.8,*
      Attempted to take property,60.1,*,55.6,,64.5,*,55.3,,0,*,57.1,*
         With injury,100,*,82.6,*,100,*,90.7,*,0,*,65.4,*
         Without injury,53.5,*,42.5,*,58.1,*,42.9,*,0,*,37.7,*
   Assault,43.4,,44,,35.4,,46.2,,54.7,,42,
      Aggravated,54.5,,57.5,,52.4,,59,,57.9,*,55.5,
         With injury,62.5,*,75.1,,55,*,74.9,,71.1,*,75.3,
         Threatened with weapon,51.4,,51.5,,51.6,*,54.4,,51,*,46.9,
      Simple,40.5,,40.6,,30.5,,42.1,,54,,39.5,
         With minor injury,53.6,,53.5,,58.2,*,54.4,,48.9,*,53,
         Without injury,35.7,,37.2,,21.9,,39.8,,56.3,,34.8,
Note: Excludes data on persons whose ethnicity was not ascertained.,,,,,,,,,,,,
*Estimate is based on 10 or fewer sample cases.,,,,,,,,,,,,
a/Includes verbal threats of rape and threats of sexual assault.,,,,,,,,,,,,
