Bureau of Justice Statistics,,,,,,,,,,,,,,,,
Filename:  cv07107.csv,,,,,,,,,,,,,,,,
"Table 107. Percent distribution of incidents where police came to the victim, by police response time and type of crime",,,,,,,,,,,,,,,,
"Data source: National Criminal Victimization Survey, 2007  NCJ 227669",,,,,,,,,,,,,,,,
Produced by:  Cathy Maston ,,,,,,,,,,,,,,,,
Authors:  Patsy Klaus and Cathy Maston,,,,,,,,,,,,,,,,
Refer questions to: askbjs@usdoj.gov  202-307-0765,,,,,,,,,,,,,,,,
Data of version:  02/03/10,,,,,,,,,,,,,,,,
,,,,,,,,,,,,,,,,
"Table 107. Personal and property crimes, 2007: Percent distribution of incidents where police came to the victim, by police response time and type of crime",,,,,,,,,,,,,,,,
,Percent of incidents,,,,,,,,,,,,,,,
Type of crime, Total,,Within 5 minutes,,6-10 minutes,,11 minutes-1 hour,,Within 1 day,,  Longer than 1 day,,Length of time not known,,Not ascertained,
Crimes of violence/a,100,%,24.9,%,28.5,%,37.6,%,3.4,%,1.2,%*,4.2,%,0.2,%*
   Robbery,100,%,25.4,%,25.9,%,41.8,%,1.6,%*,0,%*,5.3,%*,0,%*
   Aggravated assault,100,%,19.1,%,34.3,%,42.8,%,2,%*,0,%*,1.8,%*,0,%*
   Simple assault,100,%,27,%,27.8,%,34.3,%,3.7,%,2.2,%*,4.6,%,0.4,%*
Property crimes,100,%,12.8,%,20.3,%,44.5,%,14.2,%,1.5,%,6.7,%,0,%*
   Household burglary,100,%,14.9,%,20.5,%,41.3,%,13.3,%,1.9,%*,8,%,0,%*
   Motor vehicle theft,100,%,9.6,%,23,%,43.3,%,17.4,%,0.4,%*,6.2,%*,0,%*
   Theft ,100,%,12.3,%,19.6,%,46.4,%,14,%,1.6,%,6,%,0,%*
Note: Detail may not add to total shown because of rounding.,,,,,,,,,,,,,,,,
*Estimate is based on 10 or fewer sample cases.,,,,,,,,,,,,,,,,
"a/Crimes of violence includes data on rape and sexual assault, not shown separately.",,,,,,,,,,,,,,,,
