Bureau of Justice Statistics,,,,,,,,,,,,,,,,,
Filename:  cv07104.csv,,,,,,,,,,,,,,,,,
"Table 104. Percent of reasons for not reporting victimizations to the police, by victim-offender relationship and type of crime",,,,,,,,,,,,,,,,,
"Data source: National Criminal Victimization Survey, 2007  NCJ 227669",,,,,,,,,,,,,,,,,
Produced by:  Cathy Maston ,,,,,,,,,,,,,,,,,
Authors:  Patsy Klaus and Cathy Maston,,,,,,,,,,,,,,,,,
Refer questions to: askbjs@usdoj.gov  202-307-0765,,,,,,,,,,,,,,,,,
Data of version:  02/03/10,,,,,,,,,,,,,,,,,
,,,,,,,,,,,,,,,,,
"Table 104. Personal crimes of violence, 2007: Percent of reasons for not reporting victimizations to the police, by victim-offender relationship and type of crime",,,,,,,,,,,,,,,,,
,,Percent of reasons for not reporting,,,,,,,,,,,,,,,
Relationship and type of crime,,Number of reasons for not reporting,, Total,,Reported to another official,,Private or personal matter,,Object recovered; offender unsuccessful,,Not important enough,, Insurance would not cover,,Not aware crime occurred until later,
Involving strangers,,,,,,,,,,,,,,,,,
,Crimes of violence,"1,485,000",,100,%,16.5,,14.8,,20.5,,7.2,,0.4,*,0.2,*
,   Rape/Sexual assault/a,"66,840",,100,%,15.3,*,6.7,*,0,*,6.7,*,0,*,0,*
,   Robbery,"210,050",,100,%,3.1,*,10.9,*,23.9,,1.9,*,3.1,*,1.2,*
,   Assault,"1,208,100",,100,%,18.9,,15.9,,21,,8.2,,0,*,0,*
Involving nonstrangers,,,,,,,,,,,,,,,,,
,Crimes of violence,"1,598,710",,100,%,13.8,,26.3,,13.8,,4,,0,*,0,*
,   Rape/Sexual assault/a,"109,010",,100,%,2.5,*,20.7,*,6.6,*,7.9,*,0,*,0,*
,   Robbery,"56,030",,100,%,10,*,27.9,*,20.1,*,7,*,0,*,0,*
,   Assault,"1,433,680",,100,%,14.8,,26.6,,14.1,,3.5,,0,*,0,*
,,Percent of reasons for not reporting,,,,,,,,,,,,,,,
Relationship and type of crime,, Unable to recover property; no ID no.,, Lack of proof,,Police would not want to be bothered,,"Police inefficient, ineffective, or biased",, Fear of reprisal,,Too inconvenient or time consuming,, Other reasons,,,
Involving strangers,,,,,,,,,,,,,,,,,
,Crimes of violence,0,*,4.9,,8.9,,4.2,,2.5,,7.6,,12.4,,,
,   Rape/Sexual assault/a,0,*,17.5,*,8,*,7.2,*,4.3,*,6.7,*,27.5,*,,
,   Robbery,0,*,3.2,*,10.8,*,9.7,*,4.5,*,13.1,*,14.4,*,,
,   Assault,0,*,4.5,,8.6,,3.1,,2,*,6.6,,11.2,,,
Involving nonstrangers,,,,,,,,,,,,,,,,,
,Crimes of violence,0,*,0.6,*,8.2,,3.6,,7.1,,4.1,,18.7,,,
,   Rape/Sexual assault/a,0,*,0,*,8.1,*,2.9,*,24.4,*,3.4,*,23.5,*,,
,   Robbery,0,*,0,*,5.8,*,0,*,0,*,5.7,*,23.4,*,,
,   Assault,0,*,0.7,*,8.3,,3.8,,6,,4.1,,18.2,,,
Note: Detail may not add to total shown because of rounding.,,,,,,,,,,,,,,,,,
Some respondents may have cited more than one reason for not reporting victimizations to the police.,,,,,,,,,,,,,,,,,
*Estimate is based on 10 or fewer sample cases.,,,,,,,,,,,,,,,,,
a/Includes verbal threats of rape and threats of sexual assault.,,,,,,,,,,,,,,,,,
