Bureau of Justice Statistics,,,,,,,,,
Filename:  cv07100.csv,,,,,,,,,
"Table 100. Percent of victimizations reported to the police, by value of loss and type of crime",,,,,,,,,
"Data source: National Criminal Victimization Survey, 2007  NCJ 227669",,,,,,,,,
Produced by:  Cathy Maston ,,,,,,,,,
Authors:  Patsy Klaus and Cathy Maston,,,,,,,,,
Refer questions to: askbjs@usdoj.gov  202-307-0765,,,,,,,,,
Data of version:  02/03/10,,,,,,,,,
,,,,,,,,,
"Table 100. Property crimes, 2007: Percent of victimizations reported to the police, by value of loss and type of crime",,,,,,,,,
,,Percent of all victimizations reported to the police,,,,,,,
Value of loss/a,,All property crimes,,Household burglary,,Motor vehicle theft,,Theft,
All losses/b,,36.3,%,51.1,%,91.3,%,30.4,%
,Less than $10/c,21.4,,52.3,*,0,*,19.8,
,$10 -$49,13.2,,13.6,*,0,*,13.2,
,$50-$99,22.3,,20.7,*,0,*,22.5,
,$100-$249,30.1,,25.3,,88,*,30.5,
,$250-$499,40.4,,44.3,,74.6,*,39.4,
,$500-$999,55.9,,62.9,,78.6,*,53.1,
,"$1,000 or more",81.3,,83.8,,96.6,,69.6,
*Estimate is based on 10 or fewer sample cases.,,,,,,,,,
"a/The proportions refer only to losses of cash and/or property, and exclude the value of property damage.",,,,,,,,,
b/Includes data for victims who did not provide a specific value for their losses.,,,,,,,,,
c/Includes items that had no value.,,,,,,,,,
