Bureau of Justice Statistics,,,,,,
Filename:  cv0798.csv,,,,,,
"Table 98. Percent of victimizations reported to the police, by type of crime and form of tenure",,,,,,
"Data source: National Criminal Victimization Survey, 2007  NCJ 227669",,,,,,
Produced by:  Cathy Maston ,,,,,,
Authors:  Patsy Klaus and Cathy Maston,,,,,,
Refer questions to: askbjs@usdoj.gov  202-307-0765,,,,,,
Data of version:  02/03/10,,,,,,
,,,,,,
"Table 98. Property crimes, 2007: Percent of victimizations reported to the police, by type of crime and form of tenure",,,,,,
,Percent of victimizations reported to the police,,,,,
Type of crime,Both forms,,Owned,,Rented,
Property crimes,37.2,%,38.3,%,35.7,%
   Household burglary,50.1,,55.7,,44.4,
      Completed,50.4,,56.7,,43.6,
         Forcible entry,67.9,,74.2,,61.6,
         Unlawful entry without force,37.3,,44.5,,28.8,
      Attempted forcible entry,48.9,,50.9,,47.3,
   Motor vehicle theft,85.3,,85,,85.6,
      Completed,91.3,,91.4,,91.2,
      Attempted,59.1,,61.4,,55.7,
   Theft,30.6,,31.8,,28.8,
      Completed,30.4,,31.2,,29.1,
         Less than $50,14.9,,15.5,,13.6,
         $50 - $249,27.6,,28.3,,26.6,
         $250 or more,50.9,,52.4,,48.7,
         Amount not available,25.8,,28.6,,21.7,
      Attempted,34.9,,46.1,,21.2,
