Bureau of Justice Statistics,,,,,,,,,,,,
Filename:  cv0794.csv,,,,,,,,,,,,
"Table 94. Percent of victimizations reported to the police, by type of crime, victim-offender relationship, and race of victims",,,,,,,,,,,,
"Data source: National Criminal Victimization Survey, 2007  NCJ 227669",,,,,,,,,,,,
Produced by:  Cathy Maston ,,,,,,,,,,,,
Authors:  Patsy Klaus and Cathy Maston,,,,,,,,,,,,
Refer questions to: askbjs@usdoj.gov  202-307-0765,,,,,,,,,,,,
Data of version:  02/03/10,,,,,,,,,,,,
,,,,,,,,,,,,
"Table 94. Violent crimes, 2007: Percent of victimizations reported to the police, by type of crime, victim-offender relationship, and race of victims",,,,,,,,,,,,
,Percent of all victimizations reported to the police,,,,,,,,,,,
,All victimizations,,,,Involving strangers,,,,Involving nonstrangers,,,
Type of crime,White only,,Black only,,White only,,Black only,,White only,,Black only,
Crimes of violence,45.8,%,52.3,%,48.2,%,58.1,%,43.3,%,46.1,%
   Completed violence,56.9,,65.8,,62.7,,69.2,,51.1,,61.7,
   Attempted/threatened violence,41.4,,43.7,,42.6,,50.3,,40,,36.9,
   Rape/Sexual assault/a,43.1,,63.8,*,52.9,,68,*,34.9,,58,*
   Robbery,63.9,,70.8,,67,,68.5,,52.2,,81.7,*
      Completed/property taken,67,,72.7,,70.6,,70.8,,54.6,,79.9,*
         With injury,85.7,,85,,86.8,,91.1,*,81,*,79.9,*
         Without injury,55.2,,65.5,,59.6,,65.5,,42.1,*,0,*
      Attempted to take property,55.9,,64.3,*,58.3,,61.5,*,43.6,*,100,*
         With injury,80.5,*,100,*,90,*,100,*,57.4,*,100,*
         Without injury,44.4,*,50.2,*,46.6,*,50.2,*,25.7,*,0,*
   Assault,44,,47.2,,44.5,,52.6,,43.4,,43,
      Aggravated,54.7,,65.5,,56.3,,67.5,,52.3,,63.1,
         With injury,66.2,,85,,67.4,,84,*,64.4,,85.9,*
         Threatened with weapon,51.5,,50.9,,53.2,,58.4,*,48.9,,39.8,*
      Simple,41.5,,41.6,,41,,46.6,,41.9,,38.1,
         With minor injury,54.1,,50,,53.7,,60,*,54.2,,44.8,*
         Attempted threat without weapon,37.9,,38.9,,38.5,,43.2,,37.4,,35.7,
Note: Excludes data on persons with races other than White only and Black only.,,,,,,,,,,,,
*Estimate is based on 10 or fewer sample cases.,,,,,,,,,,,,
a/Includes verbal threats of rape and threats of sexual assault.,,,,,,,,,,,,
