Bureau of Justice Statistics,,,,,,,,,,
Filename:  cv0796.csv,,,,,,,,,,
"Table 96. Percent of victimizations reported to the police, by type of crime and age of victims",,,,,,,,,,
"Data source: National Criminal Victimization Survey, 2007  NCJ 227669",,,,,,,,,,
Produced by:  Cathy Maston ,,,,,,,,,,
Authors:  Patsy Klaus and Cathy Maston,,,,,,,,,,
Refer questions to: askbjs@usdoj.gov  202-307-0765,,,,,,,,,,
Data of version:  02/03/10,,,,,,,,,,
,,,,,,,,,,
"Table 96. Personal crimes, 2007: Percent of victimizations reported to the police, by type of crime and age of victims",,,,,,,,,,
,Percent of victimizations reported to the police,,,,,,,,,
Type of crime, 12-19,,20-34,,35-49,,50-64,,65 and over,
All personal crimes,33.4,%,51.9,%,55.5,%,49.1,%,61.1,%
Crimes of violence,32.8,,51.4,,54.9,,48.8,,56.1,
   Completed violence,51.2,,57.9,,71.3,,59.3,,66.1,*
   Attempted/threatened violence,23.6,,48.1,,49.4,,45.3,,51.1,*
   Rape/Sexual assault/a,44.7,*,40.2,,33.7,*,65.1,*,59.3,*
   Robbery,68,,59.4,,71.9,,65.1,,81.4,*
      Completed/property taken,68.3,,59.9,,89,,69.2,,86.2,*
         With injury,80.1,,80.6,,100,*,82.9,*,100,*
         Without injury,61.6,,48.3,,79.1,*,61.8,*,60.6,*
      Attempted to take property,66.9,*,57.9,*,39.8,*,55.4,*,73,*
         With injury,73.3,*,100,*,64,*,100,*,0,*
         Without injury,62.5,*,44.5,*,33.5,*,32.2,*,73,*
   Assault,27.6,,51,,54.7,,45.3,,48.2,*
      Aggravated,39.1,,63.6,,58.5,,59.7,,76,*
         With injury,60.5,*,73.6,,90.8,*,72,*,0,*
         Threatened with weapon,31.3,,58.3,,52,,57,,76,*
      Simple,26,,46.9,,53.7,,40.7,,42.6,*
         With minor injury,43.5,,54.6,,73.5,,44.2,*,57.9,*
         Without injury,20,,44.7,,48.8,,40.1,,36.6,*
Purse snatching/Pocket picking,54.5,*,64,,71.2,*,61.1,*,77.5,*
*Estimate is based on 10 or fewer sample cases.,,,,,,,,,,
a/Includes verbal threats of rape and threats of sexual assault.,,,,,,,,,,
