Bureau of Justice Statistics,,,,
Filename:  cv0791b.csv,,,,
"Table 91b. Percent of victimizations reported to the police, by type of crime and gender and race or ethnicity of victims",,,,
"Data source: National Criminal Victimization Survey, 2007  NCJ 227669",,,,
Produced by:  Cathy Maston ,,,,
Authors:  Patsy Klaus and Cathy Maston,,,,
Refer questions to: askbjs@usdoj.gov  202-307-0765,,,,
Data of version:  02/03/10,,,,
,,,,
"Table 91b. Violent crimes, 2007: Percent of victimizations reported to the police, by type of crime and gender and race or ethnicity of victims",,,,
,Percent of all victimizations reported to the police,,,
Characteristic,Crimes of violence/a,,Property crimes,
Total,46.3,%,37.2,%
,,,,
     Male,45.4,,38.2,
          White only,46.5,,38.1,
          Black only,43.6,,36.6,
          Other race only/b,53,,45,
          Two or more races/c,26.8,*,39.4,
     Female,47.3,,36.2,
          White only,45.1,,36.3,
          Black only,60.2,,38.5,
          Other race only/b,35.3,*,26.7,
          Two or more races/c,45.8,,37.7,
     Male,,,,
          Hispanic,46,,35.7,
          Non-Hispanic,45.4,,38.6,
     Female,,,,
          Hispanic,49.8,,35.2,
          Non-Hispanic,46.9,,36.5,
*Estimate is based on 10 or fewer sample cases.,,,,
Excludes data on persons whose ethnicity was not ascertained.,,,,
"a/Includes data on rape and sexual assault, not shown separately.",,,,
"b/Includes American Indian, Alaskan Native, Asian, Native Hawaiian and other Pacific Islander if only one of these  races is given.",,,,
"c/Includes all persons of any race, indicating two or more races.",,,,
