Name: “Table 1 of 1 on page 7 of 12”,Name: “Table 1 of 1 on page 7 of 12”
Table: 7,Table: 7
,
-The Facebook page reached over a thousand fans. The Facebook page continued to be a,-The Facebook page reached over a thousand fans. The Facebook page continued to be a
positive tool to connect with the public to include advertising employment opportunities.,positive tool to connect with the public to include advertising employment opportunities.
-Major Wyatt participated in Pittsylvania County’s Trunk or Treat program with plans to,-Major Wyatt participated in Pittsylvania County’s Trunk or Treat program with plans to
organize a similar program in 2013.,
-The Sheriff’s Office participated in a multi agency “Drug Take Back” event organized by,-The Sheriff’s Office participated in a multi agency “Drug Take Back” event organized by
the D.E.A. Citizens brought old prescription medication to be destroyed. Numerous were,the D.E.A. Citizens brought old prescription medication to be destroyed. Numerous were
present at locations around the city for the event.,present at locations around the city for the event.
"Deputy Bob Thomas is pictured with DPD Corporal Scearce, VSP Investigator Mark Scearce,","Deputy Bob Thomas is pictured with DPD Corporal Scearce, VSP Investigator Mark Scearce,"
"WBTM radio personality Alex Vardavas, and Target employees during a drug take back.","WBTM radio personality Alex Vardavas, and Target employees during a drug take back."
-Concerns,about the underground parking area or “Bunker” were raised during outside
security assessments of the courts and jails building. These concerns and an inquiry from a,security assessments of the courts and jails building. These concerns and an inquiry from a
Judge prompted the beginning of a construction project pending the approval of Danville,Judge prompted the beginning of a construction project pending the approval of Danville
City Council in February of 2013.,
-The Sheriff’s Office coordinated a wrestling event fundraiser again in 2012. The event was,-The Sheriff’s Office coordinated a wrestling event fundraiser again in 2012. The event was
"held at Tunstall High School, and was well attended by members of the community. The","held at Tunstall High School, and was well attended by members of the community. The"
"event raised funds for the Sheriff’s Office benevolent fund, Pittsylvania County Sheriff’s","event raised funds for the Sheriff’s Office benevolent fund, Pittsylvania County Sheriff’s"
"Office DARE program, and Team Jake.",
,7
