Name: “Table 1 of 1 on page 12 of 12”,Name: “Table 1 of 1 on page 12 of 12”,Name: “Table 1 of 1 on page 12 of 12”,Name: “Table 1 of 1 on page 12 of 12”,Name: “Table 1 of 1 on page 12 of 12”
Table: 12,Table: 12,Table: 12,Table: 12,Table: 12
,,,,
2012 Statistics,2012 Statistics,2012 Statistics,,
Sworn Personnel: 73,,,,
Non Uniform Personnel: 9,,,,
,2009,2010,2011,2012
Average Daily Population,212,242,262,**304
Subpoenas Received,"47,795","38,861","35,400","39,467"
Jury Summonses Received,330,648,585,881
Levies Received,217,311,251,234
Mental Patient Trips/Danville,330,647,443,565
Mental Patient Trips/Out of Town,35,127,88,91
Circuit Court Days,407,423,405,*316
General District Court Days,243,243,242,242
Juv. and Domestic Court Days,280,285,262,264
"(One Full Time Judge, One Part Time Judge)",,,,
*Judge Moreau filled the vacant judgeship in July.,*Judge Moreau filled the vacant judgeship in July.,,,
"**The ADP reached 355 in October, an all time high for the Danville City Jail.","**The ADP reached 355 in October, an all time high for the Danville City Jail.","**The ADP reached 355 in October, an all time high for the Danville City Jail.","**The ADP reached 355 in October, an all time high for the Danville City Jail.",
The End,The End,The End,,
,12,,,
