Name: “Table 1 of 1 on page 11 of 12”,Name: “Table 1 of 1 on page 11 of 12”,Name: “Table 1 of 1 on page 11 of 12”,Name: “Table 1 of 1 on page 11 of 12”,Name: “Table 1 of 1 on page 11 of 12”,Name: “Table 1 of 1 on page 11 of 12”,Name: “Table 1 of 1 on page 11 of 12”,Name: “Table 1 of 1 on page 11 of 12”,Name: “Table 1 of 1 on page 11 of 12”,Name: “Table 1 of 1 on page 11 of 12”,Name: “Table 1 of 1 on page 11 of 12”,Name: “Table 1 of 1 on page 11 of 12”,Name: “Table 1 of 1 on page 11 of 12”,Name: “Table 1 of 1 on page 11 of 12”,Name: “Table 1 of 1 on page 11 of 12”,Name: “Table 1 of 1 on page 11 of 12”,Name: “Table 1 of 1 on page 11 of 12”,Name: “Table 1 of 1 on page 11 of 12”
Table: 11,Table: 11,Table: 11,Table: 11,Table: 11,Table: 11,Table: 11,Table: 11,Table: 11,Table: 11,Table: 11,Table: 11,Table: 11,Table: 11,Table: 11,Table: 11,Table: 11,Table: 11
,,,,,,,,,,,,,,,,,
,,,,Good News; A word from the “Rev”,Good News; A word from the “Rev”,Good News; A word from the “Rev”,Good News; A word from the “Rev”,Good News; A word from the “Rev”,Good News; A word from the “Rev”,Good News; A word from the “Rev”,Good News; A word from the “Rev”,Good News; A word from the “Rev”,,,,,
Good News Jail & Prison Ministry counts it a privilege to have been a daily part of the,Good News Jail & Prison Ministry counts it a privilege to have been a daily part of the,Good News Jail & Prison Ministry counts it a privilege to have been a daily part of the,Good News Jail & Prison Ministry counts it a privilege to have been a daily part of the,Good News Jail & Prison Ministry counts it a privilege to have been a daily part of the,Good News Jail & Prison Ministry counts it a privilege to have been a daily part of the,Good News Jail & Prison Ministry counts it a privilege to have been a daily part of the,Good News Jail & Prison Ministry counts it a privilege to have been a daily part of the,Good News Jail & Prison Ministry counts it a privilege to have been a daily part of the,Good News Jail & Prison Ministry counts it a privilege to have been a daily part of the,Good News Jail & Prison Ministry counts it a privilege to have been a daily part of the,Good News Jail & Prison Ministry counts it a privilege to have been a daily part of the,Good News Jail & Prison Ministry counts it a privilege to have been a daily part of the,Good News Jail & Prison Ministry counts it a privilege to have been a daily part of the,Good News Jail & Prison Ministry counts it a privilege to have been a daily part of the,Good News Jail & Prison Ministry counts it a privilege to have been a daily part of the,Good News Jail & Prison Ministry counts it a privilege to have been a daily part of the,Good News Jail & Prison Ministry counts it a privilege to have been a daily part of the
Danville Sheriff’s Office when Rev. Ray Macy became the first Chaplain for then Sheriff,Danville Sheriff’s Office when Rev. Ray Macy became the first Chaplain for then Sheriff,Danville Sheriff’s Office when Rev. Ray Macy became the first Chaplain for then Sheriff,Danville Sheriff’s Office when Rev. Ray Macy became the first Chaplain for then Sheriff,Danville Sheriff’s Office when Rev. Ray Macy became the first Chaplain for then Sheriff,Danville Sheriff’s Office when Rev. Ray Macy became the first Chaplain for then Sheriff,Danville Sheriff’s Office when Rev. Ray Macy became the first Chaplain for then Sheriff,Danville Sheriff’s Office when Rev. Ray Macy became the first Chaplain for then Sheriff,Danville Sheriff’s Office when Rev. Ray Macy became the first Chaplain for then Sheriff,Danville Sheriff’s Office when Rev. Ray Macy became the first Chaplain for then Sheriff,Danville Sheriff’s Office when Rev. Ray Macy became the first Chaplain for then Sheriff,Danville Sheriff’s Office when Rev. Ray Macy became the first Chaplain for then Sheriff,Danville Sheriff’s Office when Rev. Ray Macy became the first Chaplain for then Sheriff,Danville Sheriff’s Office when Rev. Ray Macy became the first Chaplain for then Sheriff,Danville Sheriff’s Office when Rev. Ray Macy became the first Chaplain for then Sheriff,Danville Sheriff’s Office when Rev. Ray Macy became the first Chaplain for then Sheriff,Danville Sheriff’s Office when Rev. Ray Macy became the first Chaplain for then Sheriff,Danville Sheriff’s Office when Rev. Ray Macy became the first Chaplain for then Sheriff
"Charles J. Smith in 1978, and now as we celebrate our 35 th anniversary in 2013. I’ve had the","Charles J. Smith in 1978, and now as we celebrate our 35 th anniversary in 2013. I’ve had the","Charles J. Smith in 1978, and now as we celebrate our 35 th anniversary in 2013. I’ve had the","Charles J. Smith in 1978, and now as we celebrate our 35 th anniversary in 2013. I’ve had the","Charles J. Smith in 1978, and now as we celebrate our 35 th anniversary in 2013. I’ve had the","Charles J. Smith in 1978, and now as we celebrate our 35 th anniversary in 2013. I’ve had the","Charles J. Smith in 1978, and now as we celebrate our 35 th anniversary in 2013. I’ve had the","Charles J. Smith in 1978, and now as we celebrate our 35 th anniversary in 2013. I’ve had the","Charles J. Smith in 1978, and now as we celebrate our 35 th anniversary in 2013. I’ve had the","Charles J. Smith in 1978, and now as we celebrate our 35 th anniversary in 2013. I’ve had the","Charles J. Smith in 1978, and now as we celebrate our 35 th anniversary in 2013. I’ve had the","Charles J. Smith in 1978, and now as we celebrate our 35 th anniversary in 2013. I’ve had the","Charles J. Smith in 1978, and now as we celebrate our 35 th anniversary in 2013. I’ve had the","Charles J. Smith in 1978, and now as we celebrate our 35 th anniversary in 2013. I’ve had the","Charles J. Smith in 1978, and now as we celebrate our 35 th anniversary in 2013. I’ve had the","Charles J. Smith in 1978, and now as we celebrate our 35 th anniversary in 2013. I’ve had the","Charles J. Smith in 1978, and now as we celebrate our 35 th anniversary in 2013. I’ve had the","Charles J. Smith in 1978, and now as we celebrate our 35 th anniversary in 2013. I’ve had the"
honor of following Ray’s ministry for 24 of those years.,honor of following Ray’s ministry for 24 of those years.,honor of following Ray’s ministry for 24 of those years.,honor of following Ray’s ministry for 24 of those years.,honor of following Ray’s ministry for 24 of those years.,honor of following Ray’s ministry for 24 of those years.,honor of following Ray’s ministry for 24 of those years.,honor of following Ray’s ministry for 24 of those years.,honor of following Ray’s ministry for 24 of those years.,honor of following Ray’s ministry for 24 of those years.,,,,,,,,
During 2012 your Good News Chaplain and volunteers conducted an average of 10 worship,During 2012 your Good News Chaplain and volunteers conducted an average of 10 worship,During 2012 your Good News Chaplain and volunteers conducted an average of 10 worship,During 2012 your Good News Chaplain and volunteers conducted an average of 10 worship,During 2012 your Good News Chaplain and volunteers conducted an average of 10 worship,During 2012 your Good News Chaplain and volunteers conducted an average of 10 worship,During 2012 your Good News Chaplain and volunteers conducted an average of 10 worship,During 2012 your Good News Chaplain and volunteers conducted an average of 10 worship,During 2012 your Good News Chaplain and volunteers conducted an average of 10 worship,During 2012 your Good News Chaplain and volunteers conducted an average of 10 worship,During 2012 your Good News Chaplain and volunteers conducted an average of 10 worship,During 2012 your Good News Chaplain and volunteers conducted an average of 10 worship,During 2012 your Good News Chaplain and volunteers conducted an average of 10 worship,During 2012 your Good News Chaplain and volunteers conducted an average of 10 worship,During 2012 your Good News Chaplain and volunteers conducted an average of 10 worship,During 2012 your Good News Chaplain and volunteers conducted an average of 10 worship,During 2012 your Good News Chaplain and volunteers conducted an average of 10 worship,During 2012 your Good News Chaplain and volunteers conducted an average of 10 worship
services and group Bible studies each week including one for Spanish speaking inmates;,services and group Bible studies each week including one for Spanish speaking inmates;,services and group Bible studies each week including one for Spanish speaking inmates;,services and group Bible studies each week including one for Spanish speaking inmates;,services and group Bible studies each week including one for Spanish speaking inmates;,services and group Bible studies each week including one for Spanish speaking inmates;,services and group Bible studies each week including one for Spanish speaking inmates;,services and group Bible studies each week including one for Spanish speaking inmates;,services and group Bible studies each week including one for Spanish speaking inmates;,services and group Bible studies each week including one for Spanish speaking inmates;,services and group Bible studies each week including one for Spanish speaking inmates;,services and group Bible studies each week including one for Spanish speaking inmates;,services and group Bible studies each week including one for Spanish speaking inmates;,services and group Bible studies each week including one for Spanish speaking inmates;,services and group Bible studies each week including one for Spanish speaking inmates;,services and group Bible studies each week including one for Spanish speaking inmates;,services and group Bible studies each week including one for Spanish speaking inmates;,services and group Bible studies each week including one for Spanish speaking inmates;
giving some 520 opportunities to inmates to attend a group meeting throughout the year.,giving some 520 opportunities to inmates to attend a group meeting throughout the year.,giving some 520 opportunities to inmates to attend a group meeting throughout the year.,giving some 520 opportunities to inmates to attend a group meeting throughout the year.,giving some 520 opportunities to inmates to attend a group meeting throughout the year.,giving some 520 opportunities to inmates to attend a group meeting throughout the year.,giving some 520 opportunities to inmates to attend a group meeting throughout the year.,giving some 520 opportunities to inmates to attend a group meeting throughout the year.,giving some 520 opportunities to inmates to attend a group meeting throughout the year.,giving some 520 opportunities to inmates to attend a group meeting throughout the year.,giving some 520 opportunities to inmates to attend a group meeting throughout the year.,giving some 520 opportunities to inmates to attend a group meeting throughout the year.,giving some 520 opportunities to inmates to attend a group meeting throughout the year.,giving some 520 opportunities to inmates to attend a group meeting throughout the year.,giving some 520 opportunities to inmates to attend a group meeting throughout the year.,giving some 520 opportunities to inmates to attend a group meeting throughout the year.,giving some 520 opportunities to inmates to attend a group meeting throughout the year.,giving some 520 opportunities to inmates to attend a group meeting throughout the year.
Along,with,group,meetings,meetings,there,were,were,528,individual,individual,counseling,counseling,sessions;,sessions;,"8,673",,Bible
lessons,completed,completed,by inmates,by inmates,and,17,inmates who,inmates who,inmates who,completed,completed,the,Bible,Bible,Correspondence,Correspondence,Correspondence
Course and received a Good News Award Bible.,Course and received a Good News Award Bible.,Course and received a Good News Award Bible.,Course and received a Good News Award Bible.,Course and received a Good News Award Bible.,Course and received a Good News Award Bible.,Course and received a Good News Award Bible.,Course and received a Good News Award Bible.,Course and received a Good News Award Bible.,,,,,,,,,
In addition to Christian ministry in the facility we were able to continue to facilitate inmates,In addition to Christian ministry in the facility we were able to continue to facilitate inmates,In addition to Christian ministry in the facility we were able to continue to facilitate inmates,In addition to Christian ministry in the facility we were able to continue to facilitate inmates,In addition to Christian ministry in the facility we were able to continue to facilitate inmates,In addition to Christian ministry in the facility we were able to continue to facilitate inmates,In addition to Christian ministry in the facility we were able to continue to facilitate inmates,In addition to Christian ministry in the facility we were able to continue to facilitate inmates,In addition to Christian ministry in the facility we were able to continue to facilitate inmates,In addition to Christian ministry in the facility we were able to continue to facilitate inmates,In addition to Christian ministry in the facility we were able to continue to facilitate inmates,In addition to Christian ministry in the facility we were able to continue to facilitate inmates,In addition to Christian ministry in the facility we were able to continue to facilitate inmates,In addition to Christian ministry in the facility we were able to continue to facilitate inmates,In addition to Christian ministry in the facility we were able to continue to facilitate inmates,In addition to Christian ministry in the facility we were able to continue to facilitate inmates,In addition to Christian ministry in the facility we were able to continue to facilitate inmates,In addition to Christian ministry in the facility we were able to continue to facilitate inmates
of various religious needs as well as providing consultation to staff and the community in,of various religious needs as well as providing consultation to staff and the community in,of various religious needs as well as providing consultation to staff and the community in,of various religious needs as well as providing consultation to staff and the community in,of various religious needs as well as providing consultation to staff and the community in,of various religious needs as well as providing consultation to staff and the community in,of various religious needs as well as providing consultation to staff and the community in,of various religious needs as well as providing consultation to staff and the community in,of various religious needs as well as providing consultation to staff and the community in,of various religious needs as well as providing consultation to staff and the community in,of various religious needs as well as providing consultation to staff and the community in,of various religious needs as well as providing consultation to staff and the community in,of various religious needs as well as providing consultation to staff and the community in,of various religious needs as well as providing consultation to staff and the community in,of various religious needs as well as providing consultation to staff and the community in,of various religious needs as well as providing consultation to staff and the community in,of various religious needs as well as providing consultation to staff and the community in,of various religious needs as well as providing consultation to staff and the community in
meeting these needs.,meeting these needs.,meeting these needs.,meeting these needs.,,,,,,,,,,,,,,
"While religion is the primary role of Good News, volunteers also continued to provide library","While religion is the primary role of Good News, volunteers also continued to provide library","While religion is the primary role of Good News, volunteers also continued to provide library","While religion is the primary role of Good News, volunteers also continued to provide library","While religion is the primary role of Good News, volunteers also continued to provide library","While religion is the primary role of Good News, volunteers also continued to provide library","While religion is the primary role of Good News, volunteers also continued to provide library","While religion is the primary role of Good News, volunteers also continued to provide library","While religion is the primary role of Good News, volunteers also continued to provide library","While religion is the primary role of Good News, volunteers also continued to provide library","While religion is the primary role of Good News, volunteers also continued to provide library","While religion is the primary role of Good News, volunteers also continued to provide library","While religion is the primary role of Good News, volunteers also continued to provide library","While religion is the primary role of Good News, volunteers also continued to provide library","While religion is the primary role of Good News, volunteers also continued to provide library","While religion is the primary role of Good News, volunteers also continued to provide library","While religion is the primary role of Good News, volunteers also continued to provide library","While religion is the primary role of Good News, volunteers also continued to provide library"
services,to,both,men,and,women,inmates,inmates,each,week.,week.,"Also,",Narcotics,Narcotics,,Anonymous,Anonymous,has
continued,to,meet,weekly with,weekly with,women,women,women,inmates,at,the,jail,annex.,As,in,previous,,"years,"
"whether religious or secular, dozens of new volunteers are provided training in understanding","whether religious or secular, dozens of new volunteers are provided training in understanding","whether religious or secular, dozens of new volunteers are provided training in understanding","whether religious or secular, dozens of new volunteers are provided training in understanding","whether religious or secular, dozens of new volunteers are provided training in understanding","whether religious or secular, dozens of new volunteers are provided training in understanding","whether religious or secular, dozens of new volunteers are provided training in understanding","whether religious or secular, dozens of new volunteers are provided training in understanding","whether religious or secular, dozens of new volunteers are provided training in understanding","whether religious or secular, dozens of new volunteers are provided training in understanding","whether religious or secular, dozens of new volunteers are provided training in understanding","whether religious or secular, dozens of new volunteers are provided training in understanding","whether religious or secular, dozens of new volunteers are provided training in understanding","whether religious or secular, dozens of new volunteers are provided training in understanding","whether religious or secular, dozens of new volunteers are provided training in understanding","whether religious or secular, dozens of new volunteers are provided training in understanding","whether religious or secular, dozens of new volunteers are provided training in understanding","whether religious or secular, dozens of new volunteers are provided training in understanding"
their role in the facility and the importance of maintaining proper security.,their role in the facility and the importance of maintaining proper security.,their role in the facility and the importance of maintaining proper security.,their role in the facility and the importance of maintaining proper security.,their role in the facility and the importance of maintaining proper security.,their role in the facility and the importance of maintaining proper security.,their role in the facility and the importance of maintaining proper security.,their role in the facility and the importance of maintaining proper security.,their role in the facility and the importance of maintaining proper security.,their role in the facility and the importance of maintaining proper security.,their role in the facility and the importance of maintaining proper security.,their role in the facility and the importance of maintaining proper security.,their role in the facility and the importance of maintaining proper security.,their role in the facility and the importance of maintaining proper security.,,,,
"Along with the addition of our new Hispanic ministry volunteer in 2012, we began the first","Along with the addition of our new Hispanic ministry volunteer in 2012, we began the first","Along with the addition of our new Hispanic ministry volunteer in 2012, we began the first","Along with the addition of our new Hispanic ministry volunteer in 2012, we began the first","Along with the addition of our new Hispanic ministry volunteer in 2012, we began the first","Along with the addition of our new Hispanic ministry volunteer in 2012, we began the first","Along with the addition of our new Hispanic ministry volunteer in 2012, we began the first","Along with the addition of our new Hispanic ministry volunteer in 2012, we began the first","Along with the addition of our new Hispanic ministry volunteer in 2012, we began the first","Along with the addition of our new Hispanic ministry volunteer in 2012, we began the first","Along with the addition of our new Hispanic ministry volunteer in 2012, we began the first","Along with the addition of our new Hispanic ministry volunteer in 2012, we began the first","Along with the addition of our new Hispanic ministry volunteer in 2012, we began the first","Along with the addition of our new Hispanic ministry volunteer in 2012, we began the first","Along with the addition of our new Hispanic ministry volunteer in 2012, we began the first","Along with the addition of our new Hispanic ministry volunteer in 2012, we began the first","Along with the addition of our new Hispanic ministry volunteer in 2012, we began the first","Along with the addition of our new Hispanic ministry volunteer in 2012, we began the first"
of our Life Improvement Skills Training programs for women inmates with the E. D. I. T.,of our Life Improvement Skills Training programs for women inmates with the E. D. I. T.,of our Life Improvement Skills Training programs for women inmates with the E. D. I. T.,of our Life Improvement Skills Training programs for women inmates with the E. D. I. T.,of our Life Improvement Skills Training programs for women inmates with the E. D. I. T.,of our Life Improvement Skills Training programs for women inmates with the E. D. I. T.,of our Life Improvement Skills Training programs for women inmates with the E. D. I. T.,of our Life Improvement Skills Training programs for women inmates with the E. D. I. T.,of our Life Improvement Skills Training programs for women inmates with the E. D. I. T.,of our Life Improvement Skills Training programs for women inmates with the E. D. I. T.,of our Life Improvement Skills Training programs for women inmates with the E. D. I. T.,of our Life Improvement Skills Training programs for women inmates with the E. D. I. T.,of our Life Improvement Skills Training programs for women inmates with the E. D. I. T.,of our Life Improvement Skills Training programs for women inmates with the E. D. I. T.,of our Life Improvement Skills Training programs for women inmates with the E. D. I. T.,of our Life Improvement Skills Training programs for women inmates with the E. D. I. T.,of our Life Improvement Skills Training programs for women inmates with the E. D. I. T.,of our Life Improvement Skills Training programs for women inmates with the E. D. I. T.
group.,Every,Day,in,Transition,Transition,is,a,creative,writing,writing,group,helping,helping,women,women,improve,improve
communication skills as well as providing a creative and therapeutic outlet with our group,communication skills as well as providing a creative and therapeutic outlet with our group,communication skills as well as providing a creative and therapeutic outlet with our group,communication skills as well as providing a creative and therapeutic outlet with our group,communication skills as well as providing a creative and therapeutic outlet with our group,communication skills as well as providing a creative and therapeutic outlet with our group,communication skills as well as providing a creative and therapeutic outlet with our group,communication skills as well as providing a creative and therapeutic outlet with our group,communication skills as well as providing a creative and therapeutic outlet with our group,communication skills as well as providing a creative and therapeutic outlet with our group,communication skills as well as providing a creative and therapeutic outlet with our group,communication skills as well as providing a creative and therapeutic outlet with our group,communication skills as well as providing a creative and therapeutic outlet with our group,communication skills as well as providing a creative and therapeutic outlet with our group,communication skills as well as providing a creative and therapeutic outlet with our group,communication skills as well as providing a creative and therapeutic outlet with our group,communication skills as well as providing a creative and therapeutic outlet with our group,communication skills as well as providing a creative and therapeutic outlet with our group
"facilitator,",Kathy,Kathy,Ross.,Kathy,is,a,recent,graduate,graduate,of,Averett,University,University,University,and,we,were
delighted,to,have,her,donation,of,,time.,Additional,Additional,classes,classes,for,2013,include,include,"P.O.N.Y,","P.O.N.Y,"
"(Positive Outlook in the New Year,) setting and reaching goals and Women’s Health Issues.","(Positive Outlook in the New Year,) setting and reaching goals and Women’s Health Issues.","(Positive Outlook in the New Year,) setting and reaching goals and Women’s Health Issues.","(Positive Outlook in the New Year,) setting and reaching goals and Women’s Health Issues.","(Positive Outlook in the New Year,) setting and reaching goals and Women’s Health Issues.","(Positive Outlook in the New Year,) setting and reaching goals and Women’s Health Issues.","(Positive Outlook in the New Year,) setting and reaching goals and Women’s Health Issues.","(Positive Outlook in the New Year,) setting and reaching goals and Women’s Health Issues.","(Positive Outlook in the New Year,) setting and reaching goals and Women’s Health Issues.","(Positive Outlook in the New Year,) setting and reaching goals and Women’s Health Issues.","(Positive Outlook in the New Year,) setting and reaching goals and Women’s Health Issues.","(Positive Outlook in the New Year,) setting and reaching goals and Women’s Health Issues.","(Positive Outlook in the New Year,) setting and reaching goals and Women’s Health Issues.","(Positive Outlook in the New Year,) setting and reaching goals and Women’s Health Issues.","(Positive Outlook in the New Year,) setting and reaching goals and Women’s Health Issues.","(Positive Outlook in the New Year,) setting and reaching goals and Women’s Health Issues.","(Positive Outlook in the New Year,) setting and reaching goals and Women’s Health Issues.","(Positive Outlook in the New Year,) setting and reaching goals and Women’s Health Issues."
"Even though ministry to inmates is the public perception of Good News, one of the greatest","Even though ministry to inmates is the public perception of Good News, one of the greatest","Even though ministry to inmates is the public perception of Good News, one of the greatest","Even though ministry to inmates is the public perception of Good News, one of the greatest","Even though ministry to inmates is the public perception of Good News, one of the greatest","Even though ministry to inmates is the public perception of Good News, one of the greatest","Even though ministry to inmates is the public perception of Good News, one of the greatest","Even though ministry to inmates is the public perception of Good News, one of the greatest","Even though ministry to inmates is the public perception of Good News, one of the greatest","Even though ministry to inmates is the public perception of Good News, one of the greatest","Even though ministry to inmates is the public perception of Good News, one of the greatest","Even though ministry to inmates is the public perception of Good News, one of the greatest","Even though ministry to inmates is the public perception of Good News, one of the greatest","Even though ministry to inmates is the public perception of Good News, one of the greatest","Even though ministry to inmates is the public perception of Good News, one of the greatest","Even though ministry to inmates is the public perception of Good News, one of the greatest","Even though ministry to inmates is the public perception of Good News, one of the greatest","Even though ministry to inmates is the public perception of Good News, one of the greatest"
privileges for me is building relationships and ministering to deputies and staff members.,privileges for me is building relationships and ministering to deputies and staff members.,privileges for me is building relationships and ministering to deputies and staff members.,privileges for me is building relationships and ministering to deputies and staff members.,privileges for me is building relationships and ministering to deputies and staff members.,privileges for me is building relationships and ministering to deputies and staff members.,privileges for me is building relationships and ministering to deputies and staff members.,privileges for me is building relationships and ministering to deputies and staff members.,privileges for me is building relationships and ministering to deputies and staff members.,privileges for me is building relationships and ministering to deputies and staff members.,privileges for me is building relationships and ministering to deputies and staff members.,privileges for me is building relationships and ministering to deputies and staff members.,privileges for me is building relationships and ministering to deputies and staff members.,privileges for me is building relationships and ministering to deputies and staff members.,privileges for me is building relationships and ministering to deputies and staff members.,privileges for me is building relationships and ministering to deputies and staff members.,privileges for me is building relationships and ministering to deputies and staff members.,privileges for me is building relationships and ministering to deputies and staff members.
"Whether at a time of grief, during a critical incident stress debriefing, a staff meeting, the","Whether at a time of grief, during a critical incident stress debriefing, a staff meeting, the","Whether at a time of grief, during a critical incident stress debriefing, a staff meeting, the","Whether at a time of grief, during a critical incident stress debriefing, a staff meeting, the","Whether at a time of grief, during a critical incident stress debriefing, a staff meeting, the","Whether at a time of grief, during a critical incident stress debriefing, a staff meeting, the","Whether at a time of grief, during a critical incident stress debriefing, a staff meeting, the","Whether at a time of grief, during a critical incident stress debriefing, a staff meeting, the","Whether at a time of grief, during a critical incident stress debriefing, a staff meeting, the","Whether at a time of grief, during a critical incident stress debriefing, a staff meeting, the","Whether at a time of grief, during a critical incident stress debriefing, a staff meeting, the","Whether at a time of grief, during a critical incident stress debriefing, a staff meeting, the","Whether at a time of grief, during a critical incident stress debriefing, a staff meeting, the","Whether at a time of grief, during a critical incident stress debriefing, a staff meeting, the","Whether at a time of grief, during a critical incident stress debriefing, a staff meeting, the","Whether at a time of grief, during a critical incident stress debriefing, a staff meeting, the","Whether at a time of grief, during a critical incident stress debriefing, a staff meeting, the","Whether at a time of grief, during a critical incident stress debriefing, a staff meeting, the"
"Western Regional Jail Association, or at a celebration; it is an honor to be the chaplain for the","Western Regional Jail Association, or at a celebration; it is an honor to be the chaplain for the","Western Regional Jail Association, or at a celebration; it is an honor to be the chaplain for the","Western Regional Jail Association, or at a celebration; it is an honor to be the chaplain for the","Western Regional Jail Association, or at a celebration; it is an honor to be the chaplain for the","Western Regional Jail Association, or at a celebration; it is an honor to be the chaplain for the","Western Regional Jail Association, or at a celebration; it is an honor to be the chaplain for the","Western Regional Jail Association, or at a celebration; it is an honor to be the chaplain for the","Western Regional Jail Association, or at a celebration; it is an honor to be the chaplain for the","Western Regional Jail Association, or at a celebration; it is an honor to be the chaplain for the","Western Regional Jail Association, or at a celebration; it is an honor to be the chaplain for the","Western Regional Jail Association, or at a celebration; it is an honor to be the chaplain for the","Western Regional Jail Association, or at a celebration; it is an honor to be the chaplain for the","Western Regional Jail Association, or at a celebration; it is an honor to be the chaplain for the","Western Regional Jail Association, or at a celebration; it is an honor to be the chaplain for the","Western Regional Jail Association, or at a celebration; it is an honor to be the chaplain for the","Western Regional Jail Association, or at a celebration; it is an honor to be the chaplain for the","Western Regional Jail Association, or at a celebration; it is an honor to be the chaplain for the"
men and women serving our community in the Danville Sheriff’s Office. I am proud of each,men and women serving our community in the Danville Sheriff’s Office. I am proud of each,men and women serving our community in the Danville Sheriff’s Office. I am proud of each,men and women serving our community in the Danville Sheriff’s Office. I am proud of each,men and women serving our community in the Danville Sheriff’s Office. I am proud of each,men and women serving our community in the Danville Sheriff’s Office. I am proud of each,men and women serving our community in the Danville Sheriff’s Office. I am proud of each,men and women serving our community in the Danville Sheriff’s Office. I am proud of each,men and women serving our community in the Danville Sheriff’s Office. I am proud of each,men and women serving our community in the Danville Sheriff’s Office. I am proud of each,men and women serving our community in the Danville Sheriff’s Office. I am proud of each,men and women serving our community in the Danville Sheriff’s Office. I am proud of each,men and women serving our community in the Danville Sheriff’s Office. I am proud of each,men and women serving our community in the Danville Sheriff’s Office. I am proud of each,men and women serving our community in the Danville Sheriff’s Office. I am proud of each,men and women serving our community in the Danville Sheriff’s Office. I am proud of each,men and women serving our community in the Danville Sheriff’s Office. I am proud of each,men and women serving our community in the Danville Sheriff’s Office. I am proud of each
one.,,,,,,,,,,,,,,,,,
"In His Service,","In His Service,","In His Service,",,,,,,,,,,,,,,,
David Abernathy,David Abernathy,David Abernathy,David Abernathy,,,,,,,,,,,,,,
Rev. David Abernathy,Rev. David Abernathy,Rev. David Abernathy,Rev. David Abernathy,,,,,,,,,,,,,,
"Senior Chaplain, Good News Jail & Prison Ministry","Senior Chaplain, Good News Jail & Prison Ministry","Senior Chaplain, Good News Jail & Prison Ministry","Senior Chaplain, Good News Jail & Prison Ministry","Senior Chaplain, Good News Jail & Prison Ministry","Senior Chaplain, Good News Jail & Prison Ministry","Senior Chaplain, Good News Jail & Prison Ministry","Senior Chaplain, Good News Jail & Prison Ministry","Senior Chaplain, Good News Jail & Prison Ministry","Senior Chaplain, Good News Jail & Prison Ministry",,,,,,,,
,,,,,,,,11,,,,,,,,,
