Name: “Table 1 of 1 on page 3 of 12”,Name: “Table 1 of 1 on page 3 of 12”,Name: “Table 1 of 1 on page 3 of 12”,Name: “Table 1 of 1 on page 3 of 12”,Name: “Table 1 of 1 on page 3 of 12”,Name: “Table 1 of 1 on page 3 of 12”,Name: “Table 1 of 1 on page 3 of 12”,Name: “Table 1 of 1 on page 3 of 12”,Name: “Table 1 of 1 on page 3 of 12”,Name: “Table 1 of 1 on page 3 of 12”,Name: “Table 1 of 1 on page 3 of 12”,Name: “Table 1 of 1 on page 3 of 12”,Name: “Table 1 of 1 on page 3 of 12”,Name: “Table 1 of 1 on page 3 of 12”,Name: “Table 1 of 1 on page 3 of 12”,Name: “Table 1 of 1 on page 3 of 12”
Table: 3,Table: 3,Table: 3,Table: 3,Table: 3,Table: 3,Table: 3,Table: 3,Table: 3,Table: 3,Table: 3,Table: 3,Table: 3,Table: 3,Table: 3,Table: 3
,,,,,,,,,,,,,,,
-Thanks,to,a,grant,from,Pilot,"International,",the Pilot,the Pilot,Club,enabled,the DSO to,the DSO to,the DSO to,upgrade,upgrade
technology in the PLS vehicle with a ruggedized laptop secured with a vehicle mount. The,technology in the PLS vehicle with a ruggedized laptop secured with a vehicle mount. The,technology in the PLS vehicle with a ruggedized laptop secured with a vehicle mount. The,technology in the PLS vehicle with a ruggedized laptop secured with a vehicle mount. The,technology in the PLS vehicle with a ruggedized laptop secured with a vehicle mount. The,technology in the PLS vehicle with a ruggedized laptop secured with a vehicle mount. The,technology in the PLS vehicle with a ruggedized laptop secured with a vehicle mount. The,technology in the PLS vehicle with a ruggedized laptop secured with a vehicle mount. The,technology in the PLS vehicle with a ruggedized laptop secured with a vehicle mount. The,technology in the PLS vehicle with a ruggedized laptop secured with a vehicle mount. The,technology in the PLS vehicle with a ruggedized laptop secured with a vehicle mount. The,technology in the PLS vehicle with a ruggedized laptop secured with a vehicle mount. The,technology in the PLS vehicle with a ruggedized laptop secured with a vehicle mount. The,technology in the PLS vehicle with a ruggedized laptop secured with a vehicle mount. The,technology in the PLS vehicle with a ruggedized laptop secured with a vehicle mount. The,technology in the PLS vehicle with a ruggedized laptop secured with a vehicle mount. The
laptop has network access which enabled the coordinators the ability to access the files and,laptop has network access which enabled the coordinators the ability to access the files and,laptop has network access which enabled the coordinators the ability to access the files and,laptop has network access which enabled the coordinators the ability to access the files and,laptop has network access which enabled the coordinators the ability to access the files and,laptop has network access which enabled the coordinators the ability to access the files and,laptop has network access which enabled the coordinators the ability to access the files and,laptop has network access which enabled the coordinators the ability to access the files and,laptop has network access which enabled the coordinators the ability to access the files and,laptop has network access which enabled the coordinators the ability to access the files and,laptop has network access which enabled the coordinators the ability to access the files and,laptop has network access which enabled the coordinators the ability to access the files and,laptop has network access which enabled the coordinators the ability to access the files and,laptop has network access which enabled the coordinators the ability to access the files and,laptop has network access which enabled the coordinators the ability to access the files and,laptop has network access which enabled the coordinators the ability to access the files and
other relative information via the city’s hotspot network. The PLS files were made available,other relative information via the city’s hotspot network. The PLS files were made available,other relative information via the city’s hotspot network. The PLS files were made available,other relative information via the city’s hotspot network. The PLS files were made available,other relative information via the city’s hotspot network. The PLS files were made available,other relative information via the city’s hotspot network. The PLS files were made available,other relative information via the city’s hotspot network. The PLS files were made available,other relative information via the city’s hotspot network. The PLS files were made available,other relative information via the city’s hotspot network. The PLS files were made available,other relative information via the city’s hotspot network. The PLS files were made available,other relative information via the city’s hotspot network. The PLS files were made available,other relative information via the city’s hotspot network. The PLS files were made available,other relative information via the city’s hotspot network. The PLS files were made available,other relative information via the city’s hotspot network. The PLS files were made available,other relative information via the city’s hotspot network. The PLS files were made available,other relative information via the city’s hotspot network. The PLS files were made available
to the Emergency Operations Center and the DPD on the Mobile Data Terminals. Currently,to the Emergency Operations Center and the DPD on the Mobile Data Terminals. Currently,to the Emergency Operations Center and the DPD on the Mobile Data Terminals. Currently,to the Emergency Operations Center and the DPD on the Mobile Data Terminals. Currently,to the Emergency Operations Center and the DPD on the Mobile Data Terminals. Currently,to the Emergency Operations Center and the DPD on the Mobile Data Terminals. Currently,to the Emergency Operations Center and the DPD on the Mobile Data Terminals. Currently,to the Emergency Operations Center and the DPD on the Mobile Data Terminals. Currently,to the Emergency Operations Center and the DPD on the Mobile Data Terminals. Currently,to the Emergency Operations Center and the DPD on the Mobile Data Terminals. Currently,to the Emergency Operations Center and the DPD on the Mobile Data Terminals. Currently,to the Emergency Operations Center and the DPD on the Mobile Data Terminals. Currently,to the Emergency Operations Center and the DPD on the Mobile Data Terminals. Currently,to the Emergency Operations Center and the DPD on the Mobile Data Terminals. Currently,to the Emergency Operations Center and the DPD on the Mobile Data Terminals. Currently,to the Emergency Operations Center and the DPD on the Mobile Data Terminals. Currently
the PLS Program has 18 clients including 7 Autistic children.,the PLS Program has 18 clients including 7 Autistic children.,the PLS Program has 18 clients including 7 Autistic children.,the PLS Program has 18 clients including 7 Autistic children.,the PLS Program has 18 clients including 7 Autistic children.,the PLS Program has 18 clients including 7 Autistic children.,the PLS Program has 18 clients including 7 Autistic children.,the PLS Program has 18 clients including 7 Autistic children.,the PLS Program has 18 clients including 7 Autistic children.,the PLS Program has 18 clients including 7 Autistic children.,,,,,,
"-Danville native and movie producer, Iqbal Ahmed returned home from Los Angeles to film","-Danville native and movie producer, Iqbal Ahmed returned home from Los Angeles to film","-Danville native and movie producer, Iqbal Ahmed returned home from Los Angeles to film","-Danville native and movie producer, Iqbal Ahmed returned home from Los Angeles to film","-Danville native and movie producer, Iqbal Ahmed returned home from Los Angeles to film","-Danville native and movie producer, Iqbal Ahmed returned home from Los Angeles to film","-Danville native and movie producer, Iqbal Ahmed returned home from Los Angeles to film","-Danville native and movie producer, Iqbal Ahmed returned home from Los Angeles to film","-Danville native and movie producer, Iqbal Ahmed returned home from Los Angeles to film","-Danville native and movie producer, Iqbal Ahmed returned home from Los Angeles to film","-Danville native and movie producer, Iqbal Ahmed returned home from Los Angeles to film","-Danville native and movie producer, Iqbal Ahmed returned home from Los Angeles to film","-Danville native and movie producer, Iqbal Ahmed returned home from Los Angeles to film","-Danville native and movie producer, Iqbal Ahmed returned home from Los Angeles to film","-Danville native and movie producer, Iqbal Ahmed returned home from Los Angeles to film","-Danville native and movie producer, Iqbal Ahmed returned home from Los Angeles to film"
"a major motion picture. The movie was titled “The Answer”, and featured employees of the","a major motion picture. The movie was titled “The Answer”, and featured employees of the","a major motion picture. The movie was titled “The Answer”, and featured employees of the","a major motion picture. The movie was titled “The Answer”, and featured employees of the","a major motion picture. The movie was titled “The Answer”, and featured employees of the","a major motion picture. The movie was titled “The Answer”, and featured employees of the","a major motion picture. The movie was titled “The Answer”, and featured employees of the","a major motion picture. The movie was titled “The Answer”, and featured employees of the","a major motion picture. The movie was titled “The Answer”, and featured employees of the","a major motion picture. The movie was titled “The Answer”, and featured employees of the","a major motion picture. The movie was titled “The Answer”, and featured employees of the","a major motion picture. The movie was titled “The Answer”, and featured employees of the","a major motion picture. The movie was titled “The Answer”, and featured employees of the","a major motion picture. The movie was titled “The Answer”, and featured employees of the","a major motion picture. The movie was titled “The Answer”, and featured employees of the","a major motion picture. The movie was titled “The Answer”, and featured employees of the"
Danville Sheriff’s Office and a marked vehicle in two different scenes.,Danville Sheriff’s Office and a marked vehicle in two different scenes.,Danville Sheriff’s Office and a marked vehicle in two different scenes.,Danville Sheriff’s Office and a marked vehicle in two different scenes.,Danville Sheriff’s Office and a marked vehicle in two different scenes.,Danville Sheriff’s Office and a marked vehicle in two different scenes.,Danville Sheriff’s Office and a marked vehicle in two different scenes.,Danville Sheriff’s Office and a marked vehicle in two different scenes.,Danville Sheriff’s Office and a marked vehicle in two different scenes.,Danville Sheriff’s Office and a marked vehicle in two different scenes.,Danville Sheriff’s Office and a marked vehicle in two different scenes.,,,,,
-The Sheriff’s Office added a physical fitness test to the hiring process to compliment the,-The Sheriff’s Office added a physical fitness test to the hiring process to compliment the,-The Sheriff’s Office added a physical fitness test to the hiring process to compliment the,-The Sheriff’s Office added a physical fitness test to the hiring process to compliment the,-The Sheriff’s Office added a physical fitness test to the hiring process to compliment the,-The Sheriff’s Office added a physical fitness test to the hiring process to compliment the,-The Sheriff’s Office added a physical fitness test to the hiring process to compliment the,-The Sheriff’s Office added a physical fitness test to the hiring process to compliment the,-The Sheriff’s Office added a physical fitness test to the hiring process to compliment the,-The Sheriff’s Office added a physical fitness test to the hiring process to compliment the,-The Sheriff’s Office added a physical fitness test to the hiring process to compliment the,-The Sheriff’s Office added a physical fitness test to the hiring process to compliment the,-The Sheriff’s Office added a physical fitness test to the hiring process to compliment the,-The Sheriff’s Office added a physical fitness test to the hiring process to compliment the,-The Sheriff’s Office added a physical fitness test to the hiring process to compliment the,-The Sheriff’s Office added a physical fitness test to the hiring process to compliment the
existing procedures.,existing procedures.,existing procedures.,existing procedures.,,,,,,,,,,,,
-Corporal Brandi Mills and Deputy Crystal Conard joined the Special Response Team as the,-Corporal Brandi Mills and Deputy Crystal Conard joined the Special Response Team as the,-Corporal Brandi Mills and Deputy Crystal Conard joined the Special Response Team as the,-Corporal Brandi Mills and Deputy Crystal Conard joined the Special Response Team as the,-Corporal Brandi Mills and Deputy Crystal Conard joined the Special Response Team as the,-Corporal Brandi Mills and Deputy Crystal Conard joined the Special Response Team as the,-Corporal Brandi Mills and Deputy Crystal Conard joined the Special Response Team as the,-Corporal Brandi Mills and Deputy Crystal Conard joined the Special Response Team as the,-Corporal Brandi Mills and Deputy Crystal Conard joined the Special Response Team as the,-Corporal Brandi Mills and Deputy Crystal Conard joined the Special Response Team as the,-Corporal Brandi Mills and Deputy Crystal Conard joined the Special Response Team as the,-Corporal Brandi Mills and Deputy Crystal Conard joined the Special Response Team as the,-Corporal Brandi Mills and Deputy Crystal Conard joined the Special Response Team as the,-Corporal Brandi Mills and Deputy Crystal Conard joined the Special Response Team as the,-Corporal Brandi Mills and Deputy Crystal Conard joined the Special Response Team as the,-Corporal Brandi Mills and Deputy Crystal Conard joined the Special Response Team as the
first female members.,first female members.,first female members.,first female members.,,,,,,,,,,,,
,,,,,Corporal Mills,Corporal Mills,,Deputy Conard,Deputy Conard,Deputy Conard,,,,,
- The Jail Emergency Preparedness Plan was revised and reformatted. Pictures were added to,- The Jail Emergency Preparedness Plan was revised and reformatted. Pictures were added to,- The Jail Emergency Preparedness Plan was revised and reformatted. Pictures were added to,- The Jail Emergency Preparedness Plan was revised and reformatted. Pictures were added to,- The Jail Emergency Preparedness Plan was revised and reformatted. Pictures were added to,- The Jail Emergency Preparedness Plan was revised and reformatted. Pictures were added to,- The Jail Emergency Preparedness Plan was revised and reformatted. Pictures were added to,- The Jail Emergency Preparedness Plan was revised and reformatted. Pictures were added to,- The Jail Emergency Preparedness Plan was revised and reformatted. Pictures were added to,- The Jail Emergency Preparedness Plan was revised and reformatted. Pictures were added to,- The Jail Emergency Preparedness Plan was revised and reformatted. Pictures were added to,- The Jail Emergency Preparedness Plan was revised and reformatted. Pictures were added to,- The Jail Emergency Preparedness Plan was revised and reformatted. Pictures were added to,- The Jail Emergency Preparedness Plan was revised and reformatted. Pictures were added to,- The Jail Emergency Preparedness Plan was revised and reformatted. Pictures were added to,- The Jail Emergency Preparedness Plan was revised and reformatted. Pictures were added to
reference,the,the,revised,narrative,narrative,information.,The,manual,was,delivered,delivered,to,other,affected,affected
agencies in July.,agencies in July.,agencies in July.,,,,,,,,,,,,,
-The,Court,Emergency,Emergency,Preparedness,Preparedness,manual,manual,was,updated,as,well,as,the,Emergency,Emergency
evacuation routes/signs in courts and jails building.,evacuation routes/signs in courts and jails building.,evacuation routes/signs in courts and jails building.,evacuation routes/signs in courts and jails building.,evacuation routes/signs in courts and jails building.,evacuation routes/signs in courts and jails building.,evacuation routes/signs in courts and jails building.,evacuation routes/signs in courts and jails building.,,,,,,,,
-Lighting in,-Lighting in,jail,and,courthouse,courthouse,including,the,holding cells,holding cells,were,changed,changed,over,to,"safer,"
energy efficient fixtures. Some lights were placed on timers to further conserve energy.,energy efficient fixtures. Some lights were placed on timers to further conserve energy.,energy efficient fixtures. Some lights were placed on timers to further conserve energy.,energy efficient fixtures. Some lights were placed on timers to further conserve energy.,energy efficient fixtures. Some lights were placed on timers to further conserve energy.,energy efficient fixtures. Some lights were placed on timers to further conserve energy.,energy efficient fixtures. Some lights were placed on timers to further conserve energy.,energy efficient fixtures. Some lights were placed on timers to further conserve energy.,energy efficient fixtures. Some lights were placed on timers to further conserve energy.,energy efficient fixtures. Some lights were placed on timers to further conserve energy.,energy efficient fixtures. Some lights were placed on timers to further conserve energy.,energy efficient fixtures. Some lights were placed on timers to further conserve energy.,energy efficient fixtures. Some lights were placed on timers to further conserve energy.,energy efficient fixtures. Some lights were placed on timers to further conserve energy.,energy efficient fixtures. Some lights were placed on timers to further conserve energy.,
,,,,,,,3,,,,,,,,
