Name: “Table 1 of 1 on page 2 of 12”,Name: “Table 1 of 1 on page 2 of 12”,Name: “Table 1 of 1 on page 2 of 12”,Name: “Table 1 of 1 on page 2 of 12”,Name: “Table 1 of 1 on page 2 of 12”,Name: “Table 1 of 1 on page 2 of 12”,Name: “Table 1 of 1 on page 2 of 12”,Name: “Table 1 of 1 on page 2 of 12”,Name: “Table 1 of 1 on page 2 of 12”,Name: “Table 1 of 1 on page 2 of 12”,Name: “Table 1 of 1 on page 2 of 12”,Name: “Table 1 of 1 on page 2 of 12”,Name: “Table 1 of 1 on page 2 of 12”,Name: “Table 1 of 1 on page 2 of 12”,Name: “Table 1 of 1 on page 2 of 12”,Name: “Table 1 of 1 on page 2 of 12”,Name: “Table 1 of 1 on page 2 of 12”
Table: 2,Table: 2,Table: 2,Table: 2,Table: 2,Table: 2,Table: 2,Table: 2,Table: 2,Table: 2,Table: 2,Table: 2,Table: 2,Table: 2,Table: 2,Table: 2,Table: 2
,,,,,,,,,,,,,,,,
The following pages contain the 2012 annual report for the Danville Sheriff’s Office.,The following pages contain the 2012 annual report for the Danville Sheriff’s Office.,The following pages contain the 2012 annual report for the Danville Sheriff’s Office.,The following pages contain the 2012 annual report for the Danville Sheriff’s Office.,The following pages contain the 2012 annual report for the Danville Sheriff’s Office.,The following pages contain the 2012 annual report for the Danville Sheriff’s Office.,The following pages contain the 2012 annual report for the Danville Sheriff’s Office.,The following pages contain the 2012 annual report for the Danville Sheriff’s Office.,The following pages contain the 2012 annual report for the Danville Sheriff’s Office.,The following pages contain the 2012 annual report for the Danville Sheriff’s Office.,The following pages contain the 2012 annual report for the Danville Sheriff’s Office.,The following pages contain the 2012 annual report for the Danville Sheriff’s Office.,The following pages contain the 2012 annual report for the Danville Sheriff’s Office.,The following pages contain the 2012 annual report for the Danville Sheriff’s Office.,The following pages contain the 2012 annual report for the Danville Sheriff’s Office.,The following pages contain the 2012 annual report for the Danville Sheriff’s Office.,The following pages contain the 2012 annual report for the Danville Sheriff’s Office.
"This report is intended to highlight events, accomplishments, and notable things which","This report is intended to highlight events, accomplishments, and notable things which","This report is intended to highlight events, accomplishments, and notable things which","This report is intended to highlight events, accomplishments, and notable things which","This report is intended to highlight events, accomplishments, and notable things which","This report is intended to highlight events, accomplishments, and notable things which","This report is intended to highlight events, accomplishments, and notable things which","This report is intended to highlight events, accomplishments, and notable things which","This report is intended to highlight events, accomplishments, and notable things which","This report is intended to highlight events, accomplishments, and notable things which","This report is intended to highlight events, accomplishments, and notable things which","This report is intended to highlight events, accomplishments, and notable things which","This report is intended to highlight events, accomplishments, and notable things which","This report is intended to highlight events, accomplishments, and notable things which","This report is intended to highlight events, accomplishments, and notable things which","This report is intended to highlight events, accomplishments, and notable things which","This report is intended to highlight events, accomplishments, and notable things which"
occurred during the calendar year. It is not meant to be comprehensive.,occurred during the calendar year. It is not meant to be comprehensive.,occurred during the calendar year. It is not meant to be comprehensive.,occurred during the calendar year. It is not meant to be comprehensive.,occurred during the calendar year. It is not meant to be comprehensive.,occurred during the calendar year. It is not meant to be comprehensive.,occurred during the calendar year. It is not meant to be comprehensive.,occurred during the calendar year. It is not meant to be comprehensive.,occurred during the calendar year. It is not meant to be comprehensive.,occurred during the calendar year. It is not meant to be comprehensive.,occurred during the calendar year. It is not meant to be comprehensive.,occurred during the calendar year. It is not meant to be comprehensive.,occurred during the calendar year. It is not meant to be comprehensive.,occurred during the calendar year. It is not meant to be comprehensive.,,,
,,,Danville Area Youth Athletic Games,Danville Area Youth Athletic Games,Danville Area Youth Athletic Games,Danville Area Youth Athletic Games,Danville Area Youth Athletic Games,Danville Area Youth Athletic Games,Danville Area Youth Athletic Games,Danville Area Youth Athletic Games,Danville Area Youth Athletic Games,,,,,
"On May 12, 2012, law enforcement agencies from Southside Virginia teamed up to make a","On May 12, 2012, law enforcement agencies from Southside Virginia teamed up to make a","On May 12, 2012, law enforcement agencies from Southside Virginia teamed up to make a","On May 12, 2012, law enforcement agencies from Southside Virginia teamed up to make a","On May 12, 2012, law enforcement agencies from Southside Virginia teamed up to make a","On May 12, 2012, law enforcement agencies from Southside Virginia teamed up to make a","On May 12, 2012, law enforcement agencies from Southside Virginia teamed up to make a","On May 12, 2012, law enforcement agencies from Southside Virginia teamed up to make a","On May 12, 2012, law enforcement agencies from Southside Virginia teamed up to make a","On May 12, 2012, law enforcement agencies from Southside Virginia teamed up to make a","On May 12, 2012, law enforcement agencies from Southside Virginia teamed up to make a","On May 12, 2012, law enforcement agencies from Southside Virginia teamed up to make a","On May 12, 2012, law enforcement agencies from Southside Virginia teamed up to make a","On May 12, 2012, law enforcement agencies from Southside Virginia teamed up to make a","On May 12, 2012, law enforcement agencies from Southside Virginia teamed up to make a","On May 12, 2012, law enforcement agencies from Southside Virginia teamed up to make a","On May 12, 2012, law enforcement agencies from Southside Virginia teamed up to make a"
difference in young people’s lives. The first annual Danville Area Youth Athletic Games was,difference in young people’s lives. The first annual Danville Area Youth Athletic Games was,difference in young people’s lives. The first annual Danville Area Youth Athletic Games was,difference in young people’s lives. The first annual Danville Area Youth Athletic Games was,difference in young people’s lives. The first annual Danville Area Youth Athletic Games was,difference in young people’s lives. The first annual Danville Area Youth Athletic Games was,difference in young people’s lives. The first annual Danville Area Youth Athletic Games was,difference in young people’s lives. The first annual Danville Area Youth Athletic Games was,difference in young people’s lives. The first annual Danville Area Youth Athletic Games was,difference in young people’s lives. The first annual Danville Area Youth Athletic Games was,difference in young people’s lives. The first annual Danville Area Youth Athletic Games was,difference in young people’s lives. The first annual Danville Area Youth Athletic Games was,difference in young people’s lives. The first annual Danville Area Youth Athletic Games was,difference in young people’s lives. The first annual Danville Area Youth Athletic Games was,difference in young people’s lives. The first annual Danville Area Youth Athletic Games was,difference in young people’s lives. The first annual Danville Area Youth Athletic Games was,difference in young people’s lives. The first annual Danville Area Youth Athletic Games was
"held at the Boys and Girls Club in Danville. The Danville Sheriff’s Office,","held at the Boys and Girls Club in Danville. The Danville Sheriff’s Office,","held at the Boys and Girls Club in Danville. The Danville Sheriff’s Office,","held at the Boys and Girls Club in Danville. The Danville Sheriff’s Office,","held at the Boys and Girls Club in Danville. The Danville Sheriff’s Office,","held at the Boys and Girls Club in Danville. The Danville Sheriff’s Office,","held at the Boys and Girls Club in Danville. The Danville Sheriff’s Office,","held at the Boys and Girls Club in Danville. The Danville Sheriff’s Office,","held at the Boys and Girls Club in Danville. The Danville Sheriff’s Office,","held at the Boys and Girls Club in Danville. The Danville Sheriff’s Office,","held at the Boys and Girls Club in Danville. The Danville Sheriff’s Office,","held at the Boys and Girls Club in Danville. The Danville Sheriff’s Office,","held at the Boys and Girls Club in Danville. The Danville Sheriff’s Office,","held at the Boys and Girls Club in Danville. The Danville Sheriff’s Office,",Pittsylvania,Pittsylvania,Pittsylvania
"County Sheriff’s Office, Danville Police Department, Danville Commonwealth Attorney’s","County Sheriff’s Office, Danville Police Department, Danville Commonwealth Attorney’s","County Sheriff’s Office, Danville Police Department, Danville Commonwealth Attorney’s","County Sheriff’s Office, Danville Police Department, Danville Commonwealth Attorney’s","County Sheriff’s Office, Danville Police Department, Danville Commonwealth Attorney’s","County Sheriff’s Office, Danville Police Department, Danville Commonwealth Attorney’s","County Sheriff’s Office, Danville Police Department, Danville Commonwealth Attorney’s","County Sheriff’s Office, Danville Police Department, Danville Commonwealth Attorney’s","County Sheriff’s Office, Danville Police Department, Danville Commonwealth Attorney’s","County Sheriff’s Office, Danville Police Department, Danville Commonwealth Attorney’s","County Sheriff’s Office, Danville Police Department, Danville Commonwealth Attorney’s","County Sheriff’s Office, Danville Police Department, Danville Commonwealth Attorney’s","County Sheriff’s Office, Danville Police Department, Danville Commonwealth Attorney’s","County Sheriff’s Office, Danville Police Department, Danville Commonwealth Attorney’s","County Sheriff’s Office, Danville Police Department, Danville Commonwealth Attorney’s","County Sheriff’s Office, Danville Police Department, Danville Commonwealth Attorney’s","County Sheriff’s Office, Danville Police Department, Danville Commonwealth Attorney’s"
"Office, and staff members from the Danville Area Boys and Girls Club teamed up to provide","Office, and staff members from the Danville Area Boys and Girls Club teamed up to provide","Office, and staff members from the Danville Area Boys and Girls Club teamed up to provide","Office, and staff members from the Danville Area Boys and Girls Club teamed up to provide","Office, and staff members from the Danville Area Boys and Girls Club teamed up to provide","Office, and staff members from the Danville Area Boys and Girls Club teamed up to provide","Office, and staff members from the Danville Area Boys and Girls Club teamed up to provide","Office, and staff members from the Danville Area Boys and Girls Club teamed up to provide","Office, and staff members from the Danville Area Boys and Girls Club teamed up to provide","Office, and staff members from the Danville Area Boys and Girls Club teamed up to provide","Office, and staff members from the Danville Area Boys and Girls Club teamed up to provide","Office, and staff members from the Danville Area Boys and Girls Club teamed up to provide","Office, and staff members from the Danville Area Boys and Girls Club teamed up to provide","Office, and staff members from the Danville Area Boys and Girls Club teamed up to provide","Office, and staff members from the Danville Area Boys and Girls Club teamed up to provide","Office, and staff members from the Danville Area Boys and Girls Club teamed up to provide","Office, and staff members from the Danville Area Boys and Girls Club teamed up to provide"
the volunteers needed to facilitate the event. Over 100 area children ages 5-17 showed up to,the volunteers needed to facilitate the event. Over 100 area children ages 5-17 showed up to,the volunteers needed to facilitate the event. Over 100 area children ages 5-17 showed up to,the volunteers needed to facilitate the event. Over 100 area children ages 5-17 showed up to,the volunteers needed to facilitate the event. Over 100 area children ages 5-17 showed up to,the volunteers needed to facilitate the event. Over 100 area children ages 5-17 showed up to,the volunteers needed to facilitate the event. Over 100 area children ages 5-17 showed up to,the volunteers needed to facilitate the event. Over 100 area children ages 5-17 showed up to,the volunteers needed to facilitate the event. Over 100 area children ages 5-17 showed up to,the volunteers needed to facilitate the event. Over 100 area children ages 5-17 showed up to,the volunteers needed to facilitate the event. Over 100 area children ages 5-17 showed up to,the volunteers needed to facilitate the event. Over 100 area children ages 5-17 showed up to,the volunteers needed to facilitate the event. Over 100 area children ages 5-17 showed up to,the volunteers needed to facilitate the event. Over 100 area children ages 5-17 showed up to,the volunteers needed to facilitate the event. Over 100 area children ages 5-17 showed up to,the volunteers needed to facilitate the event. Over 100 area children ages 5-17 showed up to,the volunteers needed to facilitate the event. Over 100 area children ages 5-17 showed up to
"participate in five athletic events; 100 yard dash, field goal kick, football throw, free throw","participate in five athletic events; 100 yard dash, field goal kick, football throw, free throw","participate in five athletic events; 100 yard dash, field goal kick, football throw, free throw","participate in five athletic events; 100 yard dash, field goal kick, football throw, free throw","participate in five athletic events; 100 yard dash, field goal kick, football throw, free throw","participate in five athletic events; 100 yard dash, field goal kick, football throw, free throw","participate in five athletic events; 100 yard dash, field goal kick, football throw, free throw","participate in five athletic events; 100 yard dash, field goal kick, football throw, free throw","participate in five athletic events; 100 yard dash, field goal kick, football throw, free throw","participate in five athletic events; 100 yard dash, field goal kick, football throw, free throw","participate in five athletic events; 100 yard dash, field goal kick, football throw, free throw","participate in five athletic events; 100 yard dash, field goal kick, football throw, free throw","participate in five athletic events; 100 yard dash, field goal kick, football throw, free throw","participate in five athletic events; 100 yard dash, field goal kick, football throw, free throw","participate in five athletic events; 100 yard dash, field goal kick, football throw, free throw","participate in five athletic events; 100 yard dash, field goal kick, football throw, free throw","participate in five athletic events; 100 yard dash, field goal kick, football throw, free throw"
"contest,",and,jump,rope,contest.,The,event,was,opened,with,with,a,prayer,and,the,Pledge,of
Allegiance. The participants then recited a “Good Citizen’s Pledge” which consisted of the,Allegiance. The participants then recited a “Good Citizen’s Pledge” which consisted of the,Allegiance. The participants then recited a “Good Citizen’s Pledge” which consisted of the,Allegiance. The participants then recited a “Good Citizen’s Pledge” which consisted of the,Allegiance. The participants then recited a “Good Citizen’s Pledge” which consisted of the,Allegiance. The participants then recited a “Good Citizen’s Pledge” which consisted of the,Allegiance. The participants then recited a “Good Citizen’s Pledge” which consisted of the,Allegiance. The participants then recited a “Good Citizen’s Pledge” which consisted of the,Allegiance. The participants then recited a “Good Citizen’s Pledge” which consisted of the,Allegiance. The participants then recited a “Good Citizen’s Pledge” which consisted of the,Allegiance. The participants then recited a “Good Citizen’s Pledge” which consisted of the,Allegiance. The participants then recited a “Good Citizen’s Pledge” which consisted of the,Allegiance. The participants then recited a “Good Citizen’s Pledge” which consisted of the,Allegiance. The participants then recited a “Good Citizen’s Pledge” which consisted of the,Allegiance. The participants then recited a “Good Citizen’s Pledge” which consisted of the,Allegiance. The participants then recited a “Good Citizen’s Pledge” which consisted of the,Allegiance. The participants then recited a “Good Citizen’s Pledge” which consisted of the
young,people,raising,their,right,hands,and,promising,promising,to,be,rule,"following,","following,",law,abiding,abiding
citizens now and in the future. Each child signed the pledge which was printed on formal,citizens now and in the future. Each child signed the pledge which was printed on formal,citizens now and in the future. Each child signed the pledge which was printed on formal,citizens now and in the future. Each child signed the pledge which was printed on formal,citizens now and in the future. Each child signed the pledge which was printed on formal,citizens now and in the future. Each child signed the pledge which was printed on formal,citizens now and in the future. Each child signed the pledge which was printed on formal,citizens now and in the future. Each child signed the pledge which was printed on formal,citizens now and in the future. Each child signed the pledge which was printed on formal,citizens now and in the future. Each child signed the pledge which was printed on formal,citizens now and in the future. Each child signed the pledge which was printed on formal,citizens now and in the future. Each child signed the pledge which was printed on formal,citizens now and in the future. Each child signed the pledge which was printed on formal,citizens now and in the future. Each child signed the pledge which was printed on formal,citizens now and in the future. Each child signed the pledge which was printed on formal,citizens now and in the future. Each child signed the pledge which was printed on formal,citizens now and in the future. Each child signed the pledge which was printed on formal
"paper, and was given to them as a keepsake. Children donned bright green T-shirts, and","paper, and was given to them as a keepsake. Children donned bright green T-shirts, and","paper, and was given to them as a keepsake. Children donned bright green T-shirts, and","paper, and was given to them as a keepsake. Children donned bright green T-shirts, and","paper, and was given to them as a keepsake. Children donned bright green T-shirts, and","paper, and was given to them as a keepsake. Children donned bright green T-shirts, and","paper, and was given to them as a keepsake. Children donned bright green T-shirts, and","paper, and was given to them as a keepsake. Children donned bright green T-shirts, and","paper, and was given to them as a keepsake. Children donned bright green T-shirts, and","paper, and was given to them as a keepsake. Children donned bright green T-shirts, and","paper, and was given to them as a keepsake. Children donned bright green T-shirts, and","paper, and was given to them as a keepsake. Children donned bright green T-shirts, and","paper, and was given to them as a keepsake. Children donned bright green T-shirts, and","paper, and was given to them as a keepsake. Children donned bright green T-shirts, and","paper, and was given to them as a keepsake. Children donned bright green T-shirts, and","paper, and was given to them as a keepsake. Children donned bright green T-shirts, and","paper, and was given to them as a keepsake. Children donned bright green T-shirts, and"
medals were awarded for first through third place in each event which was broken down by,medals were awarded for first through third place in each event which was broken down by,medals were awarded for first through third place in each event which was broken down by,medals were awarded for first through third place in each event which was broken down by,medals were awarded for first through third place in each event which was broken down by,medals were awarded for first through third place in each event which was broken down by,medals were awarded for first through third place in each event which was broken down by,medals were awarded for first through third place in each event which was broken down by,medals were awarded for first through third place in each event which was broken down by,medals were awarded for first through third place in each event which was broken down by,medals were awarded for first through third place in each event which was broken down by,medals were awarded for first through third place in each event which was broken down by,medals were awarded for first through third place in each event which was broken down by,medals were awarded for first through third place in each event which was broken down by,medals were awarded for first through third place in each event which was broken down by,medals were awarded for first through third place in each event which was broken down by,medals were awarded for first through third place in each event which was broken down by
gender,and,age,categories.,The,event,was,cost,free,thanks,thanks,to,local,sponsors;,sponsors;,Danville,Danville
"Regional Medical Center, Aramark, Trophy and Sign Center, and Home Depot. The United","Regional Medical Center, Aramark, Trophy and Sign Center, and Home Depot. The United","Regional Medical Center, Aramark, Trophy and Sign Center, and Home Depot. The United","Regional Medical Center, Aramark, Trophy and Sign Center, and Home Depot. The United","Regional Medical Center, Aramark, Trophy and Sign Center, and Home Depot. The United","Regional Medical Center, Aramark, Trophy and Sign Center, and Home Depot. The United","Regional Medical Center, Aramark, Trophy and Sign Center, and Home Depot. The United","Regional Medical Center, Aramark, Trophy and Sign Center, and Home Depot. The United","Regional Medical Center, Aramark, Trophy and Sign Center, and Home Depot. The United","Regional Medical Center, Aramark, Trophy and Sign Center, and Home Depot. The United","Regional Medical Center, Aramark, Trophy and Sign Center, and Home Depot. The United","Regional Medical Center, Aramark, Trophy and Sign Center, and Home Depot. The United","Regional Medical Center, Aramark, Trophy and Sign Center, and Home Depot. The United","Regional Medical Center, Aramark, Trophy and Sign Center, and Home Depot. The United","Regional Medical Center, Aramark, Trophy and Sign Center, and Home Depot. The United","Regional Medical Center, Aramark, Trophy and Sign Center, and Home Depot. The United","Regional Medical Center, Aramark, Trophy and Sign Center, and Home Depot. The United"
States Army also provided a rock climbing wall for the children and their families. A meal,States Army also provided a rock climbing wall for the children and their families. A meal,States Army also provided a rock climbing wall for the children and their families. A meal,States Army also provided a rock climbing wall for the children and their families. A meal,States Army also provided a rock climbing wall for the children and their families. A meal,States Army also provided a rock climbing wall for the children and their families. A meal,States Army also provided a rock climbing wall for the children and their families. A meal,States Army also provided a rock climbing wall for the children and their families. A meal,States Army also provided a rock climbing wall for the children and their families. A meal,States Army also provided a rock climbing wall for the children and their families. A meal,States Army also provided a rock climbing wall for the children and their families. A meal,States Army also provided a rock climbing wall for the children and their families. A meal,States Army also provided a rock climbing wall for the children and their families. A meal,States Army also provided a rock climbing wall for the children and their families. A meal,States Army also provided a rock climbing wall for the children and their families. A meal,States Army also provided a rock climbing wall for the children and their families. A meal,States Army also provided a rock climbing wall for the children and their families. A meal
was provided for everyone in attendance.,was provided for everyone in attendance.,was provided for everyone in attendance.,was provided for everyone in attendance.,was provided for everyone in attendance.,was provided for everyone in attendance.,,,,,,,,,,,
"The Danville Sheriff’s Office would like to extend a special thanks to Sheriff Mike Taylor,","The Danville Sheriff’s Office would like to extend a special thanks to Sheriff Mike Taylor,","The Danville Sheriff’s Office would like to extend a special thanks to Sheriff Mike Taylor,","The Danville Sheriff’s Office would like to extend a special thanks to Sheriff Mike Taylor,","The Danville Sheriff’s Office would like to extend a special thanks to Sheriff Mike Taylor,","The Danville Sheriff’s Office would like to extend a special thanks to Sheriff Mike Taylor,","The Danville Sheriff’s Office would like to extend a special thanks to Sheriff Mike Taylor,","The Danville Sheriff’s Office would like to extend a special thanks to Sheriff Mike Taylor,","The Danville Sheriff’s Office would like to extend a special thanks to Sheriff Mike Taylor,","The Danville Sheriff’s Office would like to extend a special thanks to Sheriff Mike Taylor,","The Danville Sheriff’s Office would like to extend a special thanks to Sheriff Mike Taylor,","The Danville Sheriff’s Office would like to extend a special thanks to Sheriff Mike Taylor,","The Danville Sheriff’s Office would like to extend a special thanks to Sheriff Mike Taylor,","The Danville Sheriff’s Office would like to extend a special thanks to Sheriff Mike Taylor,","The Danville Sheriff’s Office would like to extend a special thanks to Sheriff Mike Taylor,","The Danville Sheriff’s Office would like to extend a special thanks to Sheriff Mike Taylor,","The Danville Sheriff’s Office would like to extend a special thanks to Sheriff Mike Taylor,"
"Chief Philip Broadfoot, Commonwealth’s Attorney Mike Newman, and the men and women","Chief Philip Broadfoot, Commonwealth’s Attorney Mike Newman, and the men and women","Chief Philip Broadfoot, Commonwealth’s Attorney Mike Newman, and the men and women","Chief Philip Broadfoot, Commonwealth’s Attorney Mike Newman, and the men and women","Chief Philip Broadfoot, Commonwealth’s Attorney Mike Newman, and the men and women","Chief Philip Broadfoot, Commonwealth’s Attorney Mike Newman, and the men and women","Chief Philip Broadfoot, Commonwealth’s Attorney Mike Newman, and the men and women","Chief Philip Broadfoot, Commonwealth’s Attorney Mike Newman, and the men and women","Chief Philip Broadfoot, Commonwealth’s Attorney Mike Newman, and the men and women","Chief Philip Broadfoot, Commonwealth’s Attorney Mike Newman, and the men and women","Chief Philip Broadfoot, Commonwealth’s Attorney Mike Newman, and the men and women","Chief Philip Broadfoot, Commonwealth’s Attorney Mike Newman, and the men and women","Chief Philip Broadfoot, Commonwealth’s Attorney Mike Newman, and the men and women","Chief Philip Broadfoot, Commonwealth’s Attorney Mike Newman, and the men and women","Chief Philip Broadfoot, Commonwealth’s Attorney Mike Newman, and the men and women","Chief Philip Broadfoot, Commonwealth’s Attorney Mike Newman, and the men and women","Chief Philip Broadfoot, Commonwealth’s Attorney Mike Newman, and the men and women"
from their respective agencies who volunteered their time and energy to make this event a,from their respective agencies who volunteered their time and energy to make this event a,from their respective agencies who volunteered their time and energy to make this event a,from their respective agencies who volunteered their time and energy to make this event a,from their respective agencies who volunteered their time and energy to make this event a,from their respective agencies who volunteered their time and energy to make this event a,from their respective agencies who volunteered their time and energy to make this event a,from their respective agencies who volunteered their time and energy to make this event a,from their respective agencies who volunteered their time and energy to make this event a,from their respective agencies who volunteered their time and energy to make this event a,from their respective agencies who volunteered their time and energy to make this event a,from their respective agencies who volunteered their time and energy to make this event a,from their respective agencies who volunteered their time and energy to make this event a,from their respective agencies who volunteered their time and energy to make this event a,from their respective agencies who volunteered their time and energy to make this event a,from their respective agencies who volunteered their time and energy to make this event a,from their respective agencies who volunteered their time and energy to make this event a
success.,,,,,,,,,,,,,,,,
,,,,,,,2,,,,,,,,,
