Name: “Table 1 of 1 on page 6 of 12”,Name: “Table 1 of 1 on page 6 of 12”
Table: 6,Table: 6
,
-The Sheriff’s Office continued to host an annual September 11 th,remembrance ceremony.
"During the ceremony, the GWHS brass quintet performed the National Anthem from the","During the ceremony, the GWHS brass quintet performed the National Anthem from the"
balcony of the courthouse.,
Delegate Danny Marshall and Danville Fire Chief David Eagle are pictured during their remarks .,Delegate Danny Marshall and Danville Fire Chief David Eagle are pictured during their remarks .
-Deputy Shawn James and Major Matt Wyatt and (pictured above L to R) both won National,-Deputy Shawn James and Major Matt Wyatt and (pictured above L to R) both won National
"Titles in bench press at the IBP Powerlifting competition in Charlotte, N.C","Titles in bench press at the IBP Powerlifting competition in Charlotte, N.C"
"-The Sheriff’s Office fielded a softball team in a charity tournament for Jacob Lee, a local","-The Sheriff’s Office fielded a softball team in a charity tournament for Jacob Lee, a local"
teenager who recently received a heart transplant. “Team Jake” team was:,teenager who recently received a heart transplant. “Team Jake” team was:
"Pictured L to R: Corporal Ron Brown, Corporal Gary Ferrell, Sgt. Jarrett Milam, Deputy","Pictured L to R: Corporal Ron Brown, Corporal Gary Ferrell, Sgt. Jarrett Milam, Deputy"
"Corey Dix, Deputy Shawn James, and Justin Mondul. Back Row-Sheriff Mondul, PCSO","Corey Dix, Deputy Shawn James, and Justin Mondul. Back Row-Sheriff Mondul, PCSO"
"Deputy Chris Burch, Major Matt Wyatt, Deputy Jason Woods, Deputy Brandon Adkins, and","Deputy Chris Burch, Major Matt Wyatt, Deputy Jason Woods, Deputy Brandon Adkins, and"
Deputy Jonathan Taylor.,
6,
