Name: “Table 1 of 1 on page 4 of 12”,Name: “Table 1 of 1 on page 4 of 12”,Name: “Table 1 of 1 on page 4 of 12”,Name: “Table 1 of 1 on page 4 of 12”,Name: “Table 1 of 1 on page 4 of 12”,Name: “Table 1 of 1 on page 4 of 12”,Name: “Table 1 of 1 on page 4 of 12”,Name: “Table 1 of 1 on page 4 of 12”,Name: “Table 1 of 1 on page 4 of 12”,Name: “Table 1 of 1 on page 4 of 12”,Name: “Table 1 of 1 on page 4 of 12”
Table: 4,Table: 4,Table: 4,Table: 4,Table: 4,Table: 4,Table: 4,Table: 4,Table: 4,Table: 4,Table: 4
,,,,,,,,,,
"-Four veterans of the Danville Sheriff’s Office; Lt. Tucker, Sgt. Callahan, Corporal Ferrell,","-Four veterans of the Danville Sheriff’s Office; Lt. Tucker, Sgt. Callahan, Corporal Ferrell,","-Four veterans of the Danville Sheriff’s Office; Lt. Tucker, Sgt. Callahan, Corporal Ferrell,","-Four veterans of the Danville Sheriff’s Office; Lt. Tucker, Sgt. Callahan, Corporal Ferrell,","-Four veterans of the Danville Sheriff’s Office; Lt. Tucker, Sgt. Callahan, Corporal Ferrell,","-Four veterans of the Danville Sheriff’s Office; Lt. Tucker, Sgt. Callahan, Corporal Ferrell,","-Four veterans of the Danville Sheriff’s Office; Lt. Tucker, Sgt. Callahan, Corporal Ferrell,","-Four veterans of the Danville Sheriff’s Office; Lt. Tucker, Sgt. Callahan, Corporal Ferrell,","-Four veterans of the Danville Sheriff’s Office; Lt. Tucker, Sgt. Callahan, Corporal Ferrell,","-Four veterans of the Danville Sheriff’s Office; Lt. Tucker, Sgt. Callahan, Corporal Ferrell,","-Four veterans of the Danville Sheriff’s Office; Lt. Tucker, Sgt. Callahan, Corporal Ferrell,"
and Deputy Rigney marched in the Veteran’s Day Parade with Sheriff Mondul.,and Deputy Rigney marched in the Veteran’s Day Parade with Sheriff Mondul.,and Deputy Rigney marched in the Veteran’s Day Parade with Sheriff Mondul.,and Deputy Rigney marched in the Veteran’s Day Parade with Sheriff Mondul.,and Deputy Rigney marched in the Veteran’s Day Parade with Sheriff Mondul.,and Deputy Rigney marched in the Veteran’s Day Parade with Sheriff Mondul.,and Deputy Rigney marched in the Veteran’s Day Parade with Sheriff Mondul.,and Deputy Rigney marched in the Veteran’s Day Parade with Sheriff Mondul.,,,
-The,City,of,Danville,Information,Technology,Department,implemented,a,new,Jail
"Management System allowed the sharing of all information between the DSO, DPD and","Management System allowed the sharing of all information between the DSO, DPD and","Management System allowed the sharing of all information between the DSO, DPD and","Management System allowed the sharing of all information between the DSO, DPD and","Management System allowed the sharing of all information between the DSO, DPD and","Management System allowed the sharing of all information between the DSO, DPD and","Management System allowed the sharing of all information between the DSO, DPD and","Management System allowed the sharing of all information between the DSO, DPD and","Management System allowed the sharing of all information between the DSO, DPD and","Management System allowed the sharing of all information between the DSO, DPD and","Management System allowed the sharing of all information between the DSO, DPD and"
ADC.,,,,,,,,,,
-Sgt. Sharon Wilson was awarded the Virginia Deputy Sheriff of the Year Award during the,-Sgt. Sharon Wilson was awarded the Virginia Deputy Sheriff of the Year Award during the,-Sgt. Sharon Wilson was awarded the Virginia Deputy Sheriff of the Year Award during the,-Sgt. Sharon Wilson was awarded the Virginia Deputy Sheriff of the Year Award during the,-Sgt. Sharon Wilson was awarded the Virginia Deputy Sheriff of the Year Award during the,-Sgt. Sharon Wilson was awarded the Virginia Deputy Sheriff of the Year Award during the,-Sgt. Sharon Wilson was awarded the Virginia Deputy Sheriff of the Year Award during the,-Sgt. Sharon Wilson was awarded the Virginia Deputy Sheriff of the Year Award during the,-Sgt. Sharon Wilson was awarded the Virginia Deputy Sheriff of the Year Award during the,-Sgt. Sharon Wilson was awarded the Virginia Deputy Sheriff of the Year Award during the,-Sgt. Sharon Wilson was awarded the Virginia Deputy Sheriff of the Year Award during the
Virginia Sheriff’s Association Conference in September of 2012 for her keen observation,Virginia Sheriff’s Association Conference in September of 2012 for her keen observation,Virginia Sheriff’s Association Conference in September of 2012 for her keen observation,Virginia Sheriff’s Association Conference in September of 2012 for her keen observation,Virginia Sheriff’s Association Conference in September of 2012 for her keen observation,Virginia Sheriff’s Association Conference in September of 2012 for her keen observation,Virginia Sheriff’s Association Conference in September of 2012 for her keen observation,Virginia Sheriff’s Association Conference in September of 2012 for her keen observation,Virginia Sheriff’s Association Conference in September of 2012 for her keen observation,Virginia Sheriff’s Association Conference in September of 2012 for her keen observation,Virginia Sheriff’s Association Conference in September of 2012 for her keen observation
skills which foiled an international organized crime ring in 2011. She was also nominated for,skills which foiled an international organized crime ring in 2011. She was also nominated for,skills which foiled an international organized crime ring in 2011. She was also nominated for,skills which foiled an international organized crime ring in 2011. She was also nominated for,skills which foiled an international organized crime ring in 2011. She was also nominated for,skills which foiled an international organized crime ring in 2011. She was also nominated for,skills which foiled an international organized crime ring in 2011. She was also nominated for,skills which foiled an international organized crime ring in 2011. She was also nominated for,skills which foiled an international organized crime ring in 2011. She was also nominated for,skills which foiled an international organized crime ring in 2011. She was also nominated for,skills which foiled an international organized crime ring in 2011. She was also nominated for
the National Sheriff’s Association Deputy of the Year Award. While she did not win the,the National Sheriff’s Association Deputy of the Year Award. While she did not win the,the National Sheriff’s Association Deputy of the Year Award. While she did not win the,the National Sheriff’s Association Deputy of the Year Award. While she did not win the,the National Sheriff’s Association Deputy of the Year Award. While she did not win the,the National Sheriff’s Association Deputy of the Year Award. While she did not win the,the National Sheriff’s Association Deputy of the Year Award. While she did not win the,the National Sheriff’s Association Deputy of the Year Award. While she did not win the,the National Sheriff’s Association Deputy of the Year Award. While she did not win the,the National Sheriff’s Association Deputy of the Year Award. While she did not win the,the National Sheriff’s Association Deputy of the Year Award. While she did not win the
"award, she received the NSA’s Medal of Merit.","award, she received the NSA’s Medal of Merit.","award, she received the NSA’s Medal of Merit.","award, she received the NSA’s Medal of Merit.","award, she received the NSA’s Medal of Merit.","award, she received the NSA’s Medal of Merit.",,,,,
,,,,Sgt. Sharon Wilson,Sgt. Sharon Wilson,Sgt. Sharon Wilson,,,,
-A joint effort netted needed change in the Emergency Custody Order process. Individuals,-A joint effort netted needed change in the Emergency Custody Order process. Individuals,-A joint effort netted needed change in the Emergency Custody Order process. Individuals,-A joint effort netted needed change in the Emergency Custody Order process. Individuals,-A joint effort netted needed change in the Emergency Custody Order process. Individuals,-A joint effort netted needed change in the Emergency Custody Order process. Individuals,-A joint effort netted needed change in the Emergency Custody Order process. Individuals,-A joint effort netted needed change in the Emergency Custody Order process. Individuals,-A joint effort netted needed change in the Emergency Custody Order process. Individuals,-A joint effort netted needed change in the Emergency Custody Order process. Individuals,-A joint effort netted needed change in the Emergency Custody Order process. Individuals
who were the subject of the ECO were no longer required to automatically be screened for,who were the subject of the ECO were no longer required to automatically be screened for,who were the subject of the ECO were no longer required to automatically be screened for,who were the subject of the ECO were no longer required to automatically be screened for,who were the subject of the ECO were no longer required to automatically be screened for,who were the subject of the ECO were no longer required to automatically be screened for,who were the subject of the ECO were no longer required to automatically be screened for,who were the subject of the ECO were no longer required to automatically be screened for,who were the subject of the ECO were no longer required to automatically be screened for,who were the subject of the ECO were no longer required to automatically be screened for,who were the subject of the ECO were no longer required to automatically be screened for
"medical clearance, thus eliminating a large chunk of otherwise idle time. The streamlined","medical clearance, thus eliminating a large chunk of otherwise idle time. The streamlined","medical clearance, thus eliminating a large chunk of otherwise idle time. The streamlined","medical clearance, thus eliminating a large chunk of otherwise idle time. The streamlined","medical clearance, thus eliminating a large chunk of otherwise idle time. The streamlined","medical clearance, thus eliminating a large chunk of otherwise idle time. The streamlined","medical clearance, thus eliminating a large chunk of otherwise idle time. The streamlined","medical clearance, thus eliminating a large chunk of otherwise idle time. The streamlined","medical clearance, thus eliminating a large chunk of otherwise idle time. The streamlined","medical clearance, thus eliminating a large chunk of otherwise idle time. The streamlined","medical clearance, thus eliminating a large chunk of otherwise idle time. The streamlined"
process,was,the result,of strong partnerships and hard work from,of strong partnerships and hard work from,of strong partnerships and hard work from,of strong partnerships and hard work from,the Danville Regional,the Danville Regional,the Danville Regional,the Danville Regional
Medical,"Center,","Center,",Danville,Pittsylvania,Community,Services,"Board,",Danville,Police,Police
"Department, Magistrate’s Office, Pittsylvania County Sheriff’s Office, Southern Virginia","Department, Magistrate’s Office, Pittsylvania County Sheriff’s Office, Southern Virginia","Department, Magistrate’s Office, Pittsylvania County Sheriff’s Office, Southern Virginia","Department, Magistrate’s Office, Pittsylvania County Sheriff’s Office, Southern Virginia","Department, Magistrate’s Office, Pittsylvania County Sheriff’s Office, Southern Virginia","Department, Magistrate’s Office, Pittsylvania County Sheriff’s Office, Southern Virginia","Department, Magistrate’s Office, Pittsylvania County Sheriff’s Office, Southern Virginia","Department, Magistrate’s Office, Pittsylvania County Sheriff’s Office, Southern Virginia","Department, Magistrate’s Office, Pittsylvania County Sheriff’s Office, Southern Virginia","Department, Magistrate’s Office, Pittsylvania County Sheriff’s Office, Southern Virginia","Department, Magistrate’s Office, Pittsylvania County Sheriff’s Office, Southern Virginia"
"Mental Health Institute, and the Danville Sheriff’s Office. The process was implemented in","Mental Health Institute, and the Danville Sheriff’s Office. The process was implemented in","Mental Health Institute, and the Danville Sheriff’s Office. The process was implemented in","Mental Health Institute, and the Danville Sheriff’s Office. The process was implemented in","Mental Health Institute, and the Danville Sheriff’s Office. The process was implemented in","Mental Health Institute, and the Danville Sheriff’s Office. The process was implemented in","Mental Health Institute, and the Danville Sheriff’s Office. The process was implemented in","Mental Health Institute, and the Danville Sheriff’s Office. The process was implemented in","Mental Health Institute, and the Danville Sheriff’s Office. The process was implemented in","Mental Health Institute, and the Danville Sheriff’s Office. The process was implemented in","Mental Health Institute, and the Danville Sheriff’s Office. The process was implemented in"
December.,December.,,,,,,,,,
-Doors in the courts and jails building were secured with keypads as part of an ongoing,-Doors in the courts and jails building were secured with keypads as part of an ongoing,-Doors in the courts and jails building were secured with keypads as part of an ongoing,-Doors in the courts and jails building were secured with keypads as part of an ongoing,-Doors in the courts and jails building were secured with keypads as part of an ongoing,-Doors in the courts and jails building were secured with keypads as part of an ongoing,-Doors in the courts and jails building were secured with keypads as part of an ongoing,-Doors in the courts and jails building were secured with keypads as part of an ongoing,-Doors in the courts and jails building were secured with keypads as part of an ongoing,-Doors in the courts and jails building were secured with keypads as part of an ongoing,-Doors in the courts and jails building were secured with keypads as part of an ongoing
proximity access project. Authorized personnel and employees in the building were assigned,proximity access project. Authorized personnel and employees in the building were assigned,proximity access project. Authorized personnel and employees in the building were assigned,proximity access project. Authorized personnel and employees in the building were assigned,proximity access project. Authorized personnel and employees in the building were assigned,proximity access project. Authorized personnel and employees in the building were assigned,proximity access project. Authorized personnel and employees in the building were assigned,proximity access project. Authorized personnel and employees in the building were assigned,proximity access project. Authorized personnel and employees in the building were assigned,proximity access project. Authorized personnel and employees in the building were assigned,proximity access project. Authorized personnel and employees in the building were assigned
a proximity “Fob” to access secured areas.,a proximity “Fob” to access secured areas.,a proximity “Fob” to access secured areas.,a proximity “Fob” to access secured areas.,a proximity “Fob” to access secured areas.,,,,,,
-The Sheriff’s Office partnered with the Virginia State Police K-9 Unit out of Salem. The,-The Sheriff’s Office partnered with the Virginia State Police K-9 Unit out of Salem. The,-The Sheriff’s Office partnered with the Virginia State Police K-9 Unit out of Salem. The,-The Sheriff’s Office partnered with the Virginia State Police K-9 Unit out of Salem. The,-The Sheriff’s Office partnered with the Virginia State Police K-9 Unit out of Salem. The,-The Sheriff’s Office partnered with the Virginia State Police K-9 Unit out of Salem. The,-The Sheriff’s Office partnered with the Virginia State Police K-9 Unit out of Salem. The,-The Sheriff’s Office partnered with the Virginia State Police K-9 Unit out of Salem. The,-The Sheriff’s Office partnered with the Virginia State Police K-9 Unit out of Salem. The,-The Sheriff’s Office partnered with the Virginia State Police K-9 Unit out of Salem. The,-The Sheriff’s Office partnered with the Virginia State Police K-9 Unit out of Salem. The
K-9 Unit brought six teams of dogs and handlers which executed a coordinated search of the,K-9 Unit brought six teams of dogs and handlers which executed a coordinated search of the,K-9 Unit brought six teams of dogs and handlers which executed a coordinated search of the,K-9 Unit brought six teams of dogs and handlers which executed a coordinated search of the,K-9 Unit brought six teams of dogs and handlers which executed a coordinated search of the,K-9 Unit brought six teams of dogs and handlers which executed a coordinated search of the,K-9 Unit brought six teams of dogs and handlers which executed a coordinated search of the,K-9 Unit brought six teams of dogs and handlers which executed a coordinated search of the,K-9 Unit brought six teams of dogs and handlers which executed a coordinated search of the,K-9 Unit brought six teams of dogs and handlers which executed a coordinated search of the,K-9 Unit brought six teams of dogs and handlers which executed a coordinated search of the
"Jail, Jail Annex, and Adult Detention Center. While no contraband was found, the presence","Jail, Jail Annex, and Adult Detention Center. While no contraband was found, the presence","Jail, Jail Annex, and Adult Detention Center. While no contraband was found, the presence","Jail, Jail Annex, and Adult Detention Center. While no contraband was found, the presence","Jail, Jail Annex, and Adult Detention Center. While no contraband was found, the presence","Jail, Jail Annex, and Adult Detention Center. While no contraband was found, the presence","Jail, Jail Annex, and Adult Detention Center. While no contraband was found, the presence","Jail, Jail Annex, and Adult Detention Center. While no contraband was found, the presence","Jail, Jail Annex, and Adult Detention Center. While no contraband was found, the presence","Jail, Jail Annex, and Adult Detention Center. While no contraband was found, the presence","Jail, Jail Annex, and Adult Detention Center. While no contraband was found, the presence"
of the teams of dogs coupled with the S.R.T. made a significant impression on the inmates.,of the teams of dogs coupled with the S.R.T. made a significant impression on the inmates.,of the teams of dogs coupled with the S.R.T. made a significant impression on the inmates.,of the teams of dogs coupled with the S.R.T. made a significant impression on the inmates.,of the teams of dogs coupled with the S.R.T. made a significant impression on the inmates.,of the teams of dogs coupled with the S.R.T. made a significant impression on the inmates.,of the teams of dogs coupled with the S.R.T. made a significant impression on the inmates.,of the teams of dogs coupled with the S.R.T. made a significant impression on the inmates.,of the teams of dogs coupled with the S.R.T. made a significant impression on the inmates.,of the teams of dogs coupled with the S.R.T. made a significant impression on the inmates.,of the teams of dogs coupled with the S.R.T. made a significant impression on the inmates.
-The Sheriff’s Office had family outings at the Danville Braves ballpark in August and the,-The Sheriff’s Office had family outings at the Danville Braves ballpark in August and the,-The Sheriff’s Office had family outings at the Danville Braves ballpark in August and the,-The Sheriff’s Office had family outings at the Danville Braves ballpark in August and the,-The Sheriff’s Office had family outings at the Danville Braves ballpark in August and the,-The Sheriff’s Office had family outings at the Danville Braves ballpark in August and the,-The Sheriff’s Office had family outings at the Danville Braves ballpark in August and the,-The Sheriff’s Office had family outings at the Danville Braves ballpark in August and the,-The Sheriff’s Office had family outings at the Danville Braves ballpark in August and the,-The Sheriff’s Office had family outings at the Danville Braves ballpark in August and the,-The Sheriff’s Office had family outings at the Danville Braves ballpark in August and the
annual Christmas party at the F.O.P. Lodge. The events were well attended.,annual Christmas party at the F.O.P. Lodge. The events were well attended.,annual Christmas party at the F.O.P. Lodge. The events were well attended.,annual Christmas party at the F.O.P. Lodge. The events were well attended.,annual Christmas party at the F.O.P. Lodge. The events were well attended.,annual Christmas party at the F.O.P. Lodge. The events were well attended.,annual Christmas party at the F.O.P. Lodge. The events were well attended.,annual Christmas party at the F.O.P. Lodge. The events were well attended.,,,
,,,,,4,,,,,
