Name: “Table 1 of 1 on page 5 of 12”,Name: “Table 1 of 1 on page 5 of 12”,Name: “Table 1 of 1 on page 5 of 12”,Name: “Table 1 of 1 on page 5 of 12”,Name: “Table 1 of 1 on page 5 of 12”,Name: “Table 1 of 1 on page 5 of 12”,Name: “Table 1 of 1 on page 5 of 12”,Name: “Table 1 of 1 on page 5 of 12”,Name: “Table 1 of 1 on page 5 of 12”,Name: “Table 1 of 1 on page 5 of 12”,Name: “Table 1 of 1 on page 5 of 12”,Name: “Table 1 of 1 on page 5 of 12”,Name: “Table 1 of 1 on page 5 of 12”,Name: “Table 1 of 1 on page 5 of 12”,Name: “Table 1 of 1 on page 5 of 12”
Table: 5,Table: 5,Table: 5,Table: 5,Table: 5,Table: 5,Table: 5,Table: 5,Table: 5,Table: 5,Table: 5,Table: 5,Table: 5,Table: 5,Table: 5
,,,,,,,,,,,,,,
-Six,Deputies,graduated,from,the,Piedmont,Regional,Regional,Criminal,Justice,Training,Training,Academy.,Academy.,Academy.
"Pictured in between members of the administrative staff are (L to R) Deputies Thomas Rigney,","Pictured in between members of the administrative staff are (L to R) Deputies Thomas Rigney,","Pictured in between members of the administrative staff are (L to R) Deputies Thomas Rigney,","Pictured in between members of the administrative staff are (L to R) Deputies Thomas Rigney,","Pictured in between members of the administrative staff are (L to R) Deputies Thomas Rigney,","Pictured in between members of the administrative staff are (L to R) Deputies Thomas Rigney,","Pictured in between members of the administrative staff are (L to R) Deputies Thomas Rigney,","Pictured in between members of the administrative staff are (L to R) Deputies Thomas Rigney,","Pictured in between members of the administrative staff are (L to R) Deputies Thomas Rigney,","Pictured in between members of the administrative staff are (L to R) Deputies Thomas Rigney,","Pictured in between members of the administrative staff are (L to R) Deputies Thomas Rigney,","Pictured in between members of the administrative staff are (L to R) Deputies Thomas Rigney,","Pictured in between members of the administrative staff are (L to R) Deputies Thomas Rigney,","Pictured in between members of the administrative staff are (L to R) Deputies Thomas Rigney,","Pictured in between members of the administrative staff are (L to R) Deputies Thomas Rigney,"
Jamie,"Estrada,",Jack,"Gates,",Destinee,Destinee,"Tompkins,",Tony,"Haynes,",and,Shawn,James.,James.,Haynes,Haynes
"received the Director’s award, won a gold medal in EVOC and a bronze medal in PT. Estrada","received the Director’s award, won a gold medal in EVOC and a bronze medal in PT. Estrada","received the Director’s award, won a gold medal in EVOC and a bronze medal in PT. Estrada","received the Director’s award, won a gold medal in EVOC and a bronze medal in PT. Estrada","received the Director’s award, won a gold medal in EVOC and a bronze medal in PT. Estrada","received the Director’s award, won a gold medal in EVOC and a bronze medal in PT. Estrada","received the Director’s award, won a gold medal in EVOC and a bronze medal in PT. Estrada","received the Director’s award, won a gold medal in EVOC and a bronze medal in PT. Estrada","received the Director’s award, won a gold medal in EVOC and a bronze medal in PT. Estrada","received the Director’s award, won a gold medal in EVOC and a bronze medal in PT. Estrada","received the Director’s award, won a gold medal in EVOC and a bronze medal in PT. Estrada","received the Director’s award, won a gold medal in EVOC and a bronze medal in PT. Estrada","received the Director’s award, won a gold medal in EVOC and a bronze medal in PT. Estrada","received the Director’s award, won a gold medal in EVOC and a bronze medal in PT. Estrada","received the Director’s award, won a gold medal in EVOC and a bronze medal in PT. Estrada"
"was the class president, won gold in PT and a bronze medal in EVOC. Gates won the silver","was the class president, won gold in PT and a bronze medal in EVOC. Gates won the silver","was the class president, won gold in PT and a bronze medal in EVOC. Gates won the silver","was the class president, won gold in PT and a bronze medal in EVOC. Gates won the silver","was the class president, won gold in PT and a bronze medal in EVOC. Gates won the silver","was the class president, won gold in PT and a bronze medal in EVOC. Gates won the silver","was the class president, won gold in PT and a bronze medal in EVOC. Gates won the silver","was the class president, won gold in PT and a bronze medal in EVOC. Gates won the silver","was the class president, won gold in PT and a bronze medal in EVOC. Gates won the silver","was the class president, won gold in PT and a bronze medal in EVOC. Gates won the silver","was the class president, won gold in PT and a bronze medal in EVOC. Gates won the silver","was the class president, won gold in PT and a bronze medal in EVOC. Gates won the silver","was the class president, won gold in PT and a bronze medal in EVOC. Gates won the silver","was the class president, won gold in PT and a bronze medal in EVOC. Gates won the silver","was the class president, won gold in PT and a bronze medal in EVOC. Gates won the silver"
medal for EVOC.,medal for EVOC.,"Rigney won a silver medal for firearms. James won a silver medal for PT,","Rigney won a silver medal for firearms. James won a silver medal for PT,","Rigney won a silver medal for firearms. James won a silver medal for PT,","Rigney won a silver medal for firearms. James won a silver medal for PT,","Rigney won a silver medal for firearms. James won a silver medal for PT,","Rigney won a silver medal for firearms. James won a silver medal for PT,","Rigney won a silver medal for firearms. James won a silver medal for PT,","Rigney won a silver medal for firearms. James won a silver medal for PT,","Rigney won a silver medal for firearms. James won a silver medal for PT,","Rigney won a silver medal for firearms. James won a silver medal for PT,","Rigney won a silver medal for firearms. James won a silver medal for PT,","Rigney won a silver medal for firearms. James won a silver medal for PT,","Rigney won a silver medal for firearms. James won a silver medal for PT,"
and a bronze medal for firearms.,and a bronze medal for firearms.,and a bronze medal for firearms.,and a bronze medal for firearms.,,,,,,,,,,,
-Suggestion boxes were implemented in the jail and the civil services division. The boxes gave,-Suggestion boxes were implemented in the jail and the civil services division. The boxes gave,-Suggestion boxes were implemented in the jail and the civil services division. The boxes gave,-Suggestion boxes were implemented in the jail and the civil services division. The boxes gave,-Suggestion boxes were implemented in the jail and the civil services division. The boxes gave,-Suggestion boxes were implemented in the jail and the civil services division. The boxes gave,-Suggestion boxes were implemented in the jail and the civil services division. The boxes gave,-Suggestion boxes were implemented in the jail and the civil services division. The boxes gave,-Suggestion boxes were implemented in the jail and the civil services division. The boxes gave,-Suggestion boxes were implemented in the jail and the civil services division. The boxes gave,-Suggestion boxes were implemented in the jail and the civil services division. The boxes gave,-Suggestion boxes were implemented in the jail and the civil services division. The boxes gave,-Suggestion boxes were implemented in the jail and the civil services division. The boxes gave,-Suggestion boxes were implemented in the jail and the civil services division. The boxes gave,-Suggestion boxes were implemented in the jail and the civil services division. The boxes gave
Deputies and staff an anonymous way to provide input to improve the Sheriff’s Office. The,Deputies and staff an anonymous way to provide input to improve the Sheriff’s Office. The,Deputies and staff an anonymous way to provide input to improve the Sheriff’s Office. The,Deputies and staff an anonymous way to provide input to improve the Sheriff’s Office. The,Deputies and staff an anonymous way to provide input to improve the Sheriff’s Office. The,Deputies and staff an anonymous way to provide input to improve the Sheriff’s Office. The,Deputies and staff an anonymous way to provide input to improve the Sheriff’s Office. The,Deputies and staff an anonymous way to provide input to improve the Sheriff’s Office. The,Deputies and staff an anonymous way to provide input to improve the Sheriff’s Office. The,Deputies and staff an anonymous way to provide input to improve the Sheriff’s Office. The,Deputies and staff an anonymous way to provide input to improve the Sheriff’s Office. The,Deputies and staff an anonymous way to provide input to improve the Sheriff’s Office. The,Deputies and staff an anonymous way to provide input to improve the Sheriff’s Office. The,Deputies and staff an anonymous way to provide input to improve the Sheriff’s Office. The,Deputies and staff an anonymous way to provide input to improve the Sheriff’s Office. The
boxes were checked weekly and feedback was given when applicable.,boxes were checked weekly and feedback was given when applicable.,boxes were checked weekly and feedback was given when applicable.,boxes were checked weekly and feedback was given when applicable.,boxes were checked weekly and feedback was given when applicable.,boxes were checked weekly and feedback was given when applicable.,boxes were checked weekly and feedback was given when applicable.,boxes were checked weekly and feedback was given when applicable.,boxes were checked weekly and feedback was given when applicable.,boxes were checked weekly and feedback was given when applicable.,,,,,
-The Danville Sheriff’s Office officially formed an Honor Guard Unit. The members of the,-The Danville Sheriff’s Office officially formed an Honor Guard Unit. The members of the,-The Danville Sheriff’s Office officially formed an Honor Guard Unit. The members of the,-The Danville Sheriff’s Office officially formed an Honor Guard Unit. The members of the,-The Danville Sheriff’s Office officially formed an Honor Guard Unit. The members of the,-The Danville Sheriff’s Office officially formed an Honor Guard Unit. The members of the,-The Danville Sheriff’s Office officially formed an Honor Guard Unit. The members of the,-The Danville Sheriff’s Office officially formed an Honor Guard Unit. The members of the,-The Danville Sheriff’s Office officially formed an Honor Guard Unit. The members of the,-The Danville Sheriff’s Office officially formed an Honor Guard Unit. The members of the,-The Danville Sheriff’s Office officially formed an Honor Guard Unit. The members of the,-The Danville Sheriff’s Office officially formed an Honor Guard Unit. The members of the,-The Danville Sheriff’s Office officially formed an Honor Guard Unit. The members of the,-The Danville Sheriff’s Office officially formed an Honor Guard Unit. The members of the,-The Danville Sheriff’s Office officially formed an Honor Guard Unit. The members of the
new unit attended the training in 2011. The unit’s leader is Lt. Willie Tucker with members,new unit attended the training in 2011. The unit’s leader is Lt. Willie Tucker with members,new unit attended the training in 2011. The unit’s leader is Lt. Willie Tucker with members,new unit attended the training in 2011. The unit’s leader is Lt. Willie Tucker with members,new unit attended the training in 2011. The unit’s leader is Lt. Willie Tucker with members,new unit attended the training in 2011. The unit’s leader is Lt. Willie Tucker with members,new unit attended the training in 2011. The unit’s leader is Lt. Willie Tucker with members,new unit attended the training in 2011. The unit’s leader is Lt. Willie Tucker with members,new unit attended the training in 2011. The unit’s leader is Lt. Willie Tucker with members,new unit attended the training in 2011. The unit’s leader is Lt. Willie Tucker with members,new unit attended the training in 2011. The unit’s leader is Lt. Willie Tucker with members,new unit attended the training in 2011. The unit’s leader is Lt. Willie Tucker with members,new unit attended the training in 2011. The unit’s leader is Lt. Willie Tucker with members,new unit attended the training in 2011. The unit’s leader is Lt. Willie Tucker with members,new unit attended the training in 2011. The unit’s leader is Lt. Willie Tucker with members
Sgt.,"Callahan,",Corporal,"Ferrell,",and,and,Deputy Woods,also,assigned.,assigned.,The,unit,will,design,a
"uniform and adopt protocols for participation in parades, ceremonies, and funerals. The unit","uniform and adopt protocols for participation in parades, ceremonies, and funerals. The unit","uniform and adopt protocols for participation in parades, ceremonies, and funerals. The unit","uniform and adopt protocols for participation in parades, ceremonies, and funerals. The unit","uniform and adopt protocols for participation in parades, ceremonies, and funerals. The unit","uniform and adopt protocols for participation in parades, ceremonies, and funerals. The unit","uniform and adopt protocols for participation in parades, ceremonies, and funerals. The unit","uniform and adopt protocols for participation in parades, ceremonies, and funerals. The unit","uniform and adopt protocols for participation in parades, ceremonies, and funerals. The unit","uniform and adopt protocols for participation in parades, ceremonies, and funerals. The unit","uniform and adopt protocols for participation in parades, ceremonies, and funerals. The unit","uniform and adopt protocols for participation in parades, ceremonies, and funerals. The unit","uniform and adopt protocols for participation in parades, ceremonies, and funerals. The unit","uniform and adopt protocols for participation in parades, ceremonies, and funerals. The unit","uniform and adopt protocols for participation in parades, ceremonies, and funerals. The unit"
will also serve with the Danville Police Department as a “Joint Honor Guard” when needed.,will also serve with the Danville Police Department as a “Joint Honor Guard” when needed.,will also serve with the Danville Police Department as a “Joint Honor Guard” when needed.,will also serve with the Danville Police Department as a “Joint Honor Guard” when needed.,will also serve with the Danville Police Department as a “Joint Honor Guard” when needed.,will also serve with the Danville Police Department as a “Joint Honor Guard” when needed.,will also serve with the Danville Police Department as a “Joint Honor Guard” when needed.,will also serve with the Danville Police Department as a “Joint Honor Guard” when needed.,will also serve with the Danville Police Department as a “Joint Honor Guard” when needed.,will also serve with the Danville Police Department as a “Joint Honor Guard” when needed.,will also serve with the Danville Police Department as a “Joint Honor Guard” when needed.,will also serve with the Danville Police Department as a “Joint Honor Guard” when needed.,will also serve with the Danville Police Department as a “Joint Honor Guard” when needed.,will also serve with the Danville Police Department as a “Joint Honor Guard” when needed.,
-Capt. Steve Martin and Lt. Tucker spent two days talking to 204 students about gun safety at,-Capt. Steve Martin and Lt. Tucker spent two days talking to 204 students about gun safety at,-Capt. Steve Martin and Lt. Tucker spent two days talking to 204 students about gun safety at,-Capt. Steve Martin and Lt. Tucker spent two days talking to 204 students about gun safety at,-Capt. Steve Martin and Lt. Tucker spent two days talking to 204 students about gun safety at,-Capt. Steve Martin and Lt. Tucker spent two days talking to 204 students about gun safety at,-Capt. Steve Martin and Lt. Tucker spent two days talking to 204 students about gun safety at,-Capt. Steve Martin and Lt. Tucker spent two days talking to 204 students about gun safety at,-Capt. Steve Martin and Lt. Tucker spent two days talking to 204 students about gun safety at,-Capt. Steve Martin and Lt. Tucker spent two days talking to 204 students about gun safety at,-Capt. Steve Martin and Lt. Tucker spent two days talking to 204 students about gun safety at,-Capt. Steve Martin and Lt. Tucker spent two days talking to 204 students about gun safety at,-Capt. Steve Martin and Lt. Tucker spent two days talking to 204 students about gun safety at,-Capt. Steve Martin and Lt. Tucker spent two days talking to 204 students about gun safety at,-Capt. Steve Martin and Lt. Tucker spent two days talking to 204 students about gun safety at
the Head Start facility. Using the Eddie Eagle Gun Safe Program put together by the National,the Head Start facility. Using the Eddie Eagle Gun Safe Program put together by the National,the Head Start facility. Using the Eddie Eagle Gun Safe Program put together by the National,the Head Start facility. Using the Eddie Eagle Gun Safe Program put together by the National,the Head Start facility. Using the Eddie Eagle Gun Safe Program put together by the National,the Head Start facility. Using the Eddie Eagle Gun Safe Program put together by the National,the Head Start facility. Using the Eddie Eagle Gun Safe Program put together by the National,the Head Start facility. Using the Eddie Eagle Gun Safe Program put together by the National,the Head Start facility. Using the Eddie Eagle Gun Safe Program put together by the National,the Head Start facility. Using the Eddie Eagle Gun Safe Program put together by the National,the Head Start facility. Using the Eddie Eagle Gun Safe Program put together by the National,the Head Start facility. Using the Eddie Eagle Gun Safe Program put together by the National,the Head Start facility. Using the Eddie Eagle Gun Safe Program put together by the National,the Head Start facility. Using the Eddie Eagle Gun Safe Program put together by the National,the Head Start facility. Using the Eddie Eagle Gun Safe Program put together by the National
"Rifle Association, Tucker and Martin explained to the kids what steps to take if they found a","Rifle Association, Tucker and Martin explained to the kids what steps to take if they found a","Rifle Association, Tucker and Martin explained to the kids what steps to take if they found a","Rifle Association, Tucker and Martin explained to the kids what steps to take if they found a","Rifle Association, Tucker and Martin explained to the kids what steps to take if they found a","Rifle Association, Tucker and Martin explained to the kids what steps to take if they found a","Rifle Association, Tucker and Martin explained to the kids what steps to take if they found a","Rifle Association, Tucker and Martin explained to the kids what steps to take if they found a","Rifle Association, Tucker and Martin explained to the kids what steps to take if they found a","Rifle Association, Tucker and Martin explained to the kids what steps to take if they found a","Rifle Association, Tucker and Martin explained to the kids what steps to take if they found a","Rifle Association, Tucker and Martin explained to the kids what steps to take if they found a","Rifle Association, Tucker and Martin explained to the kids what steps to take if they found a","Rifle Association, Tucker and Martin explained to the kids what steps to take if they found a","Rifle Association, Tucker and Martin explained to the kids what steps to take if they found a"
gun by having volunteers act out scenarios.,gun by having volunteers act out scenarios.,gun by having volunteers act out scenarios.,gun by having volunteers act out scenarios.,gun by having volunteers act out scenarios.,gun by having volunteers act out scenarios.,,,,,,,,,
,,,,,.,,,,,,,,,
,,,,,,5,,,,,,,,
