Name: “Table 1 of 1 on page 8 of 12”,Name: “Table 1 of 1 on page 8 of 12”,Name: “Table 1 of 1 on page 8 of 12”
Table: 8,Table: 8,Table: 8
,,
-Sergeant Michelle Edwards spearheaded the DSO’s Virginia Special Olympics initiative.,-Sergeant Michelle Edwards spearheaded the DSO’s Virginia Special Olympics initiative.,-Sergeant Michelle Edwards spearheaded the DSO’s Virginia Special Olympics initiative.
Sgt. Edwards is pictured during one of the three Cover the Cruiser events. Sgt. Edwards,Sgt. Edwards is pictured during one of the three Cover the Cruiser events. Sgt. Edwards,Sgt. Edwards is pictured during one of the three Cover the Cruiser events. Sgt. Edwards
"(right) with L to R Deputy Michelle Wilkerson, Deputy Shannon Brooks, and “Mikey”.","(right) with L to R Deputy Michelle Wilkerson, Deputy Shannon Brooks, and “Mikey”.",Sgt.
Edward also participated in the Polar Plunge and opening ceremonies in Virginia Beach.,Edward also participated in the Polar Plunge and opening ceremonies in Virginia Beach.,Edward also participated in the Polar Plunge and opening ceremonies in Virginia Beach.
Major Wyatt and Captain Kelly Johnson also attended a “Safe Skate” with members of the,Major Wyatt and Captain Kelly Johnson also attended a “Safe Skate” with members of the,Major Wyatt and Captain Kelly Johnson also attended a “Safe Skate” with members of the
DPD at Skatetown which benefitted the Virginia Special Olympics.,DPD at Skatetown which benefitted the Virginia Special Olympics.,
,Equipment,
-The Danville Police Department donated thirty M-26 Tasers to the Sheriff’s Office.,-The Danville Police Department donated thirty M-26 Tasers to the Sheriff’s Office.,DPD
"Sergeant Erica Talley, a Master Trainer through Taser International, certified two instructors","Sergeant Erica Talley, a Master Trainer through Taser International, certified two instructors","Sergeant Erica Talley, a Master Trainer through Taser International, certified two instructors"
within the Sheriff’s Office. Sgt. Sharon Wilson and Deputy Jonathan Taylor became certified,within the Sheriff’s Office. Sgt. Sharon Wilson and Deputy Jonathan Taylor became certified,within the Sheriff’s Office. Sgt. Sharon Wilson and Deputy Jonathan Taylor became certified
instructors and made plans to certify Deputies in early 2013.,instructors and made plans to certify Deputies in early 2013.,
-The Danville Sheriff’s Office acquired twenty scopes for the M-16 rifles (2011 through the,-The Danville Sheriff’s Office acquired twenty scopes for the M-16 rifles (2011 through the,-The Danville Sheriff’s Office acquired twenty scopes for the M-16 rifles (2011 through the
military’s 10-33 program. Plans were made to certify Deputies as part of a spring combat,military’s 10-33 program. Plans were made to certify Deputies as part of a spring combat,military’s 10-33 program. Plans were made to certify Deputies as part of a spring combat
shooting course in 2013.,,
"-Black multi-purpose coats were introduced. The coats served as winter coats, wind breakers,","-Black multi-purpose coats were introduced. The coats served as winter coats, wind breakers,","-Black multi-purpose coats were introduced. The coats served as winter coats, wind breakers,"
"rain jackets, and had a zip out hood. Flashlights were issued to all Deputies, dress hats were","rain jackets, and had a zip out hood. Flashlights were issued to all Deputies, dress hats were","rain jackets, and had a zip out hood. Flashlights were issued to all Deputies, dress hats were"
issued to all personnel.,"The DSO brown ball caps, brown coats and brown windbreakers","The DSO brown ball caps, brown coats and brown windbreakers"
began phasing out to be replaced with black.,began phasing out to be replaced with black.,
-A secured cutlery cabinet was installed in the jail kitchen. The cabinet added accountability,-A secured cutlery cabinet was installed in the jail kitchen. The cabinet added accountability,-A secured cutlery cabinet was installed in the jail kitchen. The cabinet added accountability
of sharps in the jail and provided a visual inventory to ensure all cutlery was present.,of sharps in the jail and provided a visual inventory to ensure all cutlery was present.,
,8,
