Name: “Table 1 of 1 on page 10 of 12”,Name: “Table 1 of 1 on page 10 of 12”,Name: “Table 1 of 1 on page 10 of 12”,Name: “Table 1 of 1 on page 10 of 12”,Name: “Table 1 of 1 on page 10 of 12”,Name: “Table 1 of 1 on page 10 of 12”,Name: “Table 1 of 1 on page 10 of 12”,Name: “Table 1 of 1 on page 10 of 12”,Name: “Table 1 of 1 on page 10 of 12”,Name: “Table 1 of 1 on page 10 of 12”,Name: “Table 1 of 1 on page 10 of 12”,Name: “Table 1 of 1 on page 10 of 12”
Table: 10,Table: 10,Table: 10,Table: 10,Table: 10,Table: 10,Table: 10,Table: 10,Table: 10,Table: 10,Table: 10,Table: 10
,,,,,,,,,,,
,,Danville’s First Sheriff Dies at Age 90,Danville’s First Sheriff Dies at Age 90,Danville’s First Sheriff Dies at Age 90,Danville’s First Sheriff Dies at Age 90,Danville’s First Sheriff Dies at Age 90,Danville’s First Sheriff Dies at Age 90,Danville’s First Sheriff Dies at Age 90,Danville’s First Sheriff Dies at Age 90,Danville’s First Sheriff Dies at Age 90,
"The Danville Sheriff’s Office was saddened to learn of the death of its first Sheriff, Charles J.","The Danville Sheriff’s Office was saddened to learn of the death of its first Sheriff, Charles J.","The Danville Sheriff’s Office was saddened to learn of the death of its first Sheriff, Charles J.","The Danville Sheriff’s Office was saddened to learn of the death of its first Sheriff, Charles J.","The Danville Sheriff’s Office was saddened to learn of the death of its first Sheriff, Charles J.","The Danville Sheriff’s Office was saddened to learn of the death of its first Sheriff, Charles J.","The Danville Sheriff’s Office was saddened to learn of the death of its first Sheriff, Charles J.","The Danville Sheriff’s Office was saddened to learn of the death of its first Sheriff, Charles J.","The Danville Sheriff’s Office was saddened to learn of the death of its first Sheriff, Charles J.","The Danville Sheriff’s Office was saddened to learn of the death of its first Sheriff, Charles J.","The Danville Sheriff’s Office was saddened to learn of the death of its first Sheriff, Charles J.","The Danville Sheriff’s Office was saddened to learn of the death of its first Sheriff, Charles J."
"“Charlie” Smith. Sheriff Smith passed away on October 10, 2012 in the company of his","“Charlie” Smith. Sheriff Smith passed away on October 10, 2012 in the company of his","“Charlie” Smith. Sheriff Smith passed away on October 10, 2012 in the company of his","“Charlie” Smith. Sheriff Smith passed away on October 10, 2012 in the company of his","“Charlie” Smith. Sheriff Smith passed away on October 10, 2012 in the company of his","“Charlie” Smith. Sheriff Smith passed away on October 10, 2012 in the company of his","“Charlie” Smith. Sheriff Smith passed away on October 10, 2012 in the company of his","“Charlie” Smith. Sheriff Smith passed away on October 10, 2012 in the company of his","“Charlie” Smith. Sheriff Smith passed away on October 10, 2012 in the company of his","“Charlie” Smith. Sheriff Smith passed away on October 10, 2012 in the company of his","“Charlie” Smith. Sheriff Smith passed away on October 10, 2012 in the company of his","“Charlie” Smith. Sheriff Smith passed away on October 10, 2012 in the company of his"
"family. He was 90 years old and was predeceased by his wife of 66 years, Virginia Howard","family. He was 90 years old and was predeceased by his wife of 66 years, Virginia Howard","family. He was 90 years old and was predeceased by his wife of 66 years, Virginia Howard","family. He was 90 years old and was predeceased by his wife of 66 years, Virginia Howard","family. He was 90 years old and was predeceased by his wife of 66 years, Virginia Howard","family. He was 90 years old and was predeceased by his wife of 66 years, Virginia Howard","family. He was 90 years old and was predeceased by his wife of 66 years, Virginia Howard","family. He was 90 years old and was predeceased by his wife of 66 years, Virginia Howard","family. He was 90 years old and was predeceased by his wife of 66 years, Virginia Howard","family. He was 90 years old and was predeceased by his wife of 66 years, Virginia Howard","family. He was 90 years old and was predeceased by his wife of 66 years, Virginia Howard","family. He was 90 years old and was predeceased by his wife of 66 years, Virginia Howard"
Smith.,Smith.,,,,,,,,,,
"Sheriff Smith served as the High Constable for the City of Danville from 1962-1969, and was","Sheriff Smith served as the High Constable for the City of Danville from 1962-1969, and was","Sheriff Smith served as the High Constable for the City of Danville from 1962-1969, and was","Sheriff Smith served as the High Constable for the City of Danville from 1962-1969, and was","Sheriff Smith served as the High Constable for the City of Danville from 1962-1969, and was","Sheriff Smith served as the High Constable for the City of Danville from 1962-1969, and was","Sheriff Smith served as the High Constable for the City of Danville from 1962-1969, and was","Sheriff Smith served as the High Constable for the City of Danville from 1962-1969, and was","Sheriff Smith served as the High Constable for the City of Danville from 1962-1969, and was","Sheriff Smith served as the High Constable for the City of Danville from 1962-1969, and was","Sheriff Smith served as the High Constable for the City of Danville from 1962-1969, and was","Sheriff Smith served as the High Constable for the City of Danville from 1962-1969, and was"
elected the first Sheriff of Danville in 1970. He served as Sheriff until he retired in December,elected the first Sheriff of Danville in 1970. He served as Sheriff until he retired in December,elected the first Sheriff of Danville in 1970. He served as Sheriff until he retired in December,elected the first Sheriff of Danville in 1970. He served as Sheriff until he retired in December,elected the first Sheriff of Danville in 1970. He served as Sheriff until he retired in December,elected the first Sheriff of Danville in 1970. He served as Sheriff until he retired in December,elected the first Sheriff of Danville in 1970. He served as Sheriff until he retired in December,elected the first Sheriff of Danville in 1970. He served as Sheriff until he retired in December,elected the first Sheriff of Danville in 1970. He served as Sheriff until he retired in December,elected the first Sheriff of Danville in 1970. He served as Sheriff until he retired in December,elected the first Sheriff of Danville in 1970. He served as Sheriff until he retired in December,elected the first Sheriff of Danville in 1970. He served as Sheriff until he retired in December
"of 1986. Among the many accomplishments during his tenure as Sheriff, he was instrumental","of 1986. Among the many accomplishments during his tenure as Sheriff, he was instrumental","of 1986. Among the many accomplishments during his tenure as Sheriff, he was instrumental","of 1986. Among the many accomplishments during his tenure as Sheriff, he was instrumental","of 1986. Among the many accomplishments during his tenure as Sheriff, he was instrumental","of 1986. Among the many accomplishments during his tenure as Sheriff, he was instrumental","of 1986. Among the many accomplishments during his tenure as Sheriff, he was instrumental","of 1986. Among the many accomplishments during his tenure as Sheriff, he was instrumental","of 1986. Among the many accomplishments during his tenure as Sheriff, he was instrumental","of 1986. Among the many accomplishments during his tenure as Sheriff, he was instrumental","of 1986. Among the many accomplishments during his tenure as Sheriff, he was instrumental","of 1986. Among the many accomplishments during his tenure as Sheriff, he was instrumental"
in the construction of the current city jail which was the modern design for its time. During,in the construction of the current city jail which was the modern design for its time. During,in the construction of the current city jail which was the modern design for its time. During,in the construction of the current city jail which was the modern design for its time. During,in the construction of the current city jail which was the modern design for its time. During,in the construction of the current city jail which was the modern design for its time. During,in the construction of the current city jail which was the modern design for its time. During,in the construction of the current city jail which was the modern design for its time. During,in the construction of the current city jail which was the modern design for its time. During,in the construction of the current city jail which was the modern design for its time. During,in the construction of the current city jail which was the modern design for its time. During,in the construction of the current city jail which was the modern design for its time. During
"the construction of the jail, Sheriff Smith remained committed to being a good steward of","the construction of the jail, Sheriff Smith remained committed to being a good steward of","the construction of the jail, Sheriff Smith remained committed to being a good steward of","the construction of the jail, Sheriff Smith remained committed to being a good steward of","the construction of the jail, Sheriff Smith remained committed to being a good steward of","the construction of the jail, Sheriff Smith remained committed to being a good steward of","the construction of the jail, Sheriff Smith remained committed to being a good steward of","the construction of the jail, Sheriff Smith remained committed to being a good steward of","the construction of the jail, Sheriff Smith remained committed to being a good steward of","the construction of the jail, Sheriff Smith remained committed to being a good steward of","the construction of the jail, Sheriff Smith remained committed to being a good steward of","the construction of the jail, Sheriff Smith remained committed to being a good steward of"
taxpayer’s money.,taxpayer’s money.,taxpayer’s money.,,,,,,,,,
Sheriff Smith was also instrumental in bringing the Good News Jail Prison Ministry to the,Sheriff Smith was also instrumental in bringing the Good News Jail Prison Ministry to the,Sheriff Smith was also instrumental in bringing the Good News Jail Prison Ministry to the,Sheriff Smith was also instrumental in bringing the Good News Jail Prison Ministry to the,Sheriff Smith was also instrumental in bringing the Good News Jail Prison Ministry to the,Sheriff Smith was also instrumental in bringing the Good News Jail Prison Ministry to the,Sheriff Smith was also instrumental in bringing the Good News Jail Prison Ministry to the,Sheriff Smith was also instrumental in bringing the Good News Jail Prison Ministry to the,Sheriff Smith was also instrumental in bringing the Good News Jail Prison Ministry to the,Sheriff Smith was also instrumental in bringing the Good News Jail Prison Ministry to the,Sheriff Smith was also instrumental in bringing the Good News Jail Prison Ministry to the,Sheriff Smith was also instrumental in bringing the Good News Jail Prison Ministry to the
jail.,The,program,runs,strong,today,and,provides,"chaplains,","volunteers,","counseling,",and
educational programs to inmates in jails and prisons worldwide.,educational programs to inmates in jails and prisons worldwide.,educational programs to inmates in jails and prisons worldwide.,educational programs to inmates in jails and prisons worldwide.,educational programs to inmates in jails and prisons worldwide.,educational programs to inmates in jails and prisons worldwide.,educational programs to inmates in jails and prisons worldwide.,educational programs to inmates in jails and prisons worldwide.,educational programs to inmates in jails and prisons worldwide.,,,
Sheriff Smith was respected and loved by all who knew him. His legacy will live on at the,Sheriff Smith was respected and loved by all who knew him. His legacy will live on at the,Sheriff Smith was respected and loved by all who knew him. His legacy will live on at the,Sheriff Smith was respected and loved by all who knew him. His legacy will live on at the,Sheriff Smith was respected and loved by all who knew him. His legacy will live on at the,Sheriff Smith was respected and loved by all who knew him. His legacy will live on at the,Sheriff Smith was respected and loved by all who knew him. His legacy will live on at the,Sheriff Smith was respected and loved by all who knew him. His legacy will live on at the,Sheriff Smith was respected and loved by all who knew him. His legacy will live on at the,Sheriff Smith was respected and loved by all who knew him. His legacy will live on at the,Sheriff Smith was respected and loved by all who knew him. His legacy will live on at the,Sheriff Smith was respected and loved by all who knew him. His legacy will live on at the
Danville Sheriff’s Office for years to come.,Danville Sheriff’s Office for years to come.,Danville Sheriff’s Office for years to come.,Danville Sheriff’s Office for years to come.,Danville Sheriff’s Office for years to come.,Danville Sheriff’s Office for years to come.,Danville Sheriff’s Office for years to come.,Danville Sheriff’s Office for years to come.,,,,
,,,,,Charlie Smith,Charlie Smith,Charlie Smith,Charlie Smith,,,
,,,,,,,10,,,,
