Name: “Table 1 of 1 on page 1 of 1”,Name: “Table 1 of 1 on page 1 of 1”,Name: “Table 1 of 1 on page 1 of 1”
Table: 1,Table: 1,Table: 1
,,
,Warsaw Police Department,Warsaw Police Department
,MONTHLY COUNCIL REPORT,MONTHLY COUNCIL REPORT
,January 2013,
Civic Programs Presented & Community Events,Civic Programs Presented & Community Events,
•,January 9th – Chief Spare spoke to the Warsaw Rotary Club members,January 9th – Chief Spare spoke to the Warsaw Rotary Club members
Calls for Service,Calls for Service,35
Directed Patrols,Directed Patrols,384
Property & Business Checks Conducted,Property & Business Checks Conducted,575
Follow Ups,Follow Ups,8
Arrest,Arrest,3
Emergency Custody Order,Emergency Custody Order,1
Drunk in Public,Drunk in Public,1
Temporary Detention Order,Temporary Detention Order,1
Uniform Traffic Summons,Uniform Traffic Summons,16
Defective Equipment,Defective Equipment,2
Expired Inspection,Expired Inspection,3
Expired Registration,Expired Registration,1
Flag Etc. End of Load,Flag Etc. End of Load,1
Following too Close,Following too Close,2
Speeding,Speeding,7
Submitted by:,Submitted by:,
_____________________________________________,_____________________________________________,
Chandra O. Johnson – W. P. D. Administrative Assistant,Chandra O. Johnson – W. P. D. Administrative Assistant,
,"""When The Community And Police Work Together We Can Make A Difference!"" - C. Spare","""When The Community And Police Work Together We Can Make A Difference!"" - C. Spare"
,2/08/2013,
