Bureau of Justice Statistics,,,,,,,,,,,,,
Filename: capd10at08.csv,,,,,,,,,,,,,
"Appendix table 8. Standard errors for victims resistance in violent crimes , by disability status, 2008-2010",,,,,,,,,,,,,
"Report title: Crime Against Persons with Disabilities, 2008-2010-Statistical Tables NCJ 235777",,,,,,,,,,,,,
Data source(s): National Crime Victimization Survey,,,,,,,,,,,,,
Author: Erika Harrell,,,,,,,,,,,,,
Refer questions to : askbjs@usdoj.gov or 202-307-0765,,,,,,,,,,,,,
Date of version: 10/13/2011,,,,,,,,,,,,,
,,,,,,,,,,,,,
"Appendix table 8. Standard errors for victim resistance in violent crime, by disability status , 2008�2010",,,,,,,,,,,,,
,,Percent of violent crime victims�,,,,,,,,,,,
,,With disabilities,,,,,,Without disabilities,,,,,
Type of resistance,,2008,,2009,,2010,,2008,,2009,,2010,
,Total,~,%,~,%,~,%,~,%,~,%,~,%
No resistance,,4.2,%,4,%,4.3,%,1.9,%,2.1,%,2,%
Resistance,,4.2,%,4,%,4.4,%,1.9,%,2.1,%,2.1,%
,Threatened/attacked  with firearm,--,,0.7,,1.2,,--,,0.3,,0.3,
, Threatened/attacked  with other weapon,0.4,,1.4,,1,,0.3,,0.2,,0.5,
,Threatened/attacked without a weapon,3.2,,3.5,,3.5,,1.5,,1.6,,1.7,
,Nonconfrontational  tactics,3.9,,4.1,,4.3,,1.9,,2.1,,2.1,
,Other resistance,2.2,,2,,2.1,,0.8,,1,,0.9,
,Unknown resistance,0.8,,--,,--,,0.2,,--,,--,
"Note: Based on the noninstitutionalized U.S. resident population age 12 or older.  This table refers to nonfatal violent crimes (rape/sexual assault, robbery, aggravated assault, simple assault).",,,,,,,,,,,,,
~Not applicable.,,,,,,,,,,,,,
--Less than 0.05%.,,,,,,,,,,,,,
