Bureau of Justice Statistics,,,,,,,,,,,,,
Filename: capd10at12.csv,,,,,,,,,,,,,
"Appendix table 12. Standard errors for violent crime in which victims used non-police victim advocacy agencies, by disability status and agency type, 2008-2010",,,,,,,,,,,,,
"Report title: Crime Against Persons with Disabilities, 2008-2010-Statistical Tables NCJ 235777",,,,,,,,,,,,,
Data source(s): National Crime Victimization Survey,,,,,,,,,,,,,
Author: Erika Harrell,,,,,,,,,,,,,
Refer questions to : askbjs@usdoj.gov or 202-307-0765,,,,,,,,,,,,,
Date of version: 10/13/2011,,,,,,,,,,,,,
,,,,,,,,,,,,,
"Appendix table 12. Standard errors for violent crime in which victims used non-police victim advocacy agencies, by disability status and agency type, 2008�2010",,,,,,,,,,,,,
,,Percent of violent victimizations against�,,,,,,,,,,,
,,Persons with disabilities,,,,,,Persons without disabilities,,,,,
Type of agency,,2008,,2009,,2010,,2008,,2009,,2010,
Used victim agency,,2.6,%,2.1,%,2.4,%,0.8,%,0.9,%,1,%
,Government agency,2.2,,1.6,,1.5,,0.7,,0.7,,0.8,
,Private agency,1.2,,0.8,,1.8,,0.4,,0.5,,0.5,
 Do not know type  of agency,,0.9,,1.1,,0.6,,0.3,,0.2,,0.3,
"Note: Based on the noninstitutionalized U.S. resident population age 12 or older.  This table refers to nonfatal violent crimes (rape/sexual assault, robbery, aggravated assault, simple assault).",,,,,,,,,,,,,
