Bureau of Justice Statistics,,,,,,,,,,,,,,,,,,,
Filename: capd10at05.csv,,,,,,,,,,,,,,,,,,,
"Appendix table 5. Standard errors for violent victimization rates for persons with disabilities, by type of crime and type of disability, 2008-2010",,,,,,,,,,,,,,,,,,,
"Report title: Crime Against Persons with Disabilities, 2008-2010-Statistical Tables NCJ 235777",,,,,,,,,,,,,,,,,,,
Data source(s): National Crime Victimization Survey and the American Community Survey,,,,,,,,,,,,,,,,,,,
Author: Erika Harrell,,,,,,,,,,,,,,,,,,,
Refer questions to : askbjs@usdoj.gov or 202-307-0765,,,,,,,,,,,,,,,,,,,
Date of version: 10/13/2011,,,,,,,,,,,,,,,,,,,
,,,,,,,,,,,,,,,,,,,
"Appendix table 5. Standard errors for violent victimization rates of persons with disabilities, by type of crime and type of disability, 2008�2010",,,,,,,,,,,,,,,,,,,
,,"Violent victimization rate per 1,000 persons with disabilities, by type of disability",,,,,,,,,,,,,,,,,
,,Hearing,,,Vision,,,Ambulatory,,,Cognitive,,,Self-care,,,Independent living,,
Type of crime,,2008,2009,2010,2008,2009,2010,2008,2009,2010,2008,2009,2010,2008,2009,2010,2008,2009,2010
,Total ,2.6,2.2,1.8,3.7,4.4,3.2,1.9,2.4,1.8,3.9,3.7,3.4,2.6,3.1,2.8,2.2,2.5,2.3
Serious violent crime,,1.5,1.5,1.2,2.3,2.7,2.2,1,1.4,1.2,2.3,2.2,2.5,1.5,1.7,1.9,1.2,1.5,1.5
,Rape/sexual assault,0.8,0.3,--,0.6,--,--,0.5,0.5,0.3,0.7,0.7,0.9,0.5,0.9,0.5,0.5,0.6,0.6
,Robbery,0.7,1,0.7,1.2,2.2,1.2,0.4,0.8,0.8,1.6,1.2,1.4,0.6,1,1.1,0.6,1.1,0.8
,Aggravated assault,1,1.1,0.9,1.8,1.5,1.9,0.8,0.9,0.8,1.3,1.5,1.7,1.2,1,1.4,0.9,0.8,1.1
Simple assault,,2.1,1.5,1.4,2.8,3.3,2.1,1.5,1.9,1.2,3,2.9,2.2,2.1,2.5,2,1.8,1.9,1.5
"Note: Based on the noninstitutionalized U.S. resident population age 12 or older and include victims with more than one disability. This table refers to nonfatal violent crimes (rape/sexual assault, robbery, aggravated assault, simple assault). ",,,,,,,,,,,,,,,,,,,
--Less than 0.05.,,,,,,,,,,,,,,,,,,,
