Bureau of Justice Statistics,,,,,,,
Filename: capd10at01.csv,,,,,,,
"Appendix table 1. Standard errors for violent victimizations, by type of crime and disaiblity status, 2008-2010",,,,,,,
"Report title: Crime Against Persons with Disabilities, 2008-2010-Statistical Tables NCJ 235777",,,,,,,
Data source(s): National Crime Victimization Survey,,,,,,,
Author: Erika Harrell,,,,,,,
Refer questions to : askbjs@usdoj.gov or 202-307-0765,,,,,,,
Date of version: 10/13/2011,,,,,,,
,,,,,,,
"Appendix table 1. Standard errors for violent victimizations, by type of crime and disability status, 2008�2010",,,,,,,
,,Number of violent victimizations against�,,,,,
,,Persons with disabilities,,,Persons without disabilities,,
Type of crime,,2008,2009,2010,2008,2009,2010
,Total,"67,401","69,901","56,822","192,426","185,631","169,811"
Serious violent crime,,"38,372","38,321","37,627","97,333","95,519","86,955"
,Rape/sexual assault,"13,588","11,804","11,626","30,688","23,173","27,270"
,Robbery,"24,013","22,806","20,550","51,136","50,612","45,688"
,Aggravated assault,"23,941","25,263","26,107","67,810","67,805","58,182"
Simple assault,,"51,641","53,658","37,813","144,644","143,979","131,328"
"Note: Based on the noninstitutionalized U.S. resident population age 12 or older.  This table refers to nonfatal violent crimes (rape/sexual assault, robbery, aggravated assault, simple assault).",,,,,,,
