Bureau of Justice Statistics,,,,,,,,,,,,,,
Filename: capd10at11.csv,,,,,,,,,,,,,,
"Appendix table 11. Standard errors for violent crime reported to police by, type of crime and disability status, 2008-2010",,,,,,,,,,,,,,
"Report title: Crime Against Persons with Disabilities, 2008-2010-Statistical Tables NCJ 235777",,,,,,,,,,,,,,
Data source(s): National Crime Victimization Survey,,,,,,,,,,,,,,
Author: Erika Harrell,,,,,,,,,,,,,,
Refer questions to : askbjs@usdoj.gov or 202-307-0765,,,,,,,,,,,,,,
Date of version: 10/13/2011,,,,,,,,,,,,,,
,,,,,,,,,,,,,,
"Appendix table 11. Standard errors for violent crime reported to police, by type of crime and disability status, 2008�2010",,,,,,,,,,,,,,
,,Percent of violent  victimizations against�,,,,,,,,,,,,
,,Persons with disabilities,,,,,,,Persons without disabilities,,,,,
Type of crime,,2008,,2009,,2010,,,2008,,2009,,2010,
,Total,4.2,%,4,%,4.3,%,,1.9,%,2.1,%,2.1,%
Serious violent crime,,6.4,%,6.4,%,5.9,%,,3.1,%,3.2,%,3.2,%
,Rape/sexual assault,16.4,,17.1,,15.6,,,7.7,,9.7,,7.7,
,Robbery,9.4,,9.7,,9.4,,,5.1,,4.8,,5,
,Aggravated assault,9.5,,9,,7.8,,,4.1,,4.1,,4.1,
Simple assault,,5.1,%,4.9,%,5.8,%,,2.2,%,2.4,%,2.5,%
"Note: Based on the noninstitutionalized U.S. resident population age 12 or older. This table refers to nonfatal violent crimes (rape/sexual assault, robbery, aggravated assault, simple assault).",,,,,,,,,,,,,,
