Bureau of Justice Statistics,,,,,,,,,,,,,
Filename: capd10at10.csv,,,,,,,,,,,,,
"Appendix table 10. Standard errors for injury and medical treatment, by disability status, 2008-2010",,,,,,,,,,,,,
"Report title: Crime Against Persons with Disabilities, 2008-2010-Statistical Tables NCJ 235777",,,,,,,,,,,,,
Data source(s): National Crime Victimization Survey,,,,,,,,,,,,,
Author: Erika Harrell,,,,,,,,,,,,,
Refer questions to : askbjs@usdoj.gov or 202-307-0765,,,,,,,,,,,,,
Date of version: 10/13/2011,,,,,,,,,,,,,
,,,,,,,,,,,,,
"Appendix table 10. Standard errors for injury and medical treatment, by disability status, 2008�2010",,,,,,,,,,,,,
,,Percent of violent victimizations against�,,,,,,,,,,,
,,Persons with disabilities,,,,,,Persons without disabilities,,,,,
Injury/medical treatment ,,2008,,2009,,2010,,2008,,2009,,2010,
,Total,~,%,~,%,~,%,~,%,~,%,~,%
Not injured,,3.7,%,3.9,%,4.2,%,1.7,%,1.9,%,1.9,%
Injured,,3.6,%,3.9,%,4.1,%,1.6,%,1.8,%,1.8,%
Received no medical  treatment,,2.9,,3.2,,1.8,,1.2,,1.3,,1.4,
Received medical  treatment,,2.5,%,2.8,,1.7,,1.1,,1.2,,1.2,
Do not know,,--,%,0.6,%,0.5,%,0.1,%,0.1,%,--,%
Note: Based on the noninstitutionalized U.S. resident population age 12 or older.  ,,,,,,,,,,,,,
"This table refers to nonfatal violent crimes (rape/sexual assault, robbery, aggravated assault, simple assault). ",,,,,,,,,,,,,
~Not applicable.,,,,,,,,,,,,,
--Less than 0.05%,,,,,,,,,,,,,
