Bureau of Justice Statistics,,,,,,,,,
Filename: capd10at14.csv,,,,,,,,,
"Appendix table 14. Numbers and percentages of persons with disabilities, by type of disability, 2008-2010",,,,,,,,,
"Report title: Crime Against Persons with Disabilities, 2008-2010-Statistical Tables NCJ 235777",,,,,,,,,
Data source(s): National Crime Victimization Survey,,,,,,,,,
Author: Erika Harrell,,,,,,,,,
Refer questions to : askbjs@usdoj.gov or 202-307-0765,,,,,,,,,
Date of version: 10/13/2011,,,,,,,,,
,,,,,,,,,
"Appendix table 14. Numbers and percentages of persons with disabilities, by type of disability, 2008�2010",,,,,,,,,
,2008,,,2009,,,2010*,,
Type of disability,Number,Percent,,Number,Percent,,Number,Percent,
Hearing,"10,073,280",29.2,%,"9,923,230",28.7,%,"10,078,144",28.7,%
Vision,"6,490,090",18.8,,"6,168,510",17.8,,"6,264,803",17.8,
Ambulatory,"19,003,620",55,,"19,193,130",55.5,,"19,492,753",55.5,
Cognitive,"12,372,680",35.8,,"12,459,310",36,,"12,653,815",36,
Self-care,"6,930,440",20.1,,"6,879,990",19.9,,"6,987,395",19.9,
 Independent living,"13,155,390",38.1,,"13,029,860",37.7,,"13,233,267",37.7,
Note: Percentages total to more than 100% due to inclusion of persons with more than one disability. Based on the noninstitutionalized U.S. resident population age 12 or older. ,,,,,,,,,
*2010 populations are estimates based on 2009 proportions.,,,,,,,,,
"Source: American Community Survey, 2008�2009.",,,,,,,,,
