Bureau of Justice Statistics,,,,,,
Filename: capd10at06.csv,,,,,,
"Appendix table 6. Standard errors for violent victimization rates of persons with disabilities, by type of disability and sex, 2008-2010",,,,,,
"Report title: Crime Against Persons with Disabilities, 2008-2010-Statistical Tables NCJ 235777",,,,,,
Data source(s): National Crime Victimization Survey and the American Community Survey,,,,,,
Author: Erika Harrell,,,,,,
Refer questions to : askbjs@usdoj.gov or 202-307-0765,,,,,,
Date of version: 10/13/2011,,,,,,
,,,,,,
"Appendix table 6. Standard errors for violent victimization rates of persons with disabilities, by type of disability and sex, 2008�2010",,,,,,
,"Violent victimization rate per  1,000 persons with disabilities",,,,,
,Male,,,Female,,
Type of disability,2008,2009,2010,2008,2009,2010
Hearing,2.8,2.5,2.5,4.6,3.8,2.6
Vision,5.1,6.9,5,5,5.3,3.8
Ambulatory,2.6,3.5,3,2.5,3,2
Cognitive,5.5,5.2,4.7,5,4.9,4.5
Self-care,4.2,3.6,4.3,3.1,4.4,3.6
Independent living,3.5,3.8,3.5,2.7,3.2,2.8
"Note: Includes persons with more than one disability. Based on the noninstitutionalized U.S. resident population age 12 or older. This table refers to nonfatal violent crimes (rape/sexual assault, robbery, aggravated assault, simple assault).",,,,,,
