Bureau of Justice Statistics,,,,,,,,,,
Filename: capd10at02.csv,,,,,,,,,,
"Appendix table 2. Standard errors for violent victimization rates, by type of victimization and disability status, 2008-2010",,,,,,,,,,
"Report title: Crime Against Persons with Disabilities, 2008-2010-Statistical Tables NCJ 235777",,,,,,,,,,
Data source(s): National Crime Victimization Survey and the American Community Survey,,,,,,,,,,
Author: Erika Harrell,,,,,,,,,,
Refer questions to : askbjs@usdoj.gov or 202-307-0765,,,,,,,,,,
Date of version: 10/13/2011,,,,,,,,,,
,,,,,,,,,,
"Appendix table 2. Standard errors for violent victimization rates, by type of victimization and disability status, 2008�2010",,,,,,,,,,
,,"Violent victimization rate per 1,000�",,,,,,,,
,,Persons with disabilities,,,,,,,,
,,Age-adjusted*,,,Unadjusted,,,Persons without disabilities,,
Type of crime,,2008,2009,2010,2008,2009,2010,2008,2009,2010
,Total,1.4,1.4,1.1,1.9,2,1.6,0.9,0.9,0.8
Serious violent crime,,0.8,0.7,0.8,1.1,1.1,1.1,0.5,0.4,0.4
,Rape/sexual assault,0.2,0.2,0.2,0.4,0.3,0.3,0.1,0.1,0.1
,Robbery,0.5,0.4,0.4,0.7,0.7,0.6,0.2,0.2,0.2
,Aggravated assault,0.5,0.5,0.5,0.7,0.7,0.7,0.3,0.3,0.3
Simple assault,,1,1.1,0.7,1.5,1.5,1.1,0.7,0.7,0.6
"Note: Based on the noninstitutionalized U.S. resident population age 12 or older.  This table refers to nonfatal violent crimes (rape/sexual assault, robbery, aggravated assault, simple assault).",,,,,,,,,,
*The age-adjusted victimization rate for persons with disabilities is calculated by multiplying the unadjusted rate for each age group with disabilities by the proportion of the population in that age group without disabilities. The sum of these weighted estimates represent the overall age-adjusted rate.,,,,,,,,,,
