Bureau of Justice Statistics,,,,,,,,,,
Filename: capd10at04.csv,,,,,,,,,,
"Appendix table 4. Standard errors for violent victimization rates by sex, race, Hispanic origin, and disability status, 2008-2010",,,,,,,,,,
"Report title: Crime Against Persons with Disabilities, 2008-2010-Statistical Tables NCJ 235777",,,,,,,,,,
Data source(s): National Crime Victimization Survey and the American Community Survey,,,,,,,,,,
Author: Erika Harrell,,,,,,,,,,
Refer questions to : askbjs@usdoj.gov or 202-307-0765,,,,,,,,,,
Date of version: 10/13/2011,,,,,,,,,,
,,,,,,,,,,
"Appendix table 4. Standard errors for violent victimization rates, by sex, race, Hispanic origin, and disability status, 2008�2010",,,,,,,,,,
,,"Violent victimization rate per 1,000�",,,,,,,,
,,Persons with disabilities,,,,,,,,
,,Age-adjusted/a,,,Unadjusted,,,Persons without disabilities ,,
Victim characteristics,,2008,2009,2010,2008,2009,2010,2008,2009,2010
,Total,1.4,1.4,1.1,1.9,2,1.9,0.9,0.9,0.8
Sex,,,,,,,,,,
,Male,1.7,1.7,1.3,2.7,2.7,2.2,1.3,1.2,1
,Female,1.8,1.9,1.4,2.5,2.6,2,1.1,1,1
Race/b,,,,,,,,,,
,White,1.6,1.6,1.1,2.1,2.1,1.6,1,1,0.9
,Black/African American,3,3.4,2.2,5.1,5.4,4.3,2.6,2.6,2.2
,Other race/c,1.9,2,2.2,4.8,4.1,4.3,1.4,1.1,1.1
,Two or more races,11.6,7.7,10.1,19.6,16.1,20,6,4.9,4.7
Hispanic origin/d,,,,,,,,,,
,Hispanic ,2.4,2.6,2,4.6,5.3,4.5,1.8,1.8,1.6
,Non-Hispanic,1.5,1.5,1.1,2,2.1,1.6,1,0.9,0.8
"Note: Based on the noninstitutionalized U.S. resident population age 12 or older.  This table refers to nonfatal violent crimes (rape/sexual assault, robbery, aggravated assault, simple assault).",,,,,,,,,,
a/The age-adjusted victimization rate for persons with disabilities is calculated by multiplying the unadjusted rate for each age group with disabilities by the proportion of the population in that age group without disabilities. The sum of these weighted estimates represent the overall age-adjusted rate.,,,,,,,,,,
b/Each racial group includes persons of Hispanic/Latino origin.,,,,,,,,,,
"c/Includes American Indians, Alaska Natives, Asians, Native Hawaiians, other Pacific Islanders, and other races.",,,,,,,,,,
d/Includes persons of all races.,,,,,,,,,,
