Bureau of Justice Statistics,,,,,,,,,,,,,,
Filename: capd10at09.csv,,,,,,,,,,,,,,
"Appendix table 9. Standard errors for violent crime, by offender weapon type and disability status, 2008-2010",,,,,,,,,,,,,,
"Report title: Crime Against Persons with Disabilities, 2008-2010-Statistical Tables NCJ 235777",,,,,,,,,,,,,,
Data source(s): National Crime Victimization Survey,,,,,,,,,,,,,,
Author: Erika Harrell,,,,,,,,,,,,,,
Refer questions to : askbjs@usdoj.gov or 202-307-0765,,,,,,,,,,,,,,
Date of version: 10/13/2011,,,,,,,,,,,,,,
,,,,,,,,,,,,,,
"Appendix table 9. Standard errors for violent crime, by offender weapon type and disability status, 2008�2010",,,,,,,,,,,,,,
,,Percent of violent victimizations against�,,,,,,,,,,,,
,,Persons with disabilities,,,,,,,Persons without disabilities,,,,,
Type of weapon,,2008,,2009,,2010,,,2008,,2009,,2010,
,Total,~,%,~,%,~,%,,~,%,~,%,~,%
No weapon,,3.8,%,3.8,%,4.3,%,,1.7,%,1.9,%,1.9,%
Weapon,,3.2,%,3.4,%,3.9,%,,1.5,%,1.6,%,1.6,%
,Firearm,2.2,,1.5,,2.9,,,0.9,,1.1,,1,
,Knife,1.6,,2,,1.7,,,0.9,,0.8,,0.8,
,Other type weapon,1.8,,2.3,,2.3,,,0.8,,0.9,,0.9,
,Type weapon unknown,0.7,,1,,1.2,,,0.4,,0.4,,0.4,
Do not know if offender had weapon,,2.2,%,2.1,%,2.4,%,,0.8,%,0.8,%,1,%
"Note: Based on the noninstitutionalized U.S. resident population age 12 or older. This table refers to nonfatal violent crimes (rape/sexual assault, robbery, aggravated assault, simple assault).",,,,,,,,,,,,,,
~Not applicable.,,,,,,,,,,,,,,
