Bureau of Justice Statistics,,,,,,
Filename: capd10at15.csv,,,,,,
"Appendix table 15. Violent crime against persons with disabilities, by type of interview, 2008-2010",,,,,,
"Report title: Crime Against Persons with Disabilities, 2008-2010-Statistical Tables NCJ 235777",,,,,,
Data source(s): National Crime Victimization Survey,,,,,,
Author: Erika Harrell,,,,,,
Refer questions to : askbjs@usdoj.gov or 202-307-0765,,,,,,
Date of version: 10/13/2011,,,,,,
,,,,,,
"Appendix table 15. Violent crime against persons with disabilities, by type of interview, 2008�2010",,,,,,
,Percentage of violent crime against persons with disabilities,,,,,
Interview type,2008,,2009,,2010,
Proxy,3.5,% !,4.1,% !,6.7,%
Nonproxy,96.5,,95.9,,93.3,
Note: A proxy interview is conducted with a caregiver or other party when the respondent is physically or mentally incapable of responding. Based ,,,,,,
"on the noninstitutionalized U.S. resident population age 12 or older. This table refers to nonfatal violent crimes (rape/sexual assault, robbery, aggravated assault, simple assault).",,,,,,
"! Interpret data with caution; estimate based on 10 or fewer cases, or coefficient of variation is greater than 50%. ",,,,,,
"Source: National Crime Victimization Survey, 2008�2010.",,,,,,
