,Warsaw Police Department,Warsaw Police Department
,MONTHLY COUNCIL REPORT,MONTHLY COUNCIL REPORT
,February 2013,
Civic Programs Presented & Community Events,Civic Programs Presented & Community Events,
•,February 19 – Chief Spare spoke to the Warsaw Ruritan members at Menokin Baptist,February 19 – Chief Spare spoke to the Warsaw Ruritan members at Menokin Baptist
,Church,
•,February 21 – Chief Spare and Chandra Johnson attended the opening of Choices Youth,February 21 – Chief Spare and Chandra Johnson attended the opening of Choices Youth
,& Family Services Inc on Main St.,
•,February 25 – Chief Spare spoke to Caregivers at Home Instead Senior Care in,February 25 – Chief Spare spoke to Caregivers at Home Instead Senior Care in
,Tappahannock about the Warsaw-Richmond County Triad.,
•,February 27 – Chief Spare spoke to the residence of College Green Apartments about the,February 27 – Chief Spare spoke to the residence of College Green Apartments about the
,File of Life and the Warsaw–Richmond County Triad,
Calls for Service,Calls for Service,39
Directed Patrols,Directed Patrols,362
Property & Business Checks Conducted,Property & Business Checks Conducted,595
Follow Ups,Follow Ups,3
Arrest,Arrest,3
Drunk in Public,Drunk in Public,1
DUI,,1
Possession of Marijuana,Possession of Marijuana,1
Uniform Traffic Summons,Uniform Traffic Summons,33
Defective Equipment,Defective Equipment,2
Drive while Suspended,Drive while Suspended,1
Following too Close,Following too Close,2
Highway Sign-Fail Obey,Highway Sign-Fail Obey,3
No Child Restraint Devices,No Child Restraint Devices,4
No Safety Belt,No Safety Belt,1
No Valid Driver’s License,No Valid Driver’s License,1
Speeding,Speeding,19
Submitted by:,Submitted by:,
_____________________________________________,_____________________________________________,
Chandra O. Johnson – W. P. D. Administrative Assistant,Chandra O. Johnson – W. P. D. Administrative Assistant,
,"""When The Community And Police Work Together We Can Make A Difference!"" - C. Spare","""When The Community And Police Work Together We Can Make A Difference!"" - C. Spare"
,3/05/2013,
