Bureau of Justice Statistics,,,,,,,,,,,
filename: dcst06let2.csv,,,,,,,,,,,
"State and local law enforcement table 2. Percent of arrest-related deaths, by cause of death, 2003-2006",,,,,,,,,,,
title: Deaths in Custody Reporting Program web tables,,,,,,,,,,,
data source: Deaths in Custody Reporting Program,,,,,,,,,,,
authors: Christopher J. Mumola and Margaret E. Noonan,,,,,,,,,,,
refer questions to: askbjs@usdoj.gov  (202) 307-0765,,,,,,,,,,,
date of version: 06-16-2009,,,,,,,,,,,

"State and local law enforcement table 2. Percent of arrest-related deaths, by cause of death, 2003-2006",,,,,,,,,,,
,,Percent of arrest-related deaths,,,,,,,,,
Cause of death,,2003-2006,,2003,,2004,,2005,,2006,
,All causes,100,%,100,%,100,%,100,%,100,%
Homicide �,,,,,,,,,,,
,by law enforcement,57.3,%,58.4,%,54.8,%,54.2,%,61.8,
,by other persons,0.5,,0.5,,0.6,,0.6,,0.3,
Drug/alcohol intoxication,,11.8,,13.2,,11.8,,12.5,,9.9
Suicide,,10.8,,9.4,,12.5,,11.6,,9.4
Accidental injury,,6.8,,8.3,,6.1,,6.9,,5.9
Illness/natural causes,,5.2,,4.3,,6.9,,4.7,,4.8
Other/unknown,,7.7,,5.9,,7.3,,9.4,,7.9
Note: See Methodology for information on missing data by state for each year.,,,,,,,,,,
