"Bureau of Justice Statistics",,,,,,,,,,,
"filename:  cv9665.csv",,,,,,,,,,,
"Table 65: Percent distribution of incidents,",,,,,,,,,,,
"by distance from home and type of crime",,,,,,,,,,,
"data source: National Criminal Victimization Survey, 1996   NCJ 174445",,,,,,,,,,,
"produced by:  Cathy Maston ",,,,,,,,,,,
"authors:  Patsy Klaus and Cathy Maston",,,,,,,,,,,
"refer questions to:  askbjs@ojp.usdoj.gov     202-307-0765",,,,,,,,,,,
"date of version: 06/30/00",,,,,,,,,,,
,,,,,,,,,,,
,,,,,,,,,,,
"Table 65. Selected personal and property crimes, 1996:",,,,,,,,,,,
,,,,,,,,,,,
"Percent distribution of incidents,",,,,,,,,,,,
"by distance from home and type of crime",,,,,,,,,,,
"       ",,,,,,,,,,,
"                                                                                                          ",,,,,,"            Percent of incidents",,,,,
,,,,,,"Inside",,"Near",,"One mile",
,,"    Number of",,,,"home or",,"respondent's",,"from home",
"Type of crime",,"    incidents",,"  Total",,"lodging",,"home",,"or less",
,,,,,,,,,,,
,,,,,,,,,,,
"Crimes of violence",,8316180,,100,"%",14.2,"%",14.5,"%",21.3,"%"
,,,,,,,,,,,
"   Rape/Sexual assault/a",,291820,,100,,34.8,,7.1,"*",12.5,
"   Robbery",,1040480,,100,,12.1,,13.6,,29.4,
"   Assault",,6983880,,100,,13.7,,15.0,,20.5,
"      Aggravated",,1678720,,100,,12.3,,17.3,,22.8,
"      Simple",,5305160,,100,,14.1,,14.3,,19.8,
,,,,,,,,,,,
"Purse snatching/Pocket picking",,317140,,100,,2.3,"*",1.9,"*",29.5,
,,,,,,,,,,,
"Property crimes",,,,,,,,,,,
,,,,,,,,,,,
"   Motor vehicle theft",,1387440,,100,,0.7,"*",59.6,,4.4,
"   Theft",,21120480,,100,,9.9,,41.1,,9.0,
,,,,,,,,,,,
,,,,,,,,,,,
,,,,,,,,,,,
,,,,,,,,,,,
,,,,"   Percent of incidents",,,,,,,
,,"       Five miles",,"Fifty miles",,"More than",,"Don't know",,,
,,"       from home",,"from home",,"50 miles",,"or not",,,
"Type of crime",,"       or less",,"or less",,"from home",,"available",,,
,,,,,,,,,,,
,,,,,,,,,,,
"Crimes of violence",,23.4,"%",22.3,"%",3.7,"%",0.5,"%",,
,,,,,,,,,,,
"   Rape/Sexual assault/a",,16.9,,23.3,,5.5,"*",0.0,"*",,
"   Robbery",,23.4,,16.5,,4.3,,0.7,"*",,
"   Assault",,23.7,,23.2,,3.5,,0.5,,,
"      Aggravated",,19.9,,23.1,,4.5,,0.2,"*",,
"      Simple",,24.8,,23.2,,3.2,,0.6,,,
,,,,,,,,,,,
"Purse snatching/Pocket picking",,24.4,,29.0,,11.3,,1.6,"*",,
,,,,,,,,,,,
"Property crimes",,,,,,,,,,,
,,,,,,,,,,,
"   Motor vehicle theft",,13.7,,17.3,,3.8,,0.5,"*",,
"   Theft",,17.3,,16.6,,4.2,,1.9,,,
,,,,,,,,,,,
,,,,,,,,,,,
"Note: Detail may not add to total shown because of rounding.",,,,,,,,,,,
"* Estimate is based on about 10 or fewer sample cases.",,,,,,,,,,,
"a/Includes verbal threats of rape and threats of sexual assault.",,,,,,,,,,,
