"Bureau of Justice Statistics",,,,,,,,,,,,,,,,,,
"filename:  cv96104.csv",,,,,,,,,,,,,,,,,,
"Table 104: Percent of reasons for not reporting victimizations to the police,",,,,,,,,,,,,,,,,,,
"by victim-offender relationship and type of crime",,,,,,,,,,,,,,,,,,
"data source: National Criminal Victimization Survey, 1996   NCJ 174445",,,,,,,,,,,,,,,,,,
"produced by:  Cathy Maston ",,,,,,,,,,,,,,,,,,
"authors:  Patsy Klaus and Cathy Maston",,,,,,,,,,,,,,,,,,
"refer questions to:  askbjs@ojp.usdoj.gov     202-307-0765",,,,,,,,,,,,,,,,,,
"date of version: 06/30/00",,,,,,,,,,,,,,,,,,
,,,,,,,,,,,,,,,,,,
,,,,,,,,,,,,,,,,,,
"Table 104. Personal crimes of violence, 1996:",,,,,,,,,,,,,,,,,,
,,,,,,,,,,,,,,,,,,
"Percent of reasons for not reporting victimizations to the police,",,,,,,,,,,,,,,,,,,
"by victim-offender relationship and type of crime",,,,,,,,,,,,,,,,,,
,,,,,,,,,,,,,,,,,,
,,,,,,,,,,,,"Percent of reasons for not reporting",,,,,,
,,,,,,,,,,,"Object",,,,,,"Not aware",
,,,"Number of",,,,"Reported",,"Private or",,"recovered;",,"Not",," Insurance",,"crime",
"Relationship and",,,"reasons for",,,,"to another",,"personal",,"offender",,"important",," would not",,"occurred",
"type of crime",,,"not reporting",," Total",,"official",,"matter",,"unsuccessful",,"enough",," cover",,"until later",
,,,,,,,,,,,,,,,,,,
"Involving strangers",,,,,,,,,,,,,,,,,,
,"Crimes of violence",,2231970,,100,"%",13.4,"%",16.3,"%",22.3,"%",6.4,"%",0.1,"%*",0.4,"%*"
,"   Rape/Sexual assault/a",,49650,,100,"%",13.2,"*",9.7,"*",15.0,"*",10.3,"*",0.0,"*",0.0,"*"
,"   Robbery",,313150,,100,"%",8.9,,8.1,,19.0,,4.2,"*",0.0,"*",0.0,"*"
,"   Assault",,1869170,,100,"%",14.1,,17.8,,23.0,,6.7,,0.1,"*",0.5,"*"
,,,,,,,,,,,,,,," ",,,
"Involving nonstrangers",,,,,,,,,,,,,,," ",,,
,"Crimes of violence",,3626450,,100,"%",15.1,,21.6,,15.3,,5.6,,0.0,"*",0.3,"*"
,"   Rape/Sexual assault/a",,223690,,100,"%",11.7,,16.4,,7.4,"*",3.5,"*",0.0,"*",1.2,"*"
,"   Robbery",,325750,,100,"%",9.4,,9.7,,15.7,,2.7,"*",0.0,"*",0.7,"*"
,"   Assault",,3077010,,100,"%",15.9,,23.3,,15.9,,6.0,,0.0,"*",0.2,"*"
,,,,,,,,,,,,,,,,,,
,,,,,,,,,,,,,,,,,,
,,,,,,,,,,,,,,,,,,
,,,,,,,,,,,,,,,,,,
,,,,,,,,,,,"Percent of reasons for not reporting",,,,,,,
,,,"   Unable to",,,,"Police",,"Police",,,,"Too",,,,,
,,,"   recover",,,,"would not",,"inefficient,",,,,"inconvenient",,,,,
"Relationship and",,,"   property;",,"  Lack of",,"want to be",,"ineffective,",,"   Fear of",,"or time",,"  Other",,,
"type of crime",,,"   no ID no.",,"  proof",,"bothered",,"or biased",,"   reprisal",,"consuming",,"  reasons",,,
,,,,,,,,,,,,,,,,,,
"Involving strangers",,,,,,,,,,,,,,,,,,
,"Crimes of violence",,0.8,"%*",5.8,"%",6.0,"%",2.9,"%",2.3,"%",4.4,"%",19.0,"%",,
,"   Rape/Sexual assault/a",,0.0,"*",0.0,"*",4.3,"*",4.3,"*",4.7,"*",4.9,"*",33.6,"*",,
,"   Robbery",,5.8,"*",11.4,,6.5,"*",4.6,"*",2.4,"*",5.3,"*",23.8,,,
,"   Assault",,0.0,"*",5.0,,5.9,,2.6,,2.2,,4.2,,17.9,,,
,,,,,,,,,,,,,,,,,,
"Involving nonstrangers",,,,,,,,,,,,,,,,,,
,"Crimes of violence",,0.6,"*",2.3,,4.8,,3.1,,5.2,,2.1,,23.9,,,
,"   Rape/Sexual assault/a",,0.0,"*",1.3,"*",4.3,"*",2.4,"*",14.0,,1.0,"*",36.8,,,
,"   Robbery",,6.1,"*",8.4,,8.3,,7.9,,6.0,"*",2.0,"*",23.1,,,
,"   Assault",,0.1,"*",1.7,,4.5,,2.7,,4.5,,2.2,,23.1,,,
,,,,,,,,,,,,,,,,,,
"Note: Detail may not add to total shown because of rounding.",,,,,,,,,,,,,,,,,,
"Some respondents may have cited more than one reason for not reporting victimizations to the police.",,,,,,,,,,,,,,,,,,
"* Estimate is based on about 10 or fewer sample cases.",,,,,,,,,,,,,,,,,,
"a/Includes verbal threats of rape and threats of sexual assault.",,,,,,,,,,,,,,,,,,
