"Bureau of Justice Statistics",,,,,,,,,,,,
"filename:  cv9617.csv",,,,,,,,,,,,
"Table 17: Number of victimizations and victimization rates by type of crime",,,,,,,,,,,,
"and ethnicity of head of household",,,,,,,,,,,,
"data source: National Criminal Victimization Survey, 1996   NCJ 174445",,,,,,,,,,,,
"produced by:  Cathy Maston ",,,,,,,,,,,,
"authors:  Patsy Klaus and Cathy Maston",,,,,,,,,,,,
"refer questions to:  askbjs@ojp.usdoj.gov     202-307-0765",,,,,,,,,,,,
"date of version: 06/30/00",,,,,,,,,,,,
,,,,,,,,,,,,
,,,,,,,,,,,,
"Table 17. Property crimes, 1996:",,,,,,,,,,,,
,,,,,,,,,,,,
"Number of victimizations and victimization rates by type of crime",,,,,,,,,,,,
"and ethnicity of head of household",,,,,,,,,,,,
"       ",,,,,,,,,,,,
"                                                                                           ",,,,,,,,,"                                Rate per 1,000 households",,,
,,,"         Total/a",,,,"Hispanic",,,,"Non-Hispanic",
"Type of crime",,"Number",,"Rate",,"Number",,"Rate",,"Number",,"Rate"
,,,,,,,,,,,,
,,,,,,,,,,,,
"Property crimes",,27352600,,266.3,,2634510,,328.1,,24566430,,261.2
"                                                                                           ",,,,,,,,,,,,
"   Household burglary",,4844690,,47.2,,450840,,56.2,,4363110,,46.4
"      Completed",,4055830,,39.5,,365510,,45.5,,3661730,,38.9
"         Forcible entry",,1511180,,14.7,,136870,,17.0,,1361600,,14.5
"         Unlawful entry without force",,2544650,,24.8,,228640,,28.5,,2300130,,24.5
"      Attempted forcible entry",,788860,,7.7,,85330,,10.6,,701380,,7.5
"   Motor vehicle theft",,1387440,,13.5,,197700,,24.6,,1179610,,12.5
"      Completed",,938300,,9.1,,118330,,14.7,,815980,,8.7
"      Attempted",,449130,,4.4,,79370,,9.9,,363640,,3.9
"   Theft",,21120480,,205.7,,1985960,,247.3,,19023700,,202.3
"      Completed",,20302810,,197.7,,1907770,,237.6,,18286180,,194.4
"         Less than $50",,7579770,,73.8,,599430,,74.7,,6919120,,73.6
"         $50 - $249",,7373550,,71.8,,757360,,94.3,,6595440,,70.1
"         $250 or more",,4216070,,41.1,,440340,,54.8,,3765640,,40.0
"         Amount not available",,1133430,,11.0,,110640,,13.8,,1005990,,10.7
"      Attempted",,817660,,8.0,,78200,,9.7,,737520,,7.8
,,,,,,,,,,,,
"Total number of households",,102697490,,"...",,8029100,,"...",,94046690,,"..."
,,,,,,,,,,,,
,,,,,,,,,,,,
"Note: Detail may not add to total shown because of rounding.",,,,,,,,,,,,
"... Not applicable.",,,,,,,,,,,,
"a/Includes data on persons whose ethnicity was not ascertained, which is not shown separately.",,,,,,,,,,,,
