"Bureau of Justice Statistics",,,,,,,,,,,,,,,,,
"filename:  cv9645.csv",,,,,,,,,,,,,,,,,
"Table 45: Percent distribution of multiple-offender victimizations,",,,,,,,,,,,,,,,,,
"by type of crime and perceived age of offenders",,,,,,,,,,,,,,,,,
"data source: National Criminal Victimization Survey, 1996   NCJ 174445",,,,,,,,,,,,,,,,,
"produced by:  Cathy Maston ",,,,,,,,,,,,,,,,,
"authors:  Patsy Klaus and Cathy Maston",,,,,,,,,,,,,,,,,
"refer questions to:  askbjs@ojp.usdoj.gov     202-307-0765",,,,,,,,,,,,,,,,,
"date of version: 06/30/00",,,,,,,,,,,,,,,,,
,,,,,,,,,,,,,,,,,
,,,,,,,,,,,,,,,,,
"Table 45. Personal crimes of violence, 1996:",,,,,,,,,,,,,,,,,
,,,,,,,,,,,,,,,,,
"Percent distribution of multiple-offender victimizations,",,,,,,,,,,,,,,,,,
"by type of crime and perceived age of offenders",,,,,,,,,,,,,,,,,
,,,,,,,,,,,,,,,,,
,,,,,,,,"Percent of all multiple-offender victimizations",,,,,,,,,
,,"Number of",,,,,,,,"Perceived age of offenders",,,,,,,
"       ",,"multiple-",,,,,,,,,,,,,,"Not known",
"                                                                                                                                         ",,"offender",,,,"All",,"All",,"All",,"All 30",," Mixed",,"and not",
"Type of crime",,"victimizations",,"Total",,"under 12",,"12-20",,"21-29",,"and over",," ages",,"available",
,,,,,,,,,,,,,,,,,
,,,,,,,,,,,,,,,,,
"Crimes of violence",,2010170,,100,"%",0.3,"%*",46.9,"%",13.9,"%",5.7,"%",25.9,"%",7.2,"%"
,,,,,,,,,,,,,,,,,
"   Completed violence",,734130,,100,,0.0,"*",44.4,,13.3,,4.7,,29.8,,7.9,
"   Attempted/threatened violence",,1276040,,100,,0.4,"*",48.4,,14.2,,6.4,,23.7,,6.9,
"   Rape/Sexual assault/a",,26630,,100,,0.0,"*",26.5,"*",18.4,"*",8.1,"*",47.1,"*",0.0,"*"
"   Robbery",,450210,,100,,0.0,"*",46.1,,12.6,,6.6,,25.6,,9.1,
"      Completed/property taken",,323620,,100,,0.0,"*",43.6,,13.1,,6.3,"*",28.3,,8.8,
"         With injury",,123790,,100,,0.0,"*",48.8,,3.7,"*",4.1,"*",34.6,,8.8,"*"
"         Without injury",,199820,,100,,0.0,"*",40.3,,18.9,,7.7,"*",24.3,,8.8,"*"
"      Attempted to take property",,126580,,100,,0.0,"*",52.5,,11.3,"*",7.4,"*",18.9,"*",9.8,"*"
"         With injury",,32050,,100,,0.0,"*",84.5,,0.0,"*",0.0,"*",15.5,"*",0.0,"*"
"         Without injury",,94520,,100,,0.0,"*",41.7,,15.2,"*",9.9,"*",20.1,"*",13.1,"*"
"   Assault",,1533330,,100,,0.3,"*",47.5,,14.2,,5.4,,25.7,,6.8,
"      Aggravated",,529500,,100,,0.6,"*",39.1,,14.0,,7.4,,29.3,,9.7,
"      Simple",,1003820,,100,,0.2,"*",52.0,,14.3,,4.4,,23.8,,5.3,
,,,,,,,,,,,,,,,,,
,,,,,,,,,,,,,,,,,
"Note: Detail may not add to total shown because of rounding.",,,,,,,,,,,,,,,,,
"* Estimate is based on about 10 or fewer sample cases.",,,,,,,,,,,,,,,,,
"a/Includes verbal threats of rape and threats of sexual assault.",,,,,,,,,,,,,,,,,
