"Bureau of Justice Statistics",,,,,,,,,,,,,,,,,,
"filename:  cv9660.csv",,,,,,,,,,,,,,,,,,
"Table 60: Percent distribution of incidents, by type of crime,",,,,,,,,,,,,,,,,,,
"type of offender and time of occurrence",,,,,,,,,,,,,,,,,,
"data source: National Criminal Victimization Survey, 1996   NCJ 174445",,,,,,,,,,,,,,,,,,
"produced by:  Cathy Maston ",,,,,,,,,,,,,,,,,,
"authors:  Patsy Klaus and Cathy Maston",,,,,,,,,,,,,,,,,,
"refer questions to:  askbjs@ojp.usdoj.gov     202-307-0765",,,,,,,,,,,,,,,,,,
"date of version: 06/30/00",,,,,,,,,,,,,,,,,,
,,,,,,,,,,,,,,,,,,
,,,,,,,,,,,,,,,,,,
"Table 60. Personal robbery and assault",,,,,,,,,,,,,,,,,,
"by armed or unarmed offenders, 1996:",,,,,,,,,,,,,,,,,,
,,,,,,,,,,,,,,,,,,
"Percent distribution of incidents, by type of crime,",,,,,,,,,,,,,,,,,,
"type of offender and time of occurrence",,,,,,,,,,,,,,,,,,
,,,,,,,,,,,,,,,,,,
,,,,,,,,,,"Percent of incidents",,,,,,,,
,,,,,,,"Daytime",,,,,"Nighttime",,,,,"Not known",
"Type of crime",,,"  Number of",,,,"6 a.m. -",,,,"6 p.m.-",,"Midnight -",,"  Not",,"and not",
"and offender",,,"  incidents",,"Total",,"6 p.m.",,"  Total",,"midnight",,"6 a.m.",,"  known",,"available",
,,,,,,,,,,,,,,,,,,
,,,,,,,,,,,,,,,,,,
"Robbery",,,,,,,,,,,,,,,,,,
,"By armed offenders",,509090,,100,"%",37.5,"%",61.6,"%",41.9,"%",17.9,"%",1.7,"%*",0.9,"%*"
,"By unarmed offenders",,412470,,100,"%",53.7,,44.8,,31.6,,11.7,,1.5,"*",1.5,"*"
,,,,,,,,,,,,,,,,,,
"Assault",,,,,,,,,,,,,,,,,,
,"By armed offenders",,1601790,,100,"%",48.8,,50.2,,35.6,,13.9,,0.8,"*",1.0,"*"
,"By unarmed offenders",,4753460,,100,"%",59.4,,39.1,,30.1,,8.7,,0.3,"*",1.5,
,,,,,,,,,,,,,,,,,,
,,,,,,,,,,,,,,,,,,
"Note: Detail may not add to total shown because of rounding.",,,,,,,,,,,,,,,,,,
"Excludes data in which the presence of a weapon was not ascertained.",,,,,,,,,,,,,,,,,,
"* Estimate is based on about 10 or fewer sample cases.",,,,,,,,,,,,,,,,,,
