"Bureau of Justice Statistics",,,,,,,,,,
"filename:  cv9619.csv",,,,,,,,,,
"Table 19: Victimization rates by type of crime and age of head of household",,,,,,,,,,
"data source: National Criminal Victimization Survey, 1996   NCJ 174445",,,,,,,,,,
"produced by:  Cathy Maston ",,,,,,,,,,
"authors:  Patsy Klaus and Cathy Maston",,,,,,,,,,
"refer questions to:  askbjs@ojp.usdoj.gov     202-307-0765",,,,,,,,,,
"date of version: 06/30/00",,,,,,,,,,
,,,,,,,,,,
,,,,,,,,,,
"Table 19. Property crimes, 1996:",,,,,,,,,,
,,,,,,,,,,
"Victimization rates by type of crime",,,,,,,,,,
"and age of head of household",,,,,,,,,,
"                                                                                                      ",,,,,,,,,,
,,,,,,,,"                            Rate per 1,000 households",,
"Type of crime",,"12-19",,"20-34",,"35-49",,"50-64",,"     65 and over"
,,,,,,,,,,
,,,,,,,,,,
"Property crimes",,717.3,,334.9,,328.8,,223.2,,105.6
,,,,,,,,,,
"  Household burglary",,163.7,,58.8,,51.8,,42.7,,25.1
"    Completed",,144.9,,47.6,,44.2,,36.5,,20.5
"      Forcible entry",,41.3,,19.1,,16.4,,14.3,,6.0
"      Unlawful entry without force",,103.5,,28.5,,27.8,,22.2,,14.5
"    Attempted forcible entry",,18.8,"*",11.2,,7.5,,6.2,,4.7
"  Motor vehicle theft",,15.3,"*",18.7,,16.2,,11.9,,4.4
"    Completed",,10.5,"*",12.6,,11.5,,7.5,,2.6
"    Attempted",,4.9,"*",6.1,,4.7,,4.4,,1.7
"  Theft",,538.2,,257.5,,260.8,,168.6,,76.1
"    Completed",,516.8,,246.6,,251.1,,162.7,,73.0
"       Less than $50",,170.6,,84.6,,98.0,,61.2,,29.9
"       $50 - $249",,227.8,,90.8,,93.2,,56.6,,22.4
"       $250 or more",,101.0,,58.5,,47.5,,34.3,,13.6
"       Amount not available",,17.3,"*",12.8,,12.3,,10.5,,7.1
"     Attempted",,21.5,"*",10.8,,9.7,,5.8,,3.1
,,,,,,,,,,
"Total number of households",,924390,,25680730,,34165040,,20653610,,21273720
,,,,,,,,,,
,,,,,,,,,,
"Note: Detail may not add to total shown because of rounding.",,,,,,,,,,
"* Estimate is based on about 10 or fewer sample cases.",,,,,,,,,,
