"Bureau of Justice Statistics",,,,,,,,,,,,,,,,,,,,,
"filename:  cv9686.csv",,,,,,,,,,,,,,,,,,,,,
"Table 86: Percent distribution of victimizations resulting in theft loss,",,,,,,,,,,,,,,,,,,,,,
"by race of victims, type of crime and proportion of loss recovered",,,,,,,,,,,,,,,,,,,,,
"data source: National Criminal Victimization Survey, 1996   NCJ 174445",,,,,,,,,,,,,,,,,,,,,
"produced by:  Cathy Maston ",,,,,,,,,,,,,,,,,,,,,
"authors:  Patsy Klaus and Cathy Maston",,,,,,,,,,,,,,,,,,,,,
"refer questions to:  askbjs@ojp.usdoj.gov     202-307-0765",,,,,,,,,,,,,,,,,,,,,
"date of version: 06/30/00",,,,,,,,,,,,,,,,,,,,,
,,,,,,,,,,,,,,,,,,,,,
,,,,,,,,,,,,,,,,,,,,,
"Table 86. Selected personal and property crimes, 1996:",,,,,,,,,,,,,,,,,,,,,
,,,,,,,,,,,,,,,,,,,,,
"Percent distribution of victimizations resulting in theft loss,",,,,,,,,,,,,,,,,,,,,,
"by race of victims, type of crime and proportion of loss recovered",,,,,,,,,,,,,,,,,,,,,
,,,,,,,,,,,,,,,,,,,,,
,,,,,,,,,,,,,"         Percent of victimizations resulting in theft loss",,,,,,,,
,,,,,,,,,,,,"Some recovered",,,,,,,,,
,,,"Number of",,,,"None",,,,"Less than",,"Half or",,"Proportion",,,"All",,"Not",
"Race and type of crime",,,"victimizations",," Total",,"recovered/a",,"Total",,"half",,"more",,"unknown/b",,,"recovered",,"available",
,,,,,,,,,,,,,,,,,,,,,
,,,,,,,,,,,,,,,,,,,,,
"All races/c",,,,,,,,,,,,,,,,,,,,,
,"All personal crimes/d",,1061310,,100,"%",79.9,"%",9.3,"%",3.6,"%",3.3,"%",2.4,"%",,9.6,"%",1.2,"%*"
,,,,,,,,,,,,,,,,,,,,,
,"   Robbery",,757340,,100,,78.5,,7.9,,1.5,"*",3.7,,2.7,"*",,11.9,,1.7,"*"
,"   Purse snatching/Pocket picking",,293500,,100,,82.8,,13.3,,9.2,,2.3,"*",1.7,"*",,3.9,"*",0.0,"*"
,,,,,,,,,,,,,,,,,,,,,
,"All property crimes",,24649860,,100,"%",87.7,"%",4.7,"%",1.4,"%",1.7,"%",1.6,"%",,7.1,"%",0.5,"%"
,,,,,,,,,,,,,,,,,,,,,
,"   Household burglary",,3408740,,100,,89.5,,5.1,,1.8,,1.9,,1.4,,,5.1,,0.3,"*"
"                           crimes                                                                                            ","   Motor vehicle theft",,938300,,100,,28.0,,25.4,,4.8,,9.5,,11.1,,,45.9,,0.7,"*"
,"   Theft",,20302810,,100,,90.2,,3.7,,1.2,,1.3,,1.2,,,5.6,,0.5,
,,,,,,,,,,,,,,,,,,,,,
"White",,,,,,,,,,,,,,,,,,,,,
,"All personal crimes/d",,739320,,100,"%",76.4,"%",10.0,"%",4.4,"%",3.4,"%",2.2,"%*",,12.3,"%",1.2,"%*"
,,,,,,,,,,,,,,,,,,,,,
,"   Robbery",,500030,,100,,74.4,,7.4,,1.5,"*",3.7,"*",2.2,"*",,16.3,,1.8,"*"
,"   Purse snatching/Pocket picking",,236570,,100,,80.2,,15.7,,10.6,,2.9,"*",2.2,"*",,4.1,"*",0.0,"*"
,,,,,,,,,,,,,,,,,,,,,
,"All property crimes",,20347300,,100,"%",88.0,"%",4.6,"%",1.4,"%",1.7,"%",1.5,"%",,7.0,"%",0.5,"%"
,,,,,,,,,,,,,,,,,,,,,
,"   Household burglary",,2675910,,100,,89.1,,4.9,,1.8,,2.1,,1.0,,,5.7,,0.3,"*"
,"   Motor vehicle theft",,683090,,100,,29.1,,24.4,,4.8,,9.2,,10.4,,,45.9,,0.6,"*"
,"   Theft",,16988300,,100,,90.2,,3.7,,1.2,,1.3,,1.2,,,5.6,,0.5,
,,,,,,,,,,,,,,,,,,,,,
"Black",,,,,,,,,,,,,,,,,,,,,
,"All personal crimes/d",,280210,,100,"%",87.3,"%",8.7,"%*",2.0,"%*",3.3,"%*",3.4,"%*",,2.5,"%*",1.4,"%*"
,,,,,,,,,,,,,,,,,,,,,
,"   Robbery",,231720,,100,,86.2,,9.7,"*",1.6,"*",4.0,"*",4.1,"*",,2.3,"*",1.7,"*"
,"   Purse snatching/Pocket picking",,46250,,100,,92.1,,4.2,"*",4.2,"*",0.0,"*",0.0,"*",,3.7,"*",0.0,"*"
,,,,,,,,,,,,,,,,,,,,,
,"All property crimes",,3508620,,100,"%",85.6,"%",5.8,"%",1.8,"%",1.7,"%",2.3,"%",,7.9,"%",0.7,"%*"
,,,,,,,,,,,,,,,,,,,,,
,"   Household burglary",,646030,,100,,91.7,,4.9,,1.7,"*",1.3,"*",1.9,"*",,3.0,"*",0.4,"*"
,"   Motor vehicle theft",,217380,,100,,25.1,,29.8,,4.4,"*",11.2,"*",14.2,,,44.0,,1.2,"*"
,"   Theft",,2645210,,100,,89.0,,4.1,,1.6,,1.1,,1.4,,,6.2,,0.7,"*"
,,,,,,,,,,,,,,,,,,,,,
"Note: Detail may not add to total shown because of rounding.",,,,,,,,,,,,,,,,,,,,,
"* Estimate is based on about 10 or fewer sample cases.",,,,,,,,,,,,,,,,,,,,,
"a/Includes items that were taken that had no value.",,,,,,,,,,,,,,,,,,,,,
"b/Includes items that were recovered that had no value.",,,,,,,,,,,,,,,,,,,,,
"c/Includes data on persons of ""Other"" races, not shown separately.",,,,,,,,,,,,,,,,,,,,,
"d/Includes data on rape and sexual assault, not shown separately,",,,,,,,,,,,,,,,,,,,,,
"but excludes data on assault, which by definition does not involve theft.",,,,,,,,,,,,,,,,,,,,,
