"Bureau of Justice Statistics",,,,,,,,,,,,,,,,,,,
"filename:  cv9674.csv",,,,,,,,,,,,,,,,,,,
"Table 74: Percent distribution of victimizations in which",,,,,,,,,,,,,,,,,,,
"self-protective measures taken by the victim were harmful",,,,,,,,,,,,,,,,,,,
"data source: National Criminal Victimization Survey, 1996   NCJ 174445",,,,,,,,,,,,,,,,,,,
"produced by:  Cathy Maston ",,,,,,,,,,,,,,,,,,,
"authors:  Patsy Klaus and Cathy Maston",,,,,,,,,,,,,,,,,,,
"refer questions to:  askbjs@ojp.usdoj.gov     202-307-0765",,,,,,,,,,,,,,,,,,,
"date of version: 06/30/00",,,,,,,,,,,,,,,,,,,
,,,,,,,,,,,,,,,,,,,
,,,,,,,,,,,,,,,,,,,
"Table 74. Personal crimes of violence, 1996:",,,,,,,,,,,,,,,,,,,
,,,,,,,,,,,,,,,,,,,
"Percent distribution of victimizations in which",,,,,,,,,,,,,,,,,,,
"self-protective measures taken by the victim were harmful",,,,,,,,,,,,,,,,,,,
,,,,,,,,,,,,,,,,,,,
,,,,,,,,,,,,"Percent of victimizations",,,,,,,
,,,,,,"Made",,"Led to ",,"  Caused",,,,,,"Made",,,
"       ",,,,,,"offender",,"injury or",,"  greater",,"  Caused",,"  Let",,"situation",,,
"                                                                                                                            ",,"Number of",,,,"angrier, more",,"greater",,"  property",,"  others to",,"  offender",,"worse in",,"  Not",
"Type of crime",,"victimizations",," Total",,"aggressive",,"injury",,"  damage",,"  get hurt",,"  get away",,"other ways",,"  available",
,,,,,,,,,,,,,,,,,,,
,,,,,,,,,,,,,,,,,,,
"Crimes of violence/a",,1138190,,100,"%",65.3,"%",11.3,"%",2.9,"%",1.4,"%*",0.2,"%*",18.6,"%",0.5,"%*"
,,,,,,,,,,,,,,,,,,,
"   Robbery",,107500,,100,"%",71.9,,6.4,"*",0.0,"*",0.0,"*",0.0,"*",21.7,"*",0.0,"*"
"   Assault",,995780,,100,"%",64.1,,11.4,,3.3,,1.6,"*",0.2,"*",18.9,,0.5,"*"
"      Aggravated",,275190,,100,"%",56.3,,14.0,,8.4,"*",2.3,"*",0.8,"*",18.2,,0.0,"*"
"      Simple",,720590,,100,"%",67.1,,10.3,,1.3,"*",1.3,"*",0.0,"*",19.1,,0.7,"*"
,,,,,,,,,,,,,,,,,,,
,,,,,,,,,,,,,,,,,,,
"Note: Detail may not add to total shown because of rounding.",,,,,,,,,,,,,,,,,,,
"Excludes victimizations in which no self-protective actions were taken.",,,,,,,,,,,,,,,,,,,
"* Estimate is based on about 10 or fewer sample cases.",,,,,,,,,,,,,,,,,,,
"a/Includes data on rape and sexual assault, not shown separately.",,,,,,,,,,,,,,,,,,,
