"Bureau of Justice Statistics",,,,,,,,,,,,,,,,,
"filename:  cv9634.csv",,,,,,,,,,,,,,,,,
"Table 34: Percent distribution of victimizations,",,,,,,,,,,,,,,,,,
"by type of crime and relationship to offender",,,,,,,,,,,,,,,,,
"data source: National Criminal Victimization Survey, 1996   NCJ 174445",,,,,,,,,,,,,,,,,
"produced by:  Cathy Maston ",,,,,,,,,,,,,,,,,
"authors:  Patsy Klaus and Cathy Maston",,,,,,,,,,,,,,,,,
"refer questions to:  askbjs@ojp.usdoj.gov     202-307-0765",,,,,,,,,,,,,,,,,
"date of version: 06/30/00",,,,,,,,,,,,,,,,,
,,,,,,,,,,,,,,,,,
,,,,,,,,,,,,,,,,,
"Table 34. Family violence, 1996:",,,,,,,,,,,,,,,,,
,,,,,,,,,,,,,,,,,
"Percent distribution of victimizations,",,,,,,,,,,,,,,,,,
"by type of crime and relationship to offender",,,,,,,,,,,,,,,,,
,,,,,,,,,,,,,,,,,
,,,,,,,,,"Percent of victimizations",,,,,,,,
,,"Total",,,,,,,,,"Related",,,,,,
,,"number of",,"Total",,,,,,"Ex-",,,,"  Own",,"Other",
"Type of crime",,"victimizations",,"crimes",,"Total",," Spouse",,"spouse",,"Parent",,"  child",,"relatives",
,,,,,,,,,,,,,,,,,
,,,,,,,,,,,,,,,,,
"Crimes of violence",,9124960,,100,"% ",9.2,"% ",3.1,"% ",1.1,"% ",1.0,"% ",0.8,"% ",3.3,"% "
,,,,,,,,,,,,,,,,,
"   Completed violence",,2700040,,100,,13.4,,4.7,,1.3,,1.7,,1.3,,4.4,
"   Attempted/threatened violence",,6424920,,100,,7.4,,2.4,,1.0,,0.7,,0.5,,2.8,
"   Rape/Sexual assault/b",,307100,,100,,16.7,,5.2,"*",2.3,"*",3.9,"*",0.0,"*",5.3,"*"
"   Robbery",,1134330,,100,,6.8,,1.6,"*",0.6,"*",0.4,"*",1.1,"*",3.1,
"      Completed/property taken",,757340,,100,,6.7,,1.7,"*",0.3,"*",0.6,"*",0.8,"*",3.2,"*"
"      Attempted to take property",,376980,,100,,7.0,,1.3,"*",1.0,"*",0.0,"*",1.7,"*",2.8,"*"
"   Assault",,7683540,,100,,9.2,,3.2,,1.1,,0.9,,0.7,,3.2,
"      Aggravated",,1910370,,100,,9.2,,3.0,,0.5,"*",0.8,"*",0.6,"*",4.3,
"      Simple",,5773170,,100,,9.3,,3.3,,1.3,,1.0,,0.8,,2.9,
,,,,,,,,,,,,,,,,,
,,,,,,,,,,,,,,,,,
,,,,,"Percent of victimizations",,,,,,,,,,,,
,,,,"Casual",,"Don't know",,,,"Don't know",,,,,,,
,,"   Well-",,"acquaint-",,"relation-",,,,"number of",,,,,,,
"Type of crime",,"   known/a",,"ances",,"ship",,"Strangers",,"offenders",,,,,,,
,,,,,,,,,,,,,,,,,
,,,,,,,,,,,,,,,,,
"Crimes of violence",,23.4,"% ",15.5,"% ",2.4,"% ",47.5,"% ",2.0,"% ",,,,,,
,,,,,,,,,,,,,,,,,
"   Completed violence",,25.2,,12.7,,2.6,,44.1,,2.0,,,,,,,
"   Attempted/threatened violence",,22.7,,16.6,,2.4,,48.9,,2.0,,,,,,,
"   Rape/Sexual assault/b",,26.4,,24.4,,1.8,"*",29.1,,1.6,"*",,,,,,
"   Robbery",,10.9,,5.6,,3.1,,71.1,,2.5,,,,,,,
"      Completed/property taken",,10.2,,5.0,,3.4,,71.4,,3.3,,,,,,,
"      Attempted to take property",,12.2,,6.9,,2.5,"*",70.6,,0.8,"*",,,,,,
"   Assault",,25.1,,16.6,,2.4,,44.7,,2.0,,,,,,,
"      Aggravated",,23.5,,12.5,,3.7,,48.5,,2.6,,,,,,,
"      Simple",,25.7,,17.9,,1.9,,43.5,,1.8,,,,,,,
,,,,,,,,,,,,,,,,,
,,,,,,,,,,,,,,,,,
"Note: Detail may not add to total shown because of rounding.",,,,,,,,,,,,,,,,,
"* Estimate is based on about 10 or fewer sample cases.",,,,,,,,,,,,,,,,,
"a/Includes data on offenders well known to the victim whose relationship",,,,,,,,,,,,,,,,,
"to the victim could not be ascertained.",,,,,,,,,,,,,,,,,
"b/Includes verbal threats of rape and threats of sexual assault.",,,,,,,,,,,,,,,,,
