"Bureau of Justice Statistics",,,,,,,,,,,,,,,,,
"filename:  cv96109.csv",,,,,,,,,,,,,,,,,
"Table 109: Percent distribution of the kind of agency providing assistance",,,,,,,,,,,,,,,,,
"by type of crime",,,,,,,,,,,,,,,,,
"data source: National Criminal Victimization Survey, 1996   NCJ 174445",,,,,,,,,,,,,,,,,
"produced by:  Cathy Maston ",,,,,,,,,,,,,,,,,
"authors:  Patsy Klaus and Cathy Maston",,,,,,,,,,,,,,,,,
"refer questions to:  askbjs@ojp.usdoj.gov     202-307-0765",,,,,,,,,,,,,,,,,
"date of version: 06/30/00",,,,,,,,,,,,,,,,,
,,,,,,,,,,,,,,,,,
,,,,,,,,,,,,,,,,,
"Table 109. Personal and property crimes, 1996:",,,,,,,,,,,,,,,,,
,,,,,,,,,,,,,,,,,
"Percent distribution of the kind of agency providing assistance",,,,,,,,,,,,,,,,,
"by type of crime",,,,,,,,,,,,,,,,,
,,,,,,,,,,,,,,,,,
,,,,,,,,,,,"Percent of agency type providing assistance",,,,,,
,,,,,,,,,,"Don't know",,"Received",,"Don't know",,,
" ",,"Number of",,,,,,,,"type of",,"no",,"if assistance",,"        Not",
"Type of crime",,"victimization's",,"Total",,"Government",,"Private",,"agency",,"assistance",,"was provided",,"        applicable",
,,,,,,,,,,,,,,,,,
,,,,,,,,,,,,,,,,,
"Personal crimes",,9443260,,100,"%",3.7,"%",2.8,"%",0.7,"%",92.4,"%",0.3,"%",0.1,"%"
,,,,,,,,,,,,,,,,,
"Crimes of violence",,9124960,,100,,3.8,,2.9,,0.7,,92.2,,0.4,,0.1,"*"
"   Completed violence",,2700040,,100,,6.0,,4.1,,0.9,"*",88.5,,0.5,"*",0.1,"*"
"   Attempted/threatened violence",,6424920,,100,,2.8,,2.4,,0.6,,93.7,,0.3,"*",0.1,"*"
"   Rape/Sexual assault/a",,307100,,100,,7.9,"*",7.6,"*",3.5,"*",79.1,,1.0,"*",0.8,"*"
"   Robbery",,1134330,,100,,3.9,,3.7,,0.2,"*",91.5,,0.7,"*",0.0,"*"
"   Assault",,7683540,,100,,3.6,,2.6,,0.7,,92.8,,0.3,"*",0.1,"*"
"      Aggravated",,1910370,,100,,3.9,,2.3,,0.8,"*",92.2,,0.9,"*",0.0,"*"
"      Simple",,5773170,,100,,3.5,,2.7,,0.6,,93.0,,0.1,"*",0.1,"*"
"Purse snatching/",,318300,,100,,0.8,"*",0.8,"*",0.0,"*",97.7,,0.0,"*",0.7,"*"
"  Pocket picking",,,,,,,,,,,,,,,,,
,,,,,,,,,,,,,,,,,
"Property crimes",,27352600,,100,"%",0.6,"%",0.7,"%",0.1,"%*",98.2,"%",0.3,"%",0.1,"%"
,,,,,,,,,,,,,,,,,
"Household burglary",,4844690,,100,,0.8,,0.7,,0.1,"*",98.0,,0.3,"*",0.1,"*"
"Motor vehicle theft",,1387440,,100,,1.3,"*",0.6,"*",0.2,"*",96.8,,1.0,"*",0.1,"*"
"Theft",,21120480,,100,,0.6,,0.7,,0.1,"*",98.3,,0.2,,0.1,
,,,,,,,,,,,,,,,,,
"* Estimate is based on about 10 or fewer sample cases.",,,,,,,,,,,,,,,,,
"a/Includes verbal threats of rape and threats of sexual assault.",,,,,,,,,,,,,,,,,
