"Bureau of Justice Statistics",,,,,,,,,,,,
"filename:  cv9602.csv",,,,,,,,,,,,
"Table 2: Number of victimizations and victimization rates for persons age 12 and over,",,,,,,,,,,,,
"by type of crime and gender of victims",,,,,,,,,,,,
"data source: National Criminal Victimization Survey, 1996   NCJ 174445",,,,,,,,,,,,
"produced by:  Cathy Maston ",,,,,,,,,,,,
"authors:  Patsy Klaus and Cathy Maston",,,,,,,,,,,,
"refer questions to:  askbjs@ojp.usdoj.gov     202-307-0765",,,,,,,,,,,,
"date of version: 06/30/00",,,,,,,,,,,,
,,,,,,,,,,,,
,,,,,,,,,,,,
"Table 2. Personal crimes, 1996:",,,,,,,,,,,,
,,,,,,,,,,,,
"Number of victimizations and victimization rates for persons age 12 and over,",,,,,,,,,,,,
"by type of crime and gender of victims",,,,,,,,,,,,
"              ",,,,,,,,,,,,
,,"                                                                              Rate per 1,000 persons age 12 and over",,,,,,,,,,
,,"                        Both gender",,,,"                              Male",,,,,"                            Female",
"Type of crime         ",,"Number",,"Rate",,"Number",,"Rate",,"Number",,"Rate"
,,,,,,,,,,,,
,,,,,,,,,,,,
"All personal crimes",,9443260,,43.5,,5375940,,51.2,,4067320,,36.3
,,,,,,,,,,,,
"Crimes of violence",,9124960,,42.0,,5242720,,49.9,,3882250,,34.6
"   Completed violence",,2700040,,12.4,,1428380,,13.6,,1271670,,11.3
"   Attempted/threatened violence",,6424920,,29.6,,3814340,,36.3,,2610580,,23.3
"   Rape/Sexual assault",,307100,,1.4,,44030,,0.4,,263060,,2.3
"      Rape/Attempted rape",,196660,,0.9,,23890,"*",0.2,"*",172770,,1.5
"         Rape",,97580,,0.4,,13970,"*",0.1,"*",83620,,0.7
"         Attempted rape/a",,99080,,0.5,,9920,"*",0.1,"*",89160,,0.8
"      Sexual assault/b",,110430,,0.5,,20140,"*",0.2,"*",90290,,0.8
"   Robbery",,1134330,,5.2,,751590,,7.2,,382730,,3.4
"      Completed/property taken",,757340,,3.5,,477700,,4.5,,279640,,2.5
"         With injury",,249530,,1.1,,146540,,1.4,,102990,,0.9
"         Without injury",,507810,,2.3,,331160,,3.2,,176650,,1.6
"      Attempted to take property",,376980,,1.7,,273900,,2.6,,103090,,0.9
"         With injury",,79460,,0.4,,51950,,0.5,,27510,,0.2
"         Without injury",,297520,,1.4,,221940,,2.1,,75580,,0.7
"   Assault",,7683540,,35.4,,4447090,,42.3,,3236450,,28.9
"      Aggravated",,1910370,,8.8,,1215630,,11.6,,694730,,6.2
"         With injury",,512880,,2.4,,311550,,3.0,,201330,,1.8
"         Threatened with weapon",,1397480,,6.4,,904080,,8.6,,493400,,4.4
"      Simple",,5773170,,26.6,,3231460,,30.8,,2541720,,22.7
"         With minor injury",,1240330,,5.7,,611730,,5.8,,628600,,5.6
"         Without injury",,4532840,,20.9,,2619730,,24.9,,1913110,,17.1
"Purse snatching/Pocket picking",,318300,,1.5,,133230,,1.3,,185070,,1.6
,,,,,,,,,,,,
"Population age 12 and over",,217234280,,"...",,105054160,,"...",,112180110,,"..."
,,,,,,,,,,,,
"Note: Detail may not add to total shown because of rounding.",,,,,,,,,,,,
"* Estimate is based on about 10 or fewer sample cases.",,,,,,,,,,,,
"... Not applicable",,,,,,,,,,,,
"a/Includes verbal threats of rape.",,,,,,,,,,,,
"b/Includes threats.",,,,,,,,,,,,
