"Bureau of Justice Statistics",,,,,,,,
"filename:  cv9692.csv",,,,,,,,
"Table 92: Percent of victimizations reported to the police,",,,,,,,,
"by selected characteristics of victims and type of crime",,,,,,,,
"data source: National Criminal Victimization Survey, 1996   NCJ 174445",,,,,,,,
"produced by:  Cathy Maston ",,,,,,,,
"authors:  Patsy Klaus and Cathy Maston",,,,,,,,
"refer questions to:  askbjs@ojp.usdoj.gov     202-307-0765",,,,,,,,
"date of version: 06/30/00",,,,,,,,
,,,,,,,,
,,,,,,,,
"Table 92. Personal crimes, 1996:",,,,,,,,
,,,,,,,,
"Percent of victimizations reported to the police,",,,,,,,,
"by selected characteristics of victims and type of crime",,,,,,,,
,,,,,,,,
,,,,,,,,"Percent of all victimizations reported to the police"
,,,"All personal",,"  Crimes of",,"  Purse snatching/",
"Characteristic",,,"crimes",,"  violence/a",,"  Pocket picking",
,,,,,,,,
"Gender",,,,,,,,
"   Both gender",,,42.6,"%",42.8,"%",37.6,"%"
,"Male",,38.7,,39.0,,26.3,
,"Female",,47.8,,47.9,,45.7,
"                                                    ",,,,,,,,
"Race",,,,,,,,
"   White",,,41.3,,41.4,,36.8,
"   Black",,,50.0,,50.4,,37.3,"*"
,,,,,,,,
"Ethnicity",,,,,,,,
"   Hispanic",,,43.8,,44.1,,37.8,"*"
"   Non-Hispanic",,,42.4,,42.5,,38.6,
,,,,,,,,
"* Estimate is based on about 10 or fewer sample cases.",,,,,,,,
"a/Crimes of violence includes data on rape, sexual assault, robbery, and",,,,,,,,
"both aggravated and simple assault, not shown separately.",,,,,,,,
