"Bureau of Justice Statistics",,,,,,,,,,,,,,,
"filename:  cv9625.csv",,,,,,,,,,,,,,,
"Table 25: Victimization rates by type of crime and number of units",,,,,,,,,,,,,,,
"in structure occupied by household",,,,,,,,,,,,,,,
"data source: National Criminal Victimization Survey, 1996   NCJ 174445",,,,,,,,,,,,,,,
"produced by:  Cathy Maston ",,,,,,,,,,,,,,,
"authors:  Patsy Klaus and Cathy Maston",,,,,,,,,,,,,,,
"refer questions to:  askbjs@ojp.usdoj.gov     202-307-0765",,,,,,,,,,,,,,,
"date of version: 06/30/00",,,,,,,,,,,,,,,
,,,,,,,,,,,,,,,
,,,,,,,,,,,,,,,
"Table 25. Property crimes, 1996:",,,,,,,,,,,,,,,
,,,,,,,,,,,,,,,
"Victimization rates by type of crime and number of units",,,,,,,,,,,,,,,
"in structure occupied by household",,,,,,,,,,,,,,,
,,,,,,,,,,,,,,,
"                                                                                                      ",,,,,,,"Rate per 1,000 households",,,,,,,,
,,,,,,,,,,,,,,"     Other than",
"Type of crime",,"One/a",,"Two",,"Three",,"Four",,"     Five-nine",,"    Ten or more",,"     housing unit",
,,,,,,,,,,,,,,,
,,,,,,,,,,,,,,,
"Property crimes",,254.0,,329.7,,300.7,,293.0,,322.7,,265.0,,388.1,
"                                                                                           ",,,,,,,,,,,,,,,
"  Household burglary",,45.1,,69.0,,83.0,,44.6,,58.7,,38.5,,72.1,
"    Completed",,38.5,,54.3,,61.2,,33.6,,49.0,,30.8,,69.3,
"      Forcible entry",,14.7,,22.4,,18.6,,10.1,,21.4,,8.7,,18.2,"*"
"      Unlawful entry without force",,23.8,,31.9,,42.6,,23.6,,27.7,,22.1,,51.1,
"    Attempted forcible entry",,6.6,,14.7,,21.8,,11.0,,9.7,,7.7,,2.8,"*"
"  Motor vehicle theft",,11.4,,18.8,,17.3,,15.1,,25.9,,17.3,,2.9,"*"
"    Completed",,7.8,,13.6,,8.7,"*",9.3,,17.8,,11.7,,0.0,"*"
"    Attempted",,3.7,,5.2,,8.6,"*",5.7,"*",8.2,,5.6,,2.9,"*"
"  Theft",,197.4,,241.9,,200.4,,233.3,,238.0,,209.2,,313.1,
"    Completed",,190.4,,229.4,,192.5,,226.2,,223.6,,200.5,,309.7,
"       Less than $50",,73.8,,83.4,,51.1,,79.8,,81.6,,65.7,,103.1,
"       $50 - $249",,67.4,,87.1,,74.5,,74.9,,79.4,,81.3,,152.4,
"       $250 or more",,38.7,,44.4,,44.1,,57.9,,51.7,,43.2,,49.1,
"       Amount not available",,10.5,,14.5,,23.0,,13.5,,10.9,,10.3,,5.0,"*"
"     Attempted",,7.1,,12.5,,7.9,"*",7.2,"*",14.4,,8.7,,3.4,"*"
,,,,,,,,,,,,,,,
"Total number of households",,72992550,,5685490,,1630740,,3187680,,5792510,,11891890,,773500,
,,,,,,,,,,,,,,,
"Note: Detail may not add to total shown because of rounding.",,,,,,,,,,,,,,,
"Excludes data on households for which the number of units in the structure was not ascertained.",,,,,,,,,,,,,,,
"* Estimate is based on about 10 or fewer sample cases.",,,,,,,,,,,,,,,
"a/Includes data on mobile homes, not shown separately.",,,,,,,,,,,,,,,
