"Bureau of Justice Statistics",,,,,,,,,,,,,
"filename:  cv9694.csv",,,,,,,,,,,,,
"Table 94: Percent of victimizations reported to the police, by type of crime,",,,,,,,,,,,,,
"victim-offender relationship and race of victims",,,,,,,,,,,,,
"data source: National Criminal Victimization Survey, 1996   NCJ 174445",,,,,,,,,,,,,
"produced by:  Cathy Maston ",,,,,,,,,,,,,
"authors:  Patsy Klaus and Cathy Maston",,,,,,,,,,,,,
"refer questions to:  askbjs@ojp.usdoj.gov     202-307-0765",,,,,,,,,,,,,
"date of version: 06/30/00",,,,,,,,,,,,,
,,,,,,,,,,,,,
,,,,,,,,,,,,,
"Table 94. Violent crimes, 1996:",,,,,,,,,,,,,
,,,,,,,,,,,,,
"Percent of victimizations reported to the police, by type of crime,",,,,,,,,,,,,,
"victim-offender relationship and race of victims",,,,,,,,,,,,,
,,,,,,,,,,,,,
,,,,,,,,,,"Percent of all victimizations reported to the police",,,
,,,,"                              All victimizations",,,,"                  Involving strangers",,,,"Involving nonstrangers",
"Type of crime",,"White",,"Black",,"White",,"Black",,"White",,"Black",
,,,,,,,,,,,,,
,,,,,,,,,,,,,
"Crimes of violence",,41.4,"%",50.4,"%",43.9,"%",53.2,"%",38.8,"%",47.6,"%"
,,,,,,,,,,,,,
"   Completed violence",,52.9,,69.9,,59.7,,70.7,,47.0,,68.9,
"   Attempted/threatened violence",,37.1,,36.7,,38.7,,39.3,,35.3,,34.2,
"   Rape/Sexual assault/a",,31.3,,33.2,"*",44.7,,46.9,"*",25.8,,24.4,"*"
"   Robbery",,50.9,,65.9,,51.0,,63.5,,50.8,,78.2,
"      Completed/property taken",,57.9,,71.0,,63.1,,69.4,,43.0,,80.1,
"         With injury",,62.9,,81.7,,61.4,,79.4,,66.7,,100.0,"*"
"         Without injury",,55.4,,65.4,,63.9,,63.9,,28.4,"*",73.0,"*"
"      Attempted to take property",,38.1,,48.5,,27.7,,41.4,"*",63.1,,73.9,"*"
"         With injury",,53.1,,83.3,"*",18.9,"*",68.8,"*",81.1,"*",100.0,"*"
"         Without injury",,34.5,,36.1,"*",28.9,,35.3,"*",53.0,,41.2,"*"
"   Assault",,40.7,,46.7,,42.6,,47.5,,38.8,,46.2,
"      Aggravated",,53.8,,60.2,,54.2,,59.1,,53.3,,61.2,
"         With injury",,65.4,,81.5,,67.1,,93.8,,64.2,,75.4,
"         Threatened with weapon",,49.9,,48.8,,51.3,,48.2,,47.6,,49.6,
"      Simple",,36.7,,39.7,,38.6,,39.8,,35.0,,39.6,
"         With minor injury",,48.4,,67.0,,53.8,,65.1,,44.9,,68.0,
"         Without injury",,33.7,,29.7,,35.5,,32.6,,31.8,,27.7,
,,,,,,,,,,,,,
"Note: Excludes data on persons of ""Other"" races.",,,,,,,,,,,,,
"* Estimate is based on about 10 or fewer sample cases.",,,,,,,,,,,,,
"a/Includes verbal threats of rape and threats of sexual assault.",,,,,,,,,,,,,
