"Bureau of Justice Statistics",,,,,,,,,,,,,,,,,,,
"filename:  cv96108.csv",,,,,,,,,,,,,,,,,,,
"Table 108: Percent distribution of incidents, by police activity",,,,,,,,,,,,,,,,,,,
"during initial contact with victim and type of crime",,,,,,,,,,,,,,,,,,,
"data source: National Criminal Victimization Survey, 1996   NCJ 174445",,,,,,,,,,,,,,,,,,,
"produced by:  Cathy Maston ",,,,,,,,,,,,,,,,,,,
"authors:  Patsy Klaus and Cathy Maston",,,,,,,,,,,,,,,,,,,
"refer questions to:  askbjs@ojp.usdoj.gov     202-307-0765",,,,,,,,,,,,,,,,,,,
"date of version: 06/30/00",,,,,,,,,,,,,,,,,,,
,,,,,,,,,,,,,,,,,,,
,,,,,,,,,,,,,,,,,,,
"Table 108. Personal and property crimes, 1996:",,,,,,,,,,,,,,,,,,,
,,,,,,,,,,,,,,,,,,,
"Percent distribution of incidents, by police activity",,,,,,,,,,,,,,,,,,,
"during initial contact with victim and type of crime",,,,,,,,,,,,,,,,,,,
,,,,,,,,,,,,,,,,,,,
,,,,,,,,,,,,"Percent of incidents",,,,,,,
,,,,,,,,,,,,"Questioned",,,,,,,
"                                                                                               ",,,,,,"Took",,"Looked",,"Took",,"witnesses/",,"Promised",,"Promised to",,"Made",
"Type of crime",,,," Total",,"report",,"around",,"evidence",,"suspects",,"surveillance",,"investigate",,"arrest",
,,,,,,,,,,,,,,,,,,,
,,,,,,,,,,,,,,,,,,,
"Crimes of violence/a",,,,100,"%",39.0,"%",7.3,"%",2.4,"%",18.9,"%",1.6,"%",4.8,"%",10.4,"%"
,,,,,,,,,,,,,,,,,,,
"   Robbery",,,,100,,43.8,,10.5,,3.7,,14.4,,1.2,"*",7.9,,5.4,
"   Aggravated assault",,,,100,,36.5,,9.3,,3.9,,19.0,,2.5,,5.4,,12.3,
"   Simple assault",,,,100,,38.5,,5.6,,1.2,,20.4,,1.3,,3.2,,11.3,
"Purse snatching/Pocket picking",,,,100,,53.4,,18.2,"*",0.0,"*",8.1,"*",0.0,"*",5.5,"*",1.5,"*"
,,,,,,,,,,,,,,,,,,,
"Property crimes",,,,100,"%",49.6,"%",19.5,"%",7.5,"%",5.9,"%",1.9,"%",6.4,"%",1.6,"%"
,,,,,,,,,,,,,,,,,,,
"   Household burglary",,,,100,,42.1,,25.8,,10.1,,5.8,,2.4,,6.2,,1.9,
"   Motor vehicle theft",,,,100,,58.2,,14.3,,3.0,,5.9,,0.5,"*",8.9,,2.3,
"   Theft",,,,100,,52.8,,16.4,,6.6,,6.0,,1.8,,6.0,,1.3,
,,,,,,,,,,,,,,,,,,,
,,,,,,,,,,,,,,,,,,,
,,,,,,,,,,,,,,,,,,,
,,,,,,,,,,,,,,,,,,,
,,,,,,,,,,,,,,,,,,,
,,,,"Other",,"Don't",,"Not",,,,,,,,,,,
"Type of crime",,,,"actions",,"know",,"applicable",,,,,,,,,,,
,,,,,,,,,,,,,,,,,,,
,,,,,,,,,,,,,,,,,,,
"Crimes of violence/a",,,,12.9,"%",2.3,"%",0.4,"%*",,,,,,,,,,
,,,,,,,,,,,,,,,,,,,
"   Robbery",,,,10.4,,2.0,"*",0.7,"*",,,,,,,,,,
"   Aggravated assault",,,,10.2,,0.9,"*",0.0,"*",,,,,,,,,,
"   Simple assault",,,,15.2,,3.1,,0.4,"*",,,,,,,,,,
"Purse snatching/Pocket picking",,,,8.6,"*",4.8,"*",0.0,"*",,,,,,,,,,
,,,,,,,,,,,,,,,,,,,
"Property crimes",,,,5.2,"%",1.9,"%",0.5,"%",,,,,,,,,,
,,,,,,,,,,,,,,,,,,,
"   Household burglary",,,,4.1,,1.3,,0.2,"*",,,,,,,,,,
"   Motor vehicle theft",,,,5.0,,1.7,"*",0.2,"*",,,,,,,,,,
"   Theft",,,,5.9,,2.4,,0.7,,,,,,,,,,,
,,,,,,,,,,,,,,,,,,,
,,,,,,,,,,,,,,,,,,,
"Note: Detail may not add to total shown because of rounding.",,,,,,,,,,,,,,,,,,,
"* Estimate is based on about 10 or fewer sample cases.",,,,,,,,,,,,,,,,,,,
"a/Crimes of violence includes data on rape and sexual assault, not shown separately.",,,,,,,,,,,,,,,,,,,
