"Bureau of Justice Statistics",,,,,,,,,,,,,,,,,
"filename:  cv9649.csv",,,,,,,,,,,,,,,,,
"Table 49: Percent distribution of multiple-offender victimizations,",,,,,,,,,,,,,,,,,
"by type of crime and detailed victim-offender relationship",,,,,,,,,,,,,,,,,
"data source: National Criminal Victimization Survey, 1996   NCJ 174445",,,,,,,,,,,,,,,,,
"produced by:  Cathy Maston ",,,,,,,,,,,,,,,,,
"authors:  Patsy Klaus and Cathy Maston",,,,,,,,,,,,,,,,,
"refer questions to:  askbjs@ojp.usdoj.gov     202-307-0765",,,,,,,,,,,,,,,,,
"date of version: 06/30/00",,,,,,,,,,,,,,,,,
,,,,,,,,,,,,,,,,,
,,,,,,,,,,,,,,,,,
"Table 49. Personal crimes of violence, 1996:",,,,,,,,,,,,,,,,,
,,,,,,,,,,,,,,,,,
"Percent distribution of multiple-offender victimizations,",,,,,,,,,,,,,,,,,
"by type of crime and detailed victim-offender relationship",,,,,,,,,,,,,,,,,
,,,,,,,,,,,,,,,,,
,,"Number of",,,,,,"                        Percent of multiple-offender victimizations",,,,,,,,,
,,"multiple-",,,,,,,,"Some or all related",,,,,,,
,,"offender",,,,,,"Spouses and",,,,"Own",,"Brothers",,"Other",
"Type of crime",,"victimizations",,"Total",,"Total",,"ex-spouses",,"Parents",,"children",,"and sisters",,"relatives",
,,,,,,,,,,,,,,,,,
,,,,,,,,,,,,,,,,,
"Crimes of violence",,2010180,,100,"%",1.2,"%",0.1,"%*",0.3,"%",0.2,"%*",0.1,"%*",0.5,"%*"
,,,,,,,,,,,,,,,,,
"   Completed violence",,734130,,100,,0.7,"*",0.0,"*",0.0,"*",0.5,"*",0.0,"*",0.2,"*"
"   Attempted/threatened violence",,1276040,,100,,1.4,"*",0.2,"*",0.4,"*",0.0,"*",0.2,"*",0.6,"*"
"   Rape/Sexual assault/b",,26630,,100,,7.3,"*",0.0,"*",0.0,"*",0.0,"*",0.0,"*",7.3,"*"
"   Robbery",,450210,,100,,0.8,"*",0.0,"*",0.0,"*",0.8,"*",0.0,"*",0.0,"*"
"      Completed/property taken",,323620,,100,,1.1,"*",0.0,"*",0.0,"*",1.1,"*",0.0,"*",0.0,"*"
"      Attempted to take property",,126590,,100,,0.0,"*",0.0,"*",0.0,"*",0.0,"*",0.0,"*",0.0,"*"
"   Assault",,1533330,,100,,1.2,"*",0.2,"*",0.4,"*",0.0,"*",0.2,"*",0.5,"*"
"      Aggravated",,529510,,100,,2.5,"*",0.5,"*",0.6,"*",0.0,"*",0.5,"*",0.9,"*"
"      Simple",,1003820,,100,,0.5,"*",0.0,"*",0.3,"*",0.0,"*",0.0,"*",0.2,"*"
,,,,,,,,,,,,,,,,,
,,,,,,,,,,,,,,,,,
,,,,,,,,,,,,,,,,,
,,,,,,,,,,,,,,,,,
,,,,"Some or",,,,,,,,,,,,,
,,"Some or all",,"all casual",,,,,,,,,,,,,
,,"well known,",,"acquaint-",,"Don't",,,,,,,,,,,
"Type of crime",,"not related/a",,"ances",,"know",,"Stranger",,,,,,,,,
,,,,,,,,,,,,,,,,,
,,,,,,,,,,,,,,,,,
"Crimes of violence",,12.9,"%",12.1,"%",1.3,"%",72.5,"%",,,,,,,,
,,,,,,,,,,,,,,,,,
"   Completed violence",,10.0,,13.1,,1.1,"*",75.0,,,,,,,,,
"   Attempted/threatened violence",,14.6,,11.5,,1.4,"*",71.0,,,,,,,,,
"   Rape/Sexual assault/b",,18.3,"*",10.3,"*",0.0,"*",64.0,"*",,,,,,,,
"   Robbery",,3.5,"*",7.0,,0.5,"*",88.2,,,,,,,,,
"      Completed/property taken",,3.3,"*",6.7,"*",0.0,"*",88.9,,,,,,,,,
"      Attempted to take property",,4.2,"*",7.7,"*",1.8,"*",86.3,,,,,,,,,
"   Assault",,15.6,,13.6,,1.6,"*",68.0,,,,,,,,,
"      Aggravated",,17.1,,11.9,,0.7,"*",67.8,,,,,,,,,
"      Simple",,14.8,,14.6,,2.0,"*",68.2,,,,,,,,,
,,,,,,,,,,,,,,,,,
,,,,,,,,,,,,,,,,,
"Note: Detail may not add to total shown because of rounding.",,,,,,,,,,,,,,,,,
"* Estimate is based on about 10 or fewer sample cases.",,,,,,,,,,,,,,,,,
"a/Includes data on offenders well known to the victim whose relationship to the victim",,,,,,,,,,,,,,,,,
"was not ascertained.",,,,,,,,,,,,,,,,,
"b/Includes verbal threats of rape and threats of sexual assault.",,,,,,,,,,,,,,,,,
