"Bureau of Justice Statistics",,,,,,,,,,,,,,,,,,
"filename:  cv9613.csv",,,,,,,,,,,,,,,,,,
"Table 13: Victimization rates for persons age 12 and over,",,,,,,,,,,,,,,,,,,
"by gender of head of household, relationship",,,,,,,,,,,,,,,,,,
"of victims to head and type of crime",,,,,,,,,,,,,,,,,,
"data source: National Criminal Victimization Survey, 1996   NCJ 174445",,,,,,,,,,,,,,,,,,
"produced by:  Cathy Maston ",,,,,,,,,,,,,,,,,,
"authors:  Patsy Klaus and Cathy Maston",,,,,,,,,,,,,,,,,,
"refer questions to:  askbjs@ojp.usdoj.gov     202-307-0765",,,,,,,,,,,,,,,,,,
"date of version: 06/30/00",,,,,,,,,,,,,,,,,,
,,,,,,,,,,,,,,,,,,
,,,,,,,,,,,,,,,,,,
"Table 13. Personal crimes, 1996:",,,,,,,,,,,,,,,,,,
,,,,,,,,,,,,,,,,,,
"Victimization rates for persons age 12 and over,",,,,,,,,,,,,,,,,,,
"by gender of head of household, relationship",,,,,,,,,,,,,,,,,,
"of victims to head and type of crime",,,,,,,,,,,,,,,,,,
"              ",,,,,,,,,,,,,,,,,,
,,,,,,,,,"Rate per 1,000 persons age 12 and over",,,,,,,,,
,,,,,"Crimes",,"Completed",,"Attempted/",,"Rape/",,,,"Robbery",,,
"Gender of head of household and",,,"Total",,"of",,"violence",,"threatened",,"Sexual",,,,"With",,"Without",
"relationship of victim to head",,,"population",,"violence",,,,"violence",,"assault/a",,"Total",,"injury",,"injury",
,,,,,,,,,,,,,,,,,,
"Households headed by males",,,,,,,,,,,,,,,,,,
,"All male heads",,64267860,,34.0,,8.3,,25.7,,0.1,"*",4.6,,1.2,,3.4,
,"   Male heads living alone",,12332460,,58.0,,17.5,,40.5,,0.0,"*",10.3,,4.0,,6.3,
,"   Male heads living with others",,51935400,,28.3,,6.1,,22.2,,0.1,"*",3.3,,0.5,,2.7,
,"Wives",,42670400,,15.6,,3.2,,12.4,,0.5,"*",1.4,,0.5,"*",0.9,
,"Own children under age 18",,13511900,,84.2,,24.5,,59.8,,2.0,,7.3,,2.0,,5.3,
,"Own children age 18 and over",,10251820,,56.9,,20.8,,36.2,,1.4,"*",8.9,,2.1,"*",6.8,
,"Other relatives",,4741300,,52.6,,20.2,,32.3,,0.0,"*",8.0,,2.1,"*",5.9,
,"Nonrelatives",,6135490,,93.2,,29.0,,64.2,,2.5,"*",9.2,,2.5,"*",6.7,
,,,,,,,,,,,,,,,,,,
"Households headed by females",,,,,,,,,,,,,,,,,,
,"All female heads",,41482290,,39.5,,13.8,,25.7,,3.4,,4.3,,1.6,,2.7,
,"   Female heads living alone",,15899060,,28.6,,10.6,,18.1,,3.5,,3.7,,1.3,"*",2.4,
,"   Female heads living with others",,25583230,,46.2,,15.8,,30.4,,3.3,,4.6,,1.8,,2.9,
,"Husbands",,10190230,,26.7,,5.2,,21.5,,0.2,"*",3.4,,1.0,"*",2.4,"*"
,"Own children under age 18",,7761160,,94.3,,27.6,,66.7,,4.8,,12.3,,4.9,,7.5,
,"Own children age 18 and over",,7574300,,69.3,,25.5,,43.8,,2.4,"*",12.3,,3.1,"*",9.2,
,"Other relatives",,3780930,,57.8,,20.4,,37.4,,3.0,"*",14.8,,4.3,"*",10.5,
,"Nonrelatives",,4866590,,71.5,,21.2,,50.3,,2.8,"*",7.9,,1.2,"*",6.7,
,,,,,,,,,,,,,,,,,,
,,,,,,,,,,,,,,,,,,
,,,,,,,,,,,,,,,,,,
,,,,,"       Rate per 1,000 persons age 12 and over",,,,,,,,,,,,,
,,,,,"Assault",,,,"Purse",,,,,,,,,
"Gender of head of household and",,,,,"Aggra-",,,,"snatching/",,,,,,,,,
"relationship of victim to head",,,"Total",,"vated",,"Simple",,"Pocket picking",,,,,,,,,
,,,,,,,,,,,,,,,,,,
"Households headed by males",,,,,,,,,,,,,,,,,,
,"All male heads",,29.3,,8.2,,21.1,,0.9,,,,,,,,,
,"   Male heads living alone",,47.7,,12.4,,35.3,,0.7,"*",,,,,,,,
,"   Male heads living with others",,24.9,,7.2,,17.7,,0.9,,,,,,,,,
,"Wives",,13.6,,2.6,,11.0,,1.0,,,,,,,,,
,"Own children under age 18",,75.0,,14.2,,60.8,,3.0,,,,,,,,,
,"Own children age 18 and over",,46.7,,13.6,,33.1,,1.8,"*",,,,,,,,
,"Other relatives",,44.6,,15.0,,29.6,,1.4,"*",,,,,,,,
,"Nonrelatives",,81.4,,19.4,,62.0,,2.2,"*",,,,,,,,
,,,,,,,,,,,,,,,,,,
"Households headed by females",,,,,,,,,,,,,,,,,,
,"All female heads",,31.8,,7.4,,24.4,,1.9,,,,,,,,,
,"   Female heads living alone",,21.5,,5.4,,16.1,,2.0,,,,,,,,,
,"   Female heads living with others",,38.3,,8.7,,29.5,,1.8,,,,,,,,,
,"Husbands",,23.1,,5.3,,17.8,,0.6,"*",,,,,,,,
,"Own children under age 18",,77.2,,20.9,,56.3,,1.6,"*",,,,,,,,
,"Own children age 18 and over",,54.6,,15.5,,39.1,,2.8,"*",,,,,,,,
,"Other relatives",,40.0,,8.7,,31.3,,3.3,"*",,,,,,,,
,"Nonrelatives",,60.8,,15.2,,45.6,,2.2,"*",,,,,,,,
,,,,,,,,,,,,,,,,,,
,,,,,,,,,,,,,,,,,,
"Note: Detail may not add to total shown because of rounding.",,,,,,,,,,,,,,,,,,
"* Estimate is based on about 10 or fewer sample cases.",,,,,,,,,,,,,,,,,,
"a/Includes verbal threats of rape and threats of sexual assault.",,,,,,,,,,,,,,,,,,
