"Bureau of Justice Statistics",,,,,,,,,,,,,
"filename:  cv96105.csv",,,,,,,,,,,,,
"Table 105: Percent of reasons for not reporting victimizations to the police,",,,,,,,,,,,,,
"by race of head of household and type of crime",,,,,,,,,,,,,
"data source: National Criminal Victimization Survey, 1996   NCJ 174445",,,,,,,,,,,,,
"produced by:  Cathy Maston ",,,,,,,,,,,,,
"authors:  Patsy Klaus and Cathy Maston",,,,,,,,,,,,,
"refer questions to:  askbjs@ojp.usdoj.gov     202-307-0765",,,,,,,,,,,,,
"date of version: 06/30/00",,,,,,,,,,,,,
,,,,,,,,,,,,,
,,,,,,,,,,,,,
"Table 105. Property crimes, 1996:",,,,,,,,,,,,,
,,,,,,,,,,,,,
"Percent of reasons for not reporting victimizations to the police,",,,,,,,,,,,,,
"by race of head of household and type of crime",,,,,,,,,,,,,
,,,,,,,,,,,,,
,,,,,,,,"Percent of reasons for not reporting",,,,,
,,,"All",,,,,,," Motor",,,
"Race and reason",,,"property",,,,,"Household",," vehicle",,,
"for not reporting",,,"crimes",,"Total",,,"Burglary",," theft",," Theft",
,,,,,,,,,,,,,
"White",,,,,,,,,,,,,
,"Total",,17704480,,100.0,"%",,100.0,"%",100.0,"%",100.0,"%"
,"Reported to another official",,1854610,,10.5,,,5.6,,1.9,"*",11.4,
,"Private or personal matter",,937720,,5.3,,,5.2,,6.3,"*",5.3,
,"Object recovered; offender unsuccessful",,5044030,,28.5,,,21.1,,28.9,,29.7,
,"Not important enough",,565200,,3.2,,,5.2,,2.3,"*",2.9,
,"Insurance would not cover",,336010,,1.9,,,2.1,,4.1,"*",1.8,
,"Not aware crime occurred until later",,949200,,5.4,,,8.4,,7.7,"*",4.8,
,"Unable to recover property; no ID no.",,1142710,,6.5,,,6.2,,0.6,"*",6.6,
,"Lack of proof",,1945050,,11.0,,,14.0,,14.0,,10.4,
,"Police would not want to be bothered",,1365090,,7.7,,,7.8,,6.7,"*",7.7,
,"Police inefficient, ineffective, or biased",,531390,,3.0,,,5.2,,3.8,"*",2.6,
,"Fear of reprisal",,89530,,0.5,,,1.1,,0.0,"*",0.4,
,"Too inconvenient or time consuming",,497910,,2.8,,,2.6,,1.9,"*",2.9,
,"Other reasons",,2446040,,13.8,,,15.5,,21.9,,13.4,
,,,,,,,,,,,,,
"Black",,,,,,,,,,,,,
,"Total",,2935230,,100.0,"%",,100.0,"%",100.0,"%",100.0,"%"
,"Reported to another official",,337740,,11.5,,,7.1,,0.0,"*",12.6,
,"Private or personal matter",,195230,,6.7,,,7.4,,12.3,"*",6.4,
,"Object recovered; offender unsuccessful",,680030,,23.2,,,19.7,,8.0,"*",24.1,
,"Not important enough",,97340,,3.3,,,6.8,,0.0,"*",2.8,
,"Insurance would not cover",,43880,,1.5,,,1.0,"*",3.7,"*",1.5,
,"Not aware crime occurred until later",,137500,,4.7,,,8.9,,3.3,"*",4.0,
,"Unable to recover property; no ID no.",,180450,,6.1,,,5.3,"*",0.0,"*",6.4,
,"Lack of proof",,354360,,12.1,,,12.6,,13.5,"*",12.0,
,"Police would not want to be bothered",,212760,,7.2,,,8.8,,9.8,"*",6.9,
,"Police inefficient, ineffective, or biased",,103350,,3.5,,,5.4,"*",8.5,"*",3.1,
,"Fear of reprisal",,14540,"*",0.5,"*",,0.0,"*",0.0,"*",0.6,"*"
,"Too inconvenient or time consuming",,120350,,4.1,,,3.1,"*",5.3,"*",4.2,
,"Other reasons",,457710,,15.6,,,13.9,,35.6,"*",15.4,
,,,,,,,,,,,,,
,,,,,,,,,,,,,
"Note: Detail may not add to total shown because of rounding.",,,,,,,,,,,,,
"Excludes data on persons of ""Other"" races.",,,,,,,,,,,,,
"Some respondents may have cited more than one reason for not reporting victimizations to the police.",,,,,,,,,,,,,
"* Estimate is based on about 10 or fewer sample cases.",,,,,,,,,,,,,
