"Bureau of Justice Statistics",,,,,,,,,,,,,
"filename:  cv9640.csv",,,,,,,,,,,,,
"Table 40: Percent distribution of single-offender victimizations,",,,,,,,,,,,,,
"by type of crime and perceived race of offender",,,,,,,,,,,,,
"data source: National Criminal Victimization Survey, 1996   NCJ 174445",,,,,,,,,,,,,
"produced by:  Cathy Maston ",,,,,,,,,,,,,
"authors:  Patsy Klaus and Cathy Maston",,,,,,,,,,,,,
"refer questions to:  askbjs@ojp.usdoj.gov     202-307-0765",,,,,,,,,,,,,
"date of version: 06/30/00",,,,,,,,,,,,,
,,,,,,,,,,,,,
,,,,,,,,,,,,,
"Table 40. Personal crimes of violence, 1996:",,,,,,,,,,,,,
,,,,,,,,,,,,,
"Percent distribution of single-offender victimizations,",,,,,,,,,,,,,
"by type of crime and perceived race of offender",,,,,,,,,,,,,
,,,,,,,,,,,,,
"       ",,,,,,"Percent of single-offender victimizations",,,,,,,
,,,,,,,,"Perceived race of offender",,,,,
"                                                                                                                ",,"Number of",,,,,,,,,,"Not known",
,,"single-offender",,,,,,,,,,"and not",
"Type of crime",,"victimizations",,"  Total",," White",," Black",," Other",,"available",
,,,,,,,,,,,,,
,,,,,,,,,,,,,
"Crimes of violence",,6930880,,100,"%",62.1,"%",26.2,"%",9.3,"%",2.4,"%"
,,,,,,,,,,,,,
"   Completed violence",,1911850,,100,,59.9,,29.6,,8.1,,2.3,
"   Attempted/threatened violence",,5019020,,100,,63.0,,25.0,,9.7,,2.4,
"   Rape/Sexual assault/a",,275500,,100,,69.9,,20.0,,7.4,"*",2.7,"*"
"   Robbery",,655800,,100,,36.8,,51.5,,7.5,,4.2,
"      Completed/property taken",,408430,,100,,34.7,,53.6,,6.5,,5.2,"*"
"         With injury",,122950,,100,,47.8,,39.4,,8.0,"*",4.8,"*"
"         Without injury",,285470,,100,,29.0,,59.7,,5.9,"*",5.4,"*"
"      Attempted to take property",,247370,,100,,40.2,,48.2,,9.1,"*",2.5,"*"
"         With injury",,44380,,100,,49.3,"*",30.8,"*",11.4,"*",8.5,"*"
"         Without injury",,202990,,100,,38.3,,52.0,,8.6,"*",1.1,"*"
"   Assault",,5999570,,100,,64.5,,23.8,,9.5,,2.2,
"      Aggravated",,1332060,,100,,59.4,,25.8,,12.3,,2.5,
"      Simple",,4667500,,100,,66.0,,23.2,,8.8,,2.1,
,,,,,,,,,,,,,
,,,,,,,,,,,,,
"Note: Detail may not add to total shown because of rounding.",,,,,,,,,,,,,
"* Estimate is based on about 10 or fewer sample cases.",,,,,,,,,,,,,
"a/Includes verbal threats of rape and threats of sexual assault.",,,,,,,,,,,,,
