"Bureau of Justice Statistics",,,,,,,,,
"filename:  cv9611.csv",,,,,,,,,
"Table 11: Victimization rates for persons age 12 and over,",,,,,,,,,
"by type of crime and marital status of victims",,,,,,,,,
"data source: National Criminal Victimization Survey, 1996   NCJ 174445",,,,,,,,,
"produced by:  Cathy Maston ",,,,,,,,,
"authors:  Patsy Klaus and Cathy Maston",,,,,,,,,
"refer questions to:  askbjs@ojp.usdoj.gov     202-307-0765",,,,,,,,,
"date of version: 06/30/00",,,,,,,,,
,,,,,,,,,
,,,,,,,,,
"Table 11. Personal crimes, 1996:",,,,,,,,,
,,,,,,,,,
"Victimization rates for persons age 12 and over,",,,,,,,,,
"by type of crime and marital status of victims",,,,,,,,,
"                                                                                                       ",,,,,,,,,
,,,,,"Rate per 1,000 persons age 12 and over",,,,
"                                                                                                       ",,"        Never ",,,,,,"     Divorced or",
"Type of crime",,"        married",,"           Married",,"         Widowed",,"     separated",
,,,,,,,,,
,,,,,,,,,
"All personal crimes",,81.6,,21.3,,8.1,,64.6,
,,,,,,,,,
"Crimes of violence",,79.1,,20.5,,7.2,,62.5,
"   Completed violence",,25.6,,4.2,,2.3,,21.4,
"   Attempted/threatened violence",,53.5,,16.3,,4.9,,41.1,
"   Rape/Sexual assault",,2.8,,0.3,,0.3,"*",3.5,
"      Rape/Attempted rape",,1.8,,0.2,"*",0.1,"*",2.3,
"         Rape",,1.0,,0.1,"*",0.0,"*",1.0,"*"
"         Attempted rape/a",,0.8,,0.1,"*",0.1,"*",1.3,
"      Sexual assault/b",,1.0,,0.1,"*",0.2,"*",1.2,
"   Robbery",,10.4,,2.0,,1.1,"*",8.8,
"      Completed/property taken",,6.8,,1.2,,1.1,"*",6.4,
"         With injury",,2.0,,0.3,,0.4,"*",3.3,
"         Without injury",,4.8,,1.0,,0.7,"*",3.1,
"      Attempted to take property",,3.6,,0.8,,0.0,"*",2.4,
"         With injury",,0.7,,0.2,"*",0.0,"*",0.5,"*"
"         Without injury",,2.9,,0.6,,0.0,"*",1.9,
"   Assault",,65.9,,18.2,,5.8,,50.2,
"      Aggravated",,16.0,,4.6,,2.2,,12.8,
"         With injury",,4.9,,0.8,,0.0,"*",4.1,
"         Threatened with weapon",,11.1,,3.8,,2.2,,8.8,
"      Simple",,49.9,,13.6,,3.6,,37.4,
"         With minor injury",,12.0,,2.0,,1.0,"*",9.1,
"         Without injury",,37.9,,11.6,,2.6,,28.3,
"  Purse snatching/Pocket picking",,2.5,,0.8,,0.9,"*",2.2,
"                                                                                          ",,,,,,,,,
"Population age 12 and over",,66576940,,113157450,,13724460,,22925490,
,,,,,,,,,
,,,,,,,,,
"Note: Detail may not add to total shown because of rounding.",,,,,,,,,
"Excludes data on persons whose marital status was not ascertained.",,,,,,,,,
"* Estimate is based on about 10 or fewer sample cases.",,,,,,,,,
"a/Includes verbal threats of rape.",,,,,,,,,
"b/Includes threats.",,,,,,,,,
