"Bureau of Justice Statistics",,,,,,,,,,,,,,,,,
"filename:  cv96106.csv",,,,,,,,,,,,,,,,,
"Table 106: Percent distribution of police response to a reported incident,",,,,,,,,,,,,,,,,,
"by type of crime",,,,,,,,,,,,,,,,,
"data source: National Criminal Victimization Survey, 1996   NCJ 174445",,,,,,,,,,,,,,,,,
"produced by:  Cathy Maston ",,,,,,,,,,,,,,,,,
"authors:  Patsy Klaus and Cathy Maston",,,,,,,,,,,,,,,,,
"refer questions to:  askbjs@ojp.usdoj.gov     202-307-0765",,,,,,,,,,,,,,,,,
"date of version: 06/30/00",,,,,,,,,,,,,,,,,
,,,,,,,,,,,,,,,,,
,,,,,,,,,,,,,,,,,
"Table 106. Personal and property crimes, 1996:",,,,,,,,,,,,,,,,,
,,,,,,,,,,,,,,,,,
"Percent distribution of police response to a reported incident,",,,,,,,,,,,,,,,,,
"by type of crime",,,,,,,,,,,,,,,,,
,,,,,,,,,,,,,,,,,
,,,,,"                                                                                      Percent of incidents",,,,,,,,,,,,
"       ",,,,,,"Police",,"Victim",,"Contact with",,"Police",,"Not known",,"Police",
"                                                                                         ",,"Number of",,,,"came",,"went to",,"police- don't",,"did not",,"if police",,"were at",
"Type of crime",,"incidents",,"Total",,"to victim",,"police",,"know how",,"come",,"came",,"the scene",
"Crimes of violence",,3292860,,100,"%",70.4,"%",7.0,"%",0.1,"%*",13.3,"%",3.0,"%",6.4,"%"
,,,,,,,,,," ",,,,,,,
"   Rape/Sexual assault/a",,92920,,100,,67.6,,10.2,"*",0.0,"*",11.8,"*",10.4,"*",0.0,"*"
"   Robbery",,529330,,100,,73.8,,8.2,,0.0,"*",11.3,,2.6,"*",4.1,"*"
"   Aggravated assault",,837120,,100,,75.2,,4.6,,0.0,"*",12.5,,3.0,,4.7,
"   Simple assault",,1833490,,100,,67.4,,7.5,,0.1,"*",14.2,,2.7,,8.1,
"Purse snatching/Pocket picking",,119670,,100,,40.8,,21.1,,0.0,"*",34.1,,2.1,"*",1.9,"*"
,,,,,,,,,," ",,,,,,,
"Property crimes",,9270120,,100,"%",63.0,"%",5.6,"%",0.0,"%*",27.8,"%",2.2,"%",1.4,"%"
,,,,,,,,,,,,,,,,,
"   Household burglary",,2377570,,100,,80.8,,2.1,,0.0,"*",15.3,,1.1,,0.6,"*"
"   Motor vehicle theft",,1013130,,100,,65.2,,5.3,,0.2,"*",24.7,,2.8,,1.8,"*"
"   Theft",,5879420,,100,,55.4,,7.1,,0.0,"*",33.4,,2.5,,1.6,
,,,,,,,,,,,,,,,,,
,,,,,,,,,,,,,,,,,
"Note: Detail may not add to total shown because of rounding.",,,,,,,,,,,,,,,,,
"* Estimate is based on about 10 or fewer sample cases.",,,,,,,,,,,,,,,,,
"a/Includes verbal threats of rape and threats of sexual assault.",,,,,,,,,,,,,,,,,
