"Bureau of Justice Statistics",,,,
"filename:  cv9687.csv",,,,
"Table 87: Percent of victimizations resulting in",,,,
"loss of time from work, by type of crime",,,,
"data source: National Criminal Victimization Survey, 1996   NCJ 174445",,,,
"produced by:  Cathy Maston ",,,,
"authors:  Patsy Klaus and Cathy Maston",,,,
"refer questions to:  askbjs@ojp.usdoj.gov     202-307-0765",,,,
"date of version: 06/30/00",,,,
,,,,
,,,,
"Table 87. Selected personal and property crimes, 1996:",,,,
,,,,
"Percent of victimizations resulting in",,,,
"loss of time from work, by type of crime",,,,
,,,,
,,,"Percent of all",
"Type of crime         ",,,"victimizations",
"All personal crimes/a",,,6.6,"%"
,,,,
"Crimes of violence",,,6.7,
"   Completed violence",,,15.7,
"   Attempted/threatened violence",,,2.9,
"   Rape/Sexual assault/b",,,9.9,
"   Robbery",,,11.5,
"      Completed/property taken",,,15.6,
"         With injury",,,27.5,
"         Without injury",,,9.8,
"      Attempted to take property",,,3.1,"*"
"         With injury",,,9.3,"*"
"         Without injury",,,1.5,"*"
"   Assault",,,5.9,
"      Aggravated",,,8.4,
"      Simple",,,5.1,
,,,,
"All property crimes                         ",,,6.1,"%"
,,,,
"   Household burglary                                ",,,8.5,
"      Completed                            ",,,9.3,
"         Forcible entry                     ",,,15.5,
"         Unlawful entry without force       ",,,5.5,
"      Attempted forcible entry             ",,,4.4,
"   Motor vehicle theft                     ",,,20.3,
"      Completed                            ",,,26.1,
"      Attempted                            ",,,8.3,
"   Theft",,,4.6,
"      Completed",,,4.5,
"         Less than $50",,,2.4,
"         $50 - $249",,,3.4,
"         $250 or more",,,10.7,
"         Amount not available",,,2.7,
"      Attempted",,,5.7,
,,,,
"Note: Detail may not add to total shown because of rounding.",,,,
"* Estimate is based on about 10 or fewer sample cases.",,,,
"a/Includes data on purse snatching/pocket picking, not shown separately.",,,,
"b/Includes verbal threats of rape and threats of sexual assault.",,,,
