"Bureau of Justice Statistics",,,,,,,,,,,,,,,,,,,
"filename:  cv96107.csv",,,,,,,,,,,,,,,,,,,
"Table 107: Percent distribution of incidents where police came to the victim,",,,,,,,,,,,,,,,,,,,
"by police response time and type of crime",,,,,,,,,,,,,,,,,,,
"data source: National Criminal Victimization Survey, 1996   NCJ 174445",,,,,,,,,,,,,,,,,,,
"produced by:  Cathy Maston ",,,,,,,,,,,,,,,,,,,
"authors:  Patsy Klaus and Cathy Maston",,,,,,,,,,,,,,,,,,,
"refer questions to:  askbjs@ojp.usdoj.gov     202-307-0765",,,,,,,,,,,,,,,,,,,
"date of version: 06/30/00",,,,,,,,,,,,,,,,,,,
,,,,,,,,,,,,,,,,,,,
,,,,,,,,,,,,,,,,,,,
"Table 107. Personal and property crimes, 1996:",,,,,,,,,,,,,,,,,,,
,,,,,,,,,,,,,,,,,,,
"Percent distribution of incidents where police came to the victim,",,,,,,,,,,,,,,,,,,,
"by police response time and type of crime",,,,,,,,,,,,,,,,,,,
,,,,,,,,,,,,,,,,,,,
,,,,,,,,,,,,"                                       Percent of incidents",,,,,,,
,,,,,,,,,,,,,,"  Longer",,"Length of",,,
"                                                                                               ",,,,,,"Within 5",,"6-10",,"11 minutes-",," Within",,"  than 1",,"time not",,"Not",
"Type of crime",,,," Total",,"minutes",,"minutes",,"1 hour",,"1 day",,"  day",,"known",,"ascertained",
,,,,,,,,,,,,,,,,,,,
,,,,,,,,,,,,,,,,,,,
"Crimes of violence/a",,,,100,"%",31.0,"%",24.5,"%",32.4,"%",6.5,"%",1.9,"%",3.6,"%",0.2,"%*"
,,,,,,,,,,,,,,,,,," ",
"   Robbery",,,,100,,23.0,,22.9,,40.5,,8.9,,0.6,"*",4.0,"*",0.0,"*"
"   Aggravated assault",,,,100,,34.7,,24.0,,28.5,,6.4,,2.6,"*",3.7,"*",0.0,"*"
"   Simple assault",,,,100,,32.2,,25.9,,31.2,,5.6,,1.8,"*",3.3,,0.0,"*"
,,,,,,,,,,,,,,,,,,,
"Property crimes",,,,100,"%",12.8,"%",21.5,"%",45.0,"%",11.9,"%",2.2,"%",6.6,"%",0.1,"%*"
,,,,,,,,,,,,,,,,,,,
"   Household burglary",,,,100,,13.0,,20.9,,44.6,,12.2,,2.5,,6.9,,0.0,"*"
"   Motor vehicle theft",,,,100,,14.1,,21.1,,48.1,,10.2,,0.8,"*",5.7,,0.0,"*"
"   Theft",,,,100,,12.4,,21.9,,44.6,,12.0,,2.3,,6.6,,0.1,"*"
,,,,,,,,,,,,,,,,,,,
,,,,,,,,,,,,,,,,,,,
"Note: Detail may not add to total shown because of rounding.",,,,,,,,,,,,,,,,,,,
"* Estimate is based on about 10 or fewer sample cases.",,,,,,,,,,,,,,,,,,,
"a/Crimes of violence includes data on rape and sexual assault, not shown separately.",,,,,,,,,,,,,,,,,,,
