"Bureau of Justice Statistics",,,,,,,,,,
"filename:  cv96100.csv",,,,,,,,,,
"Table 100: Percent of victimizations reported to the police,",,,,,,,,,,
"by value of loss and type of crime",,,,,,,,,,
"data source: National Criminal Victimization Survey, 1996   NCJ 174445",,,,,,,,,,
"produced by:  Cathy Maston ",,,,,,,,,,
"authors:  Patsy Klaus and Cathy Maston",,,,,,,,,,
"refer questions to:  askbjs@ojp.usdoj.gov     202-307-0765",,,,,,,,,,
"date of version: 06/30/00",,,,,,,,,,
,,,,,,,,,,
,,,,,,,,,,
"Table 100. Property crimes, 1996:",,,,,,,,,,
,,,,,,,,,,
"Percent of victimizations reported to the police,",,,,,,,,,,
"by value of loss and type of crime",,,,,,,,,,
,,,,,,,,,,
,,,,,,"Percent of all victimizations reported to the police",,,,
,,,"All",,,,"Motor",,,
,,,"property ",,"Household",,"vehicle",,,
"Value of loss/a",,,"crimes",,"burglary",,"theft",,"Theft",
,,,,,,,,,,
,,,,,,,,,,
"All losses/b",,,34.1,"%",54.0,"%",89.9,"%",28.2,"%"
,"Less than $10/c",,15.8,,37.5,,0.0,"*",14.4,
,"$10 -$49",,12.6,,15.6,,0.0,"*",12.4,
,"$50-$99",,21.8,,33.1,,100.0,"*",20.7,
,"$100-$249",,33.6,,41.2,,84.7,"*",32.2,
,"$250-$499",,49.3,,56.4,,79.2,"*",47.5,
,"$500-$999",,64.5,,68.2,,61.6,,63.3,
,"$1,000 or more",,85.0,,88.8,,93.4,,74.5,
,,,,,,,,,,
"* Estimate is based on about 10 or fewer sample cases.",,,,,,,,,,
"a/The proportions refer only to losses of cash and/or property, and exclude the value",,,,,,,,,,
"of property damage.",,,,,,,,,,
"b/Includes data for victims who did not provide a specific value for their losses.",,,,,,,,,,
"c/Includes items that had no value.",,,,,,,,,,
