"Bureau of Justice Statistics",,,,,,,,,
"filename:  cv9624.csv",,,,,,,,,
"Table 24: Victimization rates by type of crime and number of persons in household",,,,,,,,,
"data source: National Criminal Victimization Survey, 1996   NCJ 174445",,,,,,,,,
"produced by:  Cathy Maston ",,,,,,,,,
"authors:  Patsy Klaus and Cathy Maston",,,,,,,,,
"refer questions to:  askbjs@ojp.usdoj.gov     202-307-0765",,,,,,,,,
"date of version: 06/30/00",,,,,,,,,
,,,,,,,,,
,,,,,,,,,
"Table 24. Property crimes, 1996:",,,,,,,,,
,,,,,,,,,
"Victimization rates by type of crime",,,,,,,,,
"and number of persons in household",,,,,,,,,
,,,,,,,,,
"                                                                                           ",,"                                            Rate per 1,000 households",,,,,,,
"Type of crime",,"One",,"Two-three",,"Four-five",,"Six or more",
,,,,,,,,,
,,,,,,,,,
"Property crimes",,159.2,,253.7,,395.1,,504.1,
"                                                                                           ",,,,,,,,,
"  Household burglary",,41.4,,45.5,,53.7,,77.3,
"    Completed",,34.5,,37.7,,45.0,,71.8,
"      Forcible entry",,14.6,,14.7,,13.6,,23.0,
"      Unlawful entry without force",,19.9,,23.0,,31.4,,48.8,
"    Attempted forcible entry",,6.9,,7.8,,8.7,,5.5,"*"
"  Motor vehicle theft",,8.3,,13.4,,16.7,,34.6,
"    Completed",,5.6,,8.9,,11.4,,25.9,
"    Attempted",,2.7,,4.5,,5.3,,8.6,
"  Theft",,109.4,,194.8,,324.6,,392.3,
"    Completed",,105.1,,186.7,,312.7,,382.3,
"       Less than $50",,38.5,,67.4,,122.9,,146.2,
"       $50 - $249",,38.9,,66.7,,113.8,,147.6,
"       $250 or more",,22.1,,41.6,,59.2,,69.1,
"       Amount not available",,5.5,,11.0,,16.7,,19.4,
"     Attempted",,4.3,,8.1,,11.9,,10.0,
,,,,,,,,,
"Total number of households",,26568010,,51859110,,20798890,,3471480,
,,,,,,,,,
"Note: Detail may not add to total shown because of rounding.",,,,,,,,,
"Excludes data on households where the number of persons was not ascertained.",,,,,,,,,
"* Estimate is based on about 10 or fewer sample cases.",,,,,,,,,
