Bureau of Justice Statistics,,,,,,,,,,,,,,,,,,,,,,,,,,,,,,,,,,,,
"Filename: Criminal Victimization in the United States, 2008 Statistical Tables",,,,,,,,,,,,,,,,,,,,,,,,,,,,,,,,,,,,
"Table 67. ercent distribution of violent crime victimizations, by type of crime and who was first to use or threaten physical force",,,,,,,,,,,,,,,,,,,,,,,,,,,,,,,,,,,,
"Report title: Criminal Victimization in the United States, 2008 Statistical Tables",,,,,,,,,,,,,,,,,,,,,,,,,,,,,,,,,,,,
Data sources: National Crime Victimization Survey,,,,,,,,,,,,,,,,,,,,,,,,,,,,,,,,,,,,
Author(s): Michael Rand and Jayne E. Robinson,,,,,,,,,,,,,,,,,,,,,,,,,,,,,,,,,,,,
Refer questions to: askbjs@usdoj.gov 202-307-0765,,,,,,,,,,,,,,,,,,,,,,,,,,,,,,,,,,,,
Date of version: 5/1/2011,,,,,,,,,,,,,,,,,,,,,,,,,,,,,,,,,,,,
,,,,,,,,,,,,,,,,,,,,,,,,,,,,,,,,,,,,
"Table 67. Personal crimes of violence, 2008:",,,,,,,,,,,,,,,,,,,,,,,,,,,,,,,,,,,":pltfCriminal Victimization in the United States, 1989  #~qmb.5~qqss",":pltf||Criminal Victimization in the United States, 1989  #~qmb.5~qqss"
,,,,,,,,,,,,,,,,,,,,,,,,,,,,,,,,,,,,
"Percent distribution of violent crime victimizations, by type of crime and who was first to use",,,,,,,,,,,,,,,,,,,,,,,,,,,,,,,,,,,,
 or threaten physical force,,,,,,,,,,,,,,,,,,,,,,,,,,,,,,,,,,,,
,,,,,,,,,,,,,,,,,,,,,,,,,,,,,,,,,,,,
       ,,,,,,,Respondent ,,Offender,,Someone else,,Don't know ,,,,,,,,,,,,,,,,,,,,,,,
                                                                                                          ,,,Number of victimizations,,     Total crimes,,was first to,,was first,,was first to,,who was first,,     Not,,,,,,,,,,,,,,,,,,,,,
Type of crime,,,,,     using force,,use force,,to use force,,use force,,to use force,,     available,,,,,,,,,,,,,,,,,,,,,
,,,,,,,,,,,,,,,,,,,,,,,,,,,,,,,,,,,,
,,,,,,,,,,,,,,,,,,,,,,,,,,,,,,,,,,,,
Crimes of violence,,,"371,320",,100,%,9.8,*,76.4,,1,*,1.3,*,11.5,,,,,,,,,,,,,,,,,,,,,
,,,,,,,,,,,,,,,,,,,,,,,,,,,,,,,,,,,,
   Rape/sexual assaulta,,,"13,400",,100,%*,0,*,87.5,*,0,*,0,*,12.5,*,,,,,,,,,,,,,,,,,,,,
   Robbery,,,"73,870",,100,%,10.2,*,71.1,,0,*,0,*,18.7,*,,,,,,,,,,,,,,,,,,,,
   Assault,,,"284,050",,100,%,10.1,*,77.3,,1.3,*,1.6,*,9.6,*,,,,,,,,,,,,,,,,,,,,
      Aggravated,,,"66,030",,100,%,14.8,*,63.4,,5.7,*,0,*,16.1,*,,,,,,,,,,,,,,,,,,,,
      Simple,,,"218,020",,100,%,8.7,*,81.5,,0,*,2.1,*,7.7,*,,,,,,,,,,,,,,,,,,,,
,,,,,,,,,,,,,,,,,,,,,,,,,,,,,,,,,,,,
Note: Detail may not add to total shown because of rounding.,,,,,,,,,,,,,,,,,,,,,,,,,,,,,,,,,,,,
*Estimate is based on 10 or fewer sample cases.,,,,,,,,,,,,,,,,,,,,,,,,,,,,,,,,,,,,
aIncludes verbal threats of rape and threats of sexual assault.,,,,,,,,,,,,,,,,,,,,,,,,,,,,,,,,,,,,
