Bureau of Justice Statistics,,,,,,,,,,,,,,,,,,,,,,,,,,,,,,,
"Filename: Criminal Victimization in the United States, 2008 Statistical Tables",,,,,,,,,,,,,,,,,,,,,,,,,,,,,,,
"Table 103.Percent of reasons for not reporting victimizations to the police, by race of victims and type of crime",,,,,,,,,,,,,,,,,,,,,,,,,,,,,,,
"Report title: Criminal Victimization in the United States, 2008 Statistical Tables",,,,,,,,,,,,,,,,,,,,,,,,,,,,,,,
Data sources: National Crime Victimization Survey,,,,,,,,,,,,,,,,,,,,,,,,,,,,,,,
Author(s): Michael Rand and Jayne E. Robinson,,,,,,,,,,,,,,,,,,,,,,,,,,,,,,,
Refer questions to: askbjs@usdoj.gov 202-307-0765,,,,,,,,,,,,,,,,,,,,,,,,,,,,,,,
Date of version: 5/1/2011,,,,,,,,,,,,,,,,,,,,,,,,,,,,,,,
,,,,,,,,,,,,,,,,,,,,,,,,,,,,,,,
"Table 103. Personal crimes, 2008:",,,,,,,,,,,,,,,,,,,,,,,,,,,,,,,
,,,,,,,,,,,,,,,,,,,,,,,,,,,,,,,
"Percent distribution of reasons for not reporting victimizations to the police,",,,,,,,,,,,,,,,,,,,,,,,,,,,,,,,
by race of victims and type of crime,,,,,,,,,,,,,,,,,,,,,,,,,,,,,,,
,,,,,,,,,,,,,,,,,,,,,,,,,,,,,,,
,,,,Percent of reasons for not reporting,,,,,,,,,,,,,,,,,,,,,,,,,,,
,,,,,,,,,,Object,,,,,,  Not aware,,Unable to recover or identify property,,Lack of proof,,Police would not want to be bothered,,"Police inefficient, ineffective, or biased",,Fear of reprisal,,Too time consuming or inconvenient,,Other reasons,
,,,,,,Reported,,Private or,,recovered;,, Not,,  Insurance,,  crime,,,,,,,,,,,,,,,
,,,,,,to another,,personal,,offender,, important,,  would not,,  occurred,,,,,,,,,,,,,,,
Race and type of crime,,,, Total,,official,,matter,,unsuccessful,, enough,,  cover,,  until later,,,,,,,,,,,,,,,
,,,,,,,,,,,,,,,,,,,,,,,,,,,,,,,
White only,,,,,,,,,,,,,,,,,,,,,,,,,,,,,,,
                                            All Personal crimes                                                                         ,All personal crimes,,,100,%,16.2,,19.2,,16.8,,4.7,,0,*,0.7,*,0.4,*,1.7,,7.6,,3.9,,7.8,,5,,16,
,,,,,,,,,,,,,,,,,,,,,,,,,,,,,,,
                                     Crimes of violence                                                                                 ,Crimes of violence,,,100,%,16.6,,19.4,,16.6,,4.6,,0,*,0.6,*,0.3,*,1.6,*,7.5,,4,,8,,4.8,,16.1,
                                        Rape                                                                                             ,   Rape/sexual assaulta,,,100,%,13.4,*,21.1,*,21.1,*,0,*,0,*,0,*,0,*,3.7,*,4,*,6.9,*,18.5,*,0,*,11.3,*
                                        Robbery                                                                                          ,   Robbery,,,100,%,9.7,*,3.2,*,7,*,2.5,*,0,*,0,*,1.5,*,1.7,*,16.8,*,12.7,*,15,*,9.8,*,20.1,*
                                        Assault                                                                                         ,   Assault,,,100,%,17.4,,20.7,,17.2,,5,,0,*,0.6,*,0.2,*,1.5,*,6.8,,3.1,,6.9,,4.6,,15.9,
,Purse snatching/pocket picking,,,100,%,0,*,11.5,*,24.2,*,5.9,*,0,*,6.5,*,6.4,*,7.3,*,13.5,*,0,*,0,*,12.5,*,12.2,*
,,,,,,,,,,,,,,,,,,,,,,,,,,,,       ,,       ,
Black only,,,,,,,,,,,,,,,,,,,,,,,,,,,,,,,
,All personal crimes,,,100,%,30.4,,8.3,*,13.3,,3.1,*,0,*,1.4,*,0,,3.9,*,12.9,,0,*,2.7,*,6.2,*,17.7,
,,,,,,,,,,,,,,,,,,,,       ,,,,,,,,,,,
                                     Crimes of violence                                                                                  ,Crimes of violence,,,100,%,31.5,,8.6,*,11.7,,3.2,*,0,*,0,*,0,*,4.1,*,13.3,,0,*,2.8,*,6.4,*,18.4,
                                        Rape                                                                                             ,   Rape/sexual assaulta,,,100,%*,55.7,*,0,*,0,*,0,*,0,*,0,*,0,*,0,*,0,*,0,*,0,*,0,*,44.3,*
                                        Assault                                                                                          ,   Robbery,,,100,%,15.8,*,0,*,25.6,*,0,*,0,*,0,*,0,*,9.7,*,20.2,*,0,*,0,*,9.7,*,18.9,*
,   Assault,,,100,%,32.9,,12,*,9.3,*,4.5,*,0,*,0,*,0,*,3,*,13,*,0,*,3.9,*,6.2,*,15.1,*
,Purse snatching/pocket picking,,,100,%*,0,*,0,*,57.8,*,0,*,0,*,42.2,*,0,*,0,*,0,*,0,*,0,*,0,*,0,*
,,,,,,,,,,,,,,,,,,,,,,,,,,,,,,,
Note: Detail may not add to total shown because of rounding and because some respondents cited more than one reason for not reporting victimizations to the police. Excludes data on persons with race other than white only or black only.,,,,,,,,,,,,,,,,,,,,,,,,,,,,,,,
*Estimate is based on 10 or fewer sample cases.,,,,,,,,,,,,,,,,,,,,,,,,,,,,,,,
aIncludes verbal threats of rape and threats of sexual assault.,,,,,,,,,,,,,,,,,,,,,,,,,,,,,,,
