Bureau of Justice Statistics,,,,
"Filename: Criminal Victimization in the United States, 2008 Statistical Tables",,,,
"Table 78.Percent of victimizations in which injured victims had health insurance coverage or were eligible for public medical services, by selected characteristics of victims",,,,
"Report title: Criminal Victimization in the United States, 2008 Statistical Tables",,,,
Data sources: National Crime Victimization Survey,,,,
Author(s): Michael Rand and Jayne E. Robinson,,,,
Refer questions to: askbjs@usdoj.gov 202-307-0765,,,,
Date of version: 5/1/2011,,,,
,,,,
"Table 78. Personal crimes of violence, 2008:",,,,
,,,,
Percent of victimizations in which injured victims had health insurance coverage or,,,,
"were eligible for public medical services, by selected characteristics of victims",,,,
,,,,
,,,Percent of,
Characteristic,,,victimizations,
,,,,
Race,,,,
,All racesa  ,,62.7,%
,White only,,61.4,
,Black only,,70,
,,,,
Annual family incomeb,,,,
,"Less than $7,500",,48.7,*
,"$7,500-$14,999",,74.5,*
,"$15,000-$24,999",,68.2,
,"$25,000-$34,999",,12.6,*
,"$35,000-$49,999",,77.9,
,"$50,000-$74,999",,62.9,*
,"$75,000 or more",,82.4,
,,,,
Sex,,,,
,Male,,64.9,
,Female,,60.4,
,,,,
Age,,,,
,15-Dec,,76,
,16-19,,84.5,
,20-24,,47.7,
,25-34,,62.3,
,35-49,,57.4,
,50-64,,59.5,*
,65 or older,,65.7,*
,,,,
Note: Includes only those victimizations for which the victim received medical attention.,,,,
*Estimate is based on 10 or fewer sample cases.,,,,
"aIncludes data on persons of ""Other"" races and persons indicating two or more races, not shown separately.",,,,
bExcludes data on persons whose family income level was not ascertained.,,,,
