Bureau of Justice Statistics,,,,,,,,,,,,,
"Filename: Criminal Victimization in the United States, 2008 Statistical Tables",,,,,,,,,,,,,
"Table 93a.Number and percent distribution of victimizations reported to the police, by type of crime, and sex of head of household",,,,,,,,,,,,,
"Report title: Criminal Victimization in the United States, 2008 Statistical Tables",,,,,,,,,,,,,
Data sources: National Crime Victimization Survey,,,,,,,,,,,,,
Author(s): Michael Rand and Jayne E. Robinson,,,,,,,,,,,,,
Refer questions to: askbjs@usdoj.gov 202-307-0765,,,,,,,,,,,,,
Date of version: 5/1/2011,,,,,,,,,,,,,
,,,,,,,,,,,,,
"Table 93a. Property crimes, 2008:",,,,,,,,,,,,,
,,,,,,,,,,,,,
"Number and percent distribution of victimizations reported to the police, by type of crime,",,,,,,,,,,,,,
and sex of head of household,,,,,,,,,,,,,
,,,,,,,,,,,,,
,,Number and percent of all victimizations reported to the police,,,,,,,,,,,
,, Total ,,,,Male,,,,Female,,,
Type of crime,,Number,,Percent,,Number,,Percent,,Number,,Percent,
,,,,,,,,,,,,,
     Property crimes,,"6,573,830",,40.3,%,"3,315,380",,41.6,%,"3,258,450",,39,%
,,,,,,,,,,,,,
  Household burglary,,"1,792,630",,56.2,,"854,740",,59.7,,"937,890",,53.4,
      Completed,,"1,500,510",,57.7,,"718,760",,61,,"781,750",,55,
           Forcible entry,,"880,490",,73.9,,"425,020",,69.4,,"455,470",,78.7,
           Unlawful entry/without force,,"620,030",,44,,"293,740",,51.9,,"326,280",,38.7,
      Attempted forcible entry,,"292,120",,49.5,,"135,980",,53.7,,"156,140",,46.4,
  Motor vehicle theft,,"633,010",,79.6,,"338,030",,79.9,,"294,980",,79.3,
     Completed,,"540,550",,91.1,,"281,210",,90,,"259,340",,92.4,
     Attempted,,"92,460",,45.8,,"56,820",,51.3,,"35,640",*,39.1,*
  Theft,,"4,148,180",,33.6,,"2,122,610",,34.8,,"2,025,580",,32.5,
     Completed,,"3,928,190",,33.5,,"2,022,090",,34.8,,"1,906,090",,32.2,
          Less than $50,,"556,500",,19.5,,"324,830",,23.2,,"231,680",,15.9,
          $50 - $249,,"1,083,820",,26,,"503,790",,25.4,,"580,030",,26.5,
          $250 or more,,"1,762,440",,54,,"939,330",,54.5,,"823,110",,53.4,
          Amount not available,,"525,420",,36.3,,"254,150",,35.7,,"271,280",,36.9,
       Attempted,,"220,000",,37,,"100,510",,34.7,,"119,480",,39.2,
,,,,,,,,,,,,,
Note: Detail may not add to total shown because of rounding.,,,,,,,,,,,,,
*Estimate is based on 10 or fewer sample cases.,,,,,,,,,,,,,
