Bureau of Justice Statistics,,,,,,,,,,,
"Filename: Criminal Victimization in the United States, 2008 Statistical Tables",,,,,,,,,,,
Table 19. Victimization rates by type of crime and age of head of household,,,,,,,,,,,
"Report title: Criminal Victictimization in the United States, 2008 Statistical Tables",,,,,,,,,,,
Data sources: National Crime Victimization Survey,,,,,,,,,,,
Author(s): Michael Rand and Jayne E. Robinson,,,,,,,,,,,
Refer questions to: askbjs@usdoj.gov 202-307-0765,,,,,,,,,,,
Date of version: 5/1/2011,,,,,,,,,,,
,,,,,,,,,,,
"Table 19. Property crimes, 2008:",,,,,,,,,,,
,,,,,,,,,,,
"Victimization rates, by type of crime and age of head of household",,,,,,,,,,,
                                                                                                      ,,,,,,,,,,,
,,"Rate per 1,000 households",,,,,,,,,
Type of crime,,19-Dec,,20-34,,35-49,,50-64,,     65 or older,
,,,,,,,,,,,
,,,,,,,,,,,
Property crimes,,267.9,,187.9,,153.7,,118.7,,62.4,
,,,,,,,,,,,
  Household burglary,,48.4,,40.8,,25.7,,22.8,,14.9,
    Completed,,39.7,,31.7,,21.8,,18.7,,12.3,
      Forcible entry,,11.9,*,16.6,,10,,8.1,,4.2,
      Unlawful entry without force,,27.7,*,15.2,,11.8,,10.6,,8,
    Attempted forcible entry,,8.8,*,9,,3.9,,4.1,,2.6,
  Motor vehicle theft,,16.7,*,8.8,,7,,6.4,,3.1,
    Completed,,13,*,6.1,,5.9,,4.8,,1.8,
    Attempted,,3.7,*,2.7,,1.1,,1.6,,1.3,*
  Theft,,202.7,,138.4,,121,,89.4,,44.4,
    Completed,,197.9,,132.5,,115.1,,84.9,,41.5,
       Less than $50,,32.6,,29.8,,26.7,,22.7,,13,
       $50 - $249,,65.8,,48.3,,43,,29.5,,11.4,
       $250 or more,,80.2,,40.2,,31.2,,21,,11.2,
       Amount not available,,19.3,*,14.2,,14.3,,11.7,,5.9,
     Attempted,,4.8,*,5.9,,5.8,,4.6,,2.9,
,,,,,,,,,,,
Total number of households,,"1,267,680",,"26,940,670",,"36,190,160",,"32,253,420",,"24,489,120",
,,,,,,,,,,,
,,,,,,,,,,,
Note: Detail may not add to total shown because of rounding.,,,,,,,,,,,
*Estimate is based on 10 or fewer sample cases.,,,,,,,,,,,
