Bureau of Justice Statistics,,,,,,,,,,,,,,,,,,,,,,,,,,,,,,,,,,,,
"Filename: Criminal Victimization in the United States, 2008 Statistical Tables",,,,,,,,,,,,,,,,,,,,,,,,,,,,,,,,,,,,
"Table 75.Percent of victimizations in which victims sustained physical injury, by selected characteristics of victims and type of crime",,,,,,,,,,,,,,,,,,,,,,,,,,,,,,,,,,,,
"Report title: Criminal Victimization in the United States, 2008 Statistical Tables",,,,,,,,,,,,,,,,,,,,,,,,,,,,,,,,,,,,
Data sources: National Crime Victimization Survey,,,,,,,,,,,,,,,,,,,,,,,,,,,,,,,,,,,,
Author(s): Michael Rand and Jayne E. Robinson,,,,,,,,,,,,,,,,,,,,,,,,,,,,,,,,,,,,
Refer questions to: askbjs@usdoj.gov 202-307-0765,,,,,,,,,,,,,,,,,,,,,,,,,,,,,,,,,,,,
Date of version: 5/1/2011,,,,,,,,,,,,,,,,,,,,,,,,,,,,,,,,,,,,
,,,,,,,,,,,,,,,,,,,,,,,,,,,,,,,,,,,,
"Table 75. Personal robbery and assault, 2008:",,,,,,,,,,,,,,,,,,,,,,,,,,,,,,,,,,,\B,{GOTO}BA111~/RE{pgdn}{pgdn}{PGDN}{bigright}{bigright}~
,,,,,,,,,,,,,,,,,,,,,,,,,,,,,,,,,,,,{GOTO}BA111~/FCCE{ESC}{ESC}T:\csb-sh\ncvs\camtabs\2003tabs\2003ints\TAB065.WKS~{GOTO}BA151~/FCCE{ESC}{ESC}T:\csb-sh\ncvs\camtabs\2003tabs\2003ints\TAB066.WKS~
"Percent of victimizations in which victims sustained physical injury,",,,,,,,,,,,,,,,,,,,,,,,,,,,,,,,,,,,1,"{FOR NUM1,0,0,1,ENTSTAR1}{BRANCH ENTSTAR21}"
by selected characteristics of victims and type of crime,,,,,,,,,,,,,,,,,,,,,,,,,,,,,,,,,,,,
,,,,,,,,,,,,,,,,,,,,,,,,,,,,,,,,,,,,{GOTO}BA111~
,,,,,Percent of all victims who sustained physical injury,,,,,,,,,,,,,,,,,,,,,,,,,,,,,,,{DOWN (NUM1)}
,,,,,Robbery,,,,,,,,,,,,,,,,,,,,,,,,,,,,,,,"{IF @CELLPOINTER(""CONTENTS"")<=@@(""<<T:\csb-sh\ncvs\camtabs\thresh.wk4>>a21"")}{PUT ROCOL1,0,(NUM1),%*}"
Characteristic,,,,,and assault,,Robbery,,Assault,,,,,,,,,,,,,,,,,,,,,,,,,,,"{IF @CELLPOINTER(""CONTENTS"")>@@(""<<T:\csb-sh\ncvs\camtabs\thresh.wk4>>a21"")}{PUT ROCOL1,0,(NUM1),%}"
,,,,,,,,,,,,,,,,,,,,,,,,,,,,,,,,,,,,
,,,,,,,,,,,,,,,,,,,,,,,,,,,,,,,,,,,24,"{FOR NUM2,0,23,1,ENTSTAR2}{branch entstar31}"
,Total,,,,23.1,%,37.3,%,21.2,%,,,,,,,,,,,,,,,,,,,,,,,,,,
Sex,,,,,,,,,,,,,,,,,,,,,,,,,,,,,,,,,,,,
,,,Male,,21.4,,36.9,,19.1,,,,,,,,,,,,,,,,,,,,,,,,,,,{DOWN (NUM2)}
,,,Female,,25.2,,37.9,,23.7,,,,,,,,,,,,,,,,,,,,,,,,,,,"{IF @CELLPOINTER(""CONTENTS"")<=@@(""<<T:\csb-sh\ncvs\camtabs\thresh.wk4>>a21"")}{PUT ROCOL2,0,(NUM2),*}"
                                                                         ,,,,,,,,,,,,,,,,,,,,,,,,,,,,,,,,,,,,
Age,,,,,,,,,,,,,,,,,,,,,,,,,,,,,,,,,,,10,"{FOR NUM3,0,9,1,ENTSTAR3}{BRANCH ENTSTAR41}"
                                                                         ,,,15-Dec,,25.5,,37.7,*,23.6,,,,,,,,,,,,,,,,,,,,,,,,,,,
                                                                         ,,,16-19,,28.1,,46.4,,25.2,,,,,,,,,,,,,,,,,,,,,,,,,,,{GOTO}BA151~
                                                                         ,,,20-34,,27.4,,41,,25.5,,,,,,,,,,,,,,,,,,,,,,,,,,,{DOWN (NUM3)}
                                                                         ,,,35-49,,19.8,,32.3,,18,,,,,,,,,,,,,,,,,,,,,,,,,,,"{IF @CELLPOINTER(""CONTENTS"")<=@@(""<<T:\csb-sh\ncvs\camtabs\thresh.wk4>>a21"")}{PUT ROCOL3,0,(NUM3),*}"
                                                                         ,,,50-64,,11.8,,15.6,*,11.5,,,,,,,,,,,,,,,,,,,,,,,,,,,
                                                                         ,,,65 or older,,7.4,*,42,*,4.9,*,,,,,,,,,,,,,,,,,,,,,,,,,1,"{FOR NUM4,0,0,1,ENTSTAR4}{BRANCH ENTSTAR51}"
                                                                         ,,,,,,,,,,,,,,,,,,,,,,,,,,,,,,,,,,,,
Racea,,,,,,,,,,,,,,,,,,,,,,,,,,,,,,,,,,,,{GOTO}BA161~
,,,White only,,21.4,,34.7,,20,,,,,,,,,,,,,,,,,,,,,,,,,,,{DOWN (NUM4)}
,,,Black only,,26.6,,30.5,,25.4,,,,,,,,,,,,,,,,,,,,,,,,,,,"{IF @CELLPOINTER(""CONTENTS"")<=@@(""<<T:\csb-sh\ncvs\camtabs\thresh.wk4>>a21"")}{PUT ROCOL4,0,(NUM4),b%*}"
                                                                         ,,,,,,,,,,,,,,,,,,,,,,,,,,,,,,,,,,,,"{IF @CELLPOINTER(""CONTENTS"")>@@(""<<T:\csb-sh\ncvs\camtabs\thresh.wk4>>a21"")}{PUT ROCOL4,0,(NUM4),b%}"
Victim-offender,,,,,,,,,,,,,,,,,,,,,,,,,,,,,,,,,,,,
relationship,,,,,,,,,,,,,,,,,,,,,,,,,,,,,,,,,,,16,"{FOR NUM5,0,15,1,ENTSTAR5}{BRANCH ENTSTAR61}"
,,,Strangers,,18.4,,36.8,,14.9,,,,,,,,,,,,,,,,,,,,,,,,,,,
,,,Nonstrangers,,28,,38.5,,27.1,,,,,,,,,,,,,,,,,,,,,,,,,,,{GOTO}BA162~
                                                                         ,,,,,,,,,,,,,,,,,,,,,,,,,,,,,,,,,,,,{DOWN (NUM5)}
Annual family incomeb,,,,,,,,,,,,,,,,,,,,,,,,,,,,,,,,,,,,"{IF @CELLPOINTER(""CONTENTS"")<=@@(""<<T:\csb-sh\ncvs\camtabs\thresh.wk4>>a21"")}{PUT ROCOL5,0,(NUM5),*}"
,,,"Less than $7,500",,32.4,,29.7,*,32.9,,,,,,,,,,,,,,,,,,,,,,,,,,,
,,,"$7,500-$14,999",,20,,42.9,*,16.8,,,,,,,,,,,,,,,,,,,,,,,,,,1,"{FOR NUM6,0,0,1,ENTSTAR6}{branch entstar71}"
,,,"$15,000-$24,999",,23.1,,38,*,21.1,,,,,,,,,,,,,,,,,,,,,,,,,,,
,,,"$25,000-$34,999",,31.6,,25.4,*,32.7,,,,,,,,,,,,,,,,,,,,,,,,,,,{GOTO}BA151~
,,,"$35,000-$49,999",,21.9,,48.4,*,19.1,,,,,,,,,,,,,,,,,,,,,,,,,,,{DOWN (NUM6)}
,,,"$50,000-$74,999",,17.4,,75.9,*,12,,,,,,,,,,,,,,,,,,,,,,,,,,,"{IF @CELLPOINTER(""CONTENTS"")<=@@(""<<T:\csb-sh\ncvs\camtabs\thresh.wk4>>a21"")}{PUT ROCOL6,0,(NUM6),b%*}"
,,,"$75,000 or more",,21.6,,34.6,*,20,,,,,,,,,,,,,,,,,,,,,,,,,,,"{IF @CELLPOINTER(""CONTENTS"")>@@(""<<T:\csb-sh\ncvs\camtabs\thresh.wk4>>a21"")}{PUT ROCOL6,0,(NUM6),b%}"
,,,,,,,,,21.8,,,,,,,,,,,,,,,,,,,,,,,,,,,
*Estimate is based on 10 or fewer sample cases.,,,,,,,,,,,,,,,,,,,,,,,,,,,,,,,,,,,,
aExcludes data on persons with races other than white only or black only.,,,,,,,,,,,,,,,,,,,,,,,,,,,,,,,,,,,,
bExcludes data on persons whose family income level was not ascertained.,,,,,,,,,,,,,,,,,,,,,,,,,,,,,,,,,,,,{GOTO}BA152~
,,,,,,,,,,,,,,,,,,,,,,,,,,,,,,,,,,,,{DOWN (NUM7)}
,,,,,,,,,,,,,,,,,,,,,,,,,,,,,,,,,,,,"{IF @CELLPOINTER(""CONTENTS"")<=@@(""<<T:\csb-sh\ncvs\camtabs\thresh.wk4>>a21"")}{PUT ROCOL7,0,(NUM7),%*}"
,,,,,,,,,,,,,,,,,,,,,,,,,,,,,,,,,,,,"{IF @CELLPOINTER(""CONTENTS"")>@@(""<<T:\csb-sh\ncvs\camtabs\thresh.wk4>>a21"")}{PUT ROCOL7,0,(NUM7),%}"
,,,,,,,,,,,,,,,,,,,,,,,,,,,,,,,,,,,,
,,,,,,,,,,,,,,,,,,,,,,,,,,,,,,,,,,,1,"{FOR NUM8,0,0,1,ENTSTAR8}{BRANCH ENTSTAR91}"
