Bureau of Justice Statistics,,,,,,,,,,,,,,,,,,,,,,,,,,,,,,,,,,,,,,,,,,,
"Filename: Criminal Victimization in the United States, 2008 Statistical Tables",,,,,,,,,,,,,,,,,,,,,,,,,,,,,,,,,,,,,,,,,,,
"Table 108.Percent distribution of incidents, by police activity during initial contact with victim and type of crime",,,,,,,,,,,,,,,,,,,,,,,,,,,,,,,,,,,,,,,,,,,
"Report title: Criminal Victimization in the United States, 2008 Statistical Tables",,,,,,,,,,,,,,,,,,,,,,,,,,,,,,,,,,,,,,,,,,,
Data sources: National Crime Victimization Survey,,,,,,,,,,,,,,,,,,,,,,,,,,,,,,,,,,,,,,,,,,,
Author(s): Michael Rand and Jayne E. Robinson,,,,,,,,,,,,,,,,,,,,,,,,,,,,,,,,,,,,,,,,,,,
Refer questions to: askbjs@usdoj.gov 202-307-0765,,,,,,,,,,,,,,,,,,,,,,,,,,,,,,,,,,,,,,,,,,,
Date of version: 5/1/2011,,,,,,,,,,,,,,,,,,,,,,,,,,,,,,,,,,,,,,,,,,,
,,,,,,,,,,,,,,,,,,,,,,,,,,,,,,,,,,,,,,,,,,,
"Table 108. Personal and property crimes, 2008:",,,,,,,,,,,,,,,,,,,,,,,,,,,,,,,,,,,,,,,,,,":pltfCriminal Victimization in the United States, 1989  #~qmb.5~qqss",":pltf||Criminal Victimization in the United States, 1989  #~qmb.5~qqss"
,,,,,,,,,,,,,,,,,,,,,,,,,,,,,,,,,,,,,,,,,,,
"Percent distribution of incidents, by police activity",,,,,,,,,,,,,,,,,,,,,,,,,,,,,,,,,,,,,,,,,,,
during initial contact with victim and type of crime,,,,,,,,,,,,,,,,,,,,,,,,,,,,,,,,,,,,,,,,,,,
,,,,,,,,,,,,,,,,,,,,,,,,,,,,,,,,,,,,,,,,,,,
,,,,,Percent of incidents,,,,,,,,,,,,,,,,,,,,,,,,,,,,,,,,,,,,,,
,,,,,,,,,,,,,Questioned,,,,,,,,Other actions,,Don't know,,Not applicable,,,,,,,,,,,,,,,,,,
                                                                                               ,,,,,,,Took,,Looked,,Took,,witnesses/,,Promised,,Promised to,,Made,,,,,,,,,,,,,,,,,,,,,,,,
Type of crime,,,,, Total,,report,,around,,evidence,,suspects,,surveillance,,investigate,,arrest,,,,,,,,,,,,,,,,,,,,,,,,
,,,,,,,,,,,,,,,,,,,,,,,,,,,,,,,,,,,,,,,,,,,
Crimes of violencea,,,,,100,%,43,,9.2,,3.4,,17.3,,1.5,,5.1,,11.6,,6.7,,1.3,,0.9,,,,,,,,,,,,,,,,,,
,,,,,,,,,,,,,,,,,,,,,,,,,,,,,,,,,,,,,,,,,,,
   Robbery,,,,,100,%,44.2,,16,,5,*,11.7,,0.3,*,9.6,,7.1,,4.3,*,1,*,0.7,*,,,,,,,,,,,,,,,,,
   Aggravated assault,,,,,100,%,42.7,,11.2,,3.3,*,17,,0.6,*,3.5,*,12.6,,7.1,,0.7,*,1.3,*,,,,,,,,,,,,,,,,,
   Simple assault,,,,,100,%,42.1,,6.3,,2.9,,19.7,,1.8,*,4.1,,13.1,,7.3,,1.8,*,0.9,*,,,,,,,,,,,,,,,,,
Purse snatching/pocket picking,,,,,100,%,54.2,,16.8,*,2.6,*,9.5,*,0,*,9.9,*,0,*,3.9,*,2.9,*,0,*,,,,,,,,,,,,,,,,,
,,,,,,,,,,,,,,,,,,,,,,,,,,,,,,,,,,,,,,,,,,,
Property crimes,,,,,100,%,48.1,,18.5,,8.2,,6.5,,2.6,,8.8,,1.7,,2.3,,1.6,,1.6,,,,,,,,,,,,,,,,,,
,,,,,,,,,,,,,,,,,,,,,,,,,,,,,,,,,,,,,,,,,,,
   Household burglary,,,,,100,%,40.5,,23.1,,12.7,,6.4,,3.1,,7.7,,1.9,,1.5,,1.1,,1.9,,,,,,,,,,,,,,,,,,
   Motor vehicle theft,,,,,100,%,58.7,,13.8,,2.5,*,4.8,,1.9,*,13.1,,1.4,*,2.2,*,0.7,*,0.8,*,,,,,,,,,,,,,,,,,
   Theft,,,,,100,%,51.6,,15.9,,6.1,,6.9,,2.4,,8.9,,1.6,,2.9,,2.1,,1.6,,,,,,,,,,,,,,,,,,
,,,,,,,,,,,,,,,,,,,,,,,,,,,,,,,,,,,,,,,,,,,
Note: Detail may not add to total shown because of rounding.,,,,,,,,,,,,,,,,,,,,,,,,,,,,,,,,,,,,,,,,,,,
*Estimate is based on 10 or fewer sample cases.,,,,,,,,,,,,,,,,,,,,,,,,,,,,,,,,,,,,,,,,,,,
"aCrimes of violence includes data on rape and sexual assault, not shown separately.",,,,,,,,,,,,,,,,,,,,,,,,,,,,,,,,,,,,,,,,,,,
