Bureau of Justice Statistics,,,,,,,,,,,,,
"Filename: Criminal Victimization in the United States, 2008 Statistical Tables",,,,,,,,,,,,,
"Table 21. Victimization rates, by race of head of household, annual family income, and type of household burglary",,,,,,,,,,,,,
"Report title: Criminal Victimization in the United States, 2008 Statistical Tables",,,,,,,,,,,,,
Data sources: National Crime Victimization Survey,,,,,,,,,,,,,
Author(s): Michael Rand and Jayne E. Robinson,,,,,,,,,,,,,
Refer questions to: askbjs@usdoj.gov 202-307-0765,,,,,,,,,,,,,
Date of version: 5/1/2011,,,,,,,,,,,,,
,,,,,,,,,,,,,
,,,,,,,,,,,,,
"Table 21. Household burglary, 2008:",,,,,,,,,,,,,
,,,,,,,,,,,,,
"Victimization rates, by race of head of household,",,,,,,,,,,,,,
"annual family income, and type of household burglary",,,,,,,,,,,,,
       ,,,,,,,,,,,,,
                                                                                          ,,,,,"Rate per 1,000 households",,,,,,,,
,,,,,,,Completed household burglary,,,,,,
,,,Total,,All household,,Forcible,,Unlawful entry,,,Attempted,
Race and income,,,households,,burglaries,,entry,,without force,,,forcible entry,
,,,,,,,,,,,,,
White only,,,,,,,,,,,,,
,"Less than $7,500",,"2,673,730",,55.7,,20.5,,19.7,,,15.5,
,"$7,500-$14,999",,"4,729,720",,43.8,,13.8,,18.8,,,11.2,
,"$15,000-$24,999",,"7,363,900",,29.1,,8,,17.1,,,4.1,*
,"$25,000-$34,999",,"7,962,820",,29.7,,12.3,,11.9,,,5.5,
,"$35,000-$49,999",,"11,096,710",,25.7,,8.5,,11.3,,,5.9,
,"$50,000-$74,999",,"12,518,470",,18.2,,6.5,,8.5,,,3.2,
,"$75,000 or more",,"21,088,210",,15.6,,6.4,,8,,,1.2,*
,,,,,,,,,,,,,
Black only,,,,,,,,,,,,,
,"Less than $7,500",,"1,123,080",,74.7,,33.7,,21.4,*,,19.6,*
,"$7,500-$14,999",,"1,228,080",,65.7,,24.5,*,20.6,*,,20.6,*
,"$15,000-$24,999",,"1,516,710",,44.2,,24,*,8.2,*,,12,*
,"$25,000-$34,999",,"1,416,590",,57.2,,28.1,,16.7,*,,12.4,*
,"$35,000-$49,999",,"1,699,480",,34.5,,10.8,*,11,*,,12.7,*
,"$50,000-$74,999",,"1,270,070",,50.3,,18.6,*,26.3,*,,5.4,*
,"$75,000 or more",,"1,449,740",,23.3,*,10.7,*,8.1,*,,4.5,*
,,,,,,,,,,,,,
,,,,,,,,,,,,,
Note: Detail may not add to total shown because of rounding.,,,,,,,,,,,,,
"Excludes data on families whose income level was not ascertained and data on persons of ""Other"" races.",,,,,,,,,,,,,
*Estimate is based on 10 or fewer sample cases.,,,,,,,,,,,,,
