Bureau of Justice Statistics,,,,,,,,,,,,
"Filename: Criminal Victimization in the United States, 2008 Statistical Tables",,,,,,,,,,,,
"Table 100.Percent of victimizations reported to the police, by value of loss and type of crime",,,,,,,,,,,,
"Report title: Criminal Victimization in the United States, 2008 Statistical Tables",,,,,,,,,,,,
Data sources: National Crime Victimization Survey,,,,,,,,,,,,
Author(s): Michael Rand and Jayne E. Robinson,,,,,,,,,,,,
Refer questions to: askbjs@usdoj.gov 202-307-0765,,,,,,,,,,,,
Date of version: 5/1/2011,,,,,,,,,,,,
,,,,,,,,,,,,
"Table 100. Property crimes, 2008:",,,,,,,,,,,,
,,,,,,,,,,,,
"Percent of victimizations reported to the police,",,,,,,,,,,,,
by value of loss and type of crime,,,,,,,,,,,,
,,,,,,,,,,,,
,,,,,Percent of all victimizations reported to the police,,,,,,,
,,,,,All,,,,Motor,,,
,,,,,property ,,Household,,vehicle,,,
Value of lossa,,,,,crimes,,burglary,,theft,,Theft,
,,,,,,,,,,,,
,,,,,,,,,,,,
All lossesb,,,,,39.6,%,58.9,%,91.1,%,33.5,%
,Less than $10c,,,,27.6,,66.1,*,0,*,25.7,
,$10 -$49,,,,17,,13.9,*,0,*,17.3,
,$50-$99,,,,21.8,,32.6,*,49.9,*,20.9,
,$100-$249,,,,29.8,,40.5,,0,*,28.5,
,$250-$499,,,,46.4,,48.4,,65,*,45.9,
,$500-$999,,,,52.7,,67.9,,60.6,*,47.7,
,"$1,000 or more",,,,79.6,,82.4,,92.8,,71.2,
,,,,,,,,,,,,
*Estimate is based on 10 or fewer sample cases.,,,,,,,,,,,,
aThe proportions refer only to losses of cash and/or property and exclude the value of property damage.,,,,,,,,,,,,
bIncludes data for victims who did not provide a specific value for their losses.,,,,,,,,,,,,
cIncludes items that had no value.,,,,,,,,,,,,
