Bureau of Justice Statistics,,,,,,,,,,,,,
"Filename: Criminal Victimization in the United States, 2008 Statistical Tables",,,,,,,,,,,,,
"Table 24. Victimization rates per 1,000 households by type of crime and number of persons in household",,,,,,,,,,,,,
"Report title: Criminal Victimization in the United States, 2008 Statistical Tables",,,,,,,,,,,,,
Data sources: National Crime Victimization Survey,,,,,,,,,,,,,
Author(s): Michael Rand and Jayne E. Robinson,,,,,,,,,,,,,
Refer questions to: askbjs@usdoj.gov 202-307-0765,,,,,,,,,,,,,
Date of version: 5/1/2011,,,,,,,,,,,,,
,,,,,,,,,,,,,
"Table 24. Property crimes, 2008:",,,,,,,,,,,,,
,,,,,,,,,,,,,
"Victimization rates per 1,000 households by type of crime ",,,,,,,,,,,,,
and number of persons in household,,,,,,,,,,,,,
,,,,,,,,,,,,,
                                                                                           ,,,,Number of persons in household,,,,,,,,,
Type of crime,,,,One,,Two-three,,Four-five,,Six or more,,,
,,,,,,,,,,,,,
Property crimes,,,,100.3,,122.2,,197,,273.9,,,
                                                                                           ,,,,,,,,,,,,,
  Household burglary,,,,27.4,,22.1,,33.3,,41,,,
    Completed,,,,21.6,,17.8,,28.9,,33.8,,,
      Forcible entry,,,,10.7,,8.5,,11.3,,14.4,,,
      Unlawful entry without force,,,,10.9,,9.3,,17.6,,19.4,,,
    Attempted forcible entry,,,,5.9,,4.3,,4.4,,7.2,*,,
  Motor vehicle theft,,,,4.7,,6.1,,9.1,,15.7,,,
    Completed,,,,3.7,,4.6,,6.6,,10.2,*,,
    Attempted,,,,1,*,1.5,,2.6,,5.5,*,,
  Theft,,,,68.2,,94,,154.6,,217.1,,,
    Completed,,,,64.7,,89.3,,147.5,,208.2,,,
       Less than $50,,,,18,,21.4,,35.2,,40.9,,,
       $50 - $249,,,,20.9,,31.7,,53.7,,86.1,,,
       $250 or more,,,,17.3,,26,,38.7,,60.1,,,
       Amount not available,,,,8.5,,10.3,,19.9,,21.2,,,
     Attempted,,,,3.5,,4.7,,7.1,,9,*,,
,,,,,,,,,,,,,
Total number of households,,,,"34,561,280",,"60,022,010",,"22,868,210",,"3,689,560",,,
,,,,,,,,,,,,,
,,,,,,,,,,,,,
Note: Detail may not add to total shown because of rounding. Excludes data on households where the number of persons was not ascertained.,,,,,,,,,,,,,
*Estimate is based on 10 or fewer sample cases.,,,,,,,,,,,,,
,,,,,,,,,,,,,
,,,,,,,,,,,,,
,,,,,,,,,,,,, 
