Bureau of Justice Statistics,,,,,,,,,,,,,,,,,,,,
"Filename: Criminal Victimization in the United States, 2008 Statistical Tables",,,,,,,,,,,,,,,,,,,,
Table 74.Percent distribution of victimizations in which self-protective measures taken by the victim were harmful,,,,,,,,,,,,,,,,,,,,
"Report title: Criminal Victimization in the United States, 2008 Statistical Tables",,,,,,,,,,,,,,,,,,,,
Data sources: National Crime Victimization Survey,,,,,,,,,,,,,,,,,,,,
Author(s): Michael Rand and Jayne E. Robinson,,,,,,,,,,,,,,,,,,,,
Refer questions to: askbjs@usdoj.gov 202-307-0765,,,,,,,,,,,,,,,,,,,,
Date of version: 5/1/2011,,,,,,,,,,,,,,,,,,,,
,,,,,,,,,,,,,,,,,,,,
"Table 74. Personal crimes of violence, 2008:",,,,,,,,,,,,,,,,,,,,
,,,,,,,,,,,,,,,,,,,,
Percent distribution of victimizations in which,,,,,,,,,,,,,,,,,,,,
self-protective measures taken by the victim were harmful,,,,,,,,,,,,,,,,,,,,
,,,,,,,,,,,,,,,,,,,,
,,,,,Percent of victimizations,,,,,,,,,,,,,,,
,,,,,,,Made,,Led to ,,  Caused,,,,,,Made,,,
       ,,,,,,,offender,,injury or,,  greater,,  Caused,,  Let,,situation,,,
                                                                                                                            ,,,Number of,,,,"angrier, more",,greater,,  property,,  others to,,  offender,,worse in,,  Not,
Type of crime,,,victimizations,, Total,,aggressive,,injury,,  damage,,  get hurt,,  get away,,other ways,,  available,
,,,,,,,,,,,,,,,,,,,,
,,,,,,,,,,,,,,,,,,,,
Crimes of violencea,,,"372,170",,100,%,66.1,,15.1,,1.2,*,3.7,*,3,*,9.8,*,1.1,*
,,,,,,,,,,,,,,,,,,,,
   Robbery,,,"55,880",,100,%,48.6,*,41.5,*,0,*,9.8,*,0,*,0,*,0,*
   Assault,,,"298,390",,100,%,68.5,,10,*,1.4,*,2.8,*,3.8,*,12.2,*,1.4,*
      Aggravated,,,"59,180",,100,%,57.9,*,23.2,*,0,*,7.6,*,0,*,4.4,*,6.9,*
      Simple,,,"239,210",,100,%,71.1,,6.7,*,1.8,*,1.6,*,4.7,*,14.1,*,0,*
Note: Detail may not add to total shown because of rounding. Excludes victimizations in which no self-protective action was taken.,,,,,,,,,,,,,,,,,,,,
*Estimate is based on 10 or fewer sample cases.,,,,,,,,,,,,,,,,,,,,
"aIncludes data on rape and sexual assault, not shown separately.",,,,,,,,,,,,,,,,,,,,
