Bureau of Justice Statistics,,,,,,,,,,,,,,,,,,
"Filename: Criminal Victimization in the United States, 2008 Statistical Tables",,,,,,,,,,,,,,,,,,
"Table 25. Victimization rates per 1,000 households, by type of crime and number of units in structure occupied by household",,,,,,,,,,,,,,,,,,
"Report title: Criminal Victimization in the United States, 2008 Statistical Tables",,,,,,,,,,,,,,,,,,
Data sources: National Crime Victimization Survey,,,,,,,,,,,,,,,,,,
Author(s): Michael Rand and Jayne E. Robinson,,,,,,,,,,,,,,,,,,
Refer questions to: askbjs@usdoj.gov 202-307-0765,,,,,,,,,,,,,,,,,,
Date of version: 5/1/2011,,,,,,,,,,,,,,,,,,
,,,,,,,,,,,,,,,,,,
,,,,,,,,,,,,,,,,,,
"Victimization rates per 1,000 U.S. households, by type of crime and number of units",,,,,,,,,,,,,,,,,,
in structure occupied by household,,,,,,,,,,,,,,,,,,
,,,,,,,,,,,,,,,,,,
                                                                                                      ,,,,,Number of units in housing structure,,,,,,,,,,,,,
,,,,,,,,,,,,,,,,,     Other than,
Type of crime,,,,,Onea,,Two,,Three,,Four,,     Five-nine,,    Ten or more,,     housing unit  ,
,,,,,,,,,,,,,,,,,,
Property crimes,,,,,131.7,,151.4,,178.9,,149.2,,144,,132.5,,266.8,
                                                                                           ,,,,,,,,,,,,,,,,,,
  Household burglary,,,,,25.8,,38,,54,,25.6,,26.4,,22.4,,0,*
    Completed,,,,,21.5,,29.6,,42.3,,20.8,,19.7,,16.7,,0,*
      Forcible entry,,,,,9.8,,13.2,,16.6,*,9,*,12.1,,7.5,,0,*
      Unlawful entry without force,,,,,11.7,,16.4,,25.7,,11.8,,7.6,,9.3,,0,*
    Attempted forcible entry,,,,,4.3,,8.4,,11.7,*,4.8,*,6.7,,5.6,,0,*
  Motor vehicle theft,,,,,6,,5.1,*,16.2,*,8.7,*,8,,8.2,,37.1,*
    Completed,,,,,4.7,,2.2,*,10.1,*,5.7,*,6.2,*,5.6,,19.9,*
    Attempted,,,,,1.3,,2.9,*,6.1,*,3,*,1.8,*,2.6,,17.2,*
  Theft,,,,,99.9,,108.2,,108.8,,114.8,,109.6,,101.9,,229.7,
    Completed,,,,,95.1,,101.3,,108.8,,111.3,,103.3,,96.7,,229.7,
       Less than $50,,,,,24.2,,22.6,,17.8,*,22.2,,23.6,,20.9,,67,*
       $50 - $249,,,,,34,,33,,47.1,,38.7,,37.4,,32.8,,94.6,*
       $250 or more,,,,,25.7,,25.2,,22.1,*,36.1,,31.8,,31.8,,37.8,*
       Amount not available,,,,,11.3,,20.5,,21.8,*,14.2,,10.5,,11.3,,30.2,*
     Attempted,,,,,4.8,,7,,0,*,3.6,*,6.3,*,5.2,,0,*
,,,,,,,,,,,,,,,,,,
Total number of households,,,,"89,304,410",,,"5,856,960",,"1,631,790",,"3,521,580",,"5,788,720",,"14,810,340",,"227,260",
,,,,,,,,,,,,,,,,,,
,,,,,,,,,,,,,,,,,,
Note: Detail may not add to total shown because of rounding. Excludes data on households for which the number of units in the structure was not ascertained.,,,,,,,,,,,,,,,,,,
*Estimate is based on 10 or fewer sample cases.,,,,,,,,,,,,,,,,,,
"aIncludes data on mobile homes, which are not shown separately.",,,,,,,,,,,,,,,,,,
