Bureau of Justice Statistics,,,,,,,,,,,,,,,,,,,,,,,,,,,
"Filename: Criminal Victimization in the United States, 2008 Statistical Tables",,,,,,,,,,,,,,,,,,,,,,,,,,,
"Table 12.  Victimization rates for persons age 12 and over, by sex and marital status of victims and type of crime",,,,,,,,,,,,,,,,,,,,,,,,,,,
"Report title: Criminal Victictimization in the United States, 2008 Statistical Tables",,,,,,,,,,,,,,,,,,,,,,,,,,,
Data sources: National Crime Victimization Survey,,,,,,,,,,,,,,,,,,,,,,,,,,,
Author(s): Michael Rand and Jayne E. Robinson,,,,,,,,,,,,,,,,,,,,,,,,,,,
Refer questions to: askbjs@usdoj.gov 202-307-0765,,,,,,,,,,,,,,,,,,,,,,,,,,,
Date of version: 5/1/2011,,,,,,,,,,,,,,,,,,,,,,,,,,,
,,,,,,,,,,,,,,,,,,,,,,,,,,,
"Table 12. Personal crimes, 2008:",,,,,,,,,,,,,,,,,,,,,,,,,,,
,,,,,,,,,,,,,,,,,,,,,,,,,,,
"Victimization rates for persons age 12 and over, by sex and marital status of victims and type of crime",,,,,,,,,,,,,,,,,,,,,,,,,,,
                                                                                                                                          ,,,,,,,,,,,,,,,,,,,,,,,,,,,
,,,,"Rate per 1,000 persons age 12 or older",,,,,,,,,,,,,,,,,,,,,,,
,,,,Crimes,,,,Attempted/,,Rape/,,Robbery,,,,,,,,,,,,,,Purse,
Victim's sex ,,,Total,   of,,Completed,,threatened,,sexual,,,,With,,Without,,,Assault,,,,,,,snatching/,
and marital status,,,population,   violence,,violence,,violence,,assaulta,,Total,,injury,,injury,,,Total,,Aggravated,,Simple,,,pocket picking,
,,,,,,,,,,,,,,,,,,,,,,,,,,,
,,,,,,,,,,,,,,,,,,,,,,,,,,,
Male,,,,,,,,,,,,,,,,,,,,,,,,,,,
,Never married,,"43,924,040",36.7,,10.8,,25.9,,0.6,*,5.6,,2.1,,3.6,,,30.4,,5.8,,24.7,,,1.2,
,Married,,"63,794,520",9.9,,1.6,,8.3,,0,*,0.7,,0.3,*,0.4,*,,9.2,,2.1,,7,,,0.1,*
,Widowed,,"2,893,660",7.1,*,0,*,7.1,*,0,*,0,*,0,*,0,*,,7.1,*,3.9,*,3.2,*,,0,*
,Divorced or separated,,"11,551,360",30.9,,6.8,,24.1,,1,*,3,*,1,*,2,*,,26.9,,6.5,,20.4,,,0.9,*
,,,,,,,,,,,,,,,,,,,,,,,,,,,
Female,,,,,,,,,,,,,,,,,,,,,,,,,,,
,Never married,,"38,075,520",31.3,,10.5,,20.8,,2.9,,3,,1,,1.9,,,25.4,,6.2,,19.2,,,0.7,*
,Married,,"62,746,320",7.3,,1.7,,5.6,,0.4,*,0.7,,0.2,*,0.5,*,,6.1,,1,,5.1,,,0.3,*
,Widowed,,"11,098,520",4.9,,1.2,*,3.7,,0.3,*,0,*,0,*,0,*,,4.6,,0.9,*,3.7,,,0.6,*
                                                                                                                                          ,Divorced or separated,,"16,161,330",32.1,,11.3,,20.8,,1.2,*,4,,1.9,*,2.1,*,,26.9,,3.3,,23.7,,,0.9,*
,,,,,,,,,,,,,,,,,,,,,,,,,,,
Note: Detail may not add to total shown because of rounding. Excludes data on persons whose marital status was not ascertained.,,,,,,,,,,,,,,,,,,,,,,,,,,,
*Estimate is based on 10 or fewer sample cases.,,,,,,,,,,,,,,,,,,,,,,,,,,,
aIncludes verbal threats of rape and threats of sexual assault.,,,,,,,,,,,,,,,,,,,,,,,,,,,
