Bureau of Justice Statistics,,,,,,,,,,,,,,,,,,,,,,,,,,,,,,,,,,,
"Filename: Criminal Victimization in the United States, 2008 Statistical Tables",,,,,,,,,,,,,,,,,,,,,,,,,,,,,,,,,,,
"Table 109.Percent distribution of the kind of agency providing assistance, by type of crime",,,,,,,,,,,,,,,,,,,,,,,,,,,,,,,,,,,
"Report title: Criminal Victimization in the United States, 2008 Statistical Tables",,,,,,,,,,,,,,,,,,,,,,,,,,,,,,,,,,,
Data sources: National Crime Victimization Survey,,,,,,,,,,,,,,,,,,,,,,,,,,,,,,,,,,,
Author(s): Michael Rand and Jayne E. Robinson,,,,,,,,,,,,,,,,,,,,,,,,,,,,,,,,,,,
Refer questions to: askbjs@usdoj.gov 202-307-0765,,,,,,,,,,,,,,,,,,,,,,,,,,,,,,,,,,,
Date of version: 5/1/2011,,,,,,,,,,,,,,,,,,,,,,,,,,,,,,,,,,,
,,,,,,,,,,,,,,,,,,,,,,,,,,,,,,,,,,,
"Table 109. Personal and property crimes, 2008:",,,,,,,,,,,,,,,,,,,,,,,,,,,,,,,,,,":pltfCriminal Victimization in the United States, 1989  #~qmb.5~qqss",":pltf||Criminal Victimization in the United States, 1989  #~qmb.5~qqss"
,,,,,,,,,,,,,,,,,,,,,,,,,,,,,,,,,,,
"Percent distribution of the kind of agency providing assistance, by type of crime",,,,,,,,,,,,,,,,,,,,,,,,,,,,,,,,,,,
,,,,,,,,,,,,,,,,,,,,,,,,,,,,,,,,,,,
,,,,,Percent of agency type providing assistance,,,,,,,,,,,,,,,,,,,,,,,,,,,,,,
,,,,,,,,,,,Don't know,,Received,,Don't know,,,,,,,,,,,,,,,,,,,,
 ,,,Number of,,,,,,,,type of,,no,,if assistance,,        Not,,,,,,,,,,,,,,,,,,
Type of crime,,,victimizations,,Total,,Government,,Private,,agency,,assistance,,was provided,,        applicable,,,,,,,,,,,,,,,,,,
,,,,,,,,,,,,,,,,,,,,,,,,,,,,,,,,,,,
Personal crimes,,,,,,,,,,,,,,,,,,,,,,,,,,,,,,,,,,,
,,,"4,993,220",,100,%,4.3,,1.3,,1,,92.1,,0.9,,0.4,*,,,,,,,,,,,,,,,,,
Crimes of violence,,,,,,,,,,,,,,,,,,,,,,,,,,,,,,,,,,,
   Completed violence,,,"4,856,510",,100,%,4.4,,1.3,,0.9,,92,,1,,0.4,*,,,,,,,,,,,,,,,,,
   Attempted/threatened violence,,,"1,362,210",,100,%,7.8,,1.7,*,1.2,*,87.3,,1.4,*,0.7,*,,,,,,,,,,,,,,,,,
   Rape/sexual assaulta,,,"3,494,300",,100,%,3.1,,1.1,,0.8,*,93.9,,0.8,*,0.3,*,,,,,,,,,,,,,,,,,
   Robbery,,,"203,830",,100,%,5.9,*,8.8,*,3,*,82.3,,0,*,0,*,,,,,,,,,,,,,,,,,
   Assault,,,"551,830",,100,%,8.3,,1.3,*,0,*,87.9,,2.4,*,0,*,,,,,,,,,,,,,,,,,
      Aggravated,,,"4,100,850",,100,%,3.8,,0.9,*,0.9,,93.1,,0.8,*,0.4,*,,,,,,,,,,,,,,,,,
      Simple,,,"839,940",,100,%,5.8,,1.6,*,1.2,*,90,,1,*,0.5,*,,,,,,,,,,,,,,,,,
Purse snatching/,,,"3,260,920",,100,%,3.3,,0.7,*,0.9,,93.9,,0.8,*,0.4,*,,,,,,,,,,,,,,,,,
  pocket picking,,,"136,710",,100,%,0,*,2.3,*,2.6,*,95,,0,*,0,*,,,,,,,,,,,,,,,,,
,,,,,,,,,,,,,,,,,,,,,,,,,,,,,,,,,,,
Property crimes,,,,,,,,,,,,,,,,,,,,,,,,,,,,,,,,,,,
,,,"16,319,180",,100,%,0.6,,0.6,,0.2,*,98,,0.5,,0.1,*,,,,,,,,,,,,,,,,,
Household burglary,,,,,,,,,,,,,,,,,,,,,,,,,,,,,,,,,,,
Motor vehicle theft,,,"3,188,620",,100,%,1.1,*,0.6,*,0.3,*,97.5,,0.3,*,0.3,*,,,,,,,,,,,,,,,,,
Theft,,,"795,160",,100,%,1,*,0,*,0,*,98.2,,0.7,*,0,*,,,,,,,,,,,,,,,,,
,,,"12,335,400",,100,%,0.5,,0.7,,0.2,*,98.2,,0.5,,0.1,*,,,,,,,,,,,,,,,,,
,,,,,,,,,,,,,,,,,,,,,,,,,,,,,,,,,,,
Note: Detail may not add to total shown because of rounding.,,,,,,,,,,,,,,,,,,,,,,,,,,,,,,,,,,,
*Estimate is based on 10 or fewer sample cases.,,,,,,,,,,,,,,,,,,,,,,,,,,,,,,,,,,,
aIncludes verbal threats of rape and threats of sexual assault.,,,,,,,,,,,,,,,,,,,,,,,,,,,,,,,,,,,
