Bureau of Justice Statistics,,,,,,,,,,,,,,,,,,,,,,,
"Filename: Criminal Victimization in the United States, 2008 Statistical Tables",,,,,,,,,,,,,,,,,,,,,,,
"Table 13.  Victimization rates for persons age 12 and over, by sex and marital status of victims and type of crime",,,,,,,,,,,,,,,,,,,,,,,
"Report title: Criminal Victictimization in the United States, 2008 Statistical Tables",,,,,,,,,,,,,,,,,,,,,,,
Data sources: National Crime Victimization Survey,,,,,,,,,,,,,,,,,,,,,,,
Author(s): Michael Rand and Jayne E. Robinson,,,,,,,,,,,,,,,,,,,,,,,
Refer questions to: askbjs@usdoj.gov 202-307-0765,,,,,,,,,,,,,,,,,,,,,,,
Date of version: 51/2011,,,,,,,,,,,,,,,,,,,,,,,
,,,,,,,,,,,,,,,,,,,,,,,
"Table 13. Personal crimes, 2008:",,,,,,,,,,,,,,,,,,,,,,,
,,,,,,,,,,,,,,,,,,,,,,,
"Victimization rates for persons age 12 or older, by sex of head of household, ",,,,,,,,,,,,,,,,,,,,,,,
"relationship of victims to head of household, and type of crime",,,,,,,,,,,,,,,,,,,,,,,
,,,,,,,,,,,,,,,,,,,,,,,
,,,,,"Rate per 1,000 persons age 12 or older",,,,,,,,,,,,,,,,,,
,,,,,Crimes,,,,Attempted/,,Rape/,,Robbery,,,,,,,,,,Purse snatching/ pocket picking
Sex of head of household and,,,Total,,of,,Completed,,threatened,,sexual,,,,With,,Without,,Assault,,,,
relationship of victim to head,,,population,,violence,,violence,,violence,,assaulta,,Total,,injury,,injury,,Total,     Aggravated,Simple,,
,,,,,,,,,,,,,,,,,,,,,,,
Households headed by males,,,,,,,,,,,,,,,,,,,,,,,
    All male heads,,,"64,038,780",,17.9,,4.1,,13.8,,0.2,*,2,,0.6,*,1.4,,15.7,3.1,12.6,,0.6
Male heads living alone,,,"17,335,290",,28.8,,7.3,,21.4,,0.7,*,3.3,,0.7,*,2.6,,24.7,4.7,20.1,,1.8*
Male heads living with others,,,"46,703,490",,13.9,,2.9,,11,,0.1,*,1.4,,0.5,*,0.9,,12.3,2.5,9.8,,0.2*
,Wives,,"33,439,070",,5.8,,1.4,,4.4,,0.5,*,0.9,*,0.2,*,0.7,*,4.4,0.7*,3.7,,0.4*
,Own children under 18,,"10,102,790",,30.5,,10.2,,20.3,,2.9,*,2.8,*,0.8,*,2,*,24.8,6.1,18.7,,2.1*
,Own children age 18 or older,,"9,438,280",,19.4,,8.5,,10.9,,0,*,2.1,*,1,*,1,*,17.3,4.7,12.7,,0.3*
,Other relatives,,"6,736,860",,25.3,,5.9,,19.4,,0,*,3.6,*,1.6,*,2,*,21.8,3.2*,18.5,,0.7*
,Nonrelatives,,"7,162,040",,28.9,,13,,15.9,,1.4,*,5.3,,2.3,*,3,*,22.2,4.2*,18,,0.0*
,,,,,,,,,,,,,,,,,,,,,,,
Households headed by females,,,,,,,,,,,,,,,,,,,,,,,
        All female heads,,,"62,067,400",,18.4,,5.4,,13,,1.3,,1.6,,0.6,,1,,15.5,3.1,12.4,,0.6*
Female heads living alone,,,"20,141,830",,16.3,,5.2,,11.1,,2.3,,1.3,*,0.5,*,0.9,*,12.6,3,9.7,,0.6*
Female heads living with others,,,"41,925,560",,19.4,,5.5,,13.9,,0.9,*,1.7,,0.7,*,1,,16.8,3.1,13.7,,0.5*
,Husbands,,"22,653,180",,7.8,,1.3,*,6.5,,0,*,0.5,*,0.2,*,0.3,*,7.3,1.8,5.4,,0.0*
,Own children under 18,,"12,454,780",,53,,15.6,,37.4,,1.9,*,7.3,,2.5,*,4.8,,43.8,5.7,38,,0.6*
,Own children age 18 or older,,"11,572,010",,28.4,,8.8,,19.6,,0.4,*,4.6,,2.1,*,2.6,*,23.3,7.3,16.1,,0.4*
,Other relatives,,"6,567,460",,22.7,,6.5,,16.2,,1.1,*,2.5,*,1.5,*,1,*,19,1.9*,17.1,,0.5*
,Nonrelatives,,"6,009,880",,32.1,,5.7,*,26.4,,2.3,*,3.2,*,1.8,*,1.3,*,26.7,9.5,17.1,,0.7*
                                                                                                                                          ,,,,,,,,,,,,,,,,,,,,,,,
,,,,,,,,,,,,,,,,,,,,,,,
,,,,,,,,,,,,,,,,,,,,,,,
Note: Detail may not add to total shown because of rounding.,,,,,,,,,,,,,,,,,,,,,,,
*Estimate is based on 10 or fewer sample cases.,,,,,,,,,,,,,,,,,,,,,,,
aIncludes verbal threats of rape and threats of sexual assault.,,,,,,,,,,,,,,,,,,,,,,,
