Bureau of Justice Statistics,,,,,,,,,,,,,,,,,,,,,,,,,,,,,,,
"Filename: Criminal Victimization in the United States, 2008 Statistical Tables",,,,,,,,,,,,,,,,,,,,,,,,,,,,,,,
"Table 63. Percent distribution of incidents, by victim-offender relationship, type of crime, and place of occurrence",,,,,,,,,,,,,,,,,,,,,,,,,,,,,,,
"Report title: Criminal Victimization in the United States, 2008 Statistical Tables",,,,,,,,,,,,,,,,,,,,,,,,,,,,,,,
Data sources: National Crime Victimization Survey,,,,,,,,,,,,,,,,,,,,,,,,,,,,,,,
Author(s): Michael Rand and Jayne E. Robinson,,,,,,,,,,,,,,,,,,,,,,,,,,,,,,,
Refer questions to: askbjs@usdoj.gov 202-307-0765,,,,,,,,,,,,,,,,,,,,,,,,,,,,,,,
Date of version: 5/1/2011,,,,,,,,,,,,,,,,,,,,,,,,,,,,,,,
,,,,,,,,,,,,,,,,,,,,,,,,,,,,,,,
"Table 63. Personal crimes of violence, 2008:",,,,,,,,,,,,,,,,,,,,,,,,,,,,,,,
,,,,,,,,,,,,,,,,,,,,,,,,,,,,,,,
"Percent distribution of incidents, by victim-offender relationship, type of crime, and place of occurrence",,,,,,,,,,,,,,,,,,,,,,,,,,,,,,,
,,,,,,,,,,,,,,,,,,,,,,,,,,,,,,,
,,,,,,,,,,,,,,"At, in, or near       a friend's, relative's, or neighbor's home",,,,,,,,Inside school building/on school property,,,,,,,,,
,,,,,,,,,,,,  On the ,,,,Inside a,,,,,,,,"In apartment yard, park, field, or playground",,On street other than near own home,,On public transportation or inside station,,,
,,,,,,,,At or in,,,,  street,,,,"restaurant,",,Other,,,,,,,,,,,,,
Relationship and,,,,  Number of,,,,respondent's,,  Near,,  near,,,,"bar, or",,commercial,,Parking lot or garage,,,,,,,,,,,
type of crime,,,,  incidents,,  Total,,home,,  home,,  home,,,,nightclub,,building,,,,,,,,,,,,Other,
Involving strangers,,,,,,,,,,,,,,,,,,,,,,,,,,,,,,,
,Crimes of violence,,,"2,285,170",,100,%,4.9,,10.6,,7.6,,4.8,,4.3,,10.7,,10.5,,11.4,,3.1,,22.1,,1.1,*,9,
,   Rape/sexual assaulta,,,"70,630",,100,%,15.9,*,0,*,0,*,6.3,*,0,*,5.9,*,0,*,22.6,*,20.4,*,23.2,*,0,*,5.7,*
,   Robbery,,,"340,480",,100,%,7.2,*,7.9,*,10.6,*,3.1,*,1.2,*,5.3,*,22.9,,5.4,*,0,*,32.1,,0.5,*,3.8,*
,   Assault,,,"1,874,060",,100,%,4.1,,11.4,,7.3,,5,,5,,11.9,,8.6,,12.1,,3,,20.2,,1.2,*,10.1,
,,,,,,,,,,,,,,,,,,,,,,,,,,,,,,,
Involving nonstrangers,,,,,,,,,,,,,,,,,,,,,,,,,,,,,,,
,Crimes of violence,,,"2,296,090",,100,%,31.7,,11.2,,4.2,,13.5,,2.1,,7,,3.5,,15.2,,0.8,*,5.1,,0.4,*,5.2,
,   Rape/sexual assaulta,,,"129,880",,100,%,45.5,,6.5,*,5.3,*,24.9,*,0,*,6,*,0,*,6.4,*,0,*,4.2,*,0,*,1.3,*
,   Robbery,,,"163,630",,100,%,34.4,,3.8,*,9.4,*,19.7,*,0,*,1.9,*,4.7,*,6.8,*,0,*,12.1,*,0,*,7.2,*
,   Assault,,,"2,002,580",,100,%,30.6,,12.1,,3.7,,12.2,,2.4,,7.5,,3.6,,16.4,,1,*,4.6,,0.4,*,5.3,
Note: Detail may not add to total shown because of rounding.,,,,,,,,,,,,,,,,,,,,,,,,,,,,,,,
*Estimate is based on 10 or fewer sample cases.,,,,,,,,,,,,,,,,,,,,,,,,,,,,,,,
aIncludes verbal threats of rape and threats of sexual assault.,,,,,,,,,,,,,,,,,,,,,,,,,,,,,,,
