Bureau of Justice Statistics,,,,,,,,,,,,,,,,,,,,,,,,,,,,,,,,,,,,,,,,
"Filename: Criminal Victimization in the United States, 2008 Statistical Tables",,,,,,,,,,,,,,,,,,,,,,,,,,,,,,,,,,,,,,,,
"Table 42. Percent distribution of single-offender victimizations, by type of crime, race of victim, and perceived race of offender",,,,,,,,,,,,,,,,,,,,,,,,,,,,,,,,,,,,,,,,
"Report title: Criminal Victimization in the United States, 2008 Statistical Tables",,,,,,,,,,,,,,,,,,,,,,,,,,,,,,,,,,,,,,,,
Data sources: National Crime Victimization Survey,,,,,,,,,,,,,,,,,,,,,,,,,,,,,,,,,,,,,,,,
Author(s): Michael Rand and Jayne E. Robinson,,,,,,,,,,,,,,,,,,,,,,,,,,,,,,,,,,,,,,,,
Refer questions to: askbjs@usdoj.gov 202-307-0765,,,,,,,,,,,,,,,,,,,,,,,,,,,,,,,,,,,,,,,,
Date of version: 5/1/2011,,,,,,,,,,,,,,,,,,,,,,,,,,,,,,,,,,,,,,,,
,,,,,,,,,,,,,,,,,,,,,,,,,,,,,,,,,,,,,,,,
"Table 42. Personal crimes of violence, 2008:",,,,,,,,,,,,,,,,,,,,,,,0,,,,,,,,,,,,,,,,,
,,,,,,,,,,,,,,,,,,,,,,,\C,{GOTO}AA114~/RE{pgdn}{pgdn}{pgdn}{bigright}{bigright}~,,,,,,,,,,,,,,,,
"Percent distribution of single-offender victimizations, by type of crime,",,,,,,,,,,,,,,,,,,,,,,,,{GOTO}AA114~/FCCE{ESC}{ESC}T:\csb-sh\ncvs\camtabs\2003tabs\2003ints\TAB037.WKS~,,,,,,,,,,,,,,,,
"race of victim, and perceived race of offender",,,,,,,,,,,,,,,,,,,,,,,56,"{FOR NUM1,0,55,1,ENTSTAR1}{BRANCH ENTSTAR21}",,,,,,,,,,,,,,,,
,,,,,,,,,,,,,,,,,,,,,,,,{GOTO}AA114~,,,,,,,,,,,,,,,,
,,,,,,,,Perceived race of offender,,,,,,,,,,,,,,,,"{IF @CELLPOINTER(""CONTENTS"")<=@@(""<<T:\csb-sh\ncvs\camtabs\thresh.wk4>>a21"")}{PUT ROCOL1,0,(NUM1),*}",,,,,,,,,,,,,,,,
,,,,Number of,,,,,,,,,,Not known,,,,,,,,,,,,,,,,,,,,,,,,,,
Type of crime,,,,single-offender,,,,,,,,,,or not,,,,,,,,,,,,,,,,,,,,,,,,,,
and race of victim,,,,victimizations,,Total,,White,,Black,, Other,,available,,,,,,,,,,,,,,,,,,,,,,,,,,
,,,,,,,,,,,,,,,,,,,,,,,,,,,,,,,,,,,,,,,,
,,,,,,,,,,,,,,,,,,,,,,,,,,,,,,,,,,,,,,,,
Crimes of violence,,,,,,,,,,,,,,,,,,,,,,,,,,,,,,,,,,,,,,,,
,White only,,,"2,788,600",,100,%,67.4,,15.4,,5.1,,12,,,,,,,,,,,,,,,,,,,,,,,,,,
,Black only,,,"570,550",,100,%,15.9,,64.7,,7.3,,12.2,,,,,,,,,,,,,,,,,,,,,,,,,,
,,,,,,,,,,,,,,,,,,,,,,,,,,,,,,,,,,,,,,,,
   Completed violence,,,,,,,,,,,,,,,,,,,,,,,,,,,,,,,,,,,,,,,,
,White only,,,"706,540",,100,%,67.8,,19.4,,5.1,*,7.8,,,,,,,,,,,,,,,,,,,,,,,,,,
,Black only,,,"210,740",,100,%,14.5,*,66.5,,7.1,*,11.9,*,,,,,,,,56,"{FOR NUM2,0,55,1,ENTSTAR2}{branch entstar31}",,,,,,,,,,,,,,,,
,,,,,,,,,,,,,,,,,,,,,,,,,,,,,,,,,,,,,,,,
   Attempted/threatened violence,,,,,,,,,,,,,,,,,,,,,,,,{GOTO}AA114~,,,,,,,,,,,,,,,,
,White only,,,"2,082,050",,100,%,67.3,,14.1,,5.2,,13.5,,,,,,,,,,{DOWN (NUM2)},,,,,,,,,,,,,,,,
,Black only,,,"359,800",,100,%,16.8,,63.6,,7.4,*,12.3,,,,,,,,,,"{IF @CELLPOINTER(""CONTENTS"")<=@@(""<<T:\csb-sh\ncvs\camtabs\thresh.wk4>>a21"")}{PUT ROCOL2,0,(NUM2),%*}",,,,,,,,,,,,,,,,
,,,,,,,,,,,,,,,,,,,,,,,,"{IF @CELLPOINTER(""CONTENTS"")>@@(""<<T:\csb-sh\ncvs\camtabs\thresh.wk4>>a21"")}{PUT ROCOL2,0,(NUM2),%}",,,,,,,,,,,,,,,,
   Rape/sexual assaulta,,,,,,,,,,,,,,,,,,,,,,,,,,,,,,,,,,,,,,,,
,White only,,,"117,640",,100,%,74.9,,16.4,*,2.8,*,5.9,*,,,,,,,,1,"{FOR NUM3,0,0,1,ENTSTAR3}{BRANCH ENTSTAR41}",,,,,,,,,,,,,,,,
,Black only,,,"46,580",,100,%*,0,*,74.8,*,0,*,25.2,*,,,,,,,,,,,,,,,,,,,,,,,,,
,,,,,,,,,,,,,,,,,,,,,,,,{GOTO}AA142~,,,,,,,,,,,,,,,,
   Robbery,,,,,,,,,,,,,,,,,,,,,,,,{DOWN (NUM3)},,,,,,,,,,,,,,,,
,White only,,,"198,330",,100,%,45.8,,35.6,,8.1,*,10.5,*,,,,,,,,,"{IF @CELLPOINTER(""CONTENTS"")<=@@(""<<T:\csb-sh\ncvs\camtabs\thresh.wk4>>a21"")}{PUT ROCOL3,0,(NUM3),%*}",,,,,,,,,,,,,,,,
,Black only,,,"85,220",,100,%,8.2,*,68.3,,4.4,*,19.1,*,,,,,,,,,"{IF @CELLPOINTER(""CONTENTS"")>@@(""<<T:\csb-sh\ncvs\camtabs\thresh.wk4>>a21"")}{PUT ROCOL3,0,(NUM3),%}",,,,,,,,,,,,,,,,
,,,,,,,,,,,,,,,,,,,,,,,,,,,,,,,,,,,,,,,,
       Completed/property taken,,,,,,,,,,,,,,,,,,,,,,,3,"{FOR NUM4,0,26,1,ENTSTAR4}{BRANCH ENTSTAR51}",,,,,,,,,,,,,,,,
,       White only,,,"145,240",,100,%,44.5,,37.2,,9.4,*,8.9,*,,,,,,,,,,,,,,,,,,,,,,,,,
,       Black only,,,"60,240",,100,%,11.6,*,65,,6.2,*,17.2,*,,,,,,,,,{GOTO}AA143~,,,,,,,,,,,,,,,,
,,,,,,,,,,,,,,,,,,,,,,,,{DOWN (NUM4)},,,,,,,,,,,,,,,,
         With injury,,,,,,,,,,,,,,,,,,,,,,,,"{IF @CELLPOINTER(""CONTENTS"")<=@@(""<<T:\csb-sh\ncvs\camtabs\thresh.wk4>>a21"")}{PUT ROCOL4,0,(NUM4),%*}",,,,,,,,,,,,,,,,
,       White only,,,"62,190",,100,%,61.6,,25.5,*,12.8,*,0,*,,,,,,,,,"{IF @CELLPOINTER(""CONTENTS"")>@@(""<<T:\csb-sh\ncvs\camtabs\thresh.wk4>>a21"")}{PUT ROCOL4,0,(NUM4),%}",,,,,,,,,,,,,,,,
,       Black only,,,"14,550",*,100,%*,0,*,100,*,0,*,0,*,,,,,,,,1,"{FOR NUM5,0,0,1,ENTSTAR5}{BRANCH ENTSTAR61}",,,,,,,,,,,,,,,,
,,,,,,,,,,,,,,,,,,,,,,,,,,,,,,,,,,,,,,,,
         Without injury,,,,,,,,,,,,,,,,,,,,,,,,{GOTO}AE114~,,,,,,,,,,,,,,,,
,       White only,,,"83,050",,100,%,31.6,*,46,,6.8,*,15.6,*,,,,,,,,,{DOWN (NUM5)},,,,,,,,,,,,,,,,
,       Black only,,,"45,690",,100,%*,15.3,*,53.8,*,8.1,*,22.7,*,,,,,,,,,"{IF @CELLPOINTER(""CONTENTS"")<=@@(""<<T:\csb-sh\ncvs\camtabs\thresh.wk4>>a21"")}{PUT ROCOL5,0,(NUM5),%*}",,,,,,,,,,,,,,,,
,,,,,,,,,,,,,,,,,,,,,,,,"{IF @CELLPOINTER(""CONTENTS"")>@@(""<<T:\csb-sh\ncvs\camtabs\thresh.wk4>>a21"")}{PUT ROCOL5,0,(NUM5),%}",,,,,,,,,,,,,,,,
      Attempted to take property,,,,,,,,,,,,,,,,,,,,,,,,,,,,,,,,,,,,,,,,
,       White only,,,"53,090",,100,%,49.3,*,31.1,*,4.6,*,14.9,*,,,,,,,,55,"{FOR NUM6,0,54,1,ENTSTAR6}{branch entstar71}",,,,,,,,,,,,,,,,
,       Black only,,,"24,990",*,100,%*,0,*,76.3,*,0,*,23.7,*,,,,,,,,,,,,,,,,,,,,,,,,,
,,,,,,,,,,,,,,,,,,,,,,,,{GOTO}AE115~,,,,,,,,,,,,,,,,
         With injury,,,,,,,,,,,,,,,,,,,,,,,,{DOWN (NUM6)},,,,,,,,,,,,,,,,
,       White only,,,"9,680",*,100,%,0,*,66.7,*,0,*,33.3,*,,,,,,,,,"{IF @CELLPOINTER(""CONTENTS"")<=@@(""<<T:\csb-sh\ncvs\camtabs\thresh.wk4>>a21"")}{PUT ROCOL6,0,(NUM6),*}",,,,,,,,,,,,,,,,
,       Black only,,,"9,390",*,100,%*,0,*,36.9,*,0,*,63.1,*,,,,,,,,,,,,,,,,,,,,,,,,,
,,,,,,,,,,,,,,,,,,,,,,,1,"{FOR NUM7,0,0,1,ENTSTAR7}{BRANCH ENTSTAR81}",,,,,,,,,,,,,,,,
         Without injury,,,,,,,,,,,,,,,,,,,,,,,,,,,,,,,,,,,,,,,,
,       White only,,,"43,400",,100,%,60.3,*,23.2,*,5.7,*,10.8,*,,,,,,,,,{GOTO}Ai114~,,,,,,,,,,,,,,,,
,       Black only,,,"15,590",*,100,%*,0,*,100,*,0,*,0,*,,,,,,,,,{DOWN (NUM7)},,,,,,,,,,,,,,,,
,,,,,,,,,,,,,,,,,,,,,,,,"{IF @CELLPOINTER(""CONTENTS"")<=@@(""<<T:\csb-sh\ncvs\camtabs\thresh.wk4>>a21"")}{PUT ROCOL7,0,(NUM7),%*}",,,,,,,,,,,,,,,,
   Assault,,,,,,,,,,,,,,,,,,,,,,,,"{IF @CELLPOINTER(""CONTENTS"")>@@(""<<T:\csb-sh\ncvs\camtabs\thresh.wk4>>a21"")}{PUT ROCOL7,0,(NUM7),%}",,,,,,,,,,,,,,,,
,White only,,,"2,472,630",,100,%,68.8,,13.8,,5,,12.4,,,,,,,,,,,,,,,,,,,,,,,,,,
,Black only,,,"438,750",,100,%,19.1,,62.9,,8.6,,9.4,,,,,,,,,55,"{FOR NUM8,0,54,1,ENTSTAR8}{BRANCH ENTSTAR91}",,,,,,,,,,,,,,,,
,,,,,,,,,,,,,,,,,,,,,,,,,,,,,,,,,,,,,,,,
      Aggravated,,,,,,,,,,,,,,,,,,,,,,,,{GOTO}Ai115~,,,,,,,,,,,,,,,,
,       White only,,,"436,420",,100,%,61.9,,17.6,,4.9,*,15.6,,,,,,,,,,{DOWN (NUM8)},,,,,,,,,,,,,,,,
,       Black only,,,"119,090",,100,%,12.7,*,55.2,,15.9,*,16.1,*,,,,,,,,,"{IF @CELLPOINTER(""CONTENTS"")<=@@(""<<T:\csb-sh\ncvs\camtabs\thresh.wk4>>a21"")}{PUT ROCOL8,0,(NUM8),*}",,,,,,,,,,,,,,,,
,,,,,,,,,,,,,,,,,,,,,,,,,,,,,,,,,,,,,,,,
      Simple,,,,,,,,,,,,,,,,,,,,,,,1,"{FOR NUM9,0,0,1,ENTSTAR9}{BRANCH ENTSTAR101}",,,,,,,,,,,,,,,,
,       White only,,,"2,036,210",,100,%,70.3,,13,,5,,11.7,,,,,,,,,,,,,,,,,,,,,,,,,,
,       Black only,,,"319,650",,100,%,21.5,,65.7,,5.9,*,6.9,*,,,,,,,,,{GOTO}Am114~,,,,,,,,,,,,,,,,
,,,,,,,,,,,,,,,,,,,,,,,,{DOWN (NUM9)},,,,,,,,,,,,,,,,
,,,,,,,,,,,,,,,,,,,,,,,,"{IF @CELLPOINTER(""CONTENTS"")<=@@(""<<T:\csb-sh\ncvs\camtabs\thresh.wk4>>a21"")}{PUT ROCOL9,0,(NUM9),%*}",,,,,,,,,,,,,,,,
Note: Detail may not add to total shown because of rounding.,,,,,,,,,,,,,,,,,,,,,,,,"{IF @CELLPOINTER(""CONTENTS"")>@@(""<<T:\csb-sh\ncvs\camtabs\thresh.wk4>>a21"")}{PUT ROCOL9,0,(NUM9),%}",,,,,,,,,,,,,,,,
*Estimate is based on 10 or fewer sample cases.,,,,,,,,,,,,,,,,,,,,,,,,,,,,,,,,,,,,,,,,
aIncludes verbal threats of rape and threats of sexual assault.,,,,,,,,,,,,,,,,,,,,,,,55,"{FOR NUM10,0,54,1,ENTSTAR10}{BRANCH ENTSTAR111}",,,,,,,,,,,,,,,,
,,,,,,,,,,,,,,,,,,,,,,,,,,,,,,,,,,,,,,,,
,,,,,,,,,,,,,,,,,,,,,,,,{GOTO}Am115~,,,,,,,,,,,,,,,,
,,,,,,,,,,,,,,,,,,,,,,,,{DOWN (NUM10)},,,,,,,,,,,,,,,,
,,,,,,,,,,,,,,,,,,,,,,,,"{IF @CELLPOINTER(""CONTENTS"")<=@@(""<<T:\csb-sh\ncvs\camtabs\thresh.wk4>>a21"")}{PUT ROCOL10,0,(NUM10),*}",,,,,,,,,,,,,,,,
,,,,,,,,,,,,,,,,,,,,,,,,,,,,,,,,,,,,,,,,
,,,,,,,,,,,,,,,,,,,,,,,55,"{FOR NUM11,0,54,1,ENTSTAR11}{BRANCH ENTSTAR121}",,,,,,,,,,,,,,,,
,,,,,,,,,,,,,,,,,,,,,,,,,,,,,,,,,,,,,,,,
,,,,,,,,,,,,,,,,,,,,,,,,{GOTO}AC171~,,,,,,,,,,,,,,,,
,,,,,,,,,,,,,,,,,,,,,,,,{DOWN (NUM11)},,,,,,,,,,,,,,,,
,,,,,,,,,,,,,,,,,,,,,,,,"{IF @CELLPOINTER(""CONTENTS"")<=@@(""<<T:\csb-sh\ncvs\camtabs\thresh.wk4>>a21"")}{PUT ROCOL11,0,(NUM11),*}",,,,,,,,,,,,,,,,
,,,,,,,,,,,,,,,,,,,,,,,,,,,,,,,,,,,,,,,,
,,,,,,,,,,,,,,,,,,,,,,,1,"{FOR NUM12,0,0,1,ENTSTAR12}",,,,,,,,,,,,,,,,
,,,,,,,,,,,,,,,,,,,,,,,,,,,,,,,,,,,,,,,,
,,,,,,,,,,,,,,,,,,,,,,,,{GOTO}AC170~,,,,,,,,,,,,,,,,
,,,,,,,,,,,,,,,,,,,,,,,,{DOWN (NUM12)},,,,,,,,,,,,,,,,
,,,,,,,,,,,,,,,,,,,,,,,,"{IF @CELLPOINTER(""CONTENTS"")<=@@(""<<T:\csb-sh\ncvs\camtabs\thresh.wk4>>a21"")}{PUT ROCOL12,0,(NUM12),%*}",,,,,,,,,,,,,,,,
,,,,,,,,,,,,,,,,,,,,,,,,"{IF @CELLPOINTER(""CONTENTS"")>@@(""<<T:\csb-sh\ncvs\camtabs\thresh.wk4>>a21"")}{PUT ROCOL12,0,(NUM12),%}",,,,,,,,,,,,,,,,
,,,,,,,,,,,,,,,,,,,,,,,,,,,,,,,,,,,,,,,,
,,,,,,,,,,,,,,,,,,,,,,,,,,,,,,,,,,,,,,,,
,,,,,,,,,,,,,,,,,,,,,,,,,,,,,,,,,,,,,,,,
,,,,,,,,,,,,,,,,,,,,,,,,,,,,,,,,,,,,,,,,
,,,,,,,,,,,,,,,,,,,,,,,,,,,,,,,,,,,,,,,,
,,,,,,,,,,,,,,,,,,,,,,,,,,,,,,,,,,,,,,,,
,,,,,,,,,,,,,,,,,,,,,,,,,,,,,,,,,,,,,,,,
,,,,,,,,,,,,,,,,,,,,,,,,,,,,,,,,,,,,,,,,
,,,,,,,,,,,,,,,,,,,,,,,,,,,,,,,,,,,,,,,,
,,,,,,,,,,,,,,,,,,,,,,,,,,,,,,,,,,,,,,,,
,,,,,,,,,,,,,,,,,,,,,,,,,,,,,,,,,,,,,,,,
,,,,,,,,,,,,,,,,,,,,,,,,,,,,,,,,,,,,,,,,
,,,,,,,,,,,,,,,,,,,,,,,,,,,,,,,,,,,,,,,,
,,,,,,,,,,,,,,,,,,,,,,,,,,,,,,,,,,,,,,,,
,,,,,,,,,,,,,,,,,,,,,,,,,,,,,,,,,,,,,,,,
,,,,,,,,,,,,,,,,,,,,,,,,,,,,,,,,,,,,,,,,
,,,,,,,,,,,,,,,,,,,,,,,,,,,,,,,,,,,,,,,,
,,,,,,,,,,,,,,,,,,,,,,,,,,,,,,,,,,,,,,,,
,,,,,,,,,,,,,,,,,,,,,,,,,,,,,,,,,,,,,,,,
,,,,,,,,,,,,,,,,,,,,,,,,,,,,,,,,,,,,,,,,
,,,,,,,,,,,,,,,,,,,,,,,,,,,,,,,,,,,,,,,,
,,,,,,,,,,,,,,,,,,,,,,,,,,,,,,,,,,,,,,,,
,,,,,,,,,,,,,,,,,,,,,,,,,,,,,,,,,,,,,,,,
,,,,,,,,,,,,,,,,,,,,,,,,,,,"3,283,030",,100,%,"2,393,580",%,72.9,,"397,370",%,12.1,,"403,050",%
,,,,,,,,,,,,,,,,,,,,,,,,,,,"556,140",,100,%,"66,780",,12,,"416,020",,74.8,,"46,350",
,,,,,,,,,,,,,,,,,,,,,,,,,,,"237,640",,100,%,"106,600",,44.9,,"55,000",,23.1,,"65,880",
,,,,,,,,,,,,,,,,,,,,,,,,,,,"4,076,810",,100,%,"2,566,950",,63,,"868,390",,21.3,,"515,280",
,,,,,,,,,,,,,,,,,,,,,,,,,,,"879,830",,100,%,"627,820",,71.4,,"117,970",,13.4,,"121,720",
,,,,,,,,,,,,,,,,,,,,,,,,,,,"190,170",,100,%,"15,700",*,8.3,,"147,070",,77.3,,"15,740",*
,,,,,,,,,,,,,,,,,,,,,,,,,,,"86,340",,100,%,"38,680",,44.8,,"21,290",*,24.7,,"26,370",*
,,,,,,,,,,,,,,,,,,,,,,,,,,,"1,156,340",,100,%,"682,200",,59,,"286,340",,24.8,,"163,830",
,,,,,,,,,,,,,,,,,,,,,,,,,,,"2,403,210",,100,%,"1,765,760",,73.5,,"279,400",,11.6,,"281,330",
,,,,,,,,,,,,,,,,,,,,,,,,,,,"365,970",,100,%,"51,080",,14,,"268,950",,73.5,,"30,610",*
,,,,,,,,,,,,,,,,,,,,,,,,,,,"151,300",,100,%,"67,920",,44.9,,"33,700",,22.3,,"39,520",
,,,,,,,,,,,,,,,,,,,,,,,,,,,"2,920,470",,100,%,"1,884,750",,64.5,,"582,050",,19.9,,"351,450",
,,,,,,,,,,,,,,,,,,,,,,,,,,,"131,030",,100,%,"75,910",,57.9,,"20,280",*,15.5,,"25,900",*
,,,,,,,,,,,,,,,,,,,,,,,,,,,"24,010",*,100,%*,0,*,0,,"21,100",*,87.9,,"2,910",*
,,,,,,,,,,,,,,,,,,,,,,,,,,,"14,310",*,100,%*,"5,160",*,36,,0,*,0,,"9,150",*
,,,,,,,,,,,,,,,,,,,,,,,,,,,"169,340",,100,%,"81,070",,47.9,,"41,380",,24.4,,"37,960",
,,,,,,,,,,,,,,,,,,,,,,,,,,,"183,290",,100,%,"99,250",,54.2,,"47,550",,25.9,,"33,190",
,,,,,,,,,,,,,,,,,,,,,,,,,,,"68,020",,100,%,"3,760",*,5.5,,"54,470",,80.1,,0,*
,,,,,,,,,,,,,,,,,,,,,,,,,,,"37,460",,100,%,"14,710",*,39.3,,"11,920",*,31.8,,"10,830",*
,,,,,,,,,,,,,,,,,,,,,,,,,,,"288,770",,100,%,"117,730",,40.8,,"113,940",,39.5,,"44,010",
,,,,,,,,,,,,,,,,,,,,,,,,,,,"93,580",,100,%,"41,250",,44.1,,"29,190",*,31.2,,"19,840",*
,,,,,,,,,,,,,,,,,,,,,,,,,,,"41,810",,100,%,0,*,0,,"38,500",,92.1,,0,*
,,,,,,,,,,,,,,,,,,,,,,,,,,,"25,360",*,100,%*,"5,100",*,20.1,,"11,920",*,47,,"8,340",*
,,,,,,,,,,,,,,,,,,,,,,,,,,,"160,750",,100,%,"46,350",,28.8,,"79,610",,49.5,,"28,190",*
,,,,,,,,,,,,,,,,,,,,,,,,,,,"31,210",*,100,%*,"14,540",*,46.6,,"13,920",*,44.6,,"2,760",*
,,,,,,,,,,,,,,,,,,,,,,,,,,,"21,060",*,100,%*,0,*,0,,"21,060",*,100,,0,*
,,,,,,,,,,,,,,,,,,,,,,,,,,,"15,950",*,100,%*,"5,100",*,32,,"2,510",*,15.7,,"8,340",*
,,,,,,,,,,,,,,,,,,,,,,,,,,,"68,220",,100,%,"19,630",*,28.8,,"37,490",,55,,"11,100",*
,,,,,,,,,,,,,,,,,,,,,,,,,,,"62,370",,100,%,"26,710",*,42.8,,"15,270",*,24.5,,"17,090",*
,,,,,,,,,,,,,,,,,,,,,,,,,,,"20,750",*,100,%*,0,*,0,,"17,440",*,84,,0,*
,,,,,,,,,,,,,,,,,,,,,,,,,,,"9,410",*,100,%*,0,*,0,,"9,410",*,100,,0,*
,,,,,,,,,,,,,,,,,,,,,,,,,,,"92,530",,100,%,"26,710",*,28.9,,"42,120",,45.5,,"17,090",*
,,,,,,,,,,,,,,,,,,,,,,,,,,,"89,710",,100,%,"58,010",,64.7,,"18,360",*,20.5,,"13,340",*
,,,,,,,,,,,,,,,,,,,,,,,,,,,"26,210",*,100,%*,"3,760",*,14.3,,"15,970",*,60.9,,0,*
,,,,,,,,,,,,,,,,,,,,,,,,,,,"12,100",*,100,%*,"9,620",*,79.5,,0,*,0,,"2,480",*
,,,,,,,,,,,,,,,,,,,,,,,,,,,"128,030",,100,%,"71,380",,55.8,,"34,330",,26.8,,"15,830",*
,,,,,,,,,,,,,,,,,,,,,,,,,,,"23,550",*,100,%*,"15,850",*,67.3,,"7,710",*,32.7,,0,*
,,,,,,,,,,,,,,,,,,,,,,,,,,,"3,240",*,100,%*,0,*,0,,"3,240",*,100,,0,*
,,,,,,,,,,,,,,,,,,,,,,,,,,,0,*,0,%*,0,*,0,,0,*,0,,0,*
,,,,,,,,,,,,,,,,,,,,,,,,,,,"26,800",*,100,%*,"15,850",*,59.1,,"10,950",*,40.9,,0,*
,,,,,,,,,,,,,,,,,,,,,,,,,,,"66,150",,100,%,"42,160",,63.7,,"10,650",*,16.1,,"13,340",*
,,,,,,,,,,,,,,,,,,,,,,,,,,,"22,970",*,100,%*,"3,760",*,16.4,,"12,730",*,55.4,,0,*
,,,,,,,,,,,,,,,,,,,,,,,,,,,"12,100",*,100,%*,"9,620",*,79.5,,0,*,0,,"2,480",*
,,,,,,,,,,,,,,,,,,,,,,,,,,,"101,230",,100,%,"55,530",,54.9,,"23,380",*,23.1,,"15,830",*
,,,,,,,,,,,,,,,,,,,,,,,,,,,"2,968,710",,100,%,"2,218,410",,74.7,,"329,550",,11.1,,"343,970",
,,,,,,,,,,,,,,,,,,,,,,,,,,,"464,110",,100,%,"63,020",,13.6,,"340,450",,73.4,,"43,440",
,,,,,,,,,,,,,,,,,,,,,,,,,,,"185,870",,100,%,"86,720",,46.7,,"43,080",,23.2,,"45,900",
,,,,,,,,,,,,,,,,,,,,,,,,,,,"3,618,690",,100,%,"2,368,160",,65.4,,"713,080",,19.7,,"433,310",
,,,,,,,,,,,,,,,,,,,,,,,,,,,"578,070",,100,%,"405,040",,70.1,,"65,380",,11.3,,"85,790",
,,,,,,,,,,,,,,,,,,,,,,,,,,,"115,780",,100,%,"22,330",*,19.3,,"83,660",,72.3,,"7,610",*
,,,,,,,,,,,,,,,,,,,,,,,,,,,"70,870",,100,%,"16,250",*,22.9,,"23,730",*,33.5,,"23,810",*
,,,,,,,,,,,,,,,,,,,,,,,,,,,"764,710",,100,%,"443,630",,58,,"172,770",,22.6,,"117,220",
,,,,,,,,,,,,,,,,,,,,,,,,,,,"2,390,650",,100,%,"1,813,370",,75.9,,"264,160",,11,,"258,170",
,,,,,,,,,,,,,,,,,,,,,,,,,,,"348,330",,100,%,"40,690",,11.7,,"256,780",,73.7,,"35,830",
,,,,,,,,,,,,,,,,,,,,,,,,,,,"115,000",,100,%,"70,470",,61.3,,"19,360",*,16.8,,"22,090",*
,,,,,,,,,,,,,,,,,,,,,,,,,,,"2,853,980",,100,%,"1,924,530",,67.4,,"540,300",,18.9,,"316,100",
,,,,,,,,,,,,,,,,,,,,,,,,,,,12.3,,"89,030",%,2.7,,,,,,,,,
,,,,,,,,,,,,,,,,,,,,,,,,,,,8.3,,"26,990",*,4.9,,,,,,,,,
,,,,,,,,,,,,,,,,,,,,,,,,,,,27.7,,"10,160",*,4.3,,,,,,,,,
,,,,,,,,,,,,,,,,,,,,,,,,,,,12.6,,"126,180",,3.1,,,,,,,,,
,,,,,,,,,,,,,,,,,,,,,,,,,,,13.8,,"12,310",*,1.4,,,,,,,,,
,,,,,,,,,,,,,,,,,,,,,,,,,,,8.3,,"11,660",*,6.1,,,,,,,,,
,,,,,,,,,,,,,,,,,,,,,,,,,,,30.5,,0,*,0,,,,,,,,,
,,,,,,,,,,,,,,,,,,,,,,,,,,,14.2,,"23,970",*,2.1,,,,,,,,,
,,,,,,,,,,,,,,,,,,,,,,,,,,,11.7,,"76,720",,3.2,,,,,,,,,
,,,,,,,,,,,,,,,,,,,,,,,,,,,8.4,,"15,330",*,4.2,,,,,,,,,
,,,,,,,,,,,,,,,,,,,,,,,,,,,26.1,,"10,160",*,6.7,,,,,,,,,
,,,,,,,,,,,,,,,,,,,,,,,,,,,12,,"102,210",,3.5,,,,,,,,,
,,,,,,,,,,,,,,,,,,,,,,,,,,,19.8,,"8,940",*,6.8,,,,,,,,,
,,,,,,,,,,,,,,,,,,,,,,,,,,,12.1,,0,*,0,,,,,,,,,
,,,,,,,,,,,,,,,,,,,,,,,,,,,64,,0,*,0,,,,,,,,,
,,,,,,,,,,,,,,,,,,,,,,,,,,,22.4,,"8,940",*,5.3,,,,,,,,,
,,,,,,,,,,,,,,,,,,,,,,,,,,,18.1,,"3,300",*,1.8,,,,,,,,,
,,,,,,,,,,,,,,,,,,,,,,,,,,,0,,"9,790",*,14.4,,,,,,,,,
,,,,,,,,,,,,,,,,,,,,,,,,,,,28.9,,0,*,0,,,,,,,,,
,,,,,,,,,,,,,,,,,,,,,,,,,,,15.2,,"13,090",*,4.5,,,,,,,,,
,,,,,,,,,,,,,,,,,,,,,,,,,,,21.2,,"3,300",*,3.5,,,,,,,,,
,,,,,,,,,,,,,,,,,,,,,,,,,,,0,,"3,310",*,7.9,,,,,,,,,
,,,,,,,,,,,,,,,,,,,,,,,,,,,32.9,,0,*,0,,,,,,,,,
,,,,,,,,,,,,,,,,,,,,,,,,,,,17.5,,"6,610",*,4.1,,,,,,,,,
,,,,,,,,,,,,,,,,,,,,,,,,,,,8.8,,0,*,0,,,,,,,,,
,,,,,,,,,,,,,,,,,,,,,,,,,,,0,,0,*,0,,,,,,,,,
,,,,,,,,,,,,,,,,,,,,,,,,,,,52.3,,0,*,0,,,,,,,,,
,,,,,,,,,,,,,,,,,,,,,,,,,,,16.3,,0,*,0,,,,,,,,,
,,,,,,,,,,,,,,,,,,,,,,,,,,,27.4,,"3,300",*,5.3,,,,,,,,,
,,,,,,,,,,,,,,,,,,,,,,,,,,,0,,"3,310",*,16,,,,,,,,,
,,,,,,,,,,,,,,,,,,,,,,,,,,,0,,0,*,0,,,,,,,,,
,,,,,,,,,,,,,,,,,,,,,,,,,,,18.5,,"6,610",*,7.1,,,,,,,,,
,,,,,,,,,,,,,,,,,,,,,,,,,,,14.9,,0,*,0,,,,,,,,,
,,,,,,,,,,,,,,,,,,,,,,,,,,,0,,"6,480",*,24.7,,,,,,,,,
,,,,,,,,,,,,,,,,,,,,,,,,,,,20.5,,0,*,0,,,,,,,,,
,,,,,,,,,,,,,,,,,,,,,,,,,,,12.4,,"6,480",*,5.1,,,,,,,,,
,,,,,,,,,,,,,,,,,,,,,,,,,,,0,,0,*,0,,,,,,,,,
,,,,,,,,,,,,,,,,,,,,,,,,,,,0,,0,*,0,,,,,,,,,
,,,,,,,,,,,,,,,,,,,,,,,,,,,0,,0,*,0,,,,,,,,,
,,,,,,,,,,,,,,,,,,,,,,,,,,,0,,0,*,0,,,,,,,,,
,,,,,,,,,,,,,,,,,,,,,,,,,,,20.2,,0,*,0,,,,,,,,,
,,,,,,,,,,,,,,,,,,,,,,,,,,,0,,"6,480",*,28.2,,,,,,,,,
,,,,,,,,,,,,,,,,,,,,,,,,,,,20.5,,0,*,0,,,,,,,,,
,,,,,,,,,,,,,,,,,,,,,,,,,,,15.6,,"6,480",*,6.4,,,,,,,,,
,,,,,,,,,,,,,,,,,,,,,,,,,,,11.6,,"76,790",,2.6,,,,,,,,,
,,,,,,,,,,,,,,,,,,,,,,,,,,,9.4,,"17,200",*,3.7,,,,,,,,,
,,,,,,,,,,,,,,,,,,,,,,,,,,,24.7,,"10,160",*,5.5,,,,,,,,,
,,,,,,,,,,,,,,,,,,,,,,,,,,,12,,"104,150",,2.9,,,,,,,,,
,,,,,,,,,,,,,,,,,,,,,,,,,,,14.8,,"21,850",*,3.8,,,,,,,,,
,,,,,,,,,,,,,,,,,,,,,,,,,,,6.6,,"2,170",*,1.9,,,,,,,,,
,,,,,,,,,,,,,,,,,,,,,,,,,,,33.6,,"7,080",*,10,,,,,,,,,
,,,,,,,,,,,,,,,,,,,,,,,,,,,15.3,,"31,090",*,4.1,,,,,,,,,
,,,,,,,,,,,,,,,,,,,,,,,,,,,10.8,,"54,940",,2.3,,,,,,,,,
,,,,,,,,,,,,,,,,,,,,,,,,,,,10.3,,"15,030",*,4.3,,,,,,,,,
,,,,,,,,,,,,,,,,,,,,,,,,,,,19.2,,"3,090",*,2.7,,,,,,,,,
,,,,,,,,,,,,,,,,,,,,,,,,,,,11.1,,"73,060",,2.6,,,,,,,,,
