Warsaw Police Department,Warsaw Police Department
MONTHLY COUNCIL REPORT,MONTHLY COUNCIL REPORT
December 2013,
Civic Programs Presented & Community Events,
December 1st –Tree Lighting Ceremony (Officer Bowden),
"December 1st –Tractors, Trucks and Toys Parade (All Officers)","December 1st –Tractors, Trucks and Toys Parade (All Officers)"
December 9th – Haven Tour and Presentation (Chief Spare),
December 16 thru 20 – Songs of Christmas (Officers Scholes and Bowden),December 16 thru 20 – Songs of Christmas (Officers Scholes and Bowden)
December 22nd – Santa Clause is Coming to Town & RCVFD (Officer Scholes),December 22nd – Santa Clause is Coming to Town & RCVFD (Officer Scholes)
Calls for Service,39
Directed Patrols,208
Business and Property Checks Conducted,425
Follow Ups,4
Arrest,4
Probation and Parole (Felony),3
Shoplifting,1
Uniform Traffic Summons,30
Defective Equipment,4
Drive While Suspended,2
Expired Inspection,3
Improper Lane Change,1
Reckless Driving,1
Speeding,19
Submitted by:,
______________________________________,
Chandra O. Johnson - Administrative Assistant,
"""When The Community And Police Work Together We Can Make A Difference!"" – Chief C. Spare","""When The Community And Police Work Together We Can Make A Difference!"" – Chief C. Spare"
1/6/2014,
