Name: “Table 1 of 1 on page 1 of 1”,Name: “Table 1 of 1 on page 1 of 1”
Table: 1,Table: 1
,
Warsaw Police Department,
MONTHLY COUNCIL REPORT,
March 2014,
Civic Programs Presented & Community Events,
March 5 - Riverside Hospital Meeting Chief Spare,
March 10 – Crisis Intervention Team Week Training (CIT) Chief Spare,
Calls for Service,92
Directed Patrols,502
Business and Property Checks Conducted,943
Follow Ups,13
Arrest,4
DUI,1
Embezzlement (Felony),1
Fail to Appear,1
Possession of Marijuana,1
Uniform Traffic Summons,37
Defective Equipment,2
Driving without Headlight,1
Drinking While Driving,1
Drive While Suspended,1
Expired Inspection,2
Failure to Yield Right of Way,1
Following too Close,1
Improper Lane Change,2
Highway Sign-Fail Obey,4
No Child Restraint Devices,1
No Valid Driver’s License,2
Reckless Driving,2
Speeding,17
Submitted by:,
______________________________________,
Chandra O. Johnson - Administrative Assistant,
"""When The Community And Police Work Together We Can Make A Difference!"" – Chief C. Spare","""When The Community And Police Work Together We Can Make A Difference!"" – Chief C. Spare"
4/2/2014,
