"Bureau of Justice Statistics",,,,,,,,,,,,,
"filename:  cv9702.csv",,,,,,,,,,,,,
"Table 2: Number of victimizations and victimization rates for persons age 12 and over, ",,,,,,,,,,,,,
"by type of crime and gender of victims",,,,,,,,,,,,,
"data source: National Criminal Victimization Survey, 1997   NCJ 174446",,,,,,,,,,,,,
"produced by:  Cathy Maston ",,,,,,,,,,,,,
"authors:  Patsy Klaus and Cathy Maston",,,,,,,,,,,,,
"refer questions to:  askbjs@ojp.usdoj.gov     202-307-0765",,,,,,,,,,,,,
"date of version: 07/15/00",,,,,,,,,,,,,
,,,,,,,,,,,,,
,,,,,,,,,,,,,
"Table 2. Personal crimes, 1997:",,,,,,,,,,,,,
,,,,,,,,,,,,,
"Number of victimizations and victimization rates for persons age 12 and over,",,,,,,,,,,,,,
"by type of crime and gender of victims",,,,,,,,,,,,,
"              ",,,,,,,,,,,,,
,,,,,,,,,"                      Rate per 1,000 persons age 12 and over",,,,
,,,"          Both gender",,,,"      Male",,,,"    Female",,
"Type of crime         ",,"Number",,"Rate",,"Number",,"Rate",,"Number",,"Rate",
,,,,,,,,,,,,,
,,,,,,,,,,,,,
"All personal crimes",,8970600,,40.8,,5044250,,47.3,,3926350,,34.7,
,,,,,,,,,,,,,
"Crimes of violence",,8614070,,39.2,,4877390,,45.8,,3736680,,33,
"   Completed violence",,2679080,,12.2,,1428930,,13.4,,1250150,,11,
"   Attempted/threatened violence",,5934990,,27,,3448460,,32.3,,2486540,,22,
"   Rape/Sexual assault",,311110,,1.4,,31160,,0.3,,279950,,2.5,
"      Rape/Attempted rape",,193790,,0.9,,18360,"*",0.2,"*",175430,,1.5,
"         Rape",,115120,,0.5,,13800,"*",0.1,"*",101320,,0.9,
"         Attempted rape/a",,78670,,0.4,,4560,"*",0,"*",74110,,0.7,
"      Sexual assault/b",,117310,,0.5,,12790,"*",0.1,"*",104520,,0.9,
"   Robbery",,943940,,4.3,,650820,,6.1,,293120,,2.6,
"      Completed/property taken",,606660,,2.8,,411190,,3.9,,195460,,1.7,
"         With injury",,243220,,1.1,,168020,,1.6,,75200,,0.7,
"         Without injury",,363440,,1.7,,243170,,2.3,,120260,,1.1,
"      Attempted to take property",,337280,,1.5,,239630,,2.2,,97650,,0.9,
"         With injury",,72680,,0.3,,52690,,0.5,,19990,"*",0.2,"*"
"         Without injury",,264610,,1.2,,186940,,1.8,,77670,,0.7,
"   Assault",,7359030,,33.5,,4195410,,39.4,,3163620,,27.9,
"      Aggravated",,1883110,,8.6,,1163250,,10.9,,719860,,6.4,
"         With injury",,594900,,2.7,,360500,,3.4,,234390,,2.1,
"         Threatened with weapon",,1288210,,5.9,,802750,,7.5,,485460,,4.3,
"      Simple",,5475920,,24.9,,3032160,,28.4,,2443760,,21.6,
"         With minor injury",,1257530,,5.7,,632380,,5.9,,625150,,5.5,
"         Without injury",,4218390,,19.2,,2399770,,22.5,,1818610,,16.1,
"Purse snatching/Pocket picking",,356530,,1.6,,166860,,1.6,,189670,,1.7,
,,,,,,,,,,,,,
"Population age 12 and over",,219839110,,"...",,106598660,,"...",,113240440,,"...",
,,,,,,,,,,,,,
,,,,,,,,,,,,,
"Note: Detail may not add to total shown because of rounding.",,,,,,,,,,,,,
"* Estimate is based on about 10 or fewer sample cases.",,,,,,,,,,,,,
"... Not applicable",,,,,,,,,,,,,
"a/Includes verbal threats of rape.",,,,,,,,,,,,,
"b/Includes threats.",,,,,,,,,,,,,
