"Bureau of Justice Statistics",,,,,,,,,,,,,,,,,,,
"filename:  cv97108.csv",,,,,,,,,,,,,,,,,,,
"Table 108: Percent distribution of incidents, by police activity",,,,,,,,,,,,,,,,,,,
"during initial contact with victim and type of crime",,,,,,,,,,,,,,,,,,,
"data source: National Criminal Victimization Survey, 1997   NCJ 174446",,,,,,,,,,,,,,,,,,,
"produced by:  Cathy Maston ",,,,,,,,,,,,,,,,,,,
"authors:  Patsy Klaus and Cathy Maston",,,,,,,,,,,,,,,,,,,
"refer questions to:  askbjs@ojp.usdoj.gov     202-307-0765",,,,,,,,,,,,,,,,,,,
"date of version: 07/15/00",,,,,,,,,,,,,,,,,,,
,,,,,,,,,,,,,,,,,,,
,,,,,,,,,,,,,,,,,,,
"Table 108. Personal and property crimes, 1997:",,,,,,,,,,,,,,,,,,,
,,,,,,,,,,,,,,,,,,,
"Percent distribution of incidents, by police activity",,,,,,,,,,,,,,,,,,,
"during initial contact with victim and type of crime",,,,,,,,,,,,,,,,,,,
,,,,,,,,,,,,,,,,,,,
,,,,,,,,,,,,"Percent of incidents",,,,,,,
,,,,,,,,,,,,"Questioned",,,,,,,
"                                                                                               ",,,,,,"Took",,"Looked",,"Took",,"witnesses/",,"Promised",,"Promised to",,"Made",
"Type of crime",,,," Total",,"report",,"around",,"evidence",,"suspects",,"surveillance",,"investigate",,"arrest",
,,,,,,,,,,,,,,,,,,,
,,,,,,,,,,,,,,,,,,,
"Crimes of violence/a",,,,100,"%",39.7,"%",8.7,"%",2.5,"%",17.7,"%",1.9,"%",4.9,"%",10.6,"%"
,,,,,,,,,,,,,,,,,,,
"   Robbery",,,,100,,46.1,,14.1,,3.4,"*",13.9,,2.1,"*",4.6,,6.1,
"   Aggravated assault",,,,100,,35.4,,9.2,,3.6,,18.2,,2.1,,7.7,,11.1,
"   Simple assault",,,,100,,40.0,,6.8,,1.4,,18.8,,1.8,,3.2,,11.8,
"Purse snatching/Pocket picking",,,,100,,69.5,,11.9,"*",0.0,"*",9.3,"*",2.5,"*",3.7,"*",0.0,"*"
,,,,,,,,,,,,,,,,,,,
"Property crimes",,,,100,"%",49.1,"%",20.0,"%",7.3,"%",6.3,"%",1.9,"%",6.2,"%",1.5,"%"
,,,,,,,,,,,,,,,,,,,
"   Household burglary",,,,100,,41.0,,26.4,,11.0,,6.1,,2.5,,5.7,,1.3,
"   Motor vehicle theft",,,,100,,53.7,,15.1,,2.4,,5.6,,1.0,"*",9.2,,2.4,
"   Theft",,,,100,,53.9,,16.6,,5.7,,6.5,,1.7,,6.0,,1.4,
,,,,,,,,,,,,,,,,,,,
,,,,,,,,,,,,,,,,,,,
,,,,,,,,,,,,,,,,,,,
,,,,,,,,,,,,,,,,,,,
,,,,,,,,,,,,,,,,,,,
,,,,"Other",,"Don't",,"Not",,,,,,,,,,,
"Type of crime",,,,"actions",,"know",,"applicable",,,,,,,,,,,
,,,,,,,,,,,,,,,,,,,
,,,,,,,,,,,,,,,,,,,
"Crimes of violence/a",,,,12.4,"%",1.4,"%",0.3,"%*",,,,,,,,,,
,,,,,,,,,,,,,,,,,,,
"   Robbery",,,,9.3,,0.6,"*",0.0,"*",,,,,,,,,,
"   Aggravated assault",,,,11.0,,1.6,"*",0.0,"*",,,,,,,,,,
"   Simple assault",,,,14.2,,1.4,,0.6,"*",,,,,,,,,,
"Purse snatching/Pocket picking",,,,3.1,"*",0.0,"*",0.0,"*",,,,,,,,,,
,,,,,,,,,,,,,,,,,,,
"Property crimes",,,,5.5,"%",1.7,"%",0.4,"%",,,,,,,,,,
,,,,,,,,,,,,,,,,,,,
"   Household burglary",,,,4.3,,1.5,,0.1,"*",,,,,,,,,,
"   Motor vehicle theft",,,,8.1,,1.9,"*",0.5,"*",,,,,,,,,,
"   Theft",,,,5.8,,1.9,,0.6,,,,,,,,,,,
,,,,,,,,,,,,,,,,,,,
,,,,,,,,,,,,,,,,,,,
"Note: Detail may not add to total shown because of rounding.",,,,,,,,,,,,,,,,,,,
"* Estimate is based on about 10 or fewer sample cases.",,,,,,,,,,,,,,,,,,,
"a/Crimes of violence includes data on rape and sexual assault, not shown separately.",,,,,,,,,,,,,,,,,,,
