"Bureau of Justice Statistics",,,,,,,,,,,,,,,,,,,,
"filename:  cv9743.csv",,,,,,,,,,,,,,,,,,,,
"Table 43: Percent distribution of single-offender victimizations,",,,,,,,,,,,,,,,,,,,,
"by type of crime and detailed victim-offender relationship",,,,,,,,,,,,,,,,,,,,
"data source: National Criminal Victimization Survey, 1997   NCJ 174446",,,,,,,,,,,,,,,,,,,,
"produced by:  Cathy Maston ",,,,,,,,,,,,,,,,,,,,
"authors:  Patsy Klaus and Cathy Maston",,,,,,,,,,,,,,,,,,,,
"refer questions to:  askbjs@ojp.usdoj.gov     202-307-0765",,,,,,,,,,,,,,,,,,,,
"date of version: 07/15/00",,,,,,,,,,,,,,,,,,,,
,,,,,,,,,,,,,,,,,,,,
,,,,,,,,,,,,,,,,,,,,
"Table 43. Personal crimes of violence, 1997:",,,,,,,,,,,,,,,,,,,,
,,,,,,,,,,,,,,,,,,,,
"Percent distribution of single-offender victimizations,",,,,,,,,,,,,,,,,,,,,
"by type of crime and detailed victim-offender relationship",,,,,,,,,,,,,,,,,,,,
,,,,,,,,,,,,,,,,,,,,
,,,,,,,,,,,,,,,,,,,,
"       ",,"Number of",,,,,,,,"Percent of single-offender victimizations",,,,,,,,,,
"                                                                                                                                         ",,"single-",,,,,,,,,,"Related",,,,,,,,
,,"offender",,,,,,,,"Ex-",,,,,"  Own",," Brother",," Other",
"Type of crime",,"victimizations",,"Total",," Total",,"Spouse",,"spouse",,"Parent",,,"  child",," or sister",," relative",
,,,,,,,,,,,,,,,,,,,,
,,,,,,,,,,,,,,,,,,,,
"Crimes of violence",,6737250,,100,"%",10.8,"%",3.8,"%",1.6,"%",0.7,"%",,0.9,"%",1.7,"%",2.1,"%"
,,,,,,,,,,,,,,,,,,,,
"   Completed violence",,1991260,,100,,14.7,,6.4,,1.9,,1.7,,,0.9,"*",1.8,,2.0,
"   Attempted/threatened violence",,4745990,,100,,9.1,,2.7,,1.4,,0.3,"*",,0.9,,1.7,,2.1,
"   Rape/Sexual assault/b",,288200,,100,,11.1,,3.4,"*",0.7,"*",2.4,"*",,0.0,"*",0.0,"*",4.6,"*"
"   Robbery",,565020,,100,,9.1,,4.4,"*",1.3,"*",0.7,"*",,0.4,"*",1.9,"*",0.4,"*"
"      Completed/property taken",,345390,,100,,8.0,"*",3.6,"*",0.7,"*",1.2,"*",,0.0,"*",2.6,"*",0.0,"*"
"      Attempted to take property",,219630,,100,,10.9,"*",5.7,"*",2.3,"*",0.0,"*",,1.0,"*",0.8,"*",1.1,"*"
"   Assault",,5884030,,100,,10.9,,3.8,,1.7,,0.6,,,1.0,,1.8,,2.1,
"      Aggravated",,1341980,,100,,10.1,,4.0,,1.5,"*",0.2,"*",,0.4,"*",2.1,,1.9,"*"
"      Simple",,4542050,,100,,11.2,,3.7,,1.7,,0.7,,,1.2,,1.7,,2.2,
,,,,,,,,,,,,,,,,,,,,
,,,,,,,,,,,,,,,,,,,,
,,,,,,,,,,,,,,,,,,,,
,,,,,,,,,,,,,,,,,,,,
,,,,,,,,,,,,,,,,,,,,
,,,,,,,,,,,,,,,,,,,,
,,"Well",,"Casual",,,,,,,,,,,,,,,,
,,"known,",,"acquaint-",,"Don't",,,,,,,,,,,,,,
"Type of crime",,"not related/a",,"ance",,"know",,"Stranger",,,,,,,,,,,,
,,,,,,,,,,,,,,,,,,,,
,,,,,,,,,,,,,,,,,,,,
"Crimes of violence",,25.8,"%",19.4,"%",1.0,"%",43.0,"%",,,,,,,,,,,
,,,,,,,,,,,,,,,,,,,,
"   Completed violence",,33.8,,18.1,,0.5,"*",32.9,,,,,,,,,,,,
"   Attempted/threatened violence",,22.5,,19.9,,1.2,,47.3,,,,,,,,,,,,
"   Rape/Sexual assault/b",,39.4,,21.2,,1.7,"*",26.5,,,,,,,,,,,,
"   Robbery",,13.4,,14.4,,0.0,"*",63.0,,,,,,,,,,,,
"      Completed/property taken",,14.6,,18.0,,0.0,"*",59.4,,,,,,,,,,,,
"      Attempted to take property",,11.7,"*",8.8,"*",0.0,"*",68.6,,,,,,,,,,,,
"   Assault",,26.4,,19.7,,1.1,,41.9,,,,,,,,,,,,
"      Aggravated",,23.0,,16.1,,0.9,"*",49.9,,,,,,,,,,,,
"      Simple",,27.4,,20.8,,1.1,,39.5,,,,,,,,,,,,
,,,,,,,,,,,,,,,,,,,,
,,,,,,,,,,,,,,,,,,,,
"Note: Detail may not add to total shown because of rounding.",,,,,,,,,,,,,,,,,,,,
"* Estimate is based on about 10 or fewer sample cases.",,,,,,,,,,,,,,,,,,,,
"a/Includes data on offenders well known to the victim whose relationship could not",,,,,,,,,,,,,,,,,,,,
"be ascertained.",,,,,,,,,,,,,,,,,,,,
"b/Includes verbal threats of rape and threats of sexual assault.",,,,,,,,,,,,,,,,,,,,
