"Bureau of Justice Statistics",,,,,,,,,,,,,
"filename:  cv9740.cvs",,,,,,,,,,,,,
"Table 40: Percent distribution of single-offender victimizations,",,,,,,,,,,,,,
"by type of crime and perceived race of offender",,,,,,,,,,,,,
"data source: National Criminal Victimization Survey, 1997   NCJ 174446",,,,,,,,,,,,,
"produced by:  Cathy Maston ",,,,,,,,,,,,,
"authors:  Patsy Klaus and Cathy Maston",,,,,,,,,,,,,
"refer questions to:  askbjs@ojp.usdoj.gov     202-307-0765",,,,,,,,,,,,,
"date of version: 07/15/00",,,,,,,,,,,,,
,,,,,,,,,,,,,
,,,,,,,,,,,,,
"Table 40. Personal crimes of violence, 1997:",,,,,,,,,,,,,
,,,,,,,,,,,,,
"Percent distribution of single-offender victimizations,",,,,,,,,,,,,,
"by type of crime and perceived race of offender",,,,,,,,,,,,,
,,,,,,,,,,,,,
"       ",,,,,,,,,,"Percent of single-offender victimizations",,,
,,,,,,,,,,"Perceived race of offender",,,
"                                                                                                                ",,"Number of",,,,,,,,,,"Not known",
,,"single-offender",,,,,,,,,,"and not",
"Type of crime",,"victimizations",,"  Total",," White",," Black",," Other",,"available",
,,,,,,,,,,,,,
,,,,,,,,,,,,,
"Crimes of violence",,6737250,,100,"%",61.7,"%",25.3,"%",10.5,"%",2.5,"%"
,,,,,,,,,,,,,
"   Completed violence",,1991260,,100,,60.2,,27.7,,10.1,,2.0,
"   Attempted/threatened violence",,4745980,,100,,62.3,,24.3,,10.7,,2.7,
"   Rape/Sexual assault/a",,288190,,100,,62.8,,20.8,,15.6,,0.8,"*"
"   Robbery",,565010,,100,,38.1,,43.0,,14.8,,4.2,"*"
"      Completed/property taken",,345380,,100,,37.5,,47.4,,11.4,,3.7,"*"
"         With injury",,137280,,100,,49.1,,43.4,,7.5,"*",0.0,"*"
"         Without injury",,208100,,100,,29.8,,50.1,,14.0,,6.1,"*"
"      Attempted to take property",,219620,,100,,39.0,,36.0,,20.1,,5.0,"*"
"         With injury",,50100,,100,,27.2,"*",50.8,"*",16.0,"*",6.0,"*"
"         Without injury",,169520,,100,,42.4,,31.6,,21.4,,4.6,"*"
"   Assault",,5884030,,100,,63.9,,23.8,,9.8,,2.4,
"      Aggravated",,1341980,,100,,61.3,,24.0,,11.2,,3.5,
"      Simple",,4542050,,100,,64.7,,23.8,,9.4,,2.1,
,,,,,,,,,,,,,
,,,,,,,,,,,,,
"Note: Detail may not add to total shown because of rounding.",,,,,,,,,,,,,
"* Estimate is based on about 10 or fewer sample cases.",,,,,,,,,,,,,
"a/Includes verbal threats of rape and threats of sexual assault.",,,,,,,,,,,,,
