"Bureau of Justice Statistics",,,,,,
"filename:  cv9788.csv",,,,,,
"Table 88: Percent of victimizations resulting in loss of time",,,,,,
"from work, by type of crime and race of victims",,,,,,
"data source: National Criminal Victimization Survey, 1997   NCJ 174446",,,,,,
"produced by:  Cathy Maston ",,,,,,
"authors:  Patsy Klaus and Cathy Maston",,,,,,
"refer questions to:  askbjs@ojp.usdoj.gov     202-307-0765",,,,,,
"date of version: 07/15/00",,,,,,
,,,,,,
,,,,,,
"Table 88. Selected personal and property crimes, 1997:",,,,,,
,,,,,,
"Percent of victimizations resulting in loss of time",,,,,,
"from work, by type of crime and race of victims",,,,,,
,,,,,,
,,,,,"Percent of all victimizations",
"Type of crime",,,"White",,"Black",
"All personal crimes/a",,,5.9,"%",5.4,"%"
,,,,,,
"Crimes of violence",,,6.0,,5.7,
"   Completed violence",,,11.9,,8.9,
"   Attempted/threatened violence",,,3.6,,4.0,
"   Rape/Sexual assault/b",,,7.9,"*",0.0,"*"
"   Robbery",,,10.7,,3.2,"*"
"   Assault",,,5.4,,6.4,
,,,,,,
"All property crimes",,,5.6,"%",6.1,"%"
,,,,,,
"   Completed",,,5.5,,6.3,
"   Attempted",,,6.2,,4.2,"*"
"   Household burglary",,,5.6,,9.6,
"   Motor vehicle theft                     ",,,18.5,,21.8,
"   Theft",,,4.8,,3.3,
,,,,,,
,,,,,,
"Note: Excludes data on persons of ""Other"" races.",,,,,,
"* Estimate is based on about 10 or fewer sample cases.",,,,,,
"a/Includes data on purse snatching/pocket picking, not shown separately.",,,,,,
"b/Includes verbal threats of rape and threats of sexual assault.",,,,,,
