"Bureau of Justice Statistics",,,,,,,,,,,,,
"filename:  cv9705.csv",,,,,,,,,,,,,
"Table 5: Number of victimizations and victimization rates for persons age 12 and over,",,,,,,,,,,,,,
"by type of crime and race of victims",,,,,,,,,,,,,
"data source: National Criminal Victimization Survey, 1997   NCJ 174446",,,,,,,,,,,,,
"produced by:  Cathy Maston ",,,,,,,,,,,,,
"authors:  Patsy Klaus and Cathy Maston",,,,,,,,,,,,,
"refer questions to:  askbjs@ojp.usdoj.gov     202-307-0765",,,,,,,,,,,,,
"date of version: 07/15/00",,,,,,,,,,,,,
,,,,,,,,,,,,,
,,,,,,,,,,,,,
"Table 5. Personal crimes, 1997:",,,,,,,,,,,,,
,,,,,,,,,,,,,
"Number of victimizations and victimization rates for persons age 12 and over,",,,,,,,,,,,,,
"by type of crime and race of victims",,,,,,,,,,,,,
,,,,,,,,,,,,,
"              ",,,,,,,,,,"            Rate per 1,000 persons age 12 and over",,,
,,,"White",,,"         ","Black",,,,"Other",,
"Type of crime",,"Number",,"Rate",,"Number",,"Rate",,"Number",,"Rate",
,,,,,,,,,,,,,
,,,,,,,,,,,,,
"All personal crimes",,7331440,,39.7,,1394020,,52.2,,245140,,28.7,
,,,,,,,,,,,,,
"Crimes of violence",,7068590,,38.3,,1306810,,49,,238670,,28,
"   Completed violence",,2113000,,11.4,,465460,,17.4,,100620,,11.8,
"   Attempted/threatened violence",,4955590,,26.8,,841350,,31.5,,138050,,16.2,
"   Rape/Sexual assault",,257710,,1.4,,43890,,1.6,,9510,"*",1.1,"*"
"      Rape/Attempted rape",,168950,,0.9,,18280,"*",0.7,"*",6560,"*",0.8,"*"
"         Rape",,96260,,0.5,,12310,"*",0.5,"*",6560,"*",0.8,"*"
"         Attempted rape/a",,72690,,0.4,,5980,"*",0.2,"*","0 ","*",0,"*"
"      Sexual assault/b",,88760,,0.5,,25610,"*",1,"*",2950,"*",0.3,"*"
"   Robbery",,703740,,3.8,,197640,,7.4,,42560,,5,
"      Completed/property taken",,442170,,2.4,,134000,,5,,30490,,3.6,
"         With injury",,183500,,1,,41590,,1.6,,18130,"*",2.1,"*"
"         Without injury",,258660,,1.4,,92410,,3.5,,12360,"*",1.4,"*"
"      Attempted to take property",,261570,,1.4,,63640,,2.4,,12070,"*",1.4,"*"
"         With injury",,55400,,0.3,,12360,"*",0.5,"*",4920,"*",0.6,"*"
"         Without injury",,206170,,1.1,,51290,,1.9,,7150,"*",0.8,"*"
"   Assault",,6107140,,33.1,,1065290,,39.9,,186600,,21.9,
"      Aggravated",,1504690,,8.2,,326640,,12.2,,51780,,6.1,
"         With injury",,456640,,2.5,,121140,,4.5,,17110,"*",2,"*"
"         Threatened with weapon",,1048050,,5.7,,205500,,7.7,,34670,,4.1,
"      Simple",,4602450,,24.9,,738640,,27.7,,134820,,15.8,
"         With minor injury",,1041610,,5.6,,172410,,6.5,,43500,,5.1,
"         Without injury",,3560830,,19.3,,566230,,21.2,,91320,,10.7,
"Purse snatching/Pocket picking",,262850,,1.4,,87200,,3.3,,6470,"*",0.8,"*"
"                                                                                          ",,,,,,,,,,,,,
"Population age 12 and over",,184617470,,"...",,26683380,,"...",,8538250,,"...",
,,,,,,,,,,,,,
"Note: Detail may not add to total shown because of rounding.",,,,,,,,,,,,,
"* Estimate is based on about 10 or fewer sample cases.",,,,,,,,,,,,,
"...Not applicable",,,,,,,,,,,,,
"a/Includes verbal threats of rape.",,,,,,,,,,,,,
"b/Includes threats.",,,,,,,,,,,,,
