"Bureau of Justice Statistics",,,,,,,,,,,,,,,,,,
"filename:  cv9713.csv",,,,,,,,,,,,,,,,,,
"Table 13: Victimization rates for persons age 12 and over,",,,,,,,,,,,,,,,,,,
"by gender of head of household, relationship",,,,,,,,,,,,,,,,,,
"of victims to head and type of crime",,,,,,,,,,,,,,,,,,
"data source: National Criminal Victimization Survey, 1997   NCJ 174446",,,,,,,,,,,,,,,,,,
"produced by:  Cathy Maston ",,,,,,,,,,,,,,,,,,
"authors:  Patsy Klaus and Cathy Maston",,,,,,,,,,,,,,,,,,
"refer questions to:  askbjs@ojp.usdoj.gov     202-307-0765",,,,,,,,,,,,,,,,,,
"date of version: 07/15/00",,,,,,,,,,,,,,,,,,
,,,,,,,,,,,,,,,,,,
,,,,,,,,,,,,,,,,,,
"Table 13. Personal crimes, 1997:",,,,,,,,,,,,,,,,,,
,,,,,,,,,,,,,,,,,,
"Victimization rates for persons age 12 and over,",,,,,,,,,,,,,,,,,,
"by gender of head of household, relationship",,,,,,,,,,,,,,,,,,
"of victims to head and type of crime",,,,,,,,,,,,,,,,,,
"              ",,,,,,,,,,,,,,,,,,
,,,,,,,,,"Rate per 1,000 persons age 12 and over",,,,,,,,,
,,,,,"Crimes",,"Completed",,"Attempted/",,"Rape/",,,,"Robbery",,,
"Gender of head of household and",,,"Total",,"of",,"violence",,"threatened",,"Sexual",,,,"With",,"Without",
"relationship of victim to head",,,"population",,"violence",,,,"violence",,"assault/a",,"Total",,"injury",,"injury",
,,,,,,,,,,,,,,,,,,
,,,,,,,,,,,,,,,,,,
"Households headed by males",,,,,,,,,,,,,,,,,,
,"All male heads",,64315230,,34.5,,8.8,,25.7,,0.2,"*",4.7,,1.7,,3.0,
,"   Male heads living alone",,12659060,,54.0,,18.8,,35.2,,1.0,"*",11.4,,4.3,,7.1,
,"   Male heads living with others",,51656180,,29.7,,6.3,,23.4,,0.0,"*",3.1,,1.1,,2.0,
,"Wives",,41674490,,13.4,,2.1,,11.3,,0.4,"*",0.9,,0.0,"*",0.9,
,"Own children under age 18",,13330630,,67.1,,25.9,,41.2,,1.2,"*",6.4,,1.7,"*",4.7,
,"Own children age 18 and over",,10198520,,57.7,,22.2,,35.5,,3.9,,7.4,,3.2,,4.2,
,"Other relatives",,4460950,,51.4,,19.2,,32.2,,1.7,"*",3.9,"*",0.7,"*",3.2,"*"
,"Nonrelatives",,6438920,,71.4,,14.9,,56.5,,2.9,"*",4.4,,0.7,"*",3.6,"*"
,,,,,,,,,,,,,,,,,,
"Households headed by females",,,,,,,,,,,,,,,,,,
,"All female heads",,43257390,,35.9,,14.4,,21.6,,2.7,,3.4,,1.5,,2.0,
,"   Female heads living alone",,16399270,,28.1,,12.9,,15.3,,2.6,,3.4,,1.7,,1.7,"*"
,"   Female heads living with others",,26858120,,40.7,,15.3,,25.4,,2.7,,3.5,,1.3,,2.1,
,"Husbands",,11278660,,21.2,,4.2,,17.0,,0.2,"*",1.8,"*",0.0,"*",1.8,"*"
,"Own children under age 18",,8292420,,105.3,,36.3,,69.0,,4.8,,11.5,,2.9,"*",8.6,
,"Own children age 18 and over",,7793020,,62.3,,19.0,,43.3,,1.8,"*",7.4,,2.1,"*",5.2,
,"Other relatives",,3958720,,71.2,,21.5,,49.6,,3.5,"*",8.9,,2.7,"*",6.2,"*"
,"Nonrelatives",,4840160,,48.6,,15.2,,33.4,,2.5,"*",7.8,,5.2,"*",2.6,"*"
"                                                                                                                                          ",,,,,,,,,,,,,,,,,,
,,,,,,,,,,,,,,,,,,
,,,,,,,,,,,,,,,,,,
,,,,,,,,,,,,,,,,,,
,,,,,,,,"       Rate per 1,000 persons age 12 and over",,,,,,,,,,
,,,,,"Assault",,,,"Purse",,,,,,,,,
"Gender of head of household and",,,,,"Aggra-",,,,"snatching/",,,,,,,,,
"relationship of victim to head",,,"Total",,"vated",,"Simple",,"Pocket picking",,,,,,,,,
,,,,,,,,,,,,,,,,,,
,,,,,,,,,,,,,,,,,,
"Households headed by males",,,,,,,,,,,,,,,,,,
,"All male heads",,29.5,,8.0,,21.5,,1.1,,,,,,,,,
,"   Male heads living alone",,41.6,,11.4,,30.2,,1.6,"*",,,,,,,,
,"   Male heads living with others",,26.6,,7.2,,19.4,,1.0,,,,,,,,,
,"Wives",,12.0,,2.3,,9.7,,1.0,,,,,,,,,
,"Own children under age 18",,59.5,,10.8,,48.7,,2.2,,,,,,,,,
,"Own children age 18 and over",,46.4,,12.7,,33.7,,1.3,"*",,,,,,,,
,"Other relatives",,45.7,,12.6,,33.1,,4.7,"*",,,,,,,,
,"Nonrelatives",,64.1,,19.8,,44.3,,3.1,"*",,,,,,,,
,,,,,,,,,,,,,,,,,,
"Households headed by females",,,,,,,,,,,,,,,,,,
,"All female heads",,29.8,,6.4,,23.4,,2.2,,,,,,,,,
,"   Female heads living alone",,22.1,,4.5,,17.6,,2.6,,,,,,,,,
,"   Female heads living with others",,34.5,,7.6,,27.0,,2.0,,,,,,,,,
,"Husbands",,19.2,,7.0,,12.2,,1.6,"*",,,,,,,,
,"Own children under age 18",,88.9,,23.5,,65.5,,2.5,"*",,,,,,,,
,"Own children age 18 and over",,53.1,,18.8,,34.3,,0.9,"*",,,,,,,,
,"Other relatives",,58.7,,15.1,,43.7,,2.8,"*",,,,,,,,
,"Nonrelatives",,38.2,,11.9,,26.3,,1.0,"*",,,,,,,,
,,,,,,,,,,,,,,,,,,
,,,,,,,,,,,,,,,,,,
"Note: Detail may not add to total shown because of rounding.",,,,,,,,,,,,,,,,,,
"* Estimate is based on about 10 or fewer sample cases.",,,,,,,,,,,,,,,,,,
"a/Includes verbal threats of rape and threats of sexual assault.",,,,,,,,,,,,,,,,,,
