"Bureau of Justice Statistics",,,,,,,,,
"filename:  cv9724.csv",,,,,,,,,
"Table 24: Victimization rates by type of crime",,,,,,,,,
"and number of persons in household",,,,,,,,,
"data source: National Criminal Victimization Survey, 1997   NCJ 174446",,,,,,,,,
"produced by:  Cathy Maston ",,,,,,,,,
"authors:  Patsy Klaus and Cathy Maston",,,,,,,,,
"refer questions to:  askbjs@ojp.usdoj.gov     202-307-0765",,,,,,,,,
"date of version: 07/15/00",,,,,,,,,
,,,,,,,,,
,,,,,,,,,
"Table 24. Property crimes, 1997:",,,,,,,,,
,,,,,,,,,
"Victimization rates by type of crime",,,,,,,,,
"and number of persons in household",,,,,,,,,
,,,,,,,,,
"                                                                                           ",,,,,,"Rate per 1,000 households",,,
"Type of crime",,"One",,"Two-three",,"Four-five",,"Six or more",
,,,,,,,,,
,,,,,,,,,
"Property crimes",,140.7,,236.5,,368.6,,533.7,
"                                                                                           ",,,,,,,,,
"  Household burglary",,35.5,,43.5,,50.9,,92.4,
"    Completed",,29.6,,36.5,,42.1,,83.9,
"      Forcible entry",,12.6,,14.1,,16.0,,22.9,
"      Unlawful entry without force",,17.0,,22.4,,26.1,,61.0,
"    Attempted forcible entry",,5.9,,7.0,,8.8,,8.5,
"  Motor vehicle theft",,8.0,,14.0,,18.7,,25.5,
"    Completed",,5.6,,9.7,,13.0,,20.6,
"    Attempted",,2.4,,4.3,,5.7,,5.0,"*"
"  Theft",,97.2,,179.0,,299.0,,415.8,
"    Completed",,93.7,,170.7,,289.8,,396.9,
"       Less than $50",,37.1,,62.7,,112.0,,163.8,
"       $50 - $249",,26.8,,60.3,,109.7,,138.5,
"       $250 or more",,22.2,,38.0,,53.5,,68.2,
"       Amount not available",,7.6,,9.6,,14.6,,26.4,
"     Attempted",,3.5,,8.3,,9.2,,18.9,
,,,,,,,,,
"Total number of households",,27144050,,52269490,,21085350,,3489790,
,,,,,,,,,
,,,,,,,,,
"Note: Detail may not add to total shown because of rounding.",,,,,,,,,
"Excludes data on households where the number of persons was not ascertained.",,,,,,,,,
"* Estimate is based on about 10 or fewer sample cases.",,,,,,,,,
