"Bureau of Justice Statistics",,,,,,,,,,,,,,,
"filename:  cv9789.csv",,,,,,,,,,,,,,,
"Table 89: Percent distribution of victimizations resulting in loss of time from work,",,,,,,,,,,,,,,,
"by type of crime and number of days lost",,,,,,,,,,,,,,,
"data source: National Criminal Victimization Survey, 1997   NCJ 174446",,,,,,,,,,,,,,,
"produced by:  Cathy Maston ",,,,,,,,,,,,,,,
"authors:  Patsy Klaus and Cathy Maston",,,,,,,,,,,,,,,
"refer questions to:  askbjs@ojp.usdoj.gov     202-307-0765",,,,,,,,,,,,,,,
"date of version: 07/15/00",,,,,,,,,,,,,,,
,,,,,,,,,,,,,,,
,,,,,,,,,,,,,,,
"Table 89. Selected personal and property crimes, 1997:",,,,,,,,,,,,,,,
,,,,,,,,,,,,,,,
"Percent distribution of victimizations resulting in loss of time from work,",,,,,,,,,,,,,,,
"by type of crime and number of days lost",,,,,,,,,,,,,,,
,,,,,,,,,,,,,,,
,,,,,,,,"Percent of victimizations",,,,,,,
,,,,,,,,,,,,,,"Not known",
,,"Number of",,,,"Less than",,"1-5",,"6-10",,"11 days",,"and not",
"Type of crime         ",,"victimizations",,"Total",,"1 day",,"days",,"days",,"or more",,"available",
,,,,,,,,,,,,,,,
,,,,,,,,,,,,,,,
"All personal crimes/a",,528770,,100,"%",26.8,"%",54.9,"%",4.5,"%*",10.2,"%",3.5,"%*"
,,,,,,,,,,,,,,,
"Crimes of violence",,525910,,100,,26.4,,55.2,,4.5,"*",10.3,,3.6,"*"
"  Completed violence",,307010,,100,,16.4,,59.2,,6.0,"*",16.0,,2.4,"*"
"  Attempted/threatened violence",,218890,,100,,40.5,,49.7,,2.4,"*",2.3,"*",5.2,"*"
"  Rape/Sexual assault/b",,20330,"*",100,"*",0.0,"*",47.1,"*",12.5,"*",40.4,"*",0.0,"*"
"  Robbery",,83560,,100,,12.7,"*",75.4,,2.8,"*",6.0,"*",3.0,"*"
"  Assault",,422010,,100,,30.4,,51.6,,4.5,"*",9.7,,3.8,"*"
,,,,,,,,,,,,,,,
"All property crimes",,1466410,,100,"%",52.7,"%",38.9,"%",2.5,"%",1.7,"%*",4.1,"%"
,,,,,,,,,,,,,,,
"  Completed",,1351480,,100,,52.7,,38.4,,2.7,,1.9,"*",4.3,
"  Attempted",,114930,,100,,53.5,,44.8,,0.0,"*",0.0,"*",1.7,"*"
"  Household burglary",,299520,,100,,47.8,,44.8,,3.8,"*",1.6,"*",2.0,"*"
"  Motor vehicle theft",,274300,,100,,21.4,,59.4,,5.2,"*",6.3,"*",7.7,"*"
"  Theft",,892590,,100,,64.0,,30.7,,1.2,"*",0.4,"*",3.7,
,,,,,,,,,,,,,,,
,,,,,,,,,,,,,,,
"Note: Detail may not add to total shown because of rounding.",,,,,,,,,,,,,,,
"* Estimate is based on about 10 or fewer sample cases.",,,,,,,,,,,,,,,
"a/Includes data on purse snatching/pocket picking, not shown separately.",,,,,,,,,,,,,,,
"b/Includes verbal threats of rape and threats of sexual assault.",,,,,,,,,,,,,,,
