"Bureau of Justice Statistics",,,,,,,,,,,,,,,
"filename:  cv9728.csv",,,,,,,,,,,,,,,
"Table 28: Number of victimizations and victimization rates",,,,,,,,,,,,,,,
"for persons age 12 and over, by type of crime",,,,,,,,,,,,,,,
"and victim-offender relationship",,,,,,,,,,,,,,,
"data source: National Criminal Victimization Survey, 1997   NCJ 174446",,,,,,,,,,,,,,,
"produced by:  Cathy Maston ",,,,,,,,,,,,,,,
"authors:  Patsy Klaus and Cathy Maston",,,,,,,,,,,,,,,
"refer questions to:  askbjs@ojp.usdoj.gov     202-307-0765",,,,,,,,,,,,,,,
"date of version: 07/15/00",,,,,,,,,,,,,,,
,,,,,,,,,,,,,,,
,,,,,,,,,,,,,,,
"Table 28. Personal crimes of violence, 1997:",,,,,,,,,,,,,,,
,,,,,,,,,,,,,,,
"Number of victimizations and victimization rates",,,,,,,,,,,,,,,
"for persons age 12 and over, by type of crime",,,,,,,,,,,,,,,
"and victim-offender relationship",,,,,,,,,,,,,,,
,,,,,,,,,,,,,,,
"    ",,,,,,,,"Rate per 1,000 persons age 12 and over",,,,,,,
,,"Total",,,"Total",,,"Involving strangers",,,,,,"Involving nonstrangers",
"Type of crime",,"Population",,"Number",,"Rate",,"Number",,"Rate",,"Number",,"Rate",
,,,,,,,,,,,,,,,
,,,,,,,,,,,,,,,
"Crimes of violence",,219839110,,8614070,,39.2,,4292360,,19.5,,4321720,,19.7,
,,,,,,,,,,,,,,,
"   Completed violence",,,,2679080,,12.2,,1193850,,5.4,,1485230,,6.8,
"   Attempted/threatened violence",,,,5934990,,27.0,,3098510,,14.1,,2836490,,12.9,
"   Rape/Sexual assault",,,,311110,,1.4,,98910,,0.4,,212200,,1.0,
"      Rape/Attempted rape",,,,193790,,0.9,,70280,,0.3,,123520,,0.6,
"         Rape",,,,115120,,0.5,,26630,"*",0.1,"*",88490,,0.4,
"         Attempted rape/a",,,,78670,,0.4,,43650,,0.2,,35020,,0.2,
"      Sexual assault/b",,,,117310,,0.5,,28630,,0.1,,88680,,0.4,
"   Robbery",,,,943940,,4.3,,692110,,3.1,,251830,,1.1,
"      Completed/property taken",,,,606660,,2.8,,443180,,2.0,,163470,,0.7,
"         With injury",,,,243220,,1.1,,168250,,0.8,,74970,,0.3,
"         Without injury",,,,363440,,1.7,,274930,,1.3,,88500,,0.4,
"      Attempted to take property",,,,337280,,1.5,,248930,,1.1,,88360,,0.4,
"         With injury",,,,72680,,0.3,,51510,,0.2,,21170,"*",0.1,"*"
"         Without injury",,,,264610,,1.2,,197420,,0.9,,67190,,0.3,
"   Assault",,,,7359030,,33.5,,3501340,,15.9,,3857690,,17.5,
"      Aggravated",,,,1883110,,8.6,,1080520,,4.9,,802590,,3.7,
"         With injury",,,,594900,,2.7,,281920,,1.3,,312980,,1.4,
"         Threatened with weapon",,,,1288210,,5.9,,798600,,3.6,,489610,,2.2,
"      Simple",,,,5475920,,24.9,,2420820,,11.0,,3055100,,13.9,
"         With minor injury",,,,1257530,,5.7,,421620,,1.9,,835910,,3.8,
"         Without injury",,,,4218390,,19.2,,1999200,,9.1,,2219180,,10.1,
,,,,,,,,,,,,,,,
,,,,,,,,,,,,,,,
"Note: Detail may not add to total shown because of rounding.",,,,,,,,,,,,,,,
"* Estimate is based on about 10 or fewer sample cases.",,,,,,,,,,,,,,,
"a/Includes verbal threats of rape.",,,,,,,,,,,,,,,
"b/Includes threats.",,,,,,,,,,,,,,,
