"Bureau of Justice Statistics",,,,,,,,,,,,
"filename:  cv9717.csv",,,,,,,,,,,,
"Table 17: Number of victimizations and victimization rates by type of crime",,,,,,,,,,,,
"and ethnicity of head of household",,,,,,,,,,,,
"data source: National Criminal Victimization Survey, 1997   NCJ 174446",,,,,,,,,,,,
"produced by:  Cathy Maston ",,,,,,,,,,,,
"authors:  Patsy Klaus and Cathy Maston",,,,,,,,,,,,
"refer questions to:  askbjs@ojp.usdoj.gov     202-307-0765",,,,,,,,,,,,
"date of version: 07/15/00",,,,,,,,,,,,
,,,,,,,,,,,,
,,,,,,,,,,,,
"Table 17. Property crimes, 1997:",,,,,,,,,,,,
,,,,,,,,,,,,
"Number of victimizations and victimization rates by type of crime",,,,,,,,,,,,
"and ethnicity of head of household",,,,,,,,,,,,
"       ",,,,,,,,,,,,
"                                                                                           ",,,,,,,,"Rate per 1,000 households",,,,
,,,"         Total/a",,,,"Hispanic",,,,"Non-Hispanic",
"Type of crime",,"Number",,"Rate",,"Number",,"Rate",,"Number",,"Rate"
,,,,,,,,,,,,
,,,,,,,,,,,,
"Property crimes",,25817140,,248.3,,2720460,,329.4,,22885700,,240.8
"                                                                                           ",,,,,,,,,,,,
"   Household burglary",,4634920,,44.6,,502860,,60.9,,4101150,,43.2
"      Completed",,3892970,,37.4,,435270,,52.7,,3431280,,36.1
"         Forcible entry",,1497370,,14.4,,176850,,21.4,,1313990,,13.8
"         Unlawful entry without force",,2395600,,23.0,,258410,,31.3,,2117290,,22.3
"      Attempted forcible entry",,741960,,7.1,,67590,,8.2,,669870,,7.0
"   Motor vehicle theft",,1433370,,13.8,,244540,,29.6,,1184720,,12.5
"      Completed",,1006960,,9.7,,178310,,21.6,,828650,,8.7
"      Attempted",,426410,,4.1,,66230,,8.0,,356070,,3.7
"   Theft",,19748840,,189.9,,1973060,,238.9,,17599830,,185.2
"      Completed",,18960020,,182.3,,1877400,,227.3,,16920290,,178.1
"         Less than $50",,7218020,,69.4,,680030,,82.3,,6495490,,68.4
"         $50 - $249",,6680070,,64.2,,742760,,89.9,,5880790,,61.9
"         $250 or more",,3955010,,38.0,,339400,,41.1,,3564540,,37.5
"         Amount not available",,1106910,,10.6,,115210,,14.0,,979470,,10.3
"      Attempted",,788820,,7.6,,95650,,11.6,,679540,,7.2
,,,,,,,,,,,,
"Total number of households",,103988670,,"...",,8257860,,"...",,95028300,,"..."
,,,,,,,,,,,,
,,,,,,,,,,,,
"Note: Detail may not add to total shown because of rounding.",,,,,,,,,,,,
"... Not applicable.",,,,,,,,,,,,
"a/Includes data on persons whose ethnicity was not ascertained, which is not shown separately.",,,,,,,,,,,,
