"Bureau of Justice Statistics",,,,,,,,,,,,,,,
"filename:  cv9727.csv",,,,,,,,,,,,,,,
"Table 27: Number and percent distribution of incidents,",,,,,,,,,,,,,,,
"by type of crime and victim-offender relationship",,,,,,,,,,,,,,,
"data source: National Criminal Victimization Survey, 1997   NCJ 174446",,,,,,,,,,,,,,,
"produced by:  Cathy Maston ",,,,,,,,,,,,,,,
"authors:  Patsy Klaus and Cathy Maston",,,,,,,,,,,,,,,
"refer questions to:  askbjs@ojp.usdoj.gov     202-307-0765",,,,,,,,,,,,,,,
"date of version: 07/15/00",,,,,,,,,,,,,,,
,,,,,,,,,,,,,,,
,,,,,,,,,,,,,,,
"Table 27. Personal crimes of violence, 1997:",,,,,,,,,,,,,,,
,,,,,,,,,,,,,,,
"Number and percent distribution of incidents,",,,,,,,,,,,,,,,
"by type of crime and victim-offender relationship",,,,,,,,,,,,,,,
,,,,,,,,,,,,,,,
,,,,,,,,"Percent of incidents",,,,,,,
,,,"All incidents",,,,,"Involving strangers",,,,"Involving nonstrangers",,,
"Type of crime         ",,"    Number",,"Percent",,,"    Number",,"Percent",,,"    Number",,"Percent",
,,,,,,,,,,,,,,,
,,,,,,,,,,,,,,,
"Crimes of violence",,7911520,,100,"%",,3869220," ",48.9,"%",,4042300," ",51.1,"%"
,,,,,,,,,,,,,,,
"   Completed violence",,2458080,,100,,,1065160,,43.3,,,1392920,,56.7,
"   Attempted/threatened violence",,5453430,,100,,,2804060,,51.4,,,2649380,,48.6,
"   Rape/Sexual assault",,305620,,100,,,97400,,31.9,,,208220,,68.1,
"      Rape/Attempted rape",,190280,,100,,,68770,,36.1,,,121510,,63.9,
"         Rape",,115120,,100,,,26630,"*",23.1,"*",,88490,,76.9,
"         Attempted rape/a",,75150,,100,,,42140,,56.1,,,33010,,43.9,
"      Sexual assault/b",,115340,,100,,,28630,,24.8,,,86720,,75.2,
"   Robbery",,882600,,100,,,646700,,73.3,,,235900,,26.7,
"      Completed/property taken",,564590,,100,,,408620,,72.4,,,155970,,27.6,
"         With injury",,228790,,100,,,155940,,68.2,,,72850,,31.8,
"         Without injury",,335800,,100,,,252680,,75.2,,,83120,,24.8,
"      Attempted to take property",,318010,,100,,,238080,,74.9,,,79940,,25.1,
"         With injury",,68360,,100,,,48890,,71.5,,,19470,"*",28.5,"*"
"         Without injury",,249660,,100,,,189190,,75.8,,,60470,,24.2,
"   Assault",,6723290,,100,,,3125120,,46.5,,,3598170,,53.5,
"      Aggravated",,1660460,,100,,,922990,,55.6,,,737470,,44.4,
"         With injury",,520810,,100,,,231260,,44.4,,,289560,,55.6,
"         Threatened with weapon",,1139650,,100,,,691740,,60.7,,,447910,,39.3,
"      Simple",,5062830,,100,,,2202130,,43.5,,,2860700,,56.5,
"         With minor injury",,1154650,,100,,,378150,,32.8,,,776500,,67.2,
"         Without injury",,3908180,,100,,,1823980,,46.7,,,2084200,,53.3,
,,,,,,,,,,,,,,,
,,,,,,,,,,,,,,,
"Note: Detail may not add to total shown because of rounding.",,,,,,,,,,,,,,,
"* Estimate is based on about 10 or fewer sample cases.",,,,,,,,,,,,,,,
"a/Includes verbal threats of rape.",,,,,,,,,,,,,,,
"b/Includes threats.",,,,,,,,,,,,,,,
