"Bureau of Justice Statistics",,,,,,,,,,,
"filename:  cv9796.csv",,,,,,,,,,,
"Table 96: Percent of victimizations reported to the police,",,,,,,,,,,,
"by type of crime and age of victims",,,,,,,,,,,
"data source: National Criminal Victimization Survey, 1997   NCJ 174446",,,,,,,,,,,
"produced by:  Cathy Maston ",,,,,,,,,,,
"authors:  Patsy Klaus and Cathy Maston",,,,,,,,,,,
"refer questions to:  askbjs@ojp.usdoj.gov     202-307-0765",,,,,,,,,,,
"date of version: 07/15/00",,,,,,,,,,,
,,,,,,,,,,,
,,,,,,,,,,,
"Table 96. Personal crimes, 1997:",,,,,,,,,,,
,,,,,,,,,,,
"Percent of victimizations reported to the police,",,,,,,,,,,,
"by type of crime and age of victims",,,,,,,,,,,
"       ",,,,,,,,,,,
,,,,,,,,,"Percent of victimizations reported to the police",,
,,,,,,,,,,"65 and",
"Type of crime",,"12-19",,"20-34",,"35-49",,"50-64",,"over",
,,,,,,,,,,,
,,,,,,,,,,,
"All personal crimes",,31.5,"%",49.9,"%",50.3,"%",50.6,"%",48.8,"%"
,,,,,,,,,,,
"Crimes of violence",,32.0,,50.1,,51.4,,50.7,,54.8,
"   Completed violence",,45.3,,57.3,,62.2,,70.4,,68.1,
"   Attempted/threatened violence",,25.5,,46.6,,47.1,,45.1,,48.4,
"   Rape/Sexual assault/a",,30.6,,27.5,,29.8,"*",73.6,"*",35.0,"*"
"   Robbery",,41.3,,57.3,,63.9,,68.4,,83.2,"*"
"      Completed/property taken",,50.4,,57.8,,75.9,,81.0,,90.6,"*"
"         With injury",,71.3,,63.0,,91.6,,100.0,"*",100.0,"*"
"         Without injury",,36.4,,54.5,,64.7,,67.2,"*",85.1,"*"
"      Attempted to take property",,23.4,"*",56.5,,45.4,,39.0,"*",42.0,"*"
"         With injury",,52.7,"*",76.4,"*",62.7,"*",36.5,"*",0.0,"*"
"         Without injury",,20.1,"*",49.6,,39.6,"*",40.4,"*",42.0,"*"
"   Assault",,31.0,,50.4,,50.2,,47.1,,48.7,
"      Aggravated",,46.5,,64.2,,69.2,,57.2,,42.0,"*"
"         With injury",,60.9,,69.7,,68.9,,38.2,"*",37.6,"*"
"         Threatened with weapon",,39.4,,61.4,,69.3,,61.0,,44.1,"*"
"      Simple",,25.8,,45.5,,43.3,,44.1,,50.2,
"         With minor injury",,39.6,,57.9,,54.5,,70.5,"*",46.5,"*"
"         Without injury",,21.1,,41.5,,40.3,,40.7,,50.8,
"Purse snatching/Pocket picking",,17.8,"*",41.2,,28.6,,50.0,"*",27.0,"*"
,,,,,,,,,,,
,,,,,,,,,,,
"* Estimate is based on about 10 or fewer sample cases.",,,,,,,,,,,
"a/Includes verbal threats of rape and threats of sexual assault.",,,,,,,,,,,
