"Bureau of Justice Statistics",,,,,,,,,,,,
"filename:  cv9791.csv",,,,,,,,,,,,
"Table 91: Percent distribution of victimizations, by type of crime",,,,,,,,,,,,
"and whether or not reported to the police",,,,,,,,,,,,
"data source: National Criminal Victimization Survey, 1997   NCJ 174446",,,,,,,,,,,,
"produced by:  Cathy Maston ",,,,,,,,,,,,
"authors:  Patsy Klaus and Cathy Maston",,,,,,,,,,,,
"refer questions to:  askbjs@ojp.usdoj.gov     202-307-0765",,,,,,,,,,,,
"date of version: 07/15/00",,,,,,,,,,,,
,,,,,,,,,,,,
,,,,,,,,,,,,
"Table 91. Personal and property crimes, 1997:",,,,,,,,,,,,
,,,,,,,,,,,,
"Percent distribution of victimizations, by type of crime",,,,,,,,,,,,
"and whether or not reported to the police",,,,,,,,,,,,
"       ",,,,,,,,,,,,
,,,,,,,,,,"Percent of victimizations reported to the police",,
"              ",,,,,,,,,,,"Not known",
"                                                                                      ",,,"Number of",,,,,,,,"and not",
"Sector and type of crime",,,"victimizations",," Total",,"  Yes/a",,"  No",,"available",
,,,,,,,,,,,,
,,,,,,,,,,,,
"All crimes",,,34787730,,100,"%",37.4,"%",61.5,"%",1.1,"%"
"                                                                                      ",,,,,,,,,,,,
"Personal crimes",,,8970600,,100,"%",44.0,"%",54.7,"%",1.4,"%"
,,,,,,,,,,,,
"Crimes of violence",,,8614070,,100,,44.5,,54.1,,1.4,
"   Completed violence",,,2679080,,100,,54.9,,44.5,,0.7,"*"
"   Attempted/threatened violence",,,5934990,,100,,39.9,,58.4,,1.7,
"   Rape/Sexual assault",,,311110,,100,,30.5,,68.8,,0.8,"*"
"      Rape/Attempted rape",,,193790,,100,,43.3,,55.5,,1.2,"*"
"         Rape",,,115120,,100,,46.4,,53.6,,0.0,"*"
"         Attempted rape/b",,,78670,,100,,38.7,,58.3,,3.0,"*"
"      Sexual assault/c",,,117310,,100,,9.3,"*",90.7,,0.0,"*"
"   Robbery",,,943940,,100,,55.8,,43.5,,0.7,"*"
"      Completed/property taken",,,606660,,100,,63.1,,36.5,,0.4,"*"
"         With injury",,,243220,,100,,77.4,,22.6,,0.0,"*"
"         Without injury",,,363440,,100,,53.5,,45.8,,0.6,"*"
"      Attempted to take property",,,337280,,100,,42.7,,56.0,,1.2,"*"
"         With injury",,,72680,,100,,64.4,,35.6,"*",0.0,"*"
"         Without injury",,,264610,,100,,36.8,,61.7,,1.6,"*"
"   Assault",,,7359030,,100,,43.7,,54.8,,1.5,
"      Aggravated",,,1883110,,100,,59.1,,38.6,,2.3,
"         With injury",,,594900,,100,,65.2,,32.7,,2.1,"*"
"         Threatened with weapon",,,1288210,,100,,56.2,,41.4,,2.4,
"      Simple",,,5475920,,100,,38.4,,60.4,,1.3,
"         With minor injury",,,1257530,,100,,50.7,,49.1,,0.2,"*"
"         Without injury",,,4218390,,100,,34.7,,63.7,,1.6,
"Purse snatching/Pocket picking",,,356530,,100,,30.5,,68.9,,0.6,"*"
"   Completed purse snatching",,,54980,,100,,47.2,"*",49.1,"*",3.7,"*"
"   Attempted purse snatching",,,15820,"*",100,"*",24.4,"*",75.6,"*",0.0,"*"
"   Pocket picking",,,285730,,100,,27.7,,72.3,,0.0,"*"
,,,,,,,,,,,,
"Property crimes",,,25817140,,100,"%",35.1,"%",63.9,"%",1.0,"%"
,,,,,,,,,,,,
"Household burglary",,,4634920,,100,,51.8,,47.2,,1.1,
"   Completed",,,3892970,,100,,54.9,,44.3,,0.8,
"      Forcible entry",,,1497370,,100,,76.3,,23.0,,0.7,"*"
"      Unlawful entry without force",,,2395600,,100,,41.5,,57.7,,0.9,"*"
"   Attempted forcible entry",,,741960,,100,,35.5,,62.1,,2.4,"*"
"Motor vehicle theft",,,1433370,,100,,79.8,,19.5,,0.6,"*"
"   Completed",,,1006960,,100,,91.8,,7.7,,0.5,"*"
"   Attempted",,,426410,,100,,51.7,,47.4,,0.9,"*"
"Theft",,,19748840,,100,,27.9,,71.0,,1.0,
"   Completed",,,18960020,,100,,27.9,,71.1,,1.0,
"      Less than $50",,,7218020,,100,,11.9,,87.1,,1.0,
"      $50 - $249",,,6680070,,100,,28.7,,70.6,,0.7,
"      $250 or more",,,3955010,,100,,56.2,,42.8,,1.0,
"      Amount not available",,,1106910,,100,,26.0,,71.1,,3.0,
"   Attempted",,,788820,,100,,29.9,,68.7,,1.5,"*"
,,,,,,,,,,,,
,,,,,,,,,,,,
"Note: Detail may not add to total shown because of rounding.",,,,,,,,,,,,
"* Estimate is based on about 10 or fewer sample cases.",,,,,,,,,,,,
"a/Figures in this column represent the rates at which victimizations were reported to the police, or ""police reporting rates.""",,,,,,,,,,,,
"b/Includes verbal threats of rape.",,,,,,,,,,,,
"c/Includes threats.",,,,,,,,,,,,
