"Bureau of Justice Statistics",,,,,,,,,,,,,,,
"filename:  cv9725.csv",,,,,,,,,,,,,,,
"Table 25: Victimization rates by type of crime and number of units",,,,,,,,,,,,,,,
"in structure occupied by household",,,,,,,,,,,,,,,
"data source: National Criminal Victimization Survey, 1997   NCJ 174446",,,,,,,,,,,,,,,
"produced by:  Cathy Maston ",,,,,,,,,,,,,,,
"authors:  Patsy Klaus and Cathy Maston",,,,,,,,,,,,,,,
"refer questions to:  askbjs@ojp.usdoj.gov     202-307-0765",,,,,,,,,,,,,,,
"date of version: 07/15/00",,,,,,,,,,,,,,,
,,,,,,,,,,,,,,,
,,,,,,,,,,,,,,,
"Table 25. Property crimes, 1997:",,,,,,,,,,,,,,,
,,,,,,,,,,,,,,,
"Victimization rates by type of crime and number of units",,,,,,,,,,,,,,,
"in structure occupied by household",,,,,,,,,,,,,,,
,,,,,,,,,,,,,,,
"                                                                                                      ",,,,,,,,,,"Rate per 1,000 households",,,,,
,,,,,,,,,,,,,,"     Other than",
"Type of crime",,"One/a",,"Two",,"Three",,"Four",,"     Five-nine",,"    Ten or more",,"     housing unit",
,,,,,,,,,,,,,,,
,,,,,,,,,,,,,,,
"Property crimes",,233.8,,292.0,,326.4,,307.1,,321.9,,251.3,,222.6,
"                                                                                           ",,,,,,,,,,,,,,,
"  Household burglary",,41.6,,60.6,,73.2,,56.8,,61.0,,37.5,,62.4,
"    Completed",,35.3,,50.3,,62.3,,44.3,,47.2,,31.8,,58.8,
"      Forcible entry",,13.3,,20.0,,22.1,,19.2,,24.0,,11.7,,9.4,"*"
"      Unlawful entry without force",,22.1,,30.2,,40.2,,25.1,,23.2,,20.1,,49.4,
"    Attempted forcible entry",,6.3,,10.3,,10.9,"*",12.5,,13.8,,5.7,,3.5,"*"
"  Motor vehicle theft",,11.8,,16.7,,22.2,,21.1,,21.9,,17.4,,5.0,"*"
"    Completed",,8.2,,14.0,,14.5,"*",14.0,,14.4,,12.5,,0.0,"*"
"    Attempted",,3.6,,2.8,"*",7.7,"*",7.2,"*",7.5,,5.0,,5.0,"*"
"  Theft",,180.4,,214.7,,230.9,,229.1,,239.1,,196.5,,155.2,
"    Completed",,173.8,,202.6,,213.4,,222.9,,227.9,,188.0,,155.2,
"       Less than $50",,68.6,,61.2,,80.7,,99.2,,78.8,,64.6,,69.1,
"       $50 - $249",,60.4,,90.3,,78.5,,78.4,,78.4,,62.5,,39.3,"*"
"       $250 or more",,34.6,,41.9,,42.3,,32.5,,59.7,,48.5,,22.3,"*"
"       Amount not available",,10.2,,9.3,,12.0,"*",12.8,,11.0,,12.3,,24.5,"*"
"     Attempted",,6.7,,12.0,,17.5,,6.2,"*",11.2,,8.5,,0.0,"*"
,,,,,,,,,,,,,,,
"Total number of households",,73571040,,5777780,,1711720,,3231000,,5785960,,12585160,,645720,
,,,,,,,,,,,,,,,
,,,,,,,,,,,,,,,
"Note: Detail may not add to total shown because of rounding.",,,,,,,,,,,,,,,
"Excludes data on households for which the number of units in the structure was not ascertained.",,,,,,,,,,,,,,,
"* Estimate is based on about 10 or fewer sample cases.",,,,,,,,,,,,,,,
"a/Includes data on mobile homes, not shown separately.",,,,,,,,,,,,,,,
