"Bureau of Justice Statistics",,,,,,,,,,,,,,
"filename:  cv9731.csv",,,,,,,,,,,,,,
"Table 31: Percent of victimizations involving strangers,",,,,,,,,,,,,,,
"by gender and marital status of victims",,,,,,,,,,,,,,
"and type of crime",,,,,,,,,,,,,,
"data source: National Criminal Victimization Survey, 1997   NCJ 174446",,,,,,,,,,,,,,
"produced by:  Cathy Maston ",,,,,,,,,,,,,,
"authors:  Patsy Klaus and Cathy Maston",,,,,,,,,,,,,,
"refer questions to:  askbjs@ojp.usdoj.gov     202-307-0765",,,,,,,,,,,,,,
"date of version: 07/15/00",,,,,,,,,,,,,,
,,,,,,,,,,,,,,
,,,,,,,,,,,,,,
"Table 31. Personal crimes of violence, 1997:",,,,,,,,,,,,,,
,,,,,,,,,,,,,,
"Percent of victimizations involving strangers,",,,,,,,,,,,,,,
"by gender and marital status of victims",,,,,,,,,,,,,,
"and type of crime",,,,,,,,,,,,,,
"                                                                                                                               ",,,,,,,,,,,,,,
,,,,,,,,,,"Percent of victimizations involving strangers",,,,
,,,"Crimes",,"Rape/",,,,,,,,,
"Gender and",,,"of",,"Sexual",,,,,,"Assault",,,
"marital status",,,"violence",,"assault/a",,"Robbery",,"     Total",,"Aggravated",,"   Simple",
,,,,,,,,,,,,,,
,,,,,,,,,,,,,,
"Both gender",,,,,,,,,,,,,,
,"Never married",,49.7,,29.8,,73.1,,47.5,,56.7,,44.3,
,"Married",,60.3,,56.0,"*",86.1,,57.8,,67.8,,54.6,
,"Widowed",,47.7,,100.0,"*",74.9,"*",41.1,,22.8,"*",47.2,
,"Divorced or separated",,35.6,,25.1,"*",59.1,,32.9,,47.4,,27.6,
,,,,,,,,,,,,,,
"Male",,,,,,,,,,,,,,
,"Never married",,60.0,,23.6,"*",79.6,,56.9,,64.6,,54.0,
,"Married",,65.0,,100.0,"*",84.8,,62.7,,67.2,,60.9,
,"Widowed",,55.2,"*",0.0,"*",100.0,"*",51.3,"*",55.1,"*",50.2,"*"
,"Divorced or separated",,51.9,,33.2,"*",85.7,,46.4,,60.0,,41.2,
,,,,,,,,,,,,,,
"Female",,,,,,,,,,,,,,
,"Never married",,34.2,,30.5,,52.7,,33.0,,41.9,,30.4,
,"Married",,53.1,,52.4,"*",88.8,,50.3,,69.0,,45.8,
,"Widowed",,45.3,,100.0,"*",70.5,"*",37.4,"*",13.0,"*",46.0,"*"
,"Divorced or separated",,24.4,,24.1,"*",31.6,"*",23.6,,38.3,,18.5,
,,,,,,,,,,,,,,
,,,,,,,,,,,,,,
"Note: Excludes data on persons whose marital status was not ascertained.",,,,,,,,,,,,,,
"* Estimate is based on about 10 or fewer sample cases.",,,,,,,,,,,,,,
"a/Includes verbal threats of rape and threats of sexual assault.",,,,,,,,,,,,,,
