"Bureau of Justice Statistics",,,,,,,,,,,,
"filename:  cv9721.csv",,,,,,,,,,,,
"Table 21: Victimization rates by race of head of household,",,,,,,,,,,,,
"annual family income and type of household burglary",,,,,,,,,,,,
"data source: National Criminal Victimization Survey, 1997   NCJ 174446",,,,,,,,,,,,
"produced by:  Cathy Maston ",,,,,,,,,,,,
"authors:  Patsy Klaus and Cathy Maston",,,,,,,,,,,,
"refer questions to:  askbjs@ojp.usdoj.gov     202-307-0765",,,,,,,,,,,,
"date of version: 07/15/00",,,,,,,,,,,,
,,,,,,,,,,,,
,,,,,,,,,,,,
"Table 21. Household burglary, 1997:",,,,,,,,,,,,
,,,,,,,,,,,,
"Victimization rates by race of head of household,",,,,,,,,,,,,
"annual family income and type of household burglary",,,,,,,,,,,,
"       ",,,,,,,,,,,,
"                                                                                          ",,,,,,,,,"Rate per 1,000 households",,,
,,,,,,,,,"  Completed household burglary",,,
,,,"Total",,"All household",,"Forcible",,"Unlawful entry",,"Attempted",
"Race and income",,,"households",,"burglaries",,"entry",,"without force",,"forcible entry",
,,,,,,,,,,,,
,,,,,,,,,,,,
"White",,,,,,,,,,,,
,"Less than $7,500",,5795920,,77.5,,19.7,,47.8,,10.0,
,"$7,500-$14,999",,10146200,,50.2,,16.5,,26.2,,7.5,
,"$15,000-$24,999",,12667550,,45.2,,11.6,,26.1,,7.5,
,"$25,000-$34,999",,11628640,,40.8,,12.4,,21.4,,7.0,
,"$35,000-$49,999",,13186420,,36.5,,11.2,,18.6,,6.7,
,"$50,000-$74,999",,11718090,,34.7,,11.3,,18.2,,5.2,
,"$75,000 or more",,9879250,,43.5,,11.8,,25.6,,6.2,
,,,,,,,,,,,,
"Black",,,,,,,,,,,,
,"Less than $7,500",,2184770,,93.6,,45.4,,42.0,,6.2,"*"
,"$7,500-$14,999",,2123930,,67.7,,30.3,,23.8,,13.7,
,"$15,000-$24,999",,2044080,,56.9,,21.4,,21.3,,14.2,
,"$25,000-$34,999",,1408960,,56.9,,20.5,,24.1,,12.4,"*"
,"$35,000-$49,999",,1332740,,73.9,,40.6,,22.1,,11.2,"*"
,"$50,000-$74,999",,893260,,48.1,,29.3,"*",13.2,"*",5.7,"*"
,"$75,000 or more",,442450,,44.6,"*",6.0,"*",18.3,"*",20.3,"*"
,,,,,,,,,,,,
,,,,,,,,,,,,
"Note: Detail may not add to total shown because of rounding.",,,,,,,,,,,,
"Excludes data on families whose income level was not ascertained and data on persons of ""Other"" races.",,,,,,,,,,,,
"* Estimate is based on about 10 or fewer sample cases.",,,,,,,,,,,,
