"Bureau of Justice Statistics",,,,,,,,,,,,,,,,,,
"filename:  cv9760.csv",,,,,,,,,,,,,,,,,,
"Table 60: Percent distribution of incidents, by type of crime,",,,,,,,,,,,,,,,,,,
"type of offender and time of occurrence",,,,,,,,,,,,,,,,,,
"data source: National Criminal Victimization Survey, 1997   NCJ 174446",,,,,,,,,,,,,,,,,,
"produced by:  Cathy Maston ",,,,,,,,,,,,,,,,,,
"authors:  Patsy Klaus and Cathy Maston",,,,,,,,,,,,,,,,,,
"refer questions to:  askbjs@ojp.usdoj.gov     202-307-0765",,,,,,,,,,,,,,,,,,
"date of version: 07/15/00",,,,,,,,,,,,,,,,,,
,,,,,,,,,,,,,,,,,,
,,,,,,,,,,,,,,,,,,
"Table 60. Personal robbery and assault",,,,,,,,,,,,,,,,,,
"by armed or unarmed offenders, 1997:",,,,,,,,,,,,,,,,,,
,,,,,,,,,,,,,,,,,,
"Percent distribution of incidents, by type of crime,",,,,,,,,,,,,,,,,,,
"type of offender and time of occurrence",,,,,,,,,,,,,,,,,,
,,,,,,,,,,,,,,,,,,
,,,,,,,,,,"Percent of incidents",,,,,,,,
,,,,,,,"Daytime",,,,,"Nighttime",,,,,"Not known",
"Type of crime",,,"  Number of",,,,"6 a.m. -",,,,"6 p.m.-",,"Midnight -",,"  Not",,"and not",
"and offender",,,"  incidents",,"Total",,"6 p.m.",,"  Total",,"midnight",,"6 a.m.",,"  known",,"available",
,,,,,,,,,,,,,,,,,,
,,,,,,,,,,,,,,,,,,
"Robbery",,,,,,,,,,,,,,,,,,
,"By armed offenders",,415990,,100,"%",38.3,"%",60.5,"%",43.5,"%",15.9,"%",1.1,"%*",1.2,"%*"
,"By unarmed offenders",,342010,,100,"%",46.9,,49.8,,40.7,,9.1,,0.0,"*",3.3,"*"
,,,,,,,,,,,,,,,,,,
"Assault",,,,,,,,,,,,,,,,,,
,"By armed offenders",,1571690,,100,"%",45.8,,53.2,,40.8,,12.2,,0.2,"*",1.0,"*"
,"By unarmed offenders",,4671640,,100,"%",58.1,,40.4,,30.8,,9.1,,0.4,"*",1.5,
,,,,,,,,,,,,,,,,,,
,,,,,,,,,,,,,,,,,,
"Note: Detail may not add to total shown because of rounding.",,,,,,,,,,,,,,,,,,
"Excludes data in which the presence of a weapon was not ascertained.",,,,,,,,,,,,,,,,,,
"* Estimate is based on about 10 or fewer sample cases.",,,,,,,,,,,,,,,,,,
