"Bureau of Justice Statistics",,,,,,,,,,,,
"filename:  cv9707.csv",,,,,,,,,,,,
"Table 7: Number of victimizations and victimization rates for persons age 12 and over,",,,,,,,,,,,,
"by type of crime and ethnicity of victims",,,,,,,,,,,,
"data source: National Criminal Victimization Survey, 1997   NCJ 174446",,,,,,,,,,,,
"produced by:  Cathy Maston ",,,,,,,,,,,,
"authors:  Patsy Klaus and Cathy Maston",,,,,,,,,,,,
"refer questions to:  askbjs@ojp.usdoj.gov     202-307-0765",,,,,,,,,,,,
"date of version: 07/15/00",,,,,,,,,,,,
,,,,,,,,,,,,
,,,,,,,,,,,,
"Table 7. Personal crimes, 1997:",,,,,,,,,,,,
,,,,,,,,,,,,
"Number of victimizations and victimization rates for persons age 12 and over,",,,,,,,,,,,,
"by type of crime and ethnicity of victims",,,,,,,,,,,,
"                                                                                                       ",,,,,,,,,,,,
,,,,,,,,,"              Rate per 1,000 persons age 12 and over",,,
,,,"Total/a",,,,"Hispanic",,,,"Non-Hispanic",
"Type of crime",,"Number",,"Rate",,"Number",,"Rate",,"Number",,"Rate"
,,,,,,,,,,,,
,,,,,,,,,,,,
"All personal crimes",,8970600,,40.8,,964220,,45.6,,7826650,,39.9
,,,,,,,,,,,,
"Crimes of violence",,8614070,,39.2,,912800,,43.1,,7525530,,38.3
"   Completed violence",,2679080,,12.2,,321200,,15.2,,2313250,,11.8
"   Attempted/threatened violence",,5934990,,27,,591600,,28,,5212280,,26.5
"   Rape/Sexual assault",,311110,,1.4,,32610,,1.5,,276080,,1.4
"      Rape/Attempted rape",,193790,,0.9,,16230,"*",0.8,"*",175140,,0.9
"         Rape",,115120,,0.5,,11820,"*",0.6,"*",103310,,0.5
"         Attempted rape/b",,78670,,0.4,,4420,"*",0.2,"*",71840,,0.4
"      Sexual assault/c",,117310,,0.5,,16380,"*",0.8,"*",100930,,0.5
"   Robbery",,943940,,4.3,,153610,,7.3,,770100,,3.9
"      Completed/property taken",,606660,,2.8,,94810,,4.5,,505350,,2.6
"         With injury",,243220,,1.1,,38620,,1.8,,204600,,1
"         Without injury",,363440,,1.7,,56190,,2.7,,300750,,1.5
"      Attempted to take property",,337280,,1.5,,58810,,2.8,,264750,,1.3
"         With injury",,72680,,0.3,,10450,"*",0.5,"*",59470,,0.3
"         Without injury",,264610,,1.2,,48360,,2.3,,205280,,1
"   Assault",,7359030,,33.5,,726580,,34.3,,6479350,,33
"      Aggravated",,1883110,,8.6,,219580,,10.4,,1630490,,8.3
"         With injury",,594900,,2.7,,65280,,3.1,,522490,,2.7
"         Threatened with weapon",,1288210,,5.9,,154300,,7.3,,1108010,,5.6
"      Simple",,5475920,,24.9,,507000,,24,,4848850,,24.7
"         With minor injury",,1257530,,5.7,,134660,,6.4,,1091860,,5.6
"         Without injury",,4218390,,19.2,,372340,,17.6,,3756990,,19.1
"  Purse snatching/Pocket picking",,356530,,1.6,,51420,,2.4,,301120,,1.5
"                                                                                          ",,,,,,,,,,,,
"Population age 12 and over",,219839110,,"...",,21163000,,"...",,196323060,,"..."
,,,,,,,,,,,,
,,,,,,,,,,,,
"Note: Detail may not add to total shown because of rounding.",,,,,,,,,,,,
"* Estimate is based on about 10 or fewer sample cases.",,,,,,,,,,,,
"... Not applicable.",,,,,,,,,,,,
"a/Includes data on persons whose ethnicity was not ascertained, which are not shown separately.",,,,,,,,,,,,
"b/Includes verbal threats of rape.",,,,,,,,,,,,
"c/Includes threats.",,,,,,,,,,,,
