"Bureau of Justice Statistics",,,,,,,,,,,,,,,,
"filename:  cv9750.cvs",,,,,,,,,,,,,,,,
"Table 50: Victimization rates for persons age 12 and over,",,,,,,,,,,,,,,,,
"by type of crime and number of years lived at current residence",,,,,,,,,,,,,,,,
"data source: National Criminal Victimization Survey, 1997   NCJ 174446",,,,,,,,,,,,,,,,
"produced by:  Cathy Maston ",,,,,,,,,,,,,,,,
"authors:  Patsy Klaus and Cathy Maston",,,,,,,,,,,,,,,,
"refer questions to:  askbjs@ojp.usdoj.gov     202-307-0765",,,,,,,,,,,,,,,,
"date of version: 07/15/00",,,,,,,,,,,,,,,,
,,,,,,,,,,,,,,,,
,,,,,,,,,,,,,,,,
"Table 50. Violent crimes, 1997:",,,,,,,,,,,,,,,,
,,,,,,,,,,,,,,,,
"Victimization rates for persons age 12 and over,",,,,,,,,,,,,,,,,
"by type of crime and number of years lived at current residence",,,,,,,,,,,,,,,,
,,,,,,,,,,,,,,,,
"       ",,,,,,,,,,,"Rate per 1,000 persons age 12 and over",,,,,
,,,,"       Less than",,"        6 months",,,,,,,,,,"       5 years"
"Type of crime",,"Total",,"       6 months/a",,"        to 1 year",,"          1 year",,"        2 years",,"        3 years",,"       4 years",,"       or more"
,,,,,,,,,,,,,,,,
,,,,,,,,,,,,,,,,
"  Crimes of violence",,39.3,,104.9,,62.7,,51.2,,47.6,,33.1,,26.0,,25.4
,,,,,,,,,,,,,,,,
"    Completed violence",,12.2,,39.5,,17.2,,12.9,,12.2,,11.6,,8.3,,7.7
"    Attempted/threatened violence",,27.1,,65.4,,45.6,,38.3,,35.4,,21.5,,17.7,,17.8
"    Rape/Sexual assault/b",,1.4,,4.5,,3.0,,0.9,"*",2.6,,0.8,"*",1.1,"*",0.7
"    Robbery",,4.3,,12.0,,6.5,,5.0,,4.7,,4.4,,2.2,"*",2.8
"      Completed/property taken",,2.7,,7.0,,3.9,,2.7,,2.4,,2.8,,1.5,"*",2.1
"      Attempted to take property",,1.5,,5.0,,2.5,,2.3,,2.3,,1.6,"*",0.8,"*",0.7
"    Assault",,33.6,,88.4,,53.3,,45.3,,40.3,,27.9,,22.7,,21.9
"      Aggravated",,8.6,,24.9,,13.7,,10.5,,10.0,,6.4,,7.5,,5.3
"        With injury",,2.7,,10.8,,4.5,,3.6,,1.3,"*",1.9,,2.3,"*",1.5
"        Threatened with weapon",,5.8,,14.1,,9.2,,6.9,,8.7,,4.5,,5.2,,3.8
"      Simple",,25.0,,63.5,,39.6,,34.8,,30.3,,21.5,,15.2,,16.6
"        With minor injury",,5.7,,18.1,,7.0,,6.1,,6.8,,6.2,,3.4,,3.6
"        Without injury",,19.3,,45.4,,32.6,,28.7,,23.5,,15.4,,11.8,,13.0
,,,,,,,,,,,,,,,,
"Total population",,218470230,,19362710,,13676560,,15813070,,19302230,,16552190,,11906710,,121856750
"  age 12 and over",,,,,,,,,,,,,,,,
,,,,,,,,,,,,,,,,
,,,,,,,,,,,,,,,,
"Note:  Detail may not add to total shown because of rounding.",,,,,,,,,,,,,,,,
"Excludes data on persons whose mobility was not ascertained.",,,,,,,,,,,,,,,,
"* Estimate is based on about 10 or fewer sample cases.",,,,,,,,,,,,,,,,
"a/These numbers are unbounded estimates. ",,,,,,,,,,,,,,,,
"b/Includes verbal threats of rape and threats of sexual assault.",,,,,,,,,,,,,,,,
