"Bureau of Justice Statistics",,,,,,,,,,
"filename:  cv9719.csv",,,,,,,,,,
"Table 19: Victimization rates by type of crime",,,,,,,,,,
"and age of head of household",,,,,,,,,,
"data source: National Criminal Victimization Survey, 1997   NCJ 174446",,,,,,,,,,
"produced by:  Cathy Maston ",,,,,,,,,,
"authors:  Patsy Klaus and Cathy Maston",,,,,,,,,,
"refer questions to:  askbjs@ojp.usdoj.gov     202-307-0765",,,,,,,,,,
"date of version: 07/15/00",,,,,,,,,,
,,,,,,,,,,
,,,,,,,,,,
"Table 19. Property crimes, 1997:",,,,,,,,,,
,,,,,,,,,,
"Victimization rates by type of crime",,,,,,,,,,
"and age of head of household",,,,,,,,,,
"                                                                                                      ",,,,,,,,,,
,,,,,,"Rate per 1,000 households",,,,
"Type of crime",,"12-19",,"20-34",,"35-49",,"50-64",,"     65 and over"
,,,,,,,,,,
,,,,,,,,,,
"Property crimes",,600.6,,324.3,,304.4,,206.2,,96.5
,,,,,,,,,,
"  Household burglary",,125.6,,59.6,,48.8,,39.0,,22.5
"    Completed",,108.5,,50.3,,40.7,,32.9,,18.8
"      Forcible entry",,23.2,"*",22.0,,14.8,,12.2,,6.7
"      Unlawful entry without force",,85.4,,28.3,,25.9,,20.7,,12.1
"    Attempted forcible entry",,17.1,"*",9.3,,8.1,,6.1,,3.7
"  Motor vehicle theft",,20.5,"*",21.3,,15.2,,10.6,,5.6
"    Completed",,14.2,"*",15.1,,10.6,,7.6,,3.7
"    Attempted",,6.2,"*",6.2,,4.6,,3.0,,1.9
"  Theft",,454.5,,243.4,,240.4,,156.6,,68.5
"    Completed",,447.0,,232.2,,231.2,,151.4,,65.3
"       Less than $50",,167.0,,77.3,,94.5,,56.6,,28.8
"       $50 - $249",,167.4,,84.8,,81.2,,54.8,,18.1
"       $250 or more",,88.1,,58.1,,43.4,,29.9,,11.9
"       Amount not available",,24.4,"*",12.1,,12.1,,10.1,,6.5
"     Attempted",,7.6,"*",11.1,,9.2,,5.2,,3.1
,,,,,,,,,,
"Total number of households",,850880,,25399660,,34599260,,21653360,,21485500
,,,,,,,,,,
,,,,,,,,,,
"Note: Detail may not add to total shown because of rounding.",,,,,,,,,,
"* Estimate is based on about 10 or fewer sample cases.",,,,,,,,,,
