"Bureau of Justice Statistics",,,,,,,,,
"filename:  cv9711.csv",,,,,,,,,
"Table 11: Victimization rates for persons age 12 and over,",,,,,,,,,
"by type of crime and marital status of victims",,,,,,,,,
"data source: National Criminal Victimization Survey, 1997   NCJ 174446",,,,,,,,,
"produced by:  Cathy Maston ",,,,,,,,,
"authors:  Patsy Klaus and Cathy Maston",,,,,,,,,
"refer questions to:  askbjs@ojp.usdoj.gov     202-307-0765",,,,,,,,,
"date of version: 07/15/00",,,,,,,,,
,,,,,,,,,
,,,,,,,,,
"Table 11. Personal crimes, 1997:",,,,,,,,,
,,,,,,,,,
"Victimization rates for persons age 12 and over,",,,,,,,,,
"by type of crime and marital status of victims",,,,,,,,,
"                                                                                                       ",,,,,,,,,
,,,,,,,"Rate per 1,000 persons age 12 and over",,
"                                                                                                       ",,"        Never ",,,,,,"     Divorced or",
"Type of crime",,"        married",,"           Married",,"         Widowed",,"     separated",
,,,,,,,,,
,,,,,,,,,
"All personal crimes",,73.9,,20.0,,9.5,,65.3,
,,,,,,,,,
"Crimes of violence",,71.5,,19.0,,8.0,,62.8,
"   Completed violence",,24.3,,3.7,,2.9,,23.8,
"   Attempted/threatened violence",,47.1,,15.3,,5.1,,39.0,
"   Rape/Sexual assault",,3.0,,0.3,,0.3,"*",2.8,
"      Rape/Attempted rape",,1.9,,0.2,"*",0.1,"*",1.5,
"         Rape",,1.2,,0.1,"*",0.0,"*",0.9,"*"
"         Attempted rape/a",,0.7,,0.1,"*",0.1,"*",0.6,"*"
"      Sexual assault/b",,1.1,,0.0,"*",0.1,"*",1.2,
"   Robbery",,8.3,,1.7,,1.0,"*",7.3,
"      Completed/property taken",,5.4,,1.1,,0.8,"*",4.4,
"         With injury",,2.3,,0.2,"*",0.5,"*",2.4,
"         Without injury",,3.1,,0.8,,0.3,"*",2.0,
"      Attempted to take property",,2.9,,0.6,,0.3,"*",2.8,
"         With injury",,0.6,,0.1,"*",0.0,"*",1.0,"*"
"         Without injury",,2.3,,0.5,,0.3,"*",1.9,
"   Assault",,60.1,,17.0,,6.6,,52.7,
"      Aggravated",,15.5,,4.2,,1.7,"*",13.9,
"         With injury",,5.3,,0.8,,0.6,"*",5.8,
"         Threatened with weapon",,10.3,,3.4,,1.0,"*",8.1,
"      Simple",,44.6,,12.8,,5.0,,38.8,
"         With minor injury",,11.4,,1.7,,1.3,"*",11.5,
"         Without injury",,33.2,,11.1,,3.7,,27.3,
"  Purse snatching/Pocket picking",,2.4,,1.0,,1.5,"*",2.5,
"                                                                                          ",,,,,,,,,
"Population age 12 and over",,67650800,,113762150,,13838230,,23451480,
,,,,,,,,,
,,,,,,,,,
"Note: Detail may not add to total shown because of rounding.",,,,,,,,,
"Excludes data on persons whose marital status was not ascertained.",,,,,,,,,
"* Estimate is based on about 10 or fewer sample cases.",,,,,,,,,
"a/Includes verbal threats of rape.",,,,,,,,,
"b/Includes threats.",,,,,,,,,
