"Bureau of Justice Statistics",,,,,,,
"filename:  cv9701.csv",,,,,,,
"Table 1: Number, percent distribution, and rate of victimizations, by type of crime",,,,,,,
"data source: National Criminal Victimization Survey, 1997   NCJ 174446",,,,,,,
"produced by:  Cathy Maston ",,,,,,,
"authors:  Patsy Klaus and Cathy Maston",,,,,,,
"refer questions to:  askbjs@ojp.usdoj.gov     202-307-0765",,,,,,,
"date of version: 07/15/00",,,,,,,
,,,,,,,
,,,,,,,
"Table 1. Personal and property crimes, 1997:",,,,,,,
,,,,,,,
"Number, percent distribution, and rate of victimizations, by type of crime",,,,,,,
,,,,,,,
"              ",,,,"Percent ",,,"Rate per"
" ",,"Number of",,"of all ",,,"1,000 persons"
"Type of crime",,"victimizations",,"victimizations",,,"or households"
,,,,,,,
,,,,,,,
"All crimes",,34787730,,100,"%",,"         ..."
"                                                                                      ",,,,,,,
"Personal crimes",,8970600,,25.8,"%",,40.8
,,,,,,,
"Crimes of violence",,8614070,,24.8,,,39.2
"   Completed violence",,2679080,,7.7,,,12.2
"   Attempted/threatened violence",,5934990,,17.1,,,27
"   Rape/Sexual assault",,311110,,0.9,,,1.4
"      Rape/Attempted rape",,193790,,0.6,,,0.9
"         Rape",,115120,,0.3,,,0.5
"         Attempted rape/a",,78670,,0.2,,,0.4
"      Sexual assault/b",,117310,,0.3,,,0.5
"   Robbery",,943940,,2.7,,,4.3
"      Completed/property taken",,606660,,1.7,,,2.8
"         With injury",,243220,,0.7,,,1.1
"         Without injury",,363440,,1,,,1.7
"      Attempted to take property",,337280,,1,,,1.5
"         With injury",,72680,,0.2,,,0.3
"         Without injury",,264610,,0.8,,,1.2
"   Assault",,7359030,,21.2,,,33.5
"      Aggravated",,1883110,,5.4,,,8.6
"         With injury",,594900,,1.7,,,2.7
"         Threatened with weapon",,1288210,,3.7,,,5.9
"      Simple",,5475920,,15.7,,,24.9
"         With minor injury",,1257530,,3.6,,,5.7
"         Without injury",,4218390,,12.1,,,19.2
"Purse snatching/Pocket picking",,356530,,1,,,1.6
"   Completed purse snatching",,54980,,0.2,,,0.3
"   Attempted purse snatching",,15820,"*",0,"*",,0.1
"   Pocket picking",,285730,,0.8,,,1.3
,,,,,,,
"Total population age 12 and over",,219839110,,"...",,,"..."
,,,,,,,
"Property crimes",,25817140,,74.2,"%",,248.3
,,,,,,,
"Household burglary",,4634920,,13.3,,,44.6
"   Completed",,3892970,,11.2,,,37.4
"      Forcible entry",,1497370,,4.3,,,14.4
"      Unlawful entry without force",,2395600,,6.9,,,23
"   Attempted forcible entry",,741960,,2.1,,,7.1
"Motor vehicle theft",,1433370,,4.1,,,13.8
"   Completed",,1006960,,2.9,,,9.7
"   Attempted",,426410,,1.2,,,4.1
"Theft",,19748840,,56.8,,,189.9
"   Completed",,18960020,,54.5,,,182.3
"      Less than $50",,7218020,,20.7,,,69.4
"      $50 - $249",,6680070,,19.2,,,64.2
"      $250 or more",,3955010,,11.4,,,38
"      Amount not available",,1106910,,3.2,,,10.6
"   Attempted",,788820,,2.3,,,7.6
,,,,,,,
"Total number of households",,103988670,,"           ...",,,"           ..."
,,,,,,,
"Note: Detail may not add to total shown because of rounding.",,,,,,,
"*Estimate is based on about 10 or fewer sample cases.",,,,,,,
"Percent distribution is based on unrounded figures.",,,,,,,
"... Not applicable.",,,,,,,
"a/Includes verbal threats of rape.",,,,,,,
"b/Includes threats.",,,,,,,
