"Bureau of Justice Statistics",,,,,,,,,,,,,,,,
"filename:  cv9737.csv",,,,,,,,,,,,,,,,
"Table 37: Percent distribution of incidents, by victim-offender relationship,",,,,,,,,,,,,,,,,
"type of crime and number of offenders",,,,,,,,,,,,,,,,
"data source: National Criminal Victimization Survey, 1997   NCJ 174446",,,,,,,,,,,,,,,,
"produced by:  Cathy Maston ",,,,,,,,,,,,,,,,
"authors:  Patsy Klaus and Cathy Maston",,,,,,,,,,,,,,,,
"refer questions to:  askbjs@ojp.usdoj.gov     202-307-0765",,,,,,,,,,,,,,,,
"date of version: 07/15/00",,,,,,,,,,,,,,,,
,,,,,,,,,,,,,,,,
,,,,,,,,,,,,,,,,
"Table 37. Personal crimes of violence, 1997:",,,,,,,,,,,,,,,,
,,,,,,,,,,,,,,,,
"Percent distribution of incidents, by victim-offender relationship,",,,,,,,,,,,,,,,,
"type of crime and number of offenders",,,,,,,,,,,,,,,,
"    ",,,,,,,,,,,,,,,,
,,,,,,,,,,,"Percent of incidents",,,,,
,,,,,,,,,,,,"Number of offenders",,,,
,,,,,,,,,,,,,,,"Not known",
"Relationship and",,,"   Number of",,,,,,,,,,"Four",,"and not ",
"type of crime",,,"   incidents",,"Total",,"  One",,"  Two",," Three",,"or more",,"available",
,,,,,,,,,,,,,,,,
,,,,,,,,,,,,,,,,
"All incidents",,,,,,,,,,,,,,,,
,,,,,,,,,,,,,,,,
,"Crimes of violence",,7911520,,100,"%",79.6,"%",7.4,"%",4.3,"%",6.0,"%",2.7,"%"
,"   Completed violence",,2458080,,100,"%",76.0,,9.1,,4.4,,7.1,,3.3,
,"   Attempted/threatened violence",,5453430,,100,"%",81.2,,6.6,,4.3,,5.5,,2.5,
,"   Rape/Sexual assault/a",,305620,,100,"%",93.0,,1.3,"*",0.7,"*",3.6,"*",1.4,"*"
,"   Robbery",,882600,,100,"%",61.0,,15.4,,8.9,,8.6,,6.1,
,"      Completed/property taken",,564590,,100,"%",57.9,,19.5,,7.3,,9.5,,5.9,
,"      Attempted to take property",,318010,,100,"%",66.6,,8.2,"*",11.8,,6.9,"*",6.5,"*"
,"   Assault",,6723290,,100,"%",81.4,,6.6,,3.9,,5.8,,2.3,
,"      Aggravated",,1660460,,100,"%",73.3,,8.6,,5.2,,9.4,,3.5,
,"      Simple",,5062830,,100,"%",84.1,,5.9,,3.5,,4.6,,2.0,
,,,,,,,,,,,,,,,,
"Involving strangers",,,,,,,,,,,,,,,,
,,,,,,,,,,,,,,,,
,"Crimes of violence",,3869220,,100,"%",69.5,,9.7,,6.6,,9.2,,5.0,
,"   Completed violence",,1065160,,100,"%",56.7,,14.1,,8.8,,12.9,,7.5,
,"   Attempted/threatened violence",,2804060,,100,"%",74.4,,8.0,,5.7,,7.8,,4.1,
,"   Rape/Sexual assault/a",,97400,,100,"%",80.9,,3.9,"*",2.2,"*",8.4,"*",4.5,"*"
,"   Robbery",,646700,,100,"%",52.3,,19.1,,10.0,,10.3,,8.3,
,"      Completed/property taken",,408620,,100,"%",46.9,,23.9,,9.3,,11.9,,8.1,
,"      Attempted to take property",,238080,,100,"%",61.6,,10.9,"*",11.1,"*",7.7,"*",8.6,"*"
,"   Assault",,3125120,,100,"%",72.7,,7.9,,6.0,,9.0,,4.4,
,"      Aggravated",,922990,,100,"%",64.9,,10.0,,7.3,,11.9,,5.9,
,"      Simple",,2202130,,100,"%",76.0,,7.1,,5.4,,7.8,,3.8,
,,,,,,,,,,,,,,,,
"Involving nonstrangers",,,,,,,,,,,,,,,,
,,,,,,,,,,,,,,,,
,"Crimes of violence",,4042300,,100,"%",89.2,,5.2,,2.2,,2.9,,0.5,"*"
,"   Completed violence",,1392920,,100,"%",90.8,,5.3,,1.1,"*",2.7,,0.1,"*"
,"   Attempted/threatened violence",,2649380,,100,"%",88.4,,5.1,,2.8,,3.0,,0.7,"*"
,"   Rape/Sexual assault/a",,208220,,100,"%",98.7,,0.0,"*",0.0,"*",1.3,"*",0.0,"*"
,"   Robbery",,235900,,100,"%",85.1,,5.2,"*",6.1,"*",3.7,"*",0.0,"*"
,"      Completed/property taken",,155970,,100,"%",86.8,,7.9,"*",2.0,"*",3.2,"*",0.0,"*"
,"      Attempted to take property",,79940,,100,"%",81.5,,0.0,"*",14.0,"*",4.5,"*",0.0,"*"
,"   Assault",,3598170,,100,"%",89.0,,5.5,,2.1,,2.9,,0.6,"*"
,"      Aggravated",,737470,,100,"%",83.7,,6.9,,2.5,"*",6.4,,0.5,"*"
,"      Simple",,2860700,,100,"%",90.3,,5.1,,2.0,,2.0,,0.6,"*"
,,,,,,,,,,,,,,,,
,,,,,,,,,,,,,,,,
"Note: Detail may not add to total shown because of rounding.",,,,,,,,,,,,,,,,
"* Estimate is based on about 10 or fewer sample cases.",,,,,,,,,,,,,,,,
"a/Includes verbal threats of rape and threats of sexual assault.",,,,,,,,,,,,,,,,
