"Bureau of Justice Statistics",,,,,,,,,,
"filename:  cv9708.csv",,,,,,,,,,
"Table 8: Victimization rates for persons age 12 and over,",,,,,,,,,,
"by type of crime and ethnicity and gender of victims",,,,,,,,,,
"data source: National Criminal Victimization Survey, 1997   NCJ 174446",,,,,,,,,,
"produced by:  Cathy Maston ",,,,,,,,,,
"authors:  Patsy Klaus and Cathy Maston",,,,,,,,,,
"refer questions to:  askbjs@ojp.usdoj.gov     202-307-0765",,,,,,,,,,
"date of version: 07/15/00",,,,,,,,,,
,,,,,,,,,,
,,,,,,,,,,
"Table 8. Personal crimes, 1997:",,,,,,,,,,
,,,,,,,,,,
"Victimization rates for persons age 12 and over,",,,,,,,,,,
"by type of crime and ethnicity and gender of victims",,,,,,,,,,
,,,,,,,,,,
"                                                                                                                   ",,,,,"Rate per 1,000 persons age 12 and over",,,,,
,,,"         Hispanic",,,,,"         Non-Hispanic",,
"Type of crime",,"Male",,"         Female",,,"Male",,"         Female",
,,,,,,,,,,
,,,,,,,,,,
"Crimes of violence",,50.6,,35.9,,,44.9,,32.1,
,,,,,,,,,,
"   Completed violence",,16.4,,14,,,13.1,,10.6,
"   Attempted violence",,34.2,,21.9,,,31.9,,21.6,
"   Rape/Sexual assault/a",,0.2,"*",2.9,,,0.3,,2.4,
"   Robbery",,9.9,,4.7,,,5.7,,2.3,
"      Completed/property taken",,5.5,,3.5,,,3.7,,1.5,
"         With injury",,2.6,"*",1.1,"*",,1.5,,0.6,
"         Without injury",,2.9,,2.4,"*",,2.2,,0.9,
"      Attempted to take property",,4.4,,1.2,"*",,2,,0.8,
"         With injury",,0.8,"*",0.2,"*",,0.4,,0.2,"*"
"         Without injury",,3.6,,1,"*",,1.5,,0.6,
"   Assault",,40.5,,28.4,,,38.9,,27.4,
"      Aggravated",,12.8,,8,,,10.7,,6.1,
"         With injury",,4.5,,1.7,"*",,3.3,,2.1,
"         Threatened with weapon",,8.3,,6.3,,,7.4,,4,
"      Simple",,27.7,,20.4,,,28.3,,21.3,
"         With minor injury",,6.3,,6.4,,,5.8,,5.3,
"         Without injury",,21.3,,14,,,22.4,,16,
"Purse snatching/Pocket picking",,1.8,"*",3,,,1.5,,1.6,
,,,,,,,,,,
"Total population age 12 and over",,10392880,,10770110,,,95085860,,101237200,
,,,,,,,,,,
"Note: Detail may not add to total shown because of rounding.",,,,,,,,,,
"Excludes data on persons whose ethnicity was not ascertained.",,,,,,,,,,
"* Estimate is based on about 10 or fewer sample cases.",,,,,,,,,,
"a/Includes verbal threats of rape and threats of sexual assault.",,,,,,,,,,
