"Bureau of Justice Statistics",,,,,,,,,,,,,,,,
"filename:  cv9748.csv",,,,,,,,,,,,,,,,
"Table 48: Percent distribution of multiple-offender victimizations",,,,,,,,,,,,,,,,
"by type of crime, race of victims and perceived race of offenders",,,,,,,,,,,,,,,,
"data source: National Criminal Victimization Survey, 1997   NCJ 174446",,,,,,,,,,,,,,,,
"produced by:  Cathy Maston ",,,,,,,,,,,,,,,,
"authors:  Patsy Klaus and Cathy Maston",,,,,,,,,,,,,,,,
"refer questions to:  askbjs@ojp.usdoj.gov     202-307-0765",,,,,,,,,,,,,,,,
"date of version: 07/15/00",,,,,,,,,,,,,,,,
,,,,,,,,,,,,,,,,
,,,,,,,,,,,,,,,,
"Table 48. Personal crimes of violence, 1997:",,,,,,,,,,,,,,,,
,,,,,,,,,,,,,,,,
"Percent distribution of multiple-offender victimizations",,,,,,,,,,,,,,,,
"by type of crime, race of victims and perceived race of offenders",,,,,,,,,,,,,,,,
,,,,,,,,,,,,,,,,
,,,,,,,,,,,,"Percent of multiple-offender victimizations",,,,
,,,"Number of ",,,,,,,,,"Perceived race of offenders",,,,
,,,"multiple-",,,,,,,,,,,,"Not known",
"Type of crime",,,"offender",,,," All",," All",," All",," Mixed",,"and not",
"and race of victim",,,"victimizations",,"Total",," white",," black",," other",," races",,"available",
,,,,,,,,,,,,,,,,
,,,,,,,,,,,,,,,,
"Crimes of violence/a",,,,,,,,,,,,,,,,
,"White",,1423120,,100,"%",50.9,"%",20.5,"%",9.3,"%",13.8,"%",5.6,"%"
,"Black",,290030,,100,"%",12.6,,75.0,,2.7,"*",8.7,"*",1.1,"*"
,,,,,,,,,,,,,,,,
"Robbery",,,,,,,,,,,,,,,,
,"White",,264550,,100,"%",18.5,,37.1,,12.7,,21.7,,10.0,"*"
,"Black",,68320,,100,"%",3.7,"*",91.8,,0.0,"*",0.0,"*",4.5,"*"
,,,,,,,,,,,,,,,,
"Assault",,,,,,,,,,,,,,,,
,"White",,1137700,,100,"%",59.4,,16.3,,8.6,,11.7,,3.9,
,"Black",,221710,,100,"%",15.3,,69.8,,3.5,"*",11.4,"*",0.0,"*"
,,,,,,,,,,,,,,,,
,,,,,,,,,,,,,,,,
"Note: Detail may not add to total shown because of rounding.",,,,,,,,,,,,,,,,
"* Estimate is based on about 10 or fewer sample cases.",,,,,,,,,,,,,,,,
"a/Includes data on rape and sexual assault, not shown separately.",,,,,,,,,,,,,,,,
