"Bureau of Justice Statistics",,,,,,,,,,,,,,,,,,,,,
"filename:  cv9739.csv",,,,,,,,,,,,,,,,,,,,,
"Table 39: Percent distribution of single-offender victimizations,",,,,,,,,,,,,,,,,,,,,,
"by type of crime and perceived age of offender",,,,,,,,,,,,,,,,,,,,,
"data source: National Criminal Victimization Survey, 1997   NCJ 174446",,,,,,,,,,,,,,,,,,,,,
"produced by:  Cathy Maston ",,,,,,,,,,,,,,,,,,,,,
"authors:  Patsy Klaus and Cathy Maston",,,,,,,,,,,,,,,,,,,,,
"refer questions to:  askbjs@ojp.usdoj.gov     202-307-0765",,,,,,,,,,,,,,,,,,,,,
"date of version: 07/15/00",,,,,,,,,,,,,,,,,,,,,
,,,,,,,,,,,,,,,,,,,,,
,,,,,,,,,,,,,,,,,,,,,
"Table 39. Personal crimes of violence, 1997:",,,,,,,,,,,,,,,,,,,,,
,,,,,,,,,,,,,,,,,,,,,
"Percent distribution of single-offender victimizations,",,,,,,,,,,,,,,,,,,,,,
"by type of crime and perceived age of offender",,,,,,,,,,,,,,,,,,,,,
,,,,,,,,,,,,,,,,,,,,,
,,,,,,,,,,,"Percent of single-offender victimizations",,,,,,,,,,
,,,,,,,,,,,,"Perceived age of offender",,,,,,,,,
,,"Number of",,,,,,,,,,,,,,,,,,"Not known",
,,"single-offender",,,,,,,,,,"12-20",,,,,,"  30 and",,"and not",
"Type of crime",,"victimizations",,"  Total",,"Under 12",,"  Total",,"12-14",,"15-17",,"18-20",,"21-29",,"  over",,"available",
,,,,,,,,,,,,,,,,,,,,,
,,,,,,,,,,,,,,,,,,,,,
"Crimes of violence",,6737250,,100,"%",1.6,"%",31.2,"%",8.0,"%",13.1,"%",10.0,"%",27.5,"%",36.6,"%",3.2,"%"
,,,,,,,,,,,,,,,,,,,,,
"   Completed violence",,1991260,,100,,1.7,,31.9,,8.0,,14.2,,9.8,,31.0,,32.8,,2.6,
"   Attempted/threatened violence",,4745980,,100,,1.5,,30.8,,8.1,,12.7,,10.1,,26.1,,38.2,,3.4,
"   Rape/Sexual assault/a",,288190,,100,,0.0,"*",23.1,,3.2,"*",7.8,"*",12.1,,24.7,,48.8,,3.4,"*"
"   Robbery",,565010,,100,,0.4,"*",30.6,,5.4,,12.5,,12.7,,41.4,,21.9,,5.6,
"      Completed/property taken",,345380,,100,,0.0,"*",31.5,,5.1,"*",13.7,,12.7,,40.4,,21.2,,6.9,"*"
"         With injury",,137280,,100,,0.0,"*",35.1,,0.0,"*",24.9,,10.2,"*",40.7,,22.6,,1.6,"*"
"         Without injury",,208100,,100,,0.0,"*",29.1,,8.5,"*",6.2,"*",14.3,,40.2,,20.4,,10.3,"*"
"      Attempted to take property",,219620,,100,,1.1,"*",29.3,,5.9,"*",10.8,"*",12.6,"*",42.9,,23.0,,3.7,"*"
"         With injury",,50100,,100,,0.0,"*",15.5,"*",0.0,"*",9.9,"*",5.6,"*",58.1,,20.3,,6.0,"*"
"         Without injury",,169520,,100,,1.5,"*",33.4,,7.7,"*",11.0,"*",14.7,"*",38.4,,23.8,,2.9,"*"
"   Assault",,5884030,,100,,1.7,,31.6,,8.5,,13.5,,9.6,,26.3,,37.4,,2.9,
"      Aggravated",,1341980,,100,,2.9,,26.9,,3.7,,11.7,,11.5,,27.7,,37.9,,4.6,
"      Simple",,4542050,,100,,1.4,,33.0,,10.0,,14.0,,9.0,,25.9,,37.3,,2.4,
,,,,,,,,,,,,,,,,,,,,,
,,,,,,,,,,,,,,,,,,,,,
"Note: Detail may not add to total shown because of rounding.",,,,,,,,,,,,,,,,,,,,,
"* Estimate is based on about 10 or fewer sample cases.",,,,,,,,,,,,,,,,,,,,,
"a/Includes verbal threats of rape and threats of sexual assault.",,,,,,,,,,,,,,,,,,,,,
