"Bureau of Justice Statistics",,,,,,,,,,,,,,
"filename:  cv9736.csv",,,,,,,,,,,,,,
"Table 36: Percent distribution of incidents, by type of crime",,,,,,,,,,,,,,
"and number of victims",,,,,,,,,,,,,,
"data source: National Criminal Victimization Survey, 1997   NCJ 174446",,,,,,,,,,,,,,
"produced by:  Cathy Maston ",,,,,,,,,,,,,,
"authors:  Patsy Klaus and Cathy Maston",,,,,,,,,,,,,,
"refer questions to:  askbjs@ojp.usdoj.gov     202-307-0765",,,,,,,,,,,,,,
"date of version: 07/15/00",,,,,,,,,,,,,,
,,,,,,,,,,,,,,
,,,,,,,,,,,,,,
"Table 36. Personal crimes of violence, 1997:",,,,,,,,,,,,,,
,,,,,,,,,,,,,,
"Percent distribution of incidents, by type of crime",,,,,,,,,,,,,,
"and number of victims",,,,,,,,,,,,,,
,,,,,,,,,,,,,,
,,,,,,,,,"Percent of incidents",,,,,
,,,,,,,,,,"Number of victims",,,,
,,,"  Number of",,,,,,,,,," Four",
"Type of crime",,,"  incidents",,"Total/a",,"  One",,"  Two",,"  Three",," or more",
,,,,,,,,,,,,,,
,,,,,,,,,,,,,,
"Crimes of violence",,,7911510,,100,"%",93.6,"%",4.8,"%",0.9,"%",0.6,"%"
,,,,,,,,,,,,,,
"   Completed violence",,,2458080,,100,,93.0,,5.6,,1.0,"*",0.4,"*"
"   Attempted/threatened violence",,,5453430,,100,,93.9,,4.5,,0.8,,0.8,
"   Rape/Sexual assault/b",,,305620,,100,,98.6,,1.2,"*",0.0,"*",0.2,"*"
"   Robbery",,,882600,,100,,94.6,,4.1,,1.0,"*",0.3,"*"
"      Completed/property taken",,,564590,,100,,94.3,,4.2,"*",1.2,"*",0.3,"*"
"         With injury",,,228780,,100,,95.1,,3.7,"*",0.9,"*",0.3,"*"
"         Without injury",,,335800,,100,,93.8,,4.5,"*",1.5,"*",0.3,"*"
"      Attempted to take property",,,318010,,100,,95.1,,4.0,"*",0.6,"*",0.3,"*"
"         With injury",,,68350,,100,,94.9,,3.8,"*",1.2,"*",0.0,"*"
"         Without injury",,,249650,,100,,95.2,,4.0,"*",0.4,"*",0.4,"*"
"   Assault",,,6723290,,100,,93.3,,5.1,,0.9,,0.7,
"      Aggravated",,,1660450,,100,,90.7,,7.0,,1.3,"*",1.1,"*"
"      Simple",,,5062830,,100,,94.1,,4.5,,0.8,,0.6,
,,,,,,,,,,,,,,
,,,,,,,,,,,,,,
"Note: Detail may not add to total shown because of rounding.",,,,,,,,,,,,,,
"* Estimate is based on about 10 or fewer sample cases.",,,,,,,,,,,,,,
"a/Excludes incidents for which the number of victims was not ascertained.",,,,,,,,,,,,,,
"b/Includes verbal threats of rape and threats of sexual assault.",,,,,,,,,,,,,,
