"Bureau of Justice Statistics",,,,,,,,,,,,,,,,,,,
"filename:  cv9774.csv",,,,,,,,,,,,,,,,,,,
"Table 74: Percent distribution of victimizations in which",,,,,,,,,,,,,,,,,,,
"self-protective measures taken by the victim were harmful",,,,,,,,,,,,,,,,,,,
"data source: National Criminal Victimization Survey, 1997   NCJ 174446",,,,,,,,,,,,,,,,,,,
"produced by:  Cathy Maston ",,,,,,,,,,,,,,,,,,,
"authors:  Patsy Klaus and Cathy Maston",,,,,,,,,,,,,,,,,,,
"refer questions to:  askbjs@ojp.usdoj.gov     202-307-0765",,,,,,,,,,,,,,,,,,,
"date of version: 07/15/00",,,,,,,,,,,,,,,,,,,
,,,,,,,,,,,,,,,,,,,
,,,,,,,,,,,,,,,,,,,
"Table 74. Personal crimes of violence, 1997:",,,,,,,,,,,,,,,,,,,
,,,,,,,,,,,,,,,,,,,
"Percent distribution of victimizations in which",,,,,,,,,,,,,,,,,,,
"self-protective measures taken by the victim were harmful",,,,,,,,,,,,,,,,,,,
,,,,,,,,,,,,,,,,,,,
,,,,,,,,,,,,"Percent of victimizations",,,,,,,
,,,,,,"Made",,"Led to ",,"  Caused",,,,,,"Made",,,
"       ",,,,,,"offender",,"injury or",,"  greater",,"  Caused",,"  Let",,"situation",,,
"                                                                                                                            ",,"Number of",,,,"angrier, more",,"greater",,"  property",,"  others to",,"  offender",,"worse in",,"  Not",
"Type of crime",,"victimizations",," Total",,"aggressive",,"injury",,"  damage",,"  get hurt",,"  get away",,"other ways",,"  available",
,,,,,,,,,,,,,,,,,,,
,,,,,,,,,,,,,,,,,,,
"Crimes of violence/a",,1111630,,100,"%",68.2,"%",8.2,"%",3.4,"%",1.7,"%*",1.5,"%*",16.8,"%",0.2,"%*"
,,,,,,,,,,,,,,,,,,,
"   Robbery",,159510,,100,,59.8,,24.7,,8.1,"*",0.0,"*",1.4,"*",5.9,"*",0.0,"*"
"   Assault",,894430,,100,,69.4,,4.8,,2.8,"*",2.1,"*",1.6,"*",19.0,,0.3,"*"
"      Aggravated",,237320,,100,,55.3,,5.6,"*",7.9,"*",4.3,"*",5.0,"*",20.9,,1.1,"*"
"      Simple",,657110,,100,,74.5,,4.5,,1.0,"*",1.3,"*",0.4,"*",18.4,,0.0,"*"
,,,,,,,,,,,,,,,,,,,
,,,,,,,,,,,,,,,,,,,
"Note: Detail may not add to total shown because of rounding.",,,,,,,,,,,,,,,,,,,
"Excludes victimizations in which no self-protective actions were taken.",,,,,,,,,,,,,,,,,,,
"* Estimate is based on about 10 or fewer sample cases.",,,,,,,,,,,,,,,,,,,
"a/Includes data on rape and sexual assault, not shown separately.",,,,,,,,,,,,,,,,,,,
