"Sheriff's Office Workload Data                 The following statistics represent the workload generated during the period of                     January 1, 2011 to December 31, 2011.                                                         Calls for Service                      12,207                                                           Felony Warrants Served                      303                                                           Misdemeanor Warrants Served                      377                                                           Civil Papers Served                      6,492                                                           Traffic Summons Issued                      1,633                                                           Traffic Accidents Worked                      82                                                           Drug Charge Arrests                     112 persons                                                            DUI Arrests                      35 persons                                                           Court Days                      181 days totaling 4,237 man hours                                                            Transports                     926 manhours for 27,477 miles                                                            Community Presentations                     10 presentation to 483 persons",Calls for Service,"12,207",Felony Warrants Served,303,Misdemeanor Warrants Served,377,Civil Papers Served,"6,492",Traffic Summons Issued,"1,633",Traffic Accidents Worked,82,Drug Charge Arrests,112 persons,DUI Arrests,35 persons,Court Days,"181 days totaling 4,237 man hours",Transports,"926 manhours for 27,477 miles",Community Presentations,10 presentation to 483 persons,,,,
Calls for Service,"12,207"
Felony Warrants Served,303
Misdemeanor Warrants Served,377
Civil Papers Served,"6,492"
Traffic Summons Issued,"1,633"
Traffic Accidents Worked,82
Drug Charge Arrests,112 persons
DUI Arrests,35 persons
Court Days,"181 days totaling 4,237 man hours"
Transports,"926 manhours for 27,477 miles"
Community Presentations,10 presentation to 483 persons
,
,
