[
  {
    "Sheriff's Office Workload Data                 The following statistics represent the workload generated during the period of                     January 1, 2011 to December 31, 2011.                                                         Calls for Service                      12,207                                                           Felony Warrants Served                      303                                                           Misdemeanor Warrants Served                      377                                                           Civil Papers Served                      6,492                                                           Traffic Summons Issued                      1,633                                                           Traffic Accidents Worked                      82                                                           Drug Charge Arrests                     112 persons                                                            DUI Arrests                      35 persons                                                           Court Days                      181 days totaling 4,237 man hours                                                            Transports                     926 manhours for 27,477 miles                                                            Community Presentations                     10 presentation to 483 persons":"Calls for Service",
    "Calls for Service":"12,207",
    "12,207":"",
    "Felony Warrants Served":"",
    "303":"",
    "Misdemeanor Warrants Served":"",
    "377":"",
    "Civil Papers Served":"",
    "6,492":"",
    "Traffic Summons Issued":"",
    "1,633":"",
    "Traffic Accidents Worked":"",
    "82":"",
    "Drug Charge Arrests":"",
    "112 persons":"",
    "DUI Arrests":"",
    "35 persons":"",
    "Court Days":"",
    "181 days totaling 4,237 man hours":"",
    "Transports":"",
    "926 manhours for 27,477 miles":"",
    "Community Presentations":"",
    "10 presentation to 483 persons":"",
    "FIELD24":"",
    "FIELD25":"",
    "FIELD26":"",
    "FIELD27":""
  },
  {
    "Sheriff's Office Workload Data                 The following statistics represent the workload generated during the period of                     January 1, 2011 to December 31, 2011.                                                         Calls for Service                      12,207                                                           Felony Warrants Served                      303                                                           Misdemeanor Warrants Served                      377                                                           Civil Papers Served                      6,492                                                           Traffic Summons Issued                      1,633                                                           Traffic Accidents Worked                      82                                                           Drug Charge Arrests                     112 persons                                                            DUI Arrests                      35 persons                                                           Court Days                      181 days totaling 4,237 man hours                                                            Transports                     926 manhours for 27,477 miles                                                            Community Presentations                     10 presentation to 483 persons":"Felony Warrants Served",
    "Calls for Service":"303",
    "12,207":"",
    "Felony Warrants Served":"",
    "303":"",
    "Misdemeanor Warrants Served":"",
    "377":"",
    "Civil Papers Served":"",
    "6,492":"",
    "Traffic Summons Issued":"",
    "1,633":"",
    "Traffic Accidents Worked":"",
    "82":"",
    "Drug Charge Arrests":"",
    "112 persons":"",
    "DUI Arrests":"",
    "35 persons":"",
    "Court Days":"",
    "181 days totaling 4,237 man hours":"",
    "Transports":"",
    "926 manhours for 27,477 miles":"",
    "Community Presentations":"",
    "10 presentation to 483 persons":"",
    "FIELD24":"",
    "FIELD25":"",
    "FIELD26":"",
    "FIELD27":""
  },
  {
    "Sheriff's Office Workload Data                 The following statistics represent the workload generated during the period of                     January 1, 2011 to December 31, 2011.                                                         Calls for Service                      12,207                                                           Felony Warrants Served                      303                                                           Misdemeanor Warrants Served                      377                                                           Civil Papers Served                      6,492                                                           Traffic Summons Issued                      1,633                                                           Traffic Accidents Worked                      82                                                           Drug Charge Arrests                     112 persons                                                            DUI Arrests                      35 persons                                                           Court Days                      181 days totaling 4,237 man hours                                                            Transports                     926 manhours for 27,477 miles                                                            Community Presentations                     10 presentation to 483 persons":"Misdemeanor Warrants Served",
    "Calls for Service":"377",
    "12,207":"",
    "Felony Warrants Served":"",
    "303":"",
    "Misdemeanor Warrants Served":"",
    "377":"",
    "Civil Papers Served":"",
    "6,492":"",
    "Traffic Summons Issued":"",
    "1,633":"",
    "Traffic Accidents Worked":"",
    "82":"",
    "Drug Charge Arrests":"",
    "112 persons":"",
    "DUI Arrests":"",
    "35 persons":"",
    "Court Days":"",
    "181 days totaling 4,237 man hours":"",
    "Transports":"",
    "926 manhours for 27,477 miles":"",
    "Community Presentations":"",
    "10 presentation to 483 persons":"",
    "FIELD24":"",
    "FIELD25":"",
    "FIELD26":"",
    "FIELD27":""
  },
  {
    "Sheriff's Office Workload Data                 The following statistics represent the workload generated during the period of                     January 1, 2011 to December 31, 2011.                                                         Calls for Service                      12,207                                                           Felony Warrants Served                      303                                                           Misdemeanor Warrants Served                      377                                                           Civil Papers Served                      6,492                                                           Traffic Summons Issued                      1,633                                                           Traffic Accidents Worked                      82                                                           Drug Charge Arrests                     112 persons                                                            DUI Arrests                      35 persons                                                           Court Days                      181 days totaling 4,237 man hours                                                            Transports                     926 manhours for 27,477 miles                                                            Community Presentations                     10 presentation to 483 persons":"Civil Papers Served",
    "Calls for Service":"6,492",
    "12,207":"",
    "Felony Warrants Served":"",
    "303":"",
    "Misdemeanor Warrants Served":"",
    "377":"",
    "Civil Papers Served":"",
    "6,492":"",
    "Traffic Summons Issued":"",
    "1,633":"",
    "Traffic Accidents Worked":"",
    "82":"",
    "Drug Charge Arrests":"",
    "112 persons":"",
    "DUI Arrests":"",
    "35 persons":"",
    "Court Days":"",
    "181 days totaling 4,237 man hours":"",
    "Transports":"",
    "926 manhours for 27,477 miles":"",
    "Community Presentations":"",
    "10 presentation to 483 persons":"",
    "FIELD24":"",
    "FIELD25":"",
    "FIELD26":"",
    "FIELD27":""
  },
  {
    "Sheriff's Office Workload Data                 The following statistics represent the workload generated during the period of                     January 1, 2011 to December 31, 2011.                                                         Calls for Service                      12,207                                                           Felony Warrants Served                      303                                                           Misdemeanor Warrants Served                      377                                                           Civil Papers Served                      6,492                                                           Traffic Summons Issued                      1,633                                                           Traffic Accidents Worked                      82                                                           Drug Charge Arrests                     112 persons                                                            DUI Arrests                      35 persons                                                           Court Days                      181 days totaling 4,237 man hours                                                            Transports                     926 manhours for 27,477 miles                                                            Community Presentations                     10 presentation to 483 persons":"Traffic Summons Issued",
    "Calls for Service":"1,633",
    "12,207":"",
    "Felony Warrants Served":"",
    "303":"",
    "Misdemeanor Warrants Served":"",
    "377":"",
    "Civil Papers Served":"",
    "6,492":"",
    "Traffic Summons Issued":"",
    "1,633":"",
    "Traffic Accidents Worked":"",
    "82":"",
    "Drug Charge Arrests":"",
    "112 persons":"",
    "DUI Arrests":"",
    "35 persons":"",
    "Court Days":"",
    "181 days totaling 4,237 man hours":"",
    "Transports":"",
    "926 manhours for 27,477 miles":"",
    "Community Presentations":"",
    "10 presentation to 483 persons":"",
    "FIELD24":"",
    "FIELD25":"",
    "FIELD26":"",
    "FIELD27":""
  },
  {
    "Sheriff's Office Workload Data                 The following statistics represent the workload generated during the period of                     January 1, 2011 to December 31, 2011.                                                         Calls for Service                      12,207                                                           Felony Warrants Served                      303                                                           Misdemeanor Warrants Served                      377                                                           Civil Papers Served                      6,492                                                           Traffic Summons Issued                      1,633                                                           Traffic Accidents Worked                      82                                                           Drug Charge Arrests                     112 persons                                                            DUI Arrests                      35 persons                                                           Court Days                      181 days totaling 4,237 man hours                                                            Transports                     926 manhours for 27,477 miles                                                            Community Presentations                     10 presentation to 483 persons":"Traffic Accidents Worked",
    "Calls for Service":"82",
    "12,207":"",
    "Felony Warrants Served":"",
    "303":"",
    "Misdemeanor Warrants Served":"",
    "377":"",
    "Civil Papers Served":"",
    "6,492":"",
    "Traffic Summons Issued":"",
    "1,633":"",
    "Traffic Accidents Worked":"",
    "82":"",
    "Drug Charge Arrests":"",
    "112 persons":"",
    "DUI Arrests":"",
    "35 persons":"",
    "Court Days":"",
    "181 days totaling 4,237 man hours":"",
    "Transports":"",
    "926 manhours for 27,477 miles":"",
    "Community Presentations":"",
    "10 presentation to 483 persons":"",
    "FIELD24":"",
    "FIELD25":"",
    "FIELD26":"",
    "FIELD27":""
  },
  {
    "Sheriff's Office Workload Data                 The following statistics represent the workload generated during the period of                     January 1, 2011 to December 31, 2011.                                                         Calls for Service                      12,207                                                           Felony Warrants Served                      303                                                           Misdemeanor Warrants Served                      377                                                           Civil Papers Served                      6,492                                                           Traffic Summons Issued                      1,633                                                           Traffic Accidents Worked                      82                                                           Drug Charge Arrests                     112 persons                                                            DUI Arrests                      35 persons                                                           Court Days                      181 days totaling 4,237 man hours                                                            Transports                     926 manhours for 27,477 miles                                                            Community Presentations                     10 presentation to 483 persons":"Drug Charge Arrests",
    "Calls for Service":"112 persons",
    "12,207":"",
    "Felony Warrants Served":"",
    "303":"",
    "Misdemeanor Warrants Served":"",
    "377":"",
    "Civil Papers Served":"",
    "6,492":"",
    "Traffic Summons Issued":"",
    "1,633":"",
    "Traffic Accidents Worked":"",
    "82":"",
    "Drug Charge Arrests":"",
    "112 persons":"",
    "DUI Arrests":"",
    "35 persons":"",
    "Court Days":"",
    "181 days totaling 4,237 man hours":"",
    "Transports":"",
    "926 manhours for 27,477 miles":"",
    "Community Presentations":"",
    "10 presentation to 483 persons":"",
    "FIELD24":"",
    "FIELD25":"",
    "FIELD26":"",
    "FIELD27":""
  },
  {
    "Sheriff's Office Workload Data                 The following statistics represent the workload generated during the period of                     January 1, 2011 to December 31, 2011.                                                         Calls for Service                      12,207                                                           Felony Warrants Served                      303                                                           Misdemeanor Warrants Served                      377                                                           Civil Papers Served                      6,492                                                           Traffic Summons Issued                      1,633                                                           Traffic Accidents Worked                      82                                                           Drug Charge Arrests                     112 persons                                                            DUI Arrests                      35 persons                                                           Court Days                      181 days totaling 4,237 man hours                                                            Transports                     926 manhours for 27,477 miles                                                            Community Presentations                     10 presentation to 483 persons":"DUI Arrests",
    "Calls for Service":"35 persons",
    "12,207":"",
    "Felony Warrants Served":"",
    "303":"",
    "Misdemeanor Warrants Served":"",
    "377":"",
    "Civil Papers Served":"",
    "6,492":"",
    "Traffic Summons Issued":"",
    "1,633":"",
    "Traffic Accidents Worked":"",
    "82":"",
    "Drug Charge Arrests":"",
    "112 persons":"",
    "DUI Arrests":"",
    "35 persons":"",
    "Court Days":"",
    "181 days totaling 4,237 man hours":"",
    "Transports":"",
    "926 manhours for 27,477 miles":"",
    "Community Presentations":"",
    "10 presentation to 483 persons":"",
    "FIELD24":"",
    "FIELD25":"",
    "FIELD26":"",
    "FIELD27":""
  },
  {
    "Sheriff's Office Workload Data                 The following statistics represent the workload generated during the period of                     January 1, 2011 to December 31, 2011.                                                         Calls for Service                      12,207                                                           Felony Warrants Served                      303                                                           Misdemeanor Warrants Served                      377                                                           Civil Papers Served                      6,492                                                           Traffic Summons Issued                      1,633                                                           Traffic Accidents Worked                      82                                                           Drug Charge Arrests                     112 persons                                                            DUI Arrests                      35 persons                                                           Court Days                      181 days totaling 4,237 man hours                                                            Transports                     926 manhours for 27,477 miles                                                            Community Presentations                     10 presentation to 483 persons":"Court Days",
    "Calls for Service":"181 days totaling 4,237 man hours",
    "12,207":"",
    "Felony Warrants Served":"",
    "303":"",
    "Misdemeanor Warrants Served":"",
    "377":"",
    "Civil Papers Served":"",
    "6,492":"",
    "Traffic Summons Issued":"",
    "1,633":"",
    "Traffic Accidents Worked":"",
    "82":"",
    "Drug Charge Arrests":"",
    "112 persons":"",
    "DUI Arrests":"",
    "35 persons":"",
    "Court Days":"",
    "181 days totaling 4,237 man hours":"",
    "Transports":"",
    "926 manhours for 27,477 miles":"",
    "Community Presentations":"",
    "10 presentation to 483 persons":"",
    "FIELD24":"",
    "FIELD25":"",
    "FIELD26":"",
    "FIELD27":""
  },
  {
    "Sheriff's Office Workload Data                 The following statistics represent the workload generated during the period of                     January 1, 2011 to December 31, 2011.                                                         Calls for Service                      12,207                                                           Felony Warrants Served                      303                                                           Misdemeanor Warrants Served                      377                                                           Civil Papers Served                      6,492                                                           Traffic Summons Issued                      1,633                                                           Traffic Accidents Worked                      82                                                           Drug Charge Arrests                     112 persons                                                            DUI Arrests                      35 persons                                                           Court Days                      181 days totaling 4,237 man hours                                                            Transports                     926 manhours for 27,477 miles                                                            Community Presentations                     10 presentation to 483 persons":"Transports",
    "Calls for Service":"926 manhours for 27,477 miles",
    "12,207":"",
    "Felony Warrants Served":"",
    "303":"",
    "Misdemeanor Warrants Served":"",
    "377":"",
    "Civil Papers Served":"",
    "6,492":"",
    "Traffic Summons Issued":"",
    "1,633":"",
    "Traffic Accidents Worked":"",
    "82":"",
    "Drug Charge Arrests":"",
    "112 persons":"",
    "DUI Arrests":"",
    "35 persons":"",
    "Court Days":"",
    "181 days totaling 4,237 man hours":"",
    "Transports":"",
    "926 manhours for 27,477 miles":"",
    "Community Presentations":"",
    "10 presentation to 483 persons":"",
    "FIELD24":"",
    "FIELD25":"",
    "FIELD26":"",
    "FIELD27":""
  },
  {
    "Sheriff's Office Workload Data                 The following statistics represent the workload generated during the period of                     January 1, 2011 to December 31, 2011.                                                         Calls for Service                      12,207                                                           Felony Warrants Served                      303                                                           Misdemeanor Warrants Served                      377                                                           Civil Papers Served                      6,492                                                           Traffic Summons Issued                      1,633                                                           Traffic Accidents Worked                      82                                                           Drug Charge Arrests                     112 persons                                                            DUI Arrests                      35 persons                                                           Court Days                      181 days totaling 4,237 man hours                                                            Transports                     926 manhours for 27,477 miles                                                            Community Presentations                     10 presentation to 483 persons":"Community Presentations",
    "Calls for Service":"10 presentation to 483 persons",
    "12,207":"",
    "Felony Warrants Served":"",
    "303":"",
    "Misdemeanor Warrants Served":"",
    "377":"",
    "Civil Papers Served":"",
    "6,492":"",
    "Traffic Summons Issued":"",
    "1,633":"",
    "Traffic Accidents Worked":"",
    "82":"",
    "Drug Charge Arrests":"",
    "112 persons":"",
    "DUI Arrests":"",
    "35 persons":"",
    "Court Days":"",
    "181 days totaling 4,237 man hours":"",
    "Transports":"",
    "926 manhours for 27,477 miles":"",
    "Community Presentations":"",
    "10 presentation to 483 persons":"",
    "FIELD24":"",
    "FIELD25":"",
    "FIELD26":"",
    "FIELD27":""
  },
  {
    "Sheriff's Office Workload Data                 The following statistics represent the workload generated during the period of                     January 1, 2011 to December 31, 2011.                                                         Calls for Service                      12,207                                                           Felony Warrants Served                      303                                                           Misdemeanor Warrants Served                      377                                                           Civil Papers Served                      6,492                                                           Traffic Summons Issued                      1,633                                                           Traffic Accidents Worked                      82                                                           Drug Charge Arrests                     112 persons                                                            DUI Arrests                      35 persons                                                           Court Days                      181 days totaling 4,237 man hours                                                            Transports                     926 manhours for 27,477 miles                                                            Community Presentations                     10 presentation to 483 persons":"",
    "Calls for Service":"",
    "12,207":"",
    "Felony Warrants Served":"",
    "303":"",
    "Misdemeanor Warrants Served":"",
    "377":"",
    "Civil Papers Served":"",
    "6,492":"",
    "Traffic Summons Issued":"",
    "1,633":"",
    "Traffic Accidents Worked":"",
    "82":"",
    "Drug Charge Arrests":"",
    "112 persons":"",
    "DUI Arrests":"",
    "35 persons":"",
    "Court Days":"",
    "181 days totaling 4,237 man hours":"",
    "Transports":"",
    "926 manhours for 27,477 miles":"",
    "Community Presentations":"",
    "10 presentation to 483 persons":"",
    "FIELD24":"",
    "FIELD25":"",
    "FIELD26":"",
    "FIELD27":""
  },
  {
    "Sheriff's Office Workload Data                 The following statistics represent the workload generated during the period of                     January 1, 2011 to December 31, 2011.                                                         Calls for Service                      12,207                                                           Felony Warrants Served                      303                                                           Misdemeanor Warrants Served                      377                                                           Civil Papers Served                      6,492                                                           Traffic Summons Issued                      1,633                                                           Traffic Accidents Worked                      82                                                           Drug Charge Arrests                     112 persons                                                            DUI Arrests                      35 persons                                                           Court Days                      181 days totaling 4,237 man hours                                                            Transports                     926 manhours for 27,477 miles                                                            Community Presentations                     10 presentation to 483 persons":"",
    "Calls for Service":"",
    "12,207":"",
    "Felony Warrants Served":"",
    "303":"",
    "Misdemeanor Warrants Served":"",
    "377":"",
    "Civil Papers Served":"",
    "6,492":"",
    "Traffic Summons Issued":"",
    "1,633":"",
    "Traffic Accidents Worked":"",
    "82":"",
    "Drug Charge Arrests":"",
    "112 persons":"",
    "DUI Arrests":"",
    "35 persons":"",
    "Court Days":"",
    "181 days totaling 4,237 man hours":"",
    "Transports":"",
    "926 manhours for 27,477 miles":"",
    "Community Presentations":"",
    "10 presentation to 483 persons":"",
    "FIELD24":"",
    "FIELD25":"",
    "FIELD26":"",
    "FIELD27":""
  }
]