Bureau of Justice Statistics,,,,,,
filename: cv06h01.csv,,,,,,
Highlight 1:  Crime victimization rates in urban and suburban areas remained stable between 2005 and 2006,,,,,,
"report title:  Criminal Victimization, 2006 NCJ 219413",,,,,,
data source: National Crime Victimization Survey,,,,,,
"author: Michael Rand and Shannan Catalano, Ph.D., BJS Statisticians",,,,,,
refer questions to: askbjs@usdoj.gov or (202) 307-0765,,,,,,
date of version: 12/12/2007,,,,,,

Highlight 1:  Crime victimization rates in urban and suburban areas remained stable between 2005 and 2006,,,,,,
,2005,,2006,,,
Type of crime,Number,Rate/a,Number, Rate/a,Percent change,
Violent/c,"3,577,220",22.1,"3,672,940",23.3,5.6,%/b
Personal theft,"168,050",1,"138,520",0.9,-15.2,/b
Property,"12,598,090",162.8,"12,133,460",159.1,-2.3,/b
Note: Based on data from continuing urban and suburban areas only.,,,,,,
"a/Victimization rates are per 1,000 persons age 12 or older or per 1,000 households."
b/Percent change between 2005 and 2006 are not statistically significant. See section on Standard error computations on page 5.
c/Excludes murder because the NCVS is based on interviews with victims and therefore cannot measure murder.
