Bureau of Justice Statistics,,,,
filename: cv06t03.csv,,,,
"Table 3.  Violent victimization, by gender and age, 2006",,,,
"report title:  Criminal Victimization, 2006 NCJ 219413",,,,
data source: National Crime Victimization Survey,,,,
"author: Michael Rand and Shannan Catalano, Ph.D., BJS Statisticians",,,,
refer questions to: askbjs@usdoj.gov or (202) 307-0765,,,,
date of version: 12/12/2007,,,,

"Table 3.  Violent victimization, by gender and age, 2006",,,,
,,Population,Number,Rate*
Gender,,,,
,Males,"120,513,190","3,187,880",26.5
,Females,"126,777,010","2,906,850",22.9
Age,,,,
, 12-15,"16,892,570","799,610",47.3
,16-19,"16,687,150","873,480",52.3
,20-24,"20,397,690","891,220",43.7
,25-34,"39,931,470","1,407,710",35.3
,35-49,"65,886,660","1,320,800",20
,50-64,"51,916,140","677,790",13.1
,65 or older,"35,578,530","124,120",3.5
"*Victimization rates are per 1,000 persons age 12 or older or per 1,000 households.",,,,
