Bureau of Justice Statistics,,,
filename: cv06t04.csv,,,
"Table 4.  Property victimization, by age of head of household, 2006",,,
"report title:  Criminal Victimization, 2006 NCJ 219413",,,
data source: National Crime Victimization Survey,,,
"author: Michael Rand and Shannan Catalano, Ph.D., BJS Statisticians",,,
refer questions to: askbjs@usdoj.gov or (202) 307-0765,,,
date of version: 12/12/2007,,,

"Table 4.  Property victimization, by age of head of household, 2006",,,
Age of head of household,Households,Number,Rate*
 12-19,"1,071,880","396,510",369.9
20-34,"26,750,370","5,692,920",212.8
35-49,"36,379,710","6,857,820",188.5
50-64,"30,114,990","4,200,460",139.5
65 or older,"23,635,500","1,661,100",70.3
"*Victimization rates are per 1,000 households."
