Bureau of Justice Statistics,,,,
filename: cv06t07.csv,,,,
"Table 7. Presence of weapons in violent incidents, 2006",,,,
"report title:  Criminal Victimization, 2006 NCJ 219413",,,,
data source: National Crime Victimization Survey,,,,
"author: Michael Rand and Shannan Catalano, Ph.D., BJS Statisticians",,,,
refer questions to: askbjs@usdoj.gov or (202) 307-0765,,,,
date of version: 12/12/2007,,,,

"Table 7. Presence of weapons in violent incidents, 2006",,,,
,,Violent crime incidents,,
Presence of offender's weapon,,Number,Percent,
,Total,"5,695,000",100,%
No weapon,,"3,822,420",67.1,%
Weapon,,"1,433,770",25.2,%
,Firearm,"499,890",8.8,
,Knife,"359,220",6.3,
,Other,"484,510",8.5,
,Type not ascertained,"90,160",1.6,
Don't know,,"438,810",7.7,%
"Note: Percentages may not total to 100% because of rounding. If the offender was armed with more than one weapon, the crime is classified based on the most serious weapon present.",,,,
