Bureau of Justice Statistics,,,
filename: cv06t08.csv,,,
"Table 8.  Percent of violent and property crimes reported to the police, 2006",,,
"report title:  Criminal Victimization, 2006 NCJ 219413",,,
data source: National Crime Victimization Survey,,,
"author: Michael Rand and Shannan Catalano, Ph.D., BJS Statisticians",,,
refer questions to: askbjs@usdoj.gov or (202) 307-0765,,,
date of version: 12/12/2007,,,

"Table 8.  Percent of violent and property crimes reported to the police, 2006",,,
Type of crime,,Percent,
Violent crimes,,48.9,%
,Rape/sexual assault,41.4,
,Robbery,56.9,
,Aggravated assault,59.2,
,Simple assault,44.3,
Personal theft,,56,%
Property crimes,,37.7,%
,Burglary,49.6,
,Motor vehicle theft,81,
,Theft,31.7,
