Bureau of Justice Statistics,,,,
filename: cv06t02.csv,,,,
"Table 2.  Criminal victimization, numbers and rates, 2006",,,,
"report title:  Criminal Victimization, 2006 NCJ 219413",,,,
data source: National Crime Victimization Survey,,,,
"author: Michael Rand and Shannan Catalano, Ph.D., BJS Statisticians",,,,
refer questions to: askbjs@usdoj.gov or (202) 307-0765,,,,
date of version: 12/12/2007,,,,

"Table 2.  Criminal victimization, numbers and rates, 2006",,,,
Type of crime,,,Number,Rate/a
,All crimes,,"25,077,700",~
Violent crimes/b,,,"6,094,720",24.6
,Rape/sexual assault,,"272,350",1.1
,Robbery,,"711,570",2.9
,Assault,,"5,110,810",20.7
,,Aggravated ,"1,354,750",5.5
,,Simple ,"3,756,060",15.2
Personal theft,,,"174,150",0.7
Property crimes,,,"18,808,820",159.5
,Household burglary,,"3,539,760",30
,Motor vehicle theft,,"993,910",8.4
,Theft,,"14,275,150",121
"Note: Detail may not add total shown because of rounding. The total population age 12 or older was 247,290,210 in 2006. The total number of households was 117,952,450 in 2006.",,,,
~Not applicable.,,,,
"a/Victimization rates are per 1,000 persons age 12 or older or per 1,000 households.",,,,
b/Excludes murder because the NCVS is based on interviews with victims and therefore cannot measure murder.,,,,
