Bureau of Justice Statistics,,,,,,
filename: cv06t05.csv,,,,,,
"Table 5.  Violent and property victimization, by race of victim or race of head of household, 2006",,,,,,
"report title:  Criminal Victimization, 2006 NCJ 219413",,,,,,
data source: National Crime Victimization Survey,,,,,,
"author: Michael Rand and Shannan Catalano, Ph.D., BJS Statisticians",,,,,,
refer questions to: askbjs@usdoj.gov or (202) 307-0765,,,,,,
date of version: 12/12/2007,,,,,,

"Table 5.  Violent and property victimization, by race of victim or race of head of household, 2006",,,,,,
,Violent,,,Property,,
Race of victim,Population,Number,Rate/a,Households,Number,Rate/a
White only,"201,524,080","4,682,980",23.2,"96,382,970","15,016,110",155.8
Black only,"29,980,370","980,400",32.7,"14,819,970","2,721,330",183.6
Other race/b,"12,849,300","240,740",18.7,"5,506,430","759,650",138
Two or more races/c,"2,936,460","190,590",64.9,"1,243,070","311,720",250.8
"a/Victimization rates are per 1,000 persons age 12 or older or per 1,000 households."
"b/Includes American Indians, Eskimo, Asian Pacific Islander if only one of these races is given."
"c/Includes all persons of any race, indicating two or more races."
