Bureau of Justice Statistics,,,,,,
filename: cv06t06.csv,,,,,,
"Table 6.  Victim and offender relationship, 2006",,,,,,
"report title:  Criminal Victimization, 2006 NCJ 219413",,,,,,
data source: National Crime Victimization Survey,,,,,,
"author: Michael Rand and Shannan Catalano, Ph.D., BJS Statisticians",,,,,,
refer questions to: askbjs@usdoj.gov or (202) 307-0765,,,,,,
date of version: 12/12/2007,,,,,,

"Table 6.  Victim and offender relationship, 2006",,,,,,
,,,,Violent crime,,
Relationship with victim,,,,Number,Percent,
Male victims,,,,,,
,Total,,,"3,187,880",100,%
,,Nonstranger,,"1,577,580",50,%
,,,Intimate,"144,350",5,
,,,Other relative,"154,530",5,
,,,Friend/acquaintance,"1,278,700",40,
,,Stranger,,"1,495,580",47,%
,,Relationship unknown,,"114,720",4,%
Female victims,,,,,,
,Total ,,,"2,906,850",100,%
,,Nonstranger,,"2,038,910",70,%
,,,Intimate,"595,740",21,
,,,Other relative,"276,150",10,
,,,Friend/acquaintance,"1,167,020",40,
,,Stranger,,"833,840",29,%
,,Relationship unknown,,"34,100",1,%*
Note: Percentages may not total to 100% because of rounding.,,,,,,
*Based on 10 or fewer sample cases.,,,,,,
