Bureau of Justice Statistics,,,,,,,,,,,,,
filename: cv06at03.csv,,,,,,,,,,,,,
"Appendix table 3. Criminal victimization rates, by type of crime and sample area, 2005 and 2006",,,,,,,,,,,,,
"report title:  Criminal Victimization, 2006 NCJ 219413",,,,,,,,,,,,,
data source: National Crime Victimization Survey,,,,,,,,,,,,,
"author: Michael Rand and Shannan Catalano, Ph.D., BJS Statisticians",,,,,,,,,,,,,
refer questions to: askbjs@usdoj.gov or (202) 307-0765,,,,,,,,,,,,,
date of version: 6/27/2008,,,,,,,,,,,,,

"Appendix table 3. Criminal victimization rates, by type of crime and sample area, 2005 and 2006",,,,,,,,,,,,,
,,,2005,,,2006,,,,,,,
Type of crime,,,Old areas/a,,Continuing areas,New areas,,Continuing areas/a,,Percent change old and new areas,,Percent change continuing areas,
Violent crimes/b,,,20.5,,21.4,27.2,,23.5,,32.7,%�,9.8,%/c
,Rape/sexual assault,,0.2,*,0.2,0.5,*,0.3,,150,,50,
,Robbery,,1.2,,3,2.5,,3.1,,108.3,,3.3,
,Assault,,18.8,,17.5,23.8,,19.2,,26.6,,9.7,
,,Aggravated ,4.4,,4.3,5.8,,5.3,,31.8,,23.3,
,,Simple ,14.4,,13.2,18,,13.9,,25,,5.3,
Personal theft,,,0.5,*,1.1,0.4,*,0.8,,-20,%,-27.3,%/c
Property crimes,,,143,,158,165.9,,156.7,,16,%,-0.8,%/c
,Household burglary,,31.7,,28.8,34,,28.3,,7.3,,-1.7,
,Motor vehicle theft,,4.7,,9.7,4.5,,10.1,,-4.3,,4.1,
,Theft,,106.6,,119.5,127.3,,118.3,,19.4,,-1,
�The difference from 2005 to 2006 is significant at the 90%-confidence level.,,,,,,,,,,,,,
*Based on 10 or fewer sample cases. ,,,,,,,,,,,,,
"a/Victimization rates are per 1,000 persons age 12 or older or per 1,000 households.",,,,,,,,,,,,,
b/Excludes murder because the NCVS is based on interviews with victims and therefore cannot measure murder.,,,,,,,,,,,,,
c/Percent change between 2005 and 2006 in continuing areas is not statistically significant.,,,,,,,,,,,,,
