Bureau of Justice Statistics,,,,,,,,,,,,,,
filename: cv06t01.csv,,,,,,,,,,,,,,
"Table 1.  Criminal victimization in continuing areas of the NCVS sample, numbers and rates, 2005 and 2006",,,,,,,,,,,,,,
"report title:  Criminal Victimization, 2006 NCJ 219413",,,,,,,,,,,,,,
data source: National Crime Victimization Survey,,,,,,,,,,,,,,
"author: Michael Rand and Shannan Catalano, Ph.D., BJS Statisticians",,,,,,,,,,,,,,
refer questions to: askbjs@usdoj.gov or (202) 307-0765,,,,,,,,,,,,,,
date of version: 12/12/2007,,,,,,,,,,,,,,

"Table 1.  Criminal victimization in continuing areas of the NCVS sample, numbers and rates, 2005 and 2006",,,,,,,,,,,,,,
,,,Continuing urban areas,,,,,,Continuing suburban areas,,,,,
Type of crime,,,2005,,2006,,Percent change/b,,2005,,2006,,Percent change/b,
,,,Number,Rate/a,Number,Rate/a,,,Number,Rate/a,Number,Rate/a,,
,,All crimes,"7,557,540",~,"8,263,715",~,,,"8,785,820",~,"7,681,210",~,,
Violent crimes/c,,,"1,725,140",29.4,"1,905,900",29.7,1,%/b,"1,852,080",17.9,"1,767,040",18.9,5.6,%/b
,Rape/sexual assault,,"82,550",1.4,"76,460",1.2,-14.3,/b,"75,870",0.7,"90,155",1,42.9,/b
,Robbery,,"303,600",5.2,"282,040",4.4,-15.4,/b,"209,035",2,"201,980",2.2,10,/b
,Assault,,"1,338,980",22.8,"1,547,400",24.1,5.7,/b,"1,567,180",15.2,"1,474,905",15.8,3.9,/b
,,Aggravated ,"346,680",5.9,"453,140",7.1,20.3,/b,"378,185",3.7,"412,330",4.4,18.9,/b
,,Simple ,"992,300",16.9,"1,094,260",17.1,1.2,/b,"1,188,990",11.5,"1,062,580",11.4,-0.9,/b
Personal theft,,,"101,390",1.7,"90,480",1.4,-17.6,%/b,"66,660",0.6,"48,045",0.5,-16.7,%/b
Property crimes,,,"5,731,010",196.6,"6,267,335",194.8,-0.9,%/b,"6,867,080",142.3,"5,866,120",133,-6.5,%/b
,Household burglary,,"1,082,385",37.1,"1,157,610",36,-3,/b,"1,141,685",23.7,"985,620",22.3,-5.9,/b
,Motor vehicle theft,,"400,290",13.7,"426,100",13.2,-3.6,/b,"395,470",8.2,"387,620",8.8,7.3,/b
,Theft,,"4,248,340",145.7,"4,683,625",145.6,-0.1,/b,"5,329,930",110.5,"4,492,880",101.9,-7.8,/b
"Note: Detail may not add total shown because of rounding. The total population age 12 or older in continuing urban areas was 58,724,730 in 2005 and 64,168,560 in 2006. The total number of households in continuing urban areas was 29,149,690 in 2005 and 32,176,350 in 2006. The total population age 12 or older in continuing suburban areas was 103,279,790 in 2005 and 93,334,000 in 2006. The total number of households in continuing suburban areas was 48,253,550 in 2005 and 44,105,880 in 2006.",,,,,,,,,,,,,,
~Not applicable.,,,,,,,,,,,,,,
"a/Victimization rates are per 1,000 persons age 12 or older or per 1,000 households.",,,,,,,,,,,,,,
b/Percent changes between 2005 and 2006 are not statistically significant. See section on Standard error computations on page 5.,,,,,,,,,,,,,,
c/Excludes murder because the NCVS is based on interviews with victims and therefore cannot measure murder.,,,,,,,,,,,,,,
