Bureau of Justice Statistics,,
filename: cv06at02.csv,,
"Appendix table 2.  2005 Bounding adjustment factors, by time in sample",,
"report title:  Criminal Victimization, 2006 NCJ 219413",,
data source: National Crime Victimization Survey,,
"author: Michael Rand and Shannan Catalano, Ph.D., BJS Statisticians",,
refer questions to: askbjs@usdoj.gov or (202) 307-0765,,
date of version: 06/27/2008,,

"Appendix table 2. 2005 Bounding adjustment factors, by time in sample",,
Period,Household adjustment factor,Person adjustment factor
2005 2:1,0.78,0.81
2005 3:1,0.69,0.73
2005 4:1,0.69,0.68
2005 5:1,0.65,0.56
2005 6:1,0.67,0.77
2005 7:1,0.62,0.76
