Bureau of Justice Statistics,,,,,
filename: cv06at01.csv,,,,,
"Appendix table 1.  Percent of NCVS sample in continuing and new areas, by location, 2006",,,,,
"report title:  Criminal Victimization, 2006 NCJ 219413",,,,,
data source: National Crime Victimization Survey,,,,,
"author: Michael Rand and Shannan Catalano, Ph.D., BJS Statisticians",,,,,
refer questions to: askbjs@usdoj.gov or (202) 307-0765,,,,,
date of version: 6/27/2008,,,,,

"Appendix table 1.  Percent of NCVS sample in continuing and new areas, by location, 2006",,,,,
,,Continuing areas*,,New areas,
Total NCVS sample,,68,%,32,%
Total,,100,%,100,%
,Urban,38,,13,
,Suburban,55,,21,
,Rural,7,,67,
*Continuing areas were in the NCVS sample in both 2005 and 2006.
