Bureau of Justice Statistics,,
filename: cv06f01.csv,,
Figure 1: Rates of violent victimization pre- and post-methodological redesigns,,
"report title:  Criminal Victimization, 2006 NCJ 219413",,
data source: National Crime Victimization Survey,,
"author: Michael Rand and Shannan Catalano, Ph.D., BJS Statisticians",,
refer questions to: askbjs@usdoj.gov or (202) 307-0765,,
date of version: 12/12/2007,,

Figure 1: Rates of violent victimization pre- and post-methodological redesigns,,
,"Rates of violent victimization per 1,000 persons age 12 and older",
,Nonadjusted,Adjusted
1973,32.6,47.7
1974,33,48
1975,32.8,48.4
1976,32.6,48
1977,33.9,50.4
1978,33.7,50.6
1979,34.5,51.7
1980,33.3,49.4
1981,35.3,52.3
1982,34.3,50.7
1983,31,46.5
1984,31.4,46.4
1985,30,45.2
1986,28.1,42
1987,29.3,44
1988,29.6,44.1
1989,29.8,43.3
1990,29.6,44.1
1991,32.2,48.8
1992,32.1,47.8
1993,,49
1994,,51.1
1995,,46
1996,,41.5
1997,,38.7
1998,,35.9
1999,,32
2000,,27.3
2001,,24.6
2002,,22.7
2003,,22.2
2004,,21
2005,,20.9
2006,,24.6
