Bureau of Justice Statistics,,
filename: cv06f02.csv,,
Figure 2: Rates of property victimization pre- and post-methodological redesigns,,
"report title:  Criminal Victimization, 2006 NCJ 219413",,
data source: National Crime Victimization Survey,,
"author: Michael Rand and Shannan Catalano, Ph.D., BJS Statisticians",,
refer questions to: askbjs@usdoj.gov or (202) 307-0765,,
date of version: 12/12/2007,,

Figure 2: Rates of property victimization pre- and post-methodological redesigns,,
,"Property crimes rate per 1,000 households",
,Nonadjusted,Adjusted
1973,217.8,519.9
1974,235.7,551.5
1975,236.5,553.6
1976,229.5,544.2
1977,228.8,544.1
1978,223.4,532.6
1979,235.3,531.8
1980,227.4,496.1
1981,226,497.2
1982,208.2,468.3
1983,189.8,428.4
1984,178.7,399.2
1985,174.4,385.4
1986,170,372.7
1987,173.9,379.6
1988,169.6,378.4
1989,169.9,373.4
1990,161,348.9
1991,166.4,353.7
1992,152.2,325.3
1993,,318.9
1994,,310.2
1995,,290.5
1996,,266.3
1997,,248.3
1998,,217.4
1999,,198
2000,,178.1
2001,,166.9
2002,,159
2003,,163.2
2004,,161.1
2005,,154
2006,,159.5
