Bureau of Justice Statistics,,,,,
Filename: mpcncvsat03,,,,,
"Appendix table 3. Standard errors for table 2: Number of violent victimizations and victims, by type of crime, 1993 and 2010",,,,,
Report title: Measuring the Prevalence of Crime with the National Crime Victimization Survey,,,,,
"Data source: BJS National Crime Victimization Survey, 1993-2010",,,,,
"Authors: Janet L. Lauritsen, BJS Visiting Fellow; Maribeth L. Rezey, University of Missouri - St. Louis",,,,,
Refer questions to: askbjs@usdoj.gov 202-307-0765,,,,,
Date of release: 09/05/13,,,,,
,,,,,
"Appendix table 3. Standard errors for table 2: Number of violent victimizations and victims, by type of crime, 1993 and 2010",,,,,
Type of violent crime,,,,Victimizations,Victims
Total,,,,,
,1993,,,"464,631","240,109"
,2010,,,"214,260","148,080"
,Serious violent crime,,,,
,,1993,,"238,893","139,465"
,,2010,,"109,276","83,390"
,,Rape/sexual assault,,,
,,,1993,"72,361","38,472"
,,,2010,"35,336","23,856"
,,Robbery,,,
,,,1993,"107,488","67,773"
,,,2010,"56,078","46,079"
,,Aggravated assault,,,
,,,1993,"165,736","101,423"
,,,2010,"71,865","56,112"
,Simple assault,,,,
,,1993,,"344,051","177,483"
,,2010,,"164,138","112,514"
"Source: Bureau of Justice Statistics, National Crime Victimization Survey, 1993 and 2010.",,,,,
