Bureau of Justice Statistics,,,,
Filename: mpcncvst07,,,,
"Table 7. Number of property victimizations and victims, by type of crime, 1993 and 2010",,,,
Report title: Measuring the Prevalence of Crime with the National Crime Victimization Survey,,,,
"Data source: BJS National Crime Victimization Survey, 1993-2010",,,,
"Authors: Janet L. Lauritsen, BJS Visiting Fellow; Maribeth L. Rezey, University of Missouri - St. Louis",,,,
Refer questions to: askbjs@usdoj.gov 202-307-0765,,,,
Date of release: 09/05/13,,,,
,,,,
"Table 7. Number of property victimizations and victims, by type of crime, 1993 and 2010",,,,
Type of property crime,,,Number of victimizations,Number of households victimized
Total,,,,
,1993,,"35,093,890","17,114,930"
,2010,,"15,411,610","10,966,400"
,Burglary,,,
,,1993,"6,378,720","3,614,650"
,,2010,"3,176,180","2,384,900"
,Motor vehicle theft,,,
,,1993,"1,921,180","1,205,770"
,,2010,"606,990","523,050"
,Theft,,,
,,1993,"26,793,990","13,631,900"
,,2010,"11,628,440","8,619,800"
"Note: Detail may not sum to total due to rounding. Total number of households was 99,746,020 in 1993 and 122,885,160 in 2010. See appendix table 18 for standard errors.",,,,
"Source: Bureau of Justice Statistics, National Crime Victimization Survey, 1993 and 2010.",,,,
