Bureau of Justice Statistics,,,,,,,
Filename: mpcncvsat14,,,,,,,
"Appendix table 14. Standard errors for table 6: Household property crime victimization rate, prevalence rate, and number of victimizations per household, by type of crime, 1993 and 2010",,,,,,,
Report title: Measuring the Prevalence of Crime with the National Crime Victimization Survey,,,,,,,
"Data source: BJS National Crime Victimization Survey, 1993-2010",,,,,,,
"Authors: Janet L. Lauritsen, BJS Visiting Fellow; Maribeth L. Rezey, University of Missouri - St. Louis",,,,,,,
Refer questions to: askbjs@usdoj.gov 202-307-0765,,,,,,,
Date of release: 09/05/13,,,,,,,
 ,,,,,,,
"Appendix table 14. Standard errors for table 6: Household property crime victimization rate, prevalence rate, and number of victimizations per household, by type of crime, 1993 and 2010",,,,,,,
Type of property crime,,,Victimization rate,Prevalence rate,Mean number of victimizations per household,Percent of victims with one victimization,
Total,,,,,,,
,1993,,4.81,3.48,0.05,0.84,%
,2010,,2.48,2.05,0.04,0.81,
,Burglary,,,,,,
,,1993,1.99,1.42,0.09,1.22,%
,,2010,1,0.84,0.08,1.28,
,Motor vehicle theft,,,,,,
,,1993,0.97,0.73,0.13,1.5,%
,,2010,0.38,0.35,0.13,1.55,
,Theft,,,,,,
,,1993,4.32,3.08,0.05,0.87,%
,,2010,2.12,1.79,0.05,0.84,
"Source: Bureau of Justice Statistics, National Crime Victimization Survey, 1993 and 2010.",,,,,,,
