Bureau of Justice Statistics,,,,,,,,
Filename: mpcncvsat02,,,,,,,,
"Appendix table 2. Standard errors for table 1: Violent victimization rate, prevalence rate and number of victimizations per victim, by type of crime, 1993 and 2010",,,,,,,,
Report title: Measuring the Prevalence of Crime with the National Crime Victimization Survey,,,,,,,,
"Data source: BJS National Crime Victimization Survey, 1993-2010",,,,,,,,
"Authors: Janet L. Lauritsen, BJS Visiting Fellow; Maribeth L. Rezey, University of Missouri - St. Louis",,,,,,,,
Refer questions to: askbjs@usdoj.gov 202-307-0765,,,,,,,,
Date of release: 09/05/13,,,,,,,,
,,,,,,,,
"Appendix table 2. Standard errors for table 1: Violent victimization rate, prevalence rate and number of victimizations per victim, by type of crime, 1993 and 2010",,,,,,,,
Type of violent crime,,,,Victimization rate/a,Prevalence rate/b,Mean number of victimizations per victim,Percent of victims with one victimization,
Total,,,,,,,,
,1993,,,2.01,1.09,0.12,1.35,%
,2010,,,0.84,0.58,0.12,1.73,
,Serious violent crime,,,,,,,
,,,1993,1.08,0.65,0.15,1.62,%
,,,2010,0.43,0.33,0.15,1.79,
,,Rape/sexual assault,,,,,,
,,,1993,0.66,0.35,0.47,5.47,%
,,,2010,0.27,0.18,0.46,6.28,
,,Robbery,,,,,,
,,,1993,0.5,0.32,0.22,2.04,%
,,,2010,0.22,0.18,0.21,1.82,
,,Aggravated assault,,,,,,
,,,1993,0.76,0.47,0.17,1.91,%
,,,2010,0.28,0.22,0.2,2.14,
,Simple assault,,,,,,,
,,1993,,1.53,0.82,0.15,1.61,%
,,2010,,0.64,0.44,0.15,2.09,
"a/Number of victimizations per 1,000 persons age 12 or older that occurred during the year. ",,,,,,,,
"b/Number of persons age 12 or older per 1,000 who experienced at least one victimization during the year. ",,,,,,,,
"Source: Bureau of Justice Statistics, National Crime Victimization Survey, 1993 and 2010.",,,,,,,,
