Bureau of Justice Statistics,,,,,,,
Filename: mpcncvst06,,,,,,,
"Table 6. Household property crime victimization rate, prevalence rate, and number of victimizations per household, by type of crime, 1993 and 2010",,,,,,,
Report title: Measuring the Prevalence of Crime with the National Crime Victimization Survey,,,,,,,
"Data source: BJS National Crime Victimization Survey, 1993-2010",,,,,,,
"Authors: Janet L. Lauritsen, BJS Visiting Fellow; Maribeth L. Rezey, University of Missouri - St. Louis",,,,,,,
Refer questions to: askbjs@usdoj.gov 202-307-0765,,,,,,,
Date of release: 09/05/13,,,,,,,
,,,,,,,
"Table 6. Household property crime victimization rate, prevalence rate, and number of victimizations per household, by type of crime, 1993 and 2010",,,,,,,
Type of property crime,,,Victimization rate/a,Prevalence rate/b,Mean number of victimizations per household,Percent of victims with one victimization,
Total,,,,,,,
,1993,,351.8,171.6,2.1,75,%
,2010,,125.4,89.2,1.4,82,
,Burglary,,,,,,
,,1993,63.9,36.2,1.8,85,%
,,2010,25.8,19.4,1.3,88,
,Motor vehicle theft,,,,,,
,,1993,19.3,12.1,1.6,92,%
,,2010,4.9,4.3,1.2,96,
,Theft,,,,,,
,,1993,268.6,136.7,2,78,%
,,2010,94.6,70.1,1.3,84,
"Note: Detail may not sum to total due to rounding. Total number of households was 99,746,020 in 1993 and 122,885,160 in 2010. See appendix table 14 for standard errors.",,,,,,,
"a/Number of victimizations per 1,000 households that occurred during the year. ",,,,,,,
"b/Number of households per 1,000 that experienced at least one victimization during the year.",,,,,,,
"Source: Bureau of Justice Statistics, National Crime Victimization Survey, 1993 and 2010.",,,,,,,
