Bureau of Justice Statistics,,,,,,,,,,
Filename: mpcncvst04,,,,,,,,,,
"Table 4. Violent victimization, by victim-offender relationship and sex, 2010",,,,,,,,,,
Report title: Measuring the Prevalence of Crime with the National Crime Victimization Survey,,,,,,,,,,
"Data source: BJS National Crime Victimization Survey, 1993-2010",,,,,,,,,,
"Authors: Janet L. Lauritsen, BJS Visiting Fellow; Maribeth L. Rezey, University of Missouri - St. Louis",,,,,,,,,,
Refer questions to: askbjs@usdoj.gov 202-307-0765,,,,,,,,,,
Date of release: 09/05/13,,,,,,,,,,
,,,,,,,,,,
"Table 4. Violent victimization, by victim-offender relationship and sex, 2010",,,,,,,,,,
,,,Victimizations,,,Victims,,,,
Sex,,,Number,Rate/a,,Number,Rate/b,Mean number of victimizations per victim,Percent of victims with one victimization,
Total,,,"4,935,980",19.3,,"2,753,160",10.8,1.8,83,%
,Intimate partner,,"773,430",3,,"344,820",1.3,2.2,79,
,Relative,,"356,130",1.4,,"219,030",0.9,1.6,82,
,Friend/acquaintance,,"1,567,220",6.1,,"828,720",3.2,1.9,80,
,Stranger,,"1,812,300",7.1,,"1,208,290",4.7,1.5,91,
,Male,,"2,510,530",20.1,,"1,429,390",11.4,1.8,/,
,,Intimate partner,"136,660",1.1,,"60,100",0.5,2.3,/,
,,Relative,"140,530",1.1,,"83,230",0.7,1.7,/,
,,Friend/acquaintance,"730,390",5.8,,"416,860",3.3,1.8,/,
,,Stranger,"1,192,190",9.5,,"746,660",6,1.6,/,
,Female,,"2,425,460",18.5,,"1,323,770",10.1,1.8,/,
,,Intimate partner,"636,770",4.9,,"284,720",2.2,2.2,/,
,,Relative,"215,600",1.6,,"135,800",1,1.6,/,
,,Friend/acquaintance,"836,820",6.4,,"411,860",3.1,2,/,
,,Stranger,"620,110",4.7,,"461,630",3.5,1.3,/,
"Note: The sum of the counts of violence for each offender category do not equal the totals because incidents without information on the victim-offender relationship not shown in this table. Rates are based on a total population of 255,961,940; a male population of 124,987,510; and a female population of 130,974,430. See appendix table 11 for standard errors.",,,,,,,,,,
/ Not reported. The 2010 NCVS data are insufficient in sample size for producing reliable estimates of percent of victims with one victimization by sex and victim/offender relationship.,,,,,,,,,,
"a/Number of victimizations per 1,000 persons age 12 or older that occurred during the year. ",,,,,,,,,,
"b/Number of persons age 12 or older per 1,000 who experienced at least one victimization during the year. ",,,,,,,,,,
"Source: Bureau of Justice Statistics, National Crime Victimization Survey, 2010.",,,,,,,,,,
