Bureau of Justice Statistics,,
Filename: mpcncvsf04,,
"Figure 4. Robbery victimization rate and prevalence rate, 1993-2010",,
Report title: Measuring the Prevalence of Crime with the National Crime Victimization Survey,,
"Data source: BJS National Crime Victimization Survey, 1993-2010",,
"Authors: Janet L. Lauritsen, BJS Visiting Fellow; Maribeth L. Rezey, University of Missouri - St. Louis",,
Refer questions to: askbjs@usdoj.gov 202-307-0765,,
Date of release: 09/05/13,,
,,
,,
"Figure 4. Robbery victimization rate and prevalence rate, 1993-2010",,
,,
"Rate per 1,000 persons age 12 or older",,
Year,Victimization rate/a,Prevalence rate/b
'93,8.3,3.9
'94,7.9,4.4
'95,6.3,3.8
'96,6.6,3.6
'97,5.4,3.2
'98,4.4,2.9
'99,4.5,2.4
'00,3.9,2.4
'01,2.9,1.9
'02,2.7,1.7
'03,3,1.7
'04,2.6,1.5
'05,3.1,1.7
06/c,3.8,2.2
'07,3.1,1.7
'08,2.7,1.7
'09,2.5,1.5
'10,2.2,1.6
"Note: See appendix table 6 for populations, estimates, and standard errors. ",,
"a/Number of victimizations per 1,000 persons age 12 or older that occurred during the year. ",,
"b/Number of persons age 12 or older per 1,000 who experienced at least one victimization during the year. ",,
"c/Due to methodological changes in the 2006 NCVS, use caution when comparing 2006 criminal victimization estimates to other years. See Criminal Victimization, 2007, www.bjs.gov, for more information.",,
"Source: Bureau of Justice Statistics, National Crime Victimization Survey, 1993�2010.",,
