Bureau of Justice Statistics,,,,,,,,
Filename: mpcncvst01,,,,,,,,
"Table 1. Violent victimization rate, prevalence rate, and number of victimizations per victim, by type of crime, 1993 and 2010",,,,,,,,
Report title: Measuring the Prevalence of Crime with the National Crime Victimization Survey,,,,,,,,
"Data source: BJS National Crime Victimization Survey, 1993-2010",,,,,,,,
"Authors: Janet L. Lauritsen, BJS Visiting Fellow; Maribeth L. Rezey, University of Missouri - St. Louis",,,,,,,,
Refer questions to: askbjs@usdoj.gov 202-307-0765,,,,,,,,
Date of release: 09/05/13,,,,,,,,
,,,,,,,,
"Table 1. Violent victimization rate, prevalence rate, and number of victimizations per victim, by type of crime, 1993 and 2010",,,,,,,,
Type of violent crime,,,,Victimization rate/a,Prevalence rate/b,Mean number of victimizations per victim,Percent of victims with one victimization,
Total,,,,,,,,
,1993,,,79.8,29.3,2.7,77,%
,2010,,,19.3,10.8,1.8,83,
,Serious violent crime/c,,,,,,,
,,1993,,29.1,12.6,2.3,84,%
,,2010,,6.6,4.3,1.5,92,
,,Rape/sexual assault/d,,,,,,
,,,1993,7.7,2.6,2.9,74,%
,,,2010,1.9,1,2,85,
,,Robbery,,,,,,
,,,1993,8.3,3.9,2.1,91,%
,,,2010,2.2,1.6,1.4,97,
,,Aggravated assault,,,,,,
,,,1993,16.5,7.6,2.2,86,%
,,,2010,3.4,2.2,1.5,94,
,Simple assault,,,,,,,
,,1993,,50.7,18.4,2.8,77,%
,,2010,,12.7,6.9,1.8,82,
"Note: Total population age 12 or older was 210,906,900 in 1993 and 255,961,940 in 2010. See appendix table 2 for standard errors. ",,,,,,,,
"a/Number of victimizations per 1,000 persons age 12 or older that occurred during the year. ",,,,,,,,
"b/Number of persons age 12 or older per 1,000 who experienced at least one victimization during the year. ",,,,,,,,
"c/Includes rape/sexual assault, robbery, and aggravated assault.",,,,,,,,
d/Includes females only.,,,,,,,,
"Source: Bureau of Justice Statistics, National Crime Victimization Survey, 1993 and 2010.",,,,,,,,
