Bureau of Justice Statistics,,
Filename: mpcncvsf09,,
"Figure 9. Burglary victimization rate and prevalence rate, 1993-2010",,
Report title: Measuring the Prevalence of Crime with the National Crime Victimization Survey,,
"Data source: BJS National Crime Victimization Survey, 1993-2010",,
"Authors: Janet L. Lauritsen, BJS Visiting Fellow; Maribeth L. Rezey, University of Missouri - St. Louis",,
Refer questions to: askbjs@usdoj.gov 202-307-0765,,
Date of release: 09/05/13,,
,,
"Figure 9. Burglary victimization rate and prevalence rate, 1993-2010",,
,,
"Rate per 1,000 households",,
Year,Victimization rate/a,Prevalence rate/b
'93,63.9,36.2
'94,62.9,38.8
'95,54.4,34.9
'96,52.8,32.8
'97,48.4,31.5
'98,42.9,28
'99,38.4,24.3
'00,34.3,23.2
'01,31.1,20.7
'02,29.5,20.2
'03,32,21.9
'04,31.1,21.2
'05,30.6,21
06/c,32.9,24.2
'07,29.9,19.8
'08,28.6,19.3
'09,27.9,20
'10,25.8,19.4
"Note: See appendix table 15 for populations, estimates, and standard errors.",,
"a/Number of victimizations per 1,000 households that occurred during the year.",,
"b/Number of households per 1,000 that experienced at least one victimization ",,
during the year.,,
"c/Due to methodological changes in the 2006 NCVS, use caution when comparing 2006 criminal victimization estimates to other years. See Criminal Victimization, 2007, www.bjs.gov, for more information.",,
"Source: Bureau of Justice Statistics, National Crime Victimization Survey, 1993�2010. ",,
