Bureau of Justice Statistics,,,,,
Filename: mpcncvst02,,,,,
"Table 2. Number of violent victimizations and victims, by type of crime, 1993 and 2010",,,,,
Report title: Measuring the Prevalence of Crime with the National Crime Victimization Survey,,,,,
"Data source: BJS National Crime Victimization Survey, 1993-2010",,,,,
"Authors: Janet L. Lauritsen, BJS Visiting Fellow; Maribeth L. Rezey, University of Missouri - St. Louis",,,,,
Refer questions to: askbjs@usdoj.gov 202-307-0765,,,,,
Date of release: 09/05/13,,,,,
,,,,,
"Table 2. Number of violent victimizations and victims, by type of crime, 1993 and 2010",,,,,
Type of violent crime,,,,Victimizations,Victims
Total,,,,,
,1993,,,"16,822,620","6,179,940"
,2010,,,"4,935,980","2,753,160"
,Serious violent crime/a,,,,
,,1993,,"6,131,960","2,654,090"
,,2010,,"1,694,840","1,094,280"
,,Rape/sexual assault/b,,,
,,,1993,"834,710","283,730"
,,,2010,"253,560","127,730"
,,Robbery,,,
,,,1993,"1,752,670","824,800"
,,,2010,"568,510","408,490"
,,Aggravated assault,,,
,,,1993,"3,481,060","1,596,160"
,,,2010,"857,750","569,080"
,Simple assault,,,,
,,1993,,"10,690,660","3,873,670"
,,2010,,"3,241,150","1,776,210"
Note: Detail may not add to total due to rounding. See appendix table 3 for standard errors. ,,,,,
"a/Includes rape/sexual assault, robbery, and aggravated assault.",,,,,
b/Includes females only.,,,,,
"Source: Bureau of Justice Statistics, National Crime Victimization Survey, 1993 and 2010.",,,,,
