Bureau of Justice Statistics,,,,
Filename: mpcncvsat18,,,,
"Appendix table 18. Standard errors for table 7: Number of property victimizations and victims, by type of crime, 1993 and 2010",,,,
Report title: Measuring the Prevalence of Crime with the National Crime Victimization Survey,,,,
"Data source: BJS National Crime Victimization Survey, 1993-2010",,,,
"Authors: Janet L. Lauritsen, BJS Visiting Fellow; Maribeth L. Rezey, University of Missouri - St. Louis",,,,
Refer questions to: askbjs@usdoj.gov 202-307-0765,,,,
Date of release: 09/05/13,,,,
 ,,,,
"Appendix table 18. Standard errors for table 7: Number of property victimizations and victims, by type of crime, 1993 and 2010",,,,
,,,,
Type of property crime,,,Number of victimizations,Number of victims
Total,,,,
,1993,,"581,233","381,895"
,2010,,"304,448","251,977"
,Burglary,,,
,,1993,"207,284","145,328"
,,2010,"122,469","103,492"
,Motor vehicle theft,,,
,,1993,"98,221","73,899"
,,2010,"46,928","43,140"
,Theft,,,
,,1993,"498,541","332,360"
,,2010,"260,452","219,604"
"Source: Bureau of Justice Statistics, National Crime Victimization Survey, 1993 and 2010.",,,,
