Bureau of Justice Statistics,,,,,,,,,,,
Filename: mpcncvsat11,,,,,,,,,,,
"Appendix table 11. Standard errors for table 4: Violent victimization, by sex and victim-offender relationship, 2010",,,,,,,,,,,
Report title: Measuring the Prevalence of Crime with the National Crime Victimization Survey,,,,,,,,,,,
"Data source: BJS National Crime Victimization Survey, 1993-2010",,,,,,,,,,,
"Authors: Janet L. Lauritsen, BJS Visiting Fellow; Maribeth L. Rezey, University of Missouri - St. Louis",,,,,,,,,,,
Refer questions to: askbjs@usdoj.gov 202-307-0765,,,,,,,,,,,
Date of release: 09/05/13,,,,,,,,,,,
 ,,,,,,,,,,,
"Appendix table 11. Standard errors for table 4: Violent victimization, by sex and victim-offender relationship, 2010",,,,,,,,,,,
,,,Victimizations,,,Victims,,,Mean number of ,Percent of victims ,
,,,Number,Rate,,Number,Rate,,victimizations per victim,with one victimization,
Total,,,"214,803",0.86,,"149,519",0.59,,0.13,1.77,%
,Intimate partner,,"68,480",0.27,,"42,288",0.17,,0.34,4.49,
,Relative,,"43,099",0.17,,"32,464",0.13,,0.31,5.26,
,Friend/acquaintance,,"105,463",0.42,,"71,405",0.28,,0.21,3.04,
,Stranger,,"115,366",0.46,,"89,872",0.35,,0.15,1.87,
,Male,,"141,192",1.13,,"99,647",0.8,,0.16,~,
,,Intimate partner,"24,787",0.2,,"15,671",0.13,,0.72,~,
,,Relative,"25,182",0.2,,"18,763",0.15,,0.49,~,
,,Friend/acquaintance,"66,150",0.53,,"47,297",0.38,,0.25,~,
,,Stranger,"89,136",0.71,,"67,036",0.54,,0.19,~,
,Female,,"138,202",1.06,,"95,051",0.73,,0.17,~,
,,Intimate partner,"60,901",0.47,,"37,802",0.29,,0.37,~,
,,Relative,"32,170",0.25,,"24,699",0.19,,0.37,~,
,,Friend/acquaintance,"71,828",0.55,,"46,960",0.36,,0.29,~,
,,Stranger,"59,938",0.46,,"50,247",0.38,,0.2,~,
~Not applicable.,,,,,,,,,,,
"Source: Bureau of Justice Statistics, National Crime Victimization Survey, 2010.",,,,,,,,,,,
