Bureau of Justice Statistics,,,,
Filename: cv12at03,,,,
"Appendix table 3. Standard errors for table 2: Firearm violence, 2003, 2011, and 2012",,,,
"Report title: Criminal Victimization, 2012  NCJ 243389",,,,
"Data source: Bureau of Justice Statistics, National Crime Victimization Survey, 1993-2012",,,,
"Authors: Jennifer L. Truman, Lynn Langton and Michael Planty",,,,
Refer questions to: askbjs@usdoj.gov 202-307-0765,,,,
Date of release: 10/10/13,,,,
,,,,
"Appendix table 3. Standard errors for table 2: Firearm violence, 2003, 2011, and 2012",,,,
,,2003,2011,2012
Firearm incidents,,"42,668","65,371","62,863"
Firearm victimizations,,"47,783","70,968","65,925"
Rate of firearm violence,,0.2,0.3,0.3
,Reported to the police,0.2,0.2,0.2
,Not reported to the police,0.1,0.1,0.1
Percent of all violent incidents,,0.6,1.1,0.9
Percent reported to the police,,4.1,5.2,5.6
"Source: Bureau of Justice Statistics, National Crime Victimization Survey, 2003, 2011, and 2012.",,,,
