Bureau of Justice Statistics,,,,
Filename: cv12at10,,,,
"Appendix table 10. Standard errors for table 6: Violent crime victims who received assistance from a victim service agency, by type of crime, 2003, 2011, and 2012",,,,
"Report title: Criminal Victimization, 2012  NCJ 243389",,,,
"Data source: Bureau of Justice Statistics, National Crime Victimization Survey, 1993-2012",,,,
"Authors: Jennifer L. Truman, Lynn Langton and Michael Planty",,,,
Refer questions to: askbjs@usdoj.gov 202-307-0765,,,,
Date of release: 10/10/13,,,,
,,,,
"Appendix table 10. Standard errors for table 6: Violent crime victims who received assistance from a victim service agency, by type of crime, 2003, 2011, and 2012",,,,
,,Percent of victims who received services,,
Type of crime,,2003,2011,2012
,Violent crime,0.8,1.1,1
Serious violent crime ,,1.5,1.8,1.7
,Rape/sexual assault,4.1,5.6,5.2
,Robbery,2.7,2.4,2.1
,Aggravated assault,1.9,2,2
Simple assault,,0.9,1.2,1.1
Violent crime involving injury,,1.8,2.4,2.4
Violent crime involving weapon,,1.6,2,1.9
"Source: Bureau of Justice Statistics, National Crime Victimization Survey, 2003, 2011, 2012.",,,,
