Bureau of Justice Statistics,,,,,,,
Filename: cv12at05,,,,,,,
"Appendix table 5. Standard errors for table 3: Property victimization, by type of property crime, 2003, 2011, and 2012",,,,,,,
"Report title: Criminal Victimization, 2012  NCJ 243389",,,,,,,
"Data source: Bureau of Justice Statistics, National Crime Victimization Survey, 1993-2012",,,,,,,
"Authors: Jennifer L. Truman, Lynn Langton and Michael Planty",,,,,,,
Refer questions to: askbjs@usdoj.gov 202-307-0765,,,,,,,
Date of release: 10/10/13,,,,,,,
,,,,,,,
"Appendix table 5. Standard errors for table 3: Property victimization, by type of property crime, 2003, 2011, and 2012",,,,,,,
,,Number,,,Rate,,
Type of crime,,2003,2011,2012,2003,2011,2012
Property crime,,"367,118","430,952","387,502",3.2,3.5,3.1
,Household burglary,"133,554","175,099","146,105",1.2,1.4,1.2
,Motor vehicle theft,"60,671","62,550","49,704",0.5,0.5,0.4
,Theft,"316,252","367,910","336,706",2.8,3,2.7
"Source: Bureau of Justice Statistics, National Crime Victimization Survey, 2003, 2011, and 2012.",,,,,,,
