Bureau of Justice Statistics,,,,,,,
Filename: cv12t02,,,,,,,
"Table 2. Firearm violence, 2003, 2011, and 2012",,,,,,,
"Report title: Criminal Victimization, 2012  NCJ 243389",,,,,,,
"Data source: Bureau of Justice Statistics, National Crime Victimization Survey, 1993-2012",,,,,,,
"Authors: Jennifer L. Truman, Lynn Langton and Michael Planty",,,,,,,
Refer questions to: askbjs@usdoj.gov 202-307-0765,,,,,,,
Date of release: 10/10/13,,,,,,,
,,,,,,,
"Table 2. Firearm violence, 2003, 2011, and 2012",,,,,,,
,,2003,,2011,,2012,
Firearm incidents,,"385,040",,"415,160",,"427,700",
Firearm victimizations,,"467,350",,"467,930",,"460,720",
Rate of firearm violence*,,2,,1.8,,1.8,
,Reported to the police*,1.4,,1.3,,1.2,
,Not reported to the police*,0.5,,0.5,,0.6,
Percent of all violent incidents,,5.6,%,7.7,%,6.6,%
Percent reported to the police,,73.5,%,73.5,%,66.4,%
"Note: Includes violent incidents and victimizations in which the offender had, showed, or used a firearm. See appendix table 3 for standard errors.",,,,,,,
"*Per 1,000 persons age 12 or older. ",,,,,,,
"Source: Bureau of Justice Statistics, National Crime Victimization Survey, 2003, 2011, and 2012.",,,,,,,
