Bureau of Justice Statistics,,,,,,,,,,
Filename: cv12at12,,,,,,,,,,
"Appendix table 12. Standard errors for table 8: Rate of violent and property victimization, by household location, 2003, 2011, and 2012",,,,,,,,,,
"Report title: Criminal Victimization, 2012  NCJ 243389",,,,,,,,,,
"Data source: Bureau of Justice Statistics, National Crime Victimization Survey, 1993-2012",,,,,,,,,,
"Authors: Jennifer L. Truman, Lynn Langton and Michael Planty",,,,,,,,,,
Refer questions to: askbjs@usdoj.gov 202-307-0765,,,,,,,,,,
Date of release: 10/10/13,,,,,,,,,,
,,,,,,,,,,
"Appendix table 12. Standard errors for table 8: Rate of violent and property victimization, by household location, 2003, 2011, and 2012",,,,,,,,,,
,,Violent crime,,Serious violent crime,Property crime,,,,,
Household location,,2003,2011,2012,2003,2011,2012,2003,2011,2012
,Total,1,1.4,1.2,0.5,0.6,0.6,3.2,3.5,3.1
Region,,,,,,,,,,
,Northeast,1.9,2.3,2.5,0.9,1.1,0.9,5.2,5.3,4.9
,Midwest,2,2.7,2.2,1,1.2,1.2,5.5,5.8,5.2
,South,1.5,1.8,1.8,0.8,0.9,0.8,4.6,5.1,4.2
,West,2,2.7,2.8,1.1,1.2,1.5,6.4,7.1,6.1
Location of residence,,,,,,,,,,
,Urban,2,2.5,2.4,1.1,1.2,1.2,5.7,5.8,4.9
,Suburban,1.3,1.8,1.7,0.6,0.7,0.7,4,4.5,3.7
,Rural,1.9,2.5,2.3,0.8,1.2,1,5.4,6.1,5.7
"Source: Bureau of Justice Statistics, National Crime Victimization Survey, 2003, 2011, and 2012. ",,,,,,,,,,
