Bureau of Justice Statistics,,,,,
Filename: cv12at06,,,,,
"Appendix table 6. Standard errors for table 4: Percent of victimization reported to police, by type of crime, 2003, 2011, and 2012",,,,,
"Report title: Criminal Victimization, 2012  NCJ 243389",,,,,
"Data source: Bureau of Justice Statistics, National Crime Victimization Survey, 1993-2012",,,,,
"Authors: Jennifer L. Truman, Lynn Langton and Michael Planty",,,,,
Refer questions to: askbjs@usdoj.gov 202-307-0765,,,,,
Date of release: 10/10/13,,,,,
,,,,,
"Appendix table 6. Standard errors for table 4: Percent of victimization reported to police, by type of crime, 2003, 2011, and 2012",,,,,
Type of crime,,,2003,2011,2012
Violent crime,,,1.4,2.6,2.1
,Rape/sexual assault,,5.3,6,5.7
,Robbery,,3.7,5.2,4.8
,Assault,,1.5,2.7,2.3
,,Aggravated assault,2.9,4.2,4.2
,,Simple assault,1.6,2.8,2.4
,Domestic violence,,2.8,4,4
,,Intimate partner violence,3.2,4.6,4.7
,Violent crime involving injury,,2.4,3.9,3.6
Serious violent crime,,,2.2,3.6,3.3
,Serious domestic violence,,3.9,6.1,6
,,Serious intimate partner violence,4.3,6.9,7.3
,Serious violent crime involving weapons,,2.6,4,3.8
,Serious violent crime involving injury,,3.2,4.8,4.8
Property crime,,,0.8,1.1,0.8
,Burglary,,1.7,2,1.7
,Motor vehicle theft,,2.4,3.2,3.1
,Theft,,0.9,1.1,0.8
"Source: Bureau of Justice Statistics, National Crime Victimization Survey, 2003, 2011, and 2012.",,,,,
