Bureau of Justice Statistics,,,,,,,,
Filename: cv12at02,,,,,,,,
"Appendix table 2. Standard errors for table 1: Violent victimization, by type of violent crime, 2003, 2011, and 2012",,,,,,,,
"Report title: Criminal Victimization, 2012  NCJ 243389",,,,,,,,
"Data source: Bureau of Justice Statistics, National Crime Victimization Survey, 1993-2012",,,,,,,,
"Authors: Jennifer L. Truman, Lynn Langton and Michael Planty",,,,,,,,
Refer questions to: askbjs@usdoj.gov 202-307-0765,,,,,,,,
Date of release: 10/10/13,,,,,,,,
,,,,,,,,
"Appendix table 2. Standard errors for table 1: Violent victimization, by type of violent crime, 2003, 2011, and 2012",,,,,,,,
,,,Number,,,Rate*,,
Type of violent crime,,,2003,2011,2012,2003,2011,2012
Violent crime,,,"243,217","356,534","313,834",1,1.4,1.2
,Rape/sexual assault,,"36,759","41,320","54,400",0.2,0.2,0.2
,Robbery,,"57,508","71,615","83,684",0.2,0.3,0.3
,Assault,,"222,489","322,168","282,460",0.9,1.3,1.1
,,Aggravated assault,"84,632","110,381","99,221",0.4,0.4,0.4
,,Simple assault,"193,154","274,054","251,674",0.8,1.1,1
,Domestic violence,,"95,202","148,339","126,882",0.4,0.6,0.5
,,Intimate partner violence,"76,892","107,289","95,014",0.3,0.4,0.4
,Violent crime involving injury,,"115,337","155,576","147,036",0.5,0.6,0.6
Serious violent crime,,,"118,968","162,723","153,202",0.5,0.6,0.6
,Serious domestic violence,,"58,083","60,306","61,294",0.2,0.2,0.2
,,Serious intimate partner violence,"49,626","47,843","47,019",0.2,0.2,0.2
,Serious violent crime involving weapons,,"103,374","135,857","137,053",0.4,0.5,0.5
,Serious violent crime involving injury,,"72,979","92,765","91,259",0.3,0.4,0.3
"*Per 1,000 persons age 12 or older.",,,,,,,,
"Source: Bureau of Justice Statistics, National Crime Victimization Survey, 2003, 2011, and 2012.",,,,,,,,
