Bureau of Justice Statistics,,,,,,,,
Filename: cv12at07,,,,,,,,
"Appendix table 7. Violent victimization rate for crimes reported and not reported to police, by type of crime, 2003, 2011, and 2012",,,,,,,,
"Report title: Criminal Victimization, 2012  NCJ 243389",,,,,,,,
"Data source: Bureau of Justice Statistics, National Crime Victimization Survey, 1993-2012",,,,,,,,
"Authors: Jennifer L. Truman, Lynn Langton and Michael Planty",,,,,,,,
Refer questions to: askbjs@usdoj.gov 202-307-0765,,,,,,,,
Date of release: 10/10/13,,,,,,,,
,,,,,,,,
"Appendix table 7. Violent victimization rate for crimes reported and not reported to police, by type of crime, 2003, 2011, and 2012",,,,,,,,
,,,Reported to police,,,Not reported to police,,
Type of crime,,,2003,2011,2012,2003,2011,2012
Violent crime,,,0.7,1,0.9,0.7,1,1
,Rape/sexual assault,,0.1,0.1,0.1,0.1,0.1,0.2
,Robbery,,0.2,0.2,0.2,0.1,0.1,0.2
,Assault,,0.6,0.9,0.8,0.7,0.9,0.9
,,Aggravated assault,0.3,0.4,0.3,0.2,0.2,0.2
,,Simple assault,0.5,0.7,0.6,0.6,0.8,0.8
,Domestic violence,,0.3,0.4,0.3,0.2,0.3,0.3
,,Intimate partner violence,0.2,0.3,0.2,0.2,0.2,0.2
,Violent crime involving injury,,0.3,0.4,0.4,0.3,0.3,0.3
Serious violent crime,,,0.4,0.5,0.5,0.3,0.4,0.4
,Serious domestic violence,,0.2,0.2,0.2,0.1,0.1,0.1
,,Serious intimate partner violence,0.2,0.1,0.1,0.1,0.1,0.1
,Serious violent crime involving weapons,,0.3,0.4,0.4,0.2,0.2,0.3
,Serious violent crime involving injury,,0.2,0.3,0.2,0.2,0.2,0.2
Property crime,,,1.9,2.1,1.7,2.6,2.8,2.5
,Burglary,,0.9,1,0.8,0.8,0.9,0.7
,Motor vehicle theft,,0.5,0.4,0.4,0.2,0.2,0.2
,Theft,,1.5,1.5,1.2,2.3,2.5,2.3
"Source: Bureau of Justice Statistics, National Crime Victimization Survey, 2003, 2011, and 2012.",,,,,,,,
