Bureau of Justice Statistics,,,,,,,
Filename: cv12t06,,,,,,,
"Table 6. Violent crime victims who received assistance from a victim service agency, by type of crime, 2003, 2011, and 2012",,,,,,,
"Report title: Criminal Victimization, 2012  NCJ 243389",,,,,,,
"Data source: Bureau of Justice Statistics, National Crime Victimization Survey, 1993-2012",,,,,,,
"Authors: Jennifer L. Truman, Lynn Langton and Michael Planty",,,,,,,
Refer questions to: askbjs@usdoj.gov 202-307-0765,,,,,,,
Date of release: 10/10/13,,,,,,,
,,,,,,,
"Table 6. Violent crime victims who received assistance from a victim service agency, by type of crime, 2003, 2011, and 2012",,,,,,,
,,,Percent of victims who received services,,,,
Type of crime,,2003,,2011,,2012,
,Violent crime,12.1,%,8.6,%,8.2,%
Serious violent crime ,,15.4,%,10.4,%,9.6,%
,Rape/sexual assault,19.4,,22.9, !,21.7,
,Robbery,16.2,,7.7,,6.3, !
,Aggravated assault,14,,8.9,,7.9,
Simple assault,,10.6,%,7.7,%,7.6,%
Violent crime involving injury,,17.7,%,14.3,%,14.9,%
Violent crime involving weapon,,13,%,9,%,8.8,%
Note: See appendix table 10 for standard errors. ,,,,,,,
"! Interpret with caution. Estimate based on 10 or fewer sample cases, or coefficient of variation is greater than 50%.",,,,,,,
"Source: Bureau of Justice Statistics, National Crime Victimization Survey, 2003, 2011, 2012.",,,,,,,
