"Bureau of Justice Statistics",,,,,,
"filename:  cv0026.csv",,,,,,
"Table 26: Number of incidents and victimizations and ratio",,,,,,
"of victimizations to incidents, by type of crime",,,,,,
"data source: National Criminal Victimization Survey, 2000   NCJ 188290",,,,,,
"produced by:  Cathy Maston ",,,,,,
"authors:  Patsy Klaus and Cathy Maston",,,,,,
"refer questions to:  askbjs@ojp.usdoj.gov     202-307-0765",,,,,,
"date of version: 07/13/01",,,,,,
,,,,,,
,,,,,,
"Table 26. Personal crimes, 2000:  ",,,,,,
,,,,,,
"Number of incidents and victimizations and ratio",,,,,,
"of victimizations to incidents, by type of crime",,,,,,
"    ",,,,,,
"Type of crime         ",,"     Incidents",," Victimizations",,"          Ratio"
,,,,,,
,,,,,,
"Personal crimes",,6087200,,6596690,,1.08
,,,,,,
"  Crimes of violence",,5815540,,6322730,,1.09
"    Completed violence",,1875790,,2044050,,1.09
"    Attempted/threatened violence",,3939750,,4278690,,1.09
"   Rape/Sexual assault",,256770,,260950,,1.02
"      Rape/Attempted rape",,147160,,147160,,1.00
"         Rape",,92440,,92440,,1.00
"         Attempted rape/a",,54720,,54720,,1.00
"      Sexual assault/b",,109620,,113790,,1.04
"    Robbery",,688310,,731780,,1.06
"      Completed/property taken",,482860,,520120,,1.08
"         With injury",,149920,,160480,,1.07
"         Without injury",,332940,,359640,,1.08
"      Attempted to take property",,205440,,211660,,1.03
"         With injury",,63150,,65700,,1.04
"         Without injury",,142290,,145960,,1.03
"    Assault",,4870460,,5330010,,1.09
"      Aggravated",,1114520,,1292510,,1.16
"         With injury",,296850,,346090,,1.17
"         Threatened with weapon",,817670,,946420,,1.16
"      Simple",,3755940,,4037500,,1.07
"         With minor injury",,909000,,989020,,1.09
"         Without injury",,2846950,,3048480,,1.07
" Purse snatching/Pocket picking",,271670,,273960,,1.01
"    Completed purse snatching",,57040,,57040,,1.00
"    Attempted purse snatching",,8850,"*",8850,"*",1.00
"    Pocket picking",,205770,,208060,,1.01
,,,,,,
"Note: Detail may not add to total shown because of rounding.",,,,,,
"*Estimate is based on about 10 or fewer sample cases.",,,,,,
"a/Includes verbal threats of rape.",,,,,,
"b/Includes threats.",,,,,,
