"Bureau of Justice Statistics",,,,,,,,,,,,,,,
"filename:  cv0027.csv",,,,,,,,,,,,,,,
"Table 27: Number and percent distribution of incidents,",,,,,,,,,,,,,,,
"by type of crime and victim-offender relationship",,,,,,,,,,,,,,,
"data source: National Criminal Victimization Survey, 2000   NCJ 188290",,,,,,,,,,,,,,,
"produced by:  Cathy Maston ",,,,,,,,,,,,,,,
"authors:  Patsy Klaus and Cathy Maston",,,,,,,,,,,,,,,
"refer questions to:  askbjs@ojp.usdoj.gov     202-307-0765",,,,,,,,,,,,,,,
"date of version: 07/13/01",,,,,,,,,,,,,,,
,,,,,,,,,,,,,,,
,,,,,,,,,,,,,,,
"Table 27. Personal crimes of violence, 2000:",,,,,,,,,,,,,,,
,,,,,,,,,,,,,,,
"Number and percent distribution of incidents,",,,,,,,,,,,,,,,
"by type of crime and victim-offender relationship",,,,,,,,,,,,,,,
,,,,,,,,,,,,,,,
,,"                                                                                                Percent of incidents",,,,,,,,,,,,,
,,"                 All incidents",,,,,"          Involving strangers",,,,,"      Involving nonstrangers",,,
"Type of crime         ",,"    Number",,"Percent",,,"    Number",,"Percent",,,"    Number",,"Percent",
,,,,,,,,,,,,,,,
,,,,,,,,,,,,,,,
"Crimes of violence",,5815540,,100,"%",,2814840,,48.4,"%",,3000700," ",51.6,"%"
,,,,,,,,,,,,,,,
"   Completed violence",,1875790,,100,,,828660,,44.2,,,1047130,,55.8,
"   Attempted/threatened violence",,3939750,,100,,,1986180,,50.4,,,1953560,,49.6,
"   Rape/Sexual assault",,256770,,100,,,112910,,44.0,,,143860,,56.0,
"      Rape/Attempted rape",,147160,,100,,,50050,,34.0,,,97110,,66.0,
"         Rape",,92440,,100,,,29710,,32.1,,,62720,,67.9,
"         Attempted rape/a",,54720,,100,,,20330,"*",37.2,"*",,34390,,62.8,
"      Sexual assault/b",,109620,,100,,,62870,,57.4,,,46750,,42.6,
"   Robbery",,688310,,100,,,528530,,76.8,,,159770,,23.2,
"      Completed/property taken",,482860,,100,,,370570,,76.7,,,112290,,23.3,
"         With injury",,149920,,100,,,119840,,79.9,,,30080,,20.1,
"         Without injury",,332940,,100,,,250730,,75.3,,,82210,,24.7,
"      Attempted to take property",,205440,,100,,,157960,,76.9,,,47480,,23.1,
"         With injury",,63150,,100,,,51420,,81.4,,,11730,"*",18.6,"*"
"         Without injury",,142290,,100,,,106540,,74.9,,,35760,,25.1,
"   Assault",,4870460,,100,,,2173390,,44.6,,,2697070,,55.4,
"      Aggravated",,1114520,,100,,,658400,,59.1,,,456120,,40.9,
"         With injury",,296850,,100,,,136070,,45.8,,,160780,,54.2,
"         Threatened with weapon",,817670,,100,,,522330,,63.9,,,295340,,36.1,
"      Simple",,3755940,,100,,,1514990,,40.3,,,2240950,,59.7,
"         With minor injury",,909000,,100,,,241390,,26.6,,,667610,,73.4,
"         Without injury",,2846950,,100,,,1273600,,44.7,,,1573340,,55.3,
,,,,,,,,,,,,,,,
"Note: Detail may not add to total shown because of rounding.",,,,,,,,,,,,,,,
"*Estimate is based on about 10 or fewer sample cases.",,,,,,,,,,,,,,,
"a/Includes verbal threats of rape.",,,,,,,,,,,,,,,
"b/Includes threats.",,,,,,,,,,,,,,,
