"Bureau of Justice Statistics",,,,,,,,,,,,,,,,,
"filename:  cv0034.csv",,,,,,,,,,,,,,,,,
"Table 34: Percent distribution of victimizations,",,,,,,,,,,,,,,,,,
"by type of crime and relationship to offender",,,,,,,,,,,,,,,,,
"data source: National Criminal Victimization Survey, 2000   NCJ 188290",,,,,,,,,,,,,,,,,
"produced by:  Cathy Maston ",,,,,,,,,,,,,,,,,
"authors:  Patsy Klaus and Cathy Maston",,,,,,,,,,,,,,,,,
"refer questions to:  askbjs@ojp.usdoj.gov     202-307-0765",,,,,,,,,,,,,,,,,
"date of version: 07/13/01",,,,,,,,,,,,,,,,,
,,,,,,,,,,,,,,,,,
,,,,,,,,,,,,,,,,,
"Table 34. Family violence, 2000:",,,,,,,,,,,,,,,,,
,,,,,,,,,,,,,,,,,
"Percent distribution of victimizations,",,,,,,,,,,,,,,,,,
"by type of crime and relationship to offender",,,,,,,,,,,,,,,,,
,,,,,,,,,,,,,,,,,
,,,,"                                                    Percent of victimizations",,,,,,,,,,,,,
,,"Total",,,,"                                                                Related",,,,,,,,,,,
,,"number of",,"Total",,,,,,"Ex-",,,,"  Own",,"Other",
"Type of crime",,"victimizations",,"crimes",,"Total",," Spouse",,"spouse",,"Parent",,"  child",,"relatives",
,,,,,,,,,,,,,,,,,
,,,,,,,,,,,,,,,,,
"Crimes of violence",,6322730,,100,"%",10.1,"%",3.4,"%",1.6,"%",1.2,"%",0.9,"%",3.1,"%"
,,,,,,,,,,,,,,,,,
"   Completed violence",,2044050,,100,,13.8,,5.8,,1.4,,1.7,,0.6,"*",4.4,
"   Attempted/threatened violence",,4278690,,100,,8.4,,2.2,,1.7,,0.9,,1.1,,2.4,
"   Rape/Sexual assault/b",,260950,,100,,6.0,"*",2.4,"*",1.8,"*",1.8,"*","0.0 ","*","0.0 ","*"
"   Robbery",,731780,,100,,3.8,,0.6,"*",0.3,"*",1.3,"*",0.7,"*",0.9,"*"
"      Completed/property taken",,520120,,100,,3.7,"*",0.5,"*",0.4,"*",0.6,"*",0.9,"*",1.2,"*"
"      Attempted to take property",,211660,,100,,3.9,"*",1.1,"*","0.0 ","*",2.9,"*","0.0 ","*","0.0 ","*"
"   Assault",,5330010,,100,,11.2,,3.8,,1.7,,1.1,,1.0,,3.5,
"      Aggravated",,1292510,,100,,7.1,,1.6,"*",0.2,"*",0.5,"*",0.9,"*",3.8,
"      Simple",,4037500,,100,,12.5,,4.5,,2.2,,1.3,,1.1,,3.4,
,,,,,,,,,,,,,,,,,
,,,,,,,,,,,,,,,,,
,,"                                                    Percent of victimizations",,,,,,,,,,,,,,,
,,,,"Casual",,"Don't know",,,,"Don't know",,,,,,,
,,"   Well-",,"acquaint-",,"relation-",,,,"number of",,,,,,,
"Type of crime",,"   known/a",,"ances",,"ship",,"Strangers",,"offenders",,,,,,,
,,,,,,,,,,,,,,,,,
,,,,,,,,,,,,,,,,,
"Crimes of violence",,24.6,"%",15.1,"%",3.5,"%",44.8,"%",1.8,"%",,,,,,
,,,,,,,,,,,,,,,,,
"   Completed violence",,26.3,,13.9,,4.0,,39.8,,2.1,,,,,,,
"   Attempted/threatened violence",,23.8,,15.7,,3.3,,47.1,,1.7,,,,,,,
"   Rape/Sexual assault/b",,28.2,,21.6,,6.3,"*",34.2,,3.7,"*",,,,,,
"   Robbery",,12.3,,5.3,,6.5,,69.3,,2.9,"*",,,,,,
"      Completed/property taken",,10.8,,6.5,,7.0,,68.5,,3.6,"*",,,,,,
"      Attempted to take property",,16.1,,2.5,"*",5.1,"*",71.4,,1.1,"*",,,,,,
"   Assault",,26.1,,16.2,,3.0,,41.9,,1.6,,,,,,,
"      Aggravated",,20.6,,10.2,,4.7,,55.8,,1.7,"*",,,,,,
"      Simple",,27.9,,18.1,,2.4,,37.5,,1.6,,,,,,,
,,,,,,,,,,,,,,,,,
,,,,,,,,,,,,,,,,,
"Note: Detail may not add to total shown because of rounding.",,,,,,,,,,,,,,,,,
"*Estimate is based on about 10 or fewer sample cases.",,,,,,,,,,,,,,,,,
"a/Includes data on offenders well known to the victim whose relationship",,,,,,,,,,,,,,,,,
"to the victim could not be ascertained.",,,,,,,,,,,,,,,,,
"b/Includes verbal threats of rape and threats of sexual assault.",,,,,,,,,,,,,,,,,
