"Bureau of Justice Statistics",,,,,,,,,,,,,,,
"filename:  cv0028.csv",,,,,,,,,,,,,,,
"Table 28: Number of victimizations and victimization rates",,,,,,,,,,,,,,,
"for persons age 12 and over, by type of crime",,,,,,,,,,,,,,,
"and victim-offender relationship",,,,,,,,,,,,,,,
"data source: National Criminal Victimization Survey, 2000   NCJ 188290",,,,,,,,,,,,,,,
"produced by:  Cathy Maston ",,,,,,,,,,,,,,,
"authors:  Patsy Klaus and Cathy Maston",,,,,,,,,,,,,,,
"refer questions to:  askbjs@ojp.usdoj.gov     202-307-0765",,,,,,,,,,,,,,,
"date of version: 07/13/01",,,,,,,,,,,,,,,
,,,,,,,,,,,,,,,
,,,,,,,,,,,,,,,
"Table 28. Personal crimes of violence, 2000:",,,,,,,,,,,,,,,
,,,,,,,,,,,,,,,
"Number of victimizations and victimization rates",,,,,,,,,,,,,,,
"for persons age 12 and over, by type of crime",,,,,,,,,,,,,,,
"and victim-offender relationship",,,,,,,,,,,,,,,
,,,,,,,,,,,,,,,
"    ",,,,"                                              Rate per 1,000 persons age 12 and over",,,,,,,,,,,
,,"Total",,"                   Total",,,,"           Involving strangers",,,,"        Involving nonstrangers",,,
"Type of crime",,"Population",,"Number",,"Rate",,"Number",,"Rate",,"Number",,"Rate",
,,,,,,,,,,,,,,,
"Crimes of violence",,226804610,,6322730,,27.9,,3152340,,13.9,,3170390,,14.0,
,,,,,,,,,,,,,,,
"   Completed violence",,,,2044050,,9.0,,928020,,4.1,,1116020,,4.9,
"   Attempted/threatened violence",,,,4278690,,18.9,,2224320,,9.8,,2054370,,9.1,
"   Rape/Sexual assault",,,,260950,,1.2,,115350,,0.5,,145590,,0.6,
"      Rape/Attempted rape",,,,147160,,0.6,,50050,,0.2,,97110,,0.4,
"         Rape",,,,92440,,0.4,,29710,,0.1,,62720,,0.3,
"         Attempted rape/a",,,,54720,,0.2,,20330,"*",0.1,"*",34390,,0.2,
"      Sexual assault/b",,,,113790,,0.5,,65310,,0.3,,48490,,0.2,
"   Robbery",,,,731780,,3.2,,568600,,2.5,,163180,,0.7,
"      Completed/property taken",,,,520120,,2.3,,404420,,1.8,,115700,,0.5,
"         With injury",,,,160480,,0.7,,130400,,0.6,,30080,,0.1,
"         Without injury",,,,359640,,1.6,,274030,,1.2,,85610,,0.4,
"      Attempted to take property",,,,211660,,0.9,,164180,,0.7,,47480,,0.2,
"         With injury",,,,65700,,0.3,,53970,,0.2,,11730,"*",0.1,"*"
"         Without injury",,,,145960,,0.6,,110210,,0.5,,35760,,0.2,
"   Assault",,,,5330010,,23.5,,2468390,,10.9,,2861620,,12.6,
"      Aggravated",,,,1292510,,5.7,,796790,,3.5,,495720,,2.2,
"         With injury",,,,346090,,1.5,,165710,,0.7,,180380,,0.8,
"         Threatened with weapon",,,,946420,,4.2,,631080,,2.8,,315340,,1.4,
"      Simple",,,,4037500,,17.8,,1671600,,7.4,,2365900,,10.4,
"         With minor injury",,,,989020,,4.4,,277260,,1.2,,711750,,3.1,
"         Without injury",,,,3048480,,13.4,,1394340,,6.1,,1654140,,7.3,
,,,,,,,,,,,,,,,
"Note: Detail may not add to total shown because of rounding.",,,,,,,,,,,,,,,
"*Estimate is based on about 10 or fewer sample cases.",,,,,,,,,,,,,,,
"a/Includes verbal threats of rape.",,,,,,,,,,,,,,,
"b/Includes threats.",,,,,,,,,,,,,,,
