"Bureau of Justice Statistics",,,,,,,,,,,,,,,,,,
"filename:  cv0013.csv",,,,,,,,,,,,,,,,,,
"Table 13: Victimization rates for persons age 12 and over,",,,,,,,,,,,,,,,,,,
"by gender of head of household, relationship",,,,,,,,,,,,,,,,,,
"of victims to head and type of crime",,,,,,,,,,,,,,,,,,
"data source: National Criminal Victimization Survey, 2000   NCJ 188290",,,,,,,,,,,,,,,,,,
"produced by:  Cathy Maston ",,,,,,,,,,,,,,,,,,
"authors:  Patsy Klaus and Cathy Maston",,,,,,,,,,,,,,,,,,
"refer questions to:  askbjs@ojp.usdoj.gov     202-307-0765",,,,,,,,,,,,,,,,,,
"date of version: 07/13/01",,,,,,,,,,,,,,,,,,
,,,,,,,,,,,,,,,,,,
,,,,,,,,,,,,,,,,,,
"Table 13. Personal crimes, 2000:",,,,,,,,,,,,,,,,,,
,,,,,,,,,,,,,,,,,,
"Victimization rates for persons age 12 and over,",,,,,,,,,,,,,,,,,,
"by gender of head of household, relationship",,,,,,,,,,,,,,,,,,
"of victims to head and type of crime",,,,,,,,,,,,,,,,,,
"              ",,,,,,,,,,,,,,,,,,
,,,,,,,,,"Rate per 1,000 persons age 12 and over",,,,,,,,,
,,,,,"Crimes",,,,"Attempted/",,"Rape/",,,,"Robbery",,,
"Gender of head of household and",,,"Total",,"of",,"Completed",,"threatened",,"Sexual",,,,"With",,"Without",
"relationship of victim to head",,,"population",,"violence",,"violence",,"violence",,"assault/a",,"Total",,"injury",,"injury",
"Households headed by males",,,,,,,,,,,,,,,,,,
,"All male heads",,63371000,,25.1,,6.3,,18.8,,0.1,"*",3.5,,1.2,,2.3,
,"   Male heads living alone",,13886760,,39.9,,10.5,,29.4,,"0.0 ","*",4.9,,1.9,,3.0,
,"   Male heads living with others",,49484250,,21.0,,5.2,,15.8,,0.1,"*",3.1,,1.0,,2.1,
,"Wives",,39042350,,9.7,,1.9,,7.8,,0.3,"*",0.7,,0.3,"*",0.5,"*"
,"Own children under age 18",,12206230,,50.2,,15.2,,35.0,,2.2,,1.6,"*",0.5,"*",1.1,"*"
,"Own children age 18 and over",,9224660,,38.9,,10.5,,28.3,,1.4,"*",3.2,,0.7,"*",2.5,"*"
,"Other relatives",,4858870,,33.0,,10.8,,22.2,,0.8,"*",6.1,,2.5,"*",3.6,"*"
,"Nonrelatives",,6679060,,54.4,,20.7,,33.7,,2.1,"*",7.8,,2.0,"*",5.9,
,,,,,,,,,,,,,,,,,,
"Households headed by females",,,,,,,,,,,,,,,,,,
,"All female heads",,48480370,,25.2,,10.9,,14.3,,2.7,,2.6,,0.6,,2.0,
,"   Female heads living alone",,17374760,,19.2,,10.6,,8.6,,4.0,,2.7,,0.7,"*",1.9,
,"   Female heads living with others",,31105610,,28.6,,11.1,,17.5,,2.0,,2.5,,0.4,"*",2.1,
,"Husbands",,14555580,,15.0,,3.7,,11.2,,"0.0 ","*",3.0,,0.8,"*",2.2,
,"Own children under age 18",,9709600,,61.9,,18.9,,42.9,,1.7,"*",6.3,,2.1,"*",4.2,
,"Own children age 18 and over",,8722140,,43.1,,17.3,,25.7,,1.0,"*",6.8,,2.3,"*",4.5,
,"Other relatives",,4826840,,46.9,,19.4,,27.6,,1.6,"*",9.5,,3.1,"*",6.5,
,"Nonrelatives",,5127910,,41.3,,16.0,,25.3,,3.6,"*",3.6,"*",2.0,"*",1.6,"*"
,,,,,,,,,,,,,,,,,,
,,,,,,,,,,,,,,,,,,
,,,"                       Rate per 1,000 persons age 12 and over",,,,,,,,,,,,,,,
,,,,,"Assault",,,,"Purse",,,,,,,,,
"Gender of head of household and",,,,,"     Aggra-",,,,"snatching/",,,,,,,,,
"relationship of victim to head",,,"Total",,"     vated",,"Simple",,"Pocket picking",,,,,,,,,
"Households headed by males",,,,,,,,,,,,,,,,,,
,"All male heads",,21.6,,6.7,,14.8,,0.6,,,,,,,,,
,"   Male heads living alone",,35.0,,11.3,,23.7,,1.3,"*",,,,,,,,
,"   Male heads living with others",,17.8,,5.5,,12.3,,0.4,"*",,,,,,,,
,"Wives",,8.7,,1.6,,7.0,,0.5,"*",,,,,,,,
,"Own children under age 18",,46.4,,9.3,,37.2,,1.8,"*",,,,,,,,
,"Own children age 18 and over",,34.2,,8.2,,26.0,,2.8,,,,,,,,,
,"Other relatives",,26.1,,12.0,,14.1,,0.5,"*",,,,,,,,
,"Nonrelatives",,44.5,,7.6,,36.9,,2.9,"*",,,,,,,,
,,,,,,,,,,,,,,,,,,
"Households headed by females",,,,,,,,,,,,,,,,,,
,"All female heads",,19.9,,3.7,,16.2,,1.5,,,,,,,,,
,"   Female heads living alone",,12.6,,2.8,,9.7,,2.0,,,,,,,,,
,"   Female heads living with others",,24.0,,4.2,,19.8,,1.2,,,,,,,,,
,"Husbands",,12.0,,4.1,,8.0,,0.7,"*",,,,,,,,
,"Own children under age 18",,53.9,,9.7,,44.2,,1.7,"*",,,,,,,,
,"Own children age 18 and over",,35.3,,7.7,,27.6,,1.3,"*",,,,,,,,
,"Other relatives",,35.8,,9.5,,26.3,,4.1,"*",,,,,,,,
,"Nonrelatives",,34.1,,11.5,,22.5,,2.8,"*",,,,,,,,
,,,,,,,,,,,,,,,,,,
"Note: Detail may not add to total shown because of rounding.",,,,,,,,,,,,,,,,,,
"*Estimate is based on about 10 or fewer sample cases.",,,,,,,,,,,,,,,,,,
"a/Includes verbal threats of rape and threats of sexual assault.",,,,,,,,,,,,,,,,,,
