"Bureau of Justice Statistics",,,,,,,,,,,,,,,,,
"filename:  cv0049.csv",,,,,,,,,,,,,,,,,
"Table 49: Percent distribution of multiple-offender victimizations,",,,,,,,,,,,,,,,,,
"by type of crime and detailed victim-offender relationship",,,,,,,,,,,,,,,,,
"data source: National Criminal Victimization Survey, 2000   NCJ 188290",,,,,,,,,,,,,,,,,
"produced by:  Cathy Maston ",,,,,,,,,,,,,,,,,
"authors:  Patsy Klaus and Cathy Maston",,,,,,,,,,,,,,,,,
"refer questions to:  askbjs@ojp.usdoj.gov     202-307-0765",,,,,,,,,,,,,,,,,
"date of version: 07/13/01",,,,,,,,,,,,,,,,,
,,,,,,,,,,,,,,,,,
,,,,,,,,,,,,,,,,,
"Table 49. Personal crimes of violence, 2000:",,,,,,,,,,,,,,,,,
,,,,,,,,,,,,,,,,,
"Percent distribution of multiple-offender victimizations,",,,,,,,,,,,,,,,,,
"by type of crime and detailed victim-offender relationship",,,,,,,,,,,,,,,,,
,,,,,,,,,,,,,,,,,
,,"Number of",,"                                                                     Percent of multiple-offender victimizations",,,,,,,,,,,,,
,,"multiple-",,,,"                                                                    Some or all related",,,,,,,,,,,
,,"offender",,,,,,"Spouses and",,,,"Own",,"Brothers",,"Other",
"Type of crime",,"victimizations",,"          Total",,"      Total",,"ex-spouses",,"      Parents",,"children",,"and sisters",,"relatives",
,,,,,,,,,,,,,,,,,
,,,,,,,,,,,,,,,,,
"Crimes of violence",,1258020,,100,"%",2.7,"%",1.1,"%*",0.2,"%*","0.0 ","%*",0.2,"%*",1.1,"%*"
,,,,,,,,,,,,,,,,,
"   Completed violence",,457380,,100,,3.5,"*",1.7,"*","0.0 ","*","0.0 ","*","0.0 ","*",1.8,"*"
"   Attempted/threatened violence",,800640,,100,,2.2,"*",0.8,"*",0.4,"*","0.0 ","*",0.4,"*",0.7,"*"
"   Rape/Sexual assault/b",,12660,"*",100,"*","0.0 ","*","0.0 ","*","0.0 ","*","0.0 ","*","0.0 ","*","0.0 ","*"
"   Robbery",,303310,,100,,0.9,"*","0.0 ","*",0.9,"*","0.0 ","*","0.0 ","*","0.0 ","*"
"      Completed/property taken",,220700,,100,,"0.0 ","*","0.0 ","*","0.0 ","*","0.0 ","*","0.0 ","*","0.0 ","*"
"      Attempted to take property",,82620,,100,,3.4,"*","0.0 ","*",3.4,"*","0.0 ","*","0.0 ","*","0.0 ","*"
"   Assault",,942040,,100,,3.3,,1.5,"*","0.0 ","*","0.0 ","*",0.3,"*",1.4,"*"
"      Aggravated",,329750,,100,,0.6,"*",0.6,"*","0.0 ","*","0.0 ","*","0.0 ","*","0.0 ","*"
"      Simple",,612290,,100,,4.7,,2.0,"*","0.0 ","*","0.0 ","*",0.5,"*",2.2,"*"
,,,,,,,,,,,,,,,,,
,,,,,,,,,,,,,,,,,
,,,,,,,,,,,,,,,,,
,,,,"Some or",,,,,,,,,,,,,
,,"Some or all",,"all casual",,,,,,,,,,,,,
,,"well known,",,"acquain-",,"Don't",,,,,,,,,,,
"Type of crime",,"not related/a",,"tances",,"know",,"Stranger",,,,,,,,,
,,,,,,,,,,,,,,,,,
,,,,,,,,,,,,,,,,,
"Crimes of violence",,10.6,"%",12.9,"%",1.4,"%*",72.4,"%",,,,,,,,
,,,,,,,,,,,,,,,,,
"   Completed violence",,9.9,,6.0,,0.5,"*",80.1,,,,,,,,,
"   Attempted/threatened violence",,11.0,,16.8,,2.0,"*",68.0,,,,,,,,,
"   Rape/Sexual assault/b",,17.8,"*","0.0 ","*","0.0 ","*",82.2,"*",,,,,,,,
"   Robbery",,6.2,"*",2.9,"*","0.0 ","*",90.0,,,,,,,,,
"      Completed/property taken",,5.9,"*","0.0 ","*","0.0 ","*",94.1,,,,,,,,,
"      Attempted to take property",,6.9,"*",10.5,"*","0.0 ","*",79.1,,,,,,,,,
"   Assault",,11.9,,16.2,,1.9,"*",66.7,,,,,,,,,
"      Aggravated",,7.8,,12.0,,4.0,"*",75.6,,,,,,,,,
"      Simple",,14.1,,18.5,,0.8,"*",61.8,,,,,,,,,
,,,,,,,,,,,,,,,,,
,,,,,,,,,,,,,,,,,
"Note: Detail may not add to total shown because of rounding.",,,,,,,,,,,,,,,,,
"*Estimate is based on about 10 or fewer sample cases.",,,,,,,,,,,,,,,,,
"a/Includes data on offenders well known to the victim whose relationship to the victim",,,,,,,,,,,,,,,,,
"was not ascertained.",,,,,,,,,,,,,,,,,
"b/Includes verbal threats of rape and threats of sexual assault.",,,,,,,,,,,,,,,,,
