"Bureau of Justice Statistics",,,,,,,,,,,,,
"filename:  cv0032.csv",,,,,,,,,,,,,
"Table 32: Percent distribution of victimizations",,,,,,,,,,,,,
"by perceived drug or alcohol use by offender",,,,,,,,,,,,,
"data source: National Criminal Victimization Survey, 2000   NCJ 188290",,,,,,,,,,,,,
"produced by:  Cathy Maston ",,,,,,,,,,,,,
"authors:  Patsy Klaus and Cathy Maston",,,,,,,,,,,,,
"refer questions to:  askbjs@ojp.usdoj.gov     202-307-0765",,,,,,,,,,,,,
"date of version: 07/13/01",,,,,,,,,,,,,
,,,,,,,,,,,,,
,,,,,,,,,,,,,
"Table 32. Personal crimes of violence, 2000:",,,,,,,,,,,,,
,,,,,,,,,,,,,
"Percent distribution of victimizationsby perceived drug or alcohol use by offender",,,,,,,,,,,,,
,,,,,,,,,,,,,
,,,,,,,,,,,,,
,,,,,,,,,,,,,
,,"                                                                      Percent of victimizations",,,,,,,,,,,
,,"Crimes",,"Rape/",,,,,,,,,
"Perceived drug or",,"of",,"Sexual",,,,"                                       Assault",,,,,
"alcohol use by offender",,"violence",,"assault/a",,"Robbery",,"     Total",,"Aggravated",,"   Simple",
,,,,,,,,,,,,,
"Total victimizations",,100.0,"%",100.0,"%",100.0,"%",100.0,"%",100.0,"%",100.0,"%"
,,,,,,,,,,,,,
"Total (Perceived to be",,28.6,,37.9,,24.0,,28.8,,29.4,,28.6,
"under the influence",,,,,,,,,,,,,
"of drugs or alcohol)",,,,,,,,,,,,,
,,,,,,,,,,,,,
"  Under the influence of alcohol",,17.5,,28.2,,8.8,,18.2,,14.4,,19.4,
"  Under the influence of drugs",,5.4,,4.2,"*",10.1,,4.8,,7.7,,3.8,
"  Under the influence of both",,4.2,,4.3,"*",3.5,,4.3,,6.3,,3.7,
"    drugs and alcohol",,,,,,,,,,,,,
"  Under the influence of one,",,1.3,,1.2,"*",1.5,"*",1.3,,1.1,"*",1.4,
"    not sure which",,,,,,,,,,,,,
"  Not available whether",,0.2,"*","0.0 ","*","0.0 ","*",0.2,"*","0.0 ","*",0.3,"*"
"    drugs or alcohol",,,,,,,,,,,,,
,,,,,,,,,,,,,
"Not on alcohol or drugs",,27.9,,20.2,,14.3,,30.2,,20.9,,33.1,
"Don't know or not ascertained",,43.5,,41.9,,61.7,,41.1,,49.6,,38.3,
,,,,,,,,,,,,,
,,,,,,,,,,,,,
"Note: Detail may not add to total shown because of rounding.",,,,,,,,,,,,,
"*Estimate is based on about 10 or fewer sample cases.",,,,,,,,,,,,,
"a/Includes verbal threats of rape and threats of sexual assault.",,,,,,,,,,,,,
