"Bureau of Justice Statistics",,,,,,,,,,,,
"filename:  cv0017.csv",,,,,,,,,,,,
"Table 17: Number of victimizations and victimization rates by type of crime",,,,,,,,,,,,
"and ethnicity of head of household",,,,,,,,,,,,
"data source: National Criminal Victimization Survey, 2000   NCJ 188290",,,,,,,,,,,,
"produced by:  Cathy Maston ",,,,,,,,,,,,
"authors:  Patsy Klaus and Cathy Maston",,,,,,,,,,,,
"refer questions to:  askbjs@ojp.usdoj.gov     202-307-0765",,,,,,,,,,,,
"date of version: 07/13/01",,,,,,,,,,,,
,,,,,,,,,,,,
,,,,,,,,,,,,
"Table 17. Property crimes, 2000:",,,,,,,,,,,,
,,,,,,,,,,,,
"Number of victimizations and victimization rates by type of crime",,,,,,,,,,,,
"and ethnicity of head of household",,,,,,,,,,,,
"       ",,,,,,,,,,,,
"                                                                                           ",,"                                                                     Rate per 1,000 households",,,,,,,,,,
,,"                       Total/a",,,,"                      Hispanic",,,,"                   Non-Hispanic",,
"Type of crime",,"Number",,"Rate",,"Number",,"Rate",,"Number",,"Rate"
,,,,,,,,,,,,
"Property crimes",,19296650,,178.1,,2166820,,227.0,,17002460,,173.4
"                                                                                           ",,,,,,,,,,,,
"   Household burglary",,3443700,,31.8,,397670,,41.7,,3038730,,31.0
"      Completed",,2909460,,26.9,,324760,,34.0,,2579550,,26.3
"         Forcible entry",,1037860,,9.6,,139430,,14.6,,896380,,9.1
"         Unlawful entry without force",,1871600,,17.3,,185330,,19.4,,1683160,,17.2
"      Attempted forcible entry",,534240,,4.9,,72910,,7.6,,459180,,4.7
"   Motor vehicle theft",,937050,,8.6,,188010,,19.7,,749040,,7.6
"      Completed",,641850,,5.9,,118000,,12.4,,523850,,5.3
"      Attempted",,295200,,2.7,,70010,,7.3,,225190,,2.3
"   Theft",,14915900,,137.7,,1581140,,165.6,,13214690,,134.7
"      Completed",,14299970,,132.0,,1526340,,159.9,,12653560,,129.0
"         Less than $50",,4707270,,43.4,,389210,,40.8,,4283170,,43.7
"         $50 - $249",,5296630,,48.9,,659050,,69.0,,4599160,,46.9
"         $250 or more",,3176630,,29.3,,379240,,39.7,,2768000,,28.2
"         Amount not available",,1119440,,10.3,,98840,,10.4,,1003230,,10.2
"      Attempted",,615930,,5.7,,54800,,5.7,,561130,,5.7
,,,,,,,,,,,,
"Total number of households",,108352960,,"...",,9546830,,"...",,98070420,,"..."
,,,,,,,,,,,,
"Note: Detail may not add to total shown because of rounding.",,,,,,,,,,,,
"...Not applicable.",,,,,,,,,,,,
"a/Includes data on persons whose ethnicity was not ascertained, which is not shown separately.",,,,,,,,,,,,
