"Bureau of Justice Statistics",,,,,,,,,,,,,,,,,
"filename:  cv0045.csv",,,,,,,,,,,,,,,,,
"Table 45: Percent distribution of multiple-offender victimizations,",,,,,,,,,,,,,,,,,
"by type of crime and perceived age of offenders",,,,,,,,,,,,,,,,,
"data source: National Criminal Victimization Survey, 2000   NCJ 188290",,,,,,,,,,,,,,,,,
"produced by:  Cathy Maston ",,,,,,,,,,,,,,,,,
"authors:  Patsy Klaus and Cathy Maston",,,,,,,,,,,,,,,,,
"refer questions to:  askbjs@ojp.usdoj.gov     202-307-0765",,,,,,,,,,,,,,,,,
"date of version: 07/13/01",,,,,,,,,,,,,,,,,
,,,,,,,,,,,,,,,,,
,,,,,,,,,,,,,,,,,
"Table 45. Personal crimes of violence, 2000:",,,,,,,,,,,,,,,,,
,,,,,,,,,,,,,,,,,
"Percent distribution of multiple-offender victimizations,",,,,,,,,,,,,,,,,,
"by type of crime and perceived age of offenders",,,,,,,,,,,,,,,,,
,,,,,,,,,,,,,,,,,
,,,,"                                                        Percent of all multiple-offender victimizations",,,,,,,,,,,,,
,,"Number of",,,,"                                                    Perceived age of offenders",,,,,,,,,,,
"       ",,"multiple-",,,,,,,,,,,,,,"Not known",
"                                                                                                                                         ",,"offender",,,,"All",,"All",,"All",,"All 30",," Mixed",,"and not",
"Type of crime",,"victimizations",,"        Total",,"under 12",,"12-20",,"21-29",,"and over",," ages",,"available",
,,,,,,,,,,,,,,,,,
,,,,,,,,,,,,,,,,,
"Crimes of violence",,1258010,,100,"%",0.7,"%*",39.3,"%",14.6,"%",7.4,"%",26.2,"%",11.8,"%"
,,,,,,,,,,,,,,,,,
"   Completed violence",,457380,,100,,0.4,"*",35.5,,17.6,,9.0,,23.6,,13.9,
"   Attempted/threatened violence",,800630,,100,,0.8,"*",41.5,,12.9,,6.4,,27.7,,10.7,
"   Rape/Sexual assault/a",,12660,"*",100,"*","0.0 ","*",17.8,"*","0.0 ","*","0.0 ","*",82.2,"*","0.0 ","*"
"   Robbery",,303310,,100,,"0.0 ","*",38.6,,19.1,,5.0,"*",27.8,,9.5,
"      Completed/property taken",,220690,,100,,"0.0 ","*",31.7,,25.2,,4.8,"*",25.3,,13.0,
"         With injury",,90690,,100,,"0.0 ","*",34.9,,19.1,"*",2.8,"*",24.3,"*",18.8,"*"
"         Without injury",,130000,,100,,"0.0 ","*",29.4,,29.5,,6.1,"*",26.0,,9.0,"*"
"      Attempted to take property",,82610,,100,,"0.0 ","*",57.2,,2.8,"*",5.8,"*",34.3,,"0.0 ","*"
"         With injury",,23510,"*",100,"*","0.0 ","*",43.8,"*","0.0 ","*",8.4,"*",47.8,"*","0.0 ","*"
"         Without injury",,59090,,100,,"0.0 ","*",62.5,,3.8,"*",4.8,"*",28.9,"*","0.0 ","*"
"   Assault",,942040,,100,,0.9,"*",39.9,,13.3,,8.2,,25.0,,12.8,
"      Aggravated",,329750,,100,,1.9,"*",32.4,,10.1,,6.3,"*",29.4,,19.8,
"      Simple",,612290,,100,,0.3,"*",43.9,,15.1,,9.2,,22.6,,9.0,
,,,,,,,,,,,,,,,,,
,,,,,,,,,,,,,,,,,
"Note: Detail may not add to total shown because of rounding.",,,,,,,,,,,,,,,,,
"*Estimate is based on about 10 or fewer sample cases.",,,,,,,,,,,,,,,,,
"a/Includes verbal threats of rape and threats of sexual assault.",,,,,,,,,,,,,,,,,
