"Bureau of Justice Statistics",,,,,,,
"filename:  cv0068.csv",,,,,,,
"Table 68: Percent of victimizations in which victims took self-protective",,,,,,,
"measures, by type of crime and victim-offender relationship",,,,,,,
"data source: National Criminal Victimization Survey, 2000   NCJ 188290",,,,,,,
"produced by:  Cathy Maston ",,,,,,,
"authors:  Patsy Klaus and Cathy Maston",,,,,,,
"refer questions to:  askbjs@ojp.usdoj.gov     202-307-0765",,,,,,,
"date of version: 07/13/01",,,,,,,
,,,,,,,
,,,,,,,
"Table 68. Personal crimes of violence, 2000:",,,,,,,
,,,,,,,
"Percent of victimizations in which victims took self-protective",,,,,,,
"measures, by type of crime and victim-offender relationship",,,,,,,
,,,,,,,
,,"                            Percent of all victimizations",,,,,
,,"All",,"Involving",,"Involving",
"Type of crime",,"victimizations",,"strangers",,"nonstrangers",
,,,,,,,
,,,,,,,
"Crimes of violence",,67.9,"%",64.8,"%",71.1,"%"
,,,,,,,
"   Completed violence",,71.4,,61.0,,80.1,
"   Attempted/threatened violence",,66.3,,66.4,,66.2,
"   Rape/Sexual assault/a",,76.4,,79.9,,73.6,
"   Robbery",,61.4,,56.4,,78.7,
"      Completed/property taken",,54.9,,48.6,,76.9,
"         With injury",,73.0,,71.9,,77.6,"*"
"         Without injury",,46.8,,37.5,,76.6,
"      Attempted to take property",,77.4,,75.6,,83.3,
"         With injury",,89.1,,86.8,,100.0,"*"
"         Without injury",,72.1,,70.2,,77.8,
"   Assault",,68.4,,66.0,,70.5,
"      Aggravated",,71.0,,66.9,,77.6,
"         With injury",,77.6,,71.7,,83.0,
"         Threatened with weapon",,68.5,,65.6,,74.4,
"      Simple",,67.6,,65.6,,69.0,
"         With minor injury",,77.6,,67.5,,81.5,
"         Without injury",,64.4,,65.2,,63.7,
,,,,,,,
"*Estimate is based on about 10 or fewer sample cases.",,,,,,,
"a/Includes verbal threats of rape and threats of sexual assault.",,,,,,,
