"Bureau of Justice Statistics",,,,,,,,,,
"filename:  cv00100.csv",,,,,,,,,,
"Table 100: Percent of victimizations reported to the police,",,,,,,,,,,
"by value of loss and type of crime",,,,,,,,,,
"data source: National Criminal Victimization Survey, 2000   NCJ 188290",,,,,,,,,,
"produced by:  Cathy Maston ",,,,,,,,,,
"authors:  Patsy Klaus and Cathy Maston",,,,,,,,,,
"refer questions to:  askbjs@ojp.usdoj.gov     202-307-0765",,,,,,,,,,
"date of version: 07/13/01",,,,,,,,,,
,,,,,,,,,,
,,,,,,,,,,
"Table 100. Property crimes, 2000:",,,,,,,,,,
,,,,,,,,,,
"Percent of victimizations reported to the police,",,,,,,,,,,
"by value of loss and type of crime",,,,,,,,,,
,,,,,,,,,,
,,,"            Percent of all victimizations reported to the police",,,,,,,
,,,"All",,,,"Motor",,,
,,,"property ",,"Household",,"vehicle",,,
"Value of loss/a",,,"crimes",,"burglary",,"theft",,"Theft",
,,,,,,,,,,
,,,,,,,,,,
"All losses/b",,,34.8,"%",52.3,"%",90.7,"%",29.3,"%"
,"Less than $10/c",,16.8,,24.3,"*","0.0 ","*",16.2,
,"$10 -$49",,14.7,,21.8,,"0.0 ","*",14.2,
,"$50-$99",,22.2,,32.4,,"0.0 ","*",21.1,
,"$100-$249",,31.1,,35.1,,"0.0 ","*",30.5,
,"$250-$499",,46.7,,53.6,,69.2,"*",45.0,
,"$500-$999",,56.7,,61.1,,84.6,,53.8,
,"$1,000 or more",,79.8,,83.9,,93.1,,68.1,
,,,,,,,,,,
,,,,,,,,,,
"*Estimate is based on about 10 or fewer sample cases.",,,,,,,,,,
"a/The proportions refer only to losses of cash and/or property, and exclude the value",,,,,,,,,,
"of property damage.",,,,,,,,,,
"b/Includes data for victims who did not provide a specific value for their losses.",,,,,,,,,,
"c/Includes items that had no value.",,,,,,,,,,
