"Bureau of Justice Statistics",,,,,,,,,,,,
"filename:  cv0065.csv",,,,,,,,,,,,
"Table 65: Percent distribution of incidents,",,,,,,,,,,,,
"by distance from home and type of crime",,,,,,,,,,,,
"data source: National Criminal Victimization Survey, 2000   NCJ 188290",,,,,,,,,,,,
"produced by:  Cathy Maston ",,,,,,,,,,,,
"authors:  Patsy Klaus and Cathy Maston",,,,,,,,,,,,
"refer questions to:  askbjs@ojp.usdoj.gov     202-307-0765",,,,,,,,,,,,
"date of version: 07/13/01",,,,,,,,,,,,
,,,,,,,,,,,,
,,,,,,,,,,,,
"Table 65. Selected personal and property crimes, 2000:",,,,,,,,,,,,
,,,,,,,,,,,,
"Percent distribution of incidents,",,,,,,,,,,,,
"by distance from home and type of crime",,,,,,,,,,,,
"       ",,,,,,,,,,,,
"                                                                                                          ",,,,"                                              Percent of incidents",,,,,,,,
,,,,,,"Inside",,"Near",,,"One mile",
,,"    Number of",,,,"home or",,"respondent's",,,"from home",
"Type of crime",,"    incidents",,"  Total",,"lodging",,"home",,,"or less",
,,,,,,,,,,,,
,,,,,,,,,,,,
"Crimes of violence",,5815540,,100,"%",16.0,"%",16.3,"%",,18.2,"%"
,,,,,,,,,,,,
"   Rape/Sexual assault/a",,256770,,100,,38.7,,11.5,,,10.5,
"   Robbery",,688310,,100,,14.4,,14.9,,,24.8,
"   Assault",,4870460,,100,,15.0,,16.8,,,17.6,
"      Aggravated",,1114520,,100,,11.4,,20.8,,,21.7,
"      Simple",,3755940,,100,,16.1,,15.6,,,16.4,
,,,,,,,,,,,,
"Purse snatching/Pocket picking",,271670,,100,,"0.0 ","*",1.8,"*",,26.1,
,,,,,,,,,,,,
"Property crimes",,,,,,,,,,,,
,,,,,,,,,,,,
"   Motor vehicle theft",,937050,,100,,1.3,"*",61.4,,,4.6,
"   Theft",,14915900,,100,,9.9,,41.6,,,8.9,
,,,,,,,,,,,,
,,,,,,,,,,,,
,,,,,,,,,,,,
,,,,,,,,,,,,
,,"                                                   Percent of incidents",,,,,,,,,,
,,"       Five miles",,"Fifty miles",,"More than",,"Don't know",,,,
,,"       from home",,"from home",,"50 miles",,"or not",,,,
"Type of crime",,"       or less",,"or less",,"from home",,"available",,,,
,,,,,,,,,,,,
,,,,,,,,,,,,
"Crimes of violence",,24.0,"%",21.2,"%",3.3,"%",0.9,"%",,,
,,,,,,,,,,,,
"   Rape/Sexual assault/a",,21.8,,10.5,,3.0,"*",3.9,"*",,,
"   Robbery",,28.4,,14.6,,2.9,"*","0.0 ","*",,,
"   Assault",,23.6,,22.7,,3.4,,0.9,,,,
"      Aggravated",,17.9,,23.1,,4.7,,0.4,"*",,,
"      Simple",,25.2,,22.6,,3.0,,1.1,,,,
,,,,,,,,,,,,
"Purse snatching/Pocket picking",,30.1,,26.6,,12.5,,2.9,"*",,,
,,,,,,,,,,,,
"Property crimes",,,,,,,,,,,,
,,,,,,,,,,,,
"   Motor vehicle theft",,12.9,,14.7,,4.7,,0.5,"*",,,
"   Theft",,16.5,,16.4,,4.3,,2.3,,,,
,,,,,,,,,,,,
,,,,,,,,,,,,
"Note: Detail may not add to total shown because of rounding.",,,,,,,,,,,,
"*Estimate is based on about 10 or fewer sample cases.",,,,,,,,,,,,
"a/Includes verbal threats of rape and threats of sexual assault.",,,,,,,,,,,,
