"Bureau of Justice Statistics",,,,,,,,,,
"filename:  cv0008.csv",,,,,,,,,,
"Table 8: Victimization rates for persons age 12 and over,",,,,,,,,,,
"by type of crime and ethnicity and gender of victims",,,,,,,,,,
"data source: National Criminal Victimization Survey, 2000   NCJ 188290",,,,,,,,,,
"produced by:  Cathy Maston ",,,,,,,,,,
"authors:  Patsy Klaus and Cathy Maston",,,,,,,,,,
"refer questions to:  askbjs@ojp.usdoj.gov     202-307-0765",,,,,,,,,,
"date of version: 07/13/01",,,,,,,,,,
,,,,,,,,,,
,,,,,,,,,,
"Table 8. Personal crimes, 2000:",,,,,,,,,,
,,,,,,,,,,
"Victimization rates for persons age 12 and over,",,,,,,,,,,
"by type of crime and ethnicity and gender of victims",,,,,,,,,,
,,,,,,,,,,
"                                                                                                                   ",,"                                          Rate per 1,000 persons age 12 and over",,,,,,,,
,,"                      Hispanic",,,,,"                    Non-Hispanic",,,
"Type of crime",,"Male",,"      Female",,,"Male",,"         Female",
,,,,,,,,,,
,,,,,,,,,,
"Crimes of violence",,33.2,,23.7,,,32.7,,23.0,
,,,,,,,,,,
"   Completed violence",,11.2,,7.8,,,9.1,,8.7,
"   Attempted violence",,22.1,,15.8,,,23.6,,14.3,
"   Rape/Sexual assault/a",,0.3,"*",0.7,"*",,0.1,"*",2.2,
"   Robbery",,8.7,,1.3,"*",,4.0,,2.1,
"      Completed/property taken",,6.0,,1.3,"*",,2.6,,1.7,
"         With injury",,1.8,"*",0.4,"*",,0.9,,0.5,
"         Without injury",,4.2,,0.8,"*",,1.7,,1.2,
"      Attempted to take property",,2.7,,"0.0 ","*",,1.4,,0.4,
"         With injury",,0.8,"*","0.0 ","*",,0.5,,0.1,"*"
"         Without injury",,1.8,"*","0.0 ","*",,0.9,,0.4,
"   Assault",,24.2,,21.7,,,28.6,,18.7,
"      Aggravated",,8.8,,2.4,,,8.2,,3.3,
"         With injury",,1.8,"*",1.0,"*",,2.1,,1.0,
"         Threatened with weapon",,7.0,,1.4,"*",,6.1,,2.4,
"      Simple",,15.5,,19.3,,,20.4,,15.4,
"         With minor injury",,3.4,,5.1,,,4.3,,4.5,
"         Without injury",,12.1,,14.3,,,16.1,,10.9,
"Purse snatching/Pocket picking",,1.6,"*",3.1,,,1.0,,1.1,
,,,,,,,,,,
"Total population age 12 and over",,12198570,,12314720,,,96620680,,103674130,
,,,,,,,,,,
"Note: Detail may not add to total shown because of rounding.",,,,,,,,,,
"Excludes data on persons whose ethnicity was not ascertained.",,,,,,,,,,
"*Estimate is based on about 10 or fewer sample cases.",,,,,,,,,,
"a/Includes verbal threats of rape and threats of sexual assault.",,,,,,,,,,
