"Bureau of Justice Statistics",,,,,,,,
"filename:  cv0079.csv",,,,,,,,
"Table 79: Percent of victimizations in which victims ",,,,,,,,
"received hospital care, by selected ",,,,,,,,
"characteristics of victims and type of crime",,,,,,,,
"data source: National Criminal Victimization Survey, 2000   NCJ 188290",,,,,,,,
"produced by:  Cathy Maston ",,,,,,,,
"authors:  Patsy Klaus and Cathy Maston",,,,,,,,
"refer questions to:  askbjs@ojp.usdoj.gov     202-307-0765",,,,,,,,
"date of version: 07/13/01",,,,,,,,
,,,,,,,,
,,,,,,,,
"Table 79. Personal crimes of violence, 2000:",,,,,,,,
,,,,,,,,
"Percent of victimizations in which victims ",,,,,,,,
"received hospital care, by selected ",,,,,,,,
"characteristics of victims and type of crime",,,,,,,,
,,,,,,,,
,,,"                        Percent of victimizations",,,,,
,,,"Crimes of",,,,,
"Characteristic",,,"violence/a",,"Robbery",,"Assault",
"Gender",,,,,,,,
"                                                                                      ","Both genders",,5.9,"%",12.0,"%",4.8,"%"
,"Male",,5.9,,11.4,,5.0,
,"Female",,5.9,,13.2,,4.4,
,,,,,,,,
"Age",,,,,,,,
,"12-19",,3.0,,2.8,,2.8,
,"20-34",,6.2,,14.6,,5.0,
,"35-49",,8.4,,12.5,,6.8,
,"50-64",,8.7,,18.3,,6.7,
,"65 and over",,7.0,,28.6,"*",2.3,
,,,,,,,,
"Race/b",,,,,,,,
,"White",,5.2,,12.0,,4.3,
,"Black",,7.8,,10.9,,6.2,
,,,,,,,,
"Victim-offender relationship",,,,,,,,
,"Strangers",,6.7,,12.0,,5.2,
,"Nonstrangers",,5.1,,12.1,,4.4,
,,,,,,,,
"*Estimate is based on about 10 or fewer sample cases.",,,,,,,,
"a/Includes data on rape and sexual assault, not shown separately.",,,,,,,,
"b/Excludes data on persons of ""Other"" races.",,,,,,,,
