"Bureau of Justice Statistics",,,,,,,,,,,,,,
"filename:  cv0070.csv",,,,,,,,,,,,,,
"Table 70: Percent distribution of self-protective measures employed",,,,,,,,,,,,,,
"by victims, by type of measure and type of crime",,,,,,,,,,,,,,
"data source: National Criminal Victimization Survey, 2000   NCJ 188290",,,,,,,,,,,,,,
"produced by:  Cathy Maston ",,,,,,,,,,,,,,
"authors:  Patsy Klaus and Cathy Maston",,,,,,,,,,,,,,
"refer questions to:  askbjs@ojp.usdoj.gov     202-307-0765",,,,,,,,,,,,,,
"date of version: 07/13/01",,,,,,,,,,,,,,
,,,,,,,,,,,,,,
,,,,,,,,,,,,,,
"Table 70. Personal crimes of violence, 2000:",,,,,,,,,,,,,,
,,,,,,,,,,,,,,
"Percent distribution of self-protective measures employed",,,,,,,,,,,,,,
"by victims, by type of measure and type of crime",,,,,,,,,,,,,,
,,,,,,,,,,,,,,
,,,"                             Percent of self-protective measures",,,,,,,,,,,
,,,"  Crimes",,,,"  Attempted/",,"Rape/",,,,,
,,,"  of",,"  Completed",,"  threatened",,"Sexual",,,,,
"Self-protective measure",,,"  violence",,"  violence",,"  violence",,"assault/a",,,,,
,,,,,,,,,,,,,,
"Total number of self-protective measures",,,100.0,"%",100.0,"%",100.0,"%",100.0,"%",,,,
,"Attacked offender with weapon",,1.2,,0.9,"*",1.3,,0.8,"*",,,,
,"Attacked offender without weapon",,6.7,,10.2,,4.4,,3.8,"*",,,,
,"Threatened offender with weapon",,1.1,,0.5,"*",1.5,,"0.0 ","*",,,,
,"Threatened offender without weapon",,2.1,,1.3,,2.5,,"0.0 ","*",,,,
,"Resisted or captured offender",,21.1,,31.2,,14.8,,25.0,,,,,
,"Scared or warned offender",,10.3,,11.0,,9.8,,16.7,,,,,
,"Persuaded or appeased offender",,11.4,,8.9,,12.9,,11.9,,,,,
,"Ran away or hid",,14.4,,10.4,,16.9,,14.0,,,,,
,"Got help or gave alarm",,11.9,,8.0,,14.3,,8.4,,,,,
,"Screamed from pain or fear",,3.2,,6.8,,0.9,,6.8,"*",,,,
,"Took other measures",,16.7,,10.7,,20.5,,12.5,,,,,
,,,,,,,,,,,,,,
,,,,,,,,,,,,,,
,,,,,,,,,,,,,,
,,,"                                                                Percent of self-protective measures",,,,,,,,,,,
,,,"                                      Robbery",,,,,,,,,,,
,,,,,"         With",,"         Without",,"                                   Assault",,,,,
"Self-protective measure",,,"Total",,"         injury",,"         injury",,"Total",,"Aggravated",,"Simple",
,,,,,,,,,,,,,,
"Total number of self-protective measures",,,100.0,"%",100.0,"%",100.0,"%",100.0,"%",100.0,"%",100.0,"%"
,"Attacked offender with weapon",,2.1,"*",2.2,"*",2.0,"*",1.1,,2.3,,0.7,"*"
,"Attacked offender without weapon",,6.8,,7.3,"*",6.5,"*",6.8,,5.5,,7.3,
,"Threatened offender with weapon",,1.6,"*","0.0 ","*",2.8,"*",1.2,,1.9,"*",0.9,
,"Threatened offender without weapon",,1.3,"*",3.1,"*","0.0 ","*",2.3,,1.4,"*",2.6,
,"Resisted or captured offender",,26.1,,35.7,,18.9,,20.2,,19.6,,20.4,
,"Scared or warned offender",,9.0,,8.1,"*",9.7,,10.0,,10.3,,9.9,
,"Persuaded or appeased offender",,12.7,,5.2,"*",18.3,,11.2,,9.8,,11.6,
,"Ran away or hid",,10.6,,10.8,,10.5,,14.9,,19.6,,13.3,
,"Got help or gave alarm",,12.9,,10.3,,14.8,,12.0,,12.5,,11.9,
,"Screamed from pain or fear",,5.9,,7.4,"*",4.7,"*",2.6,,1.6,"*",2.9,
,"Took other measures",,11.1,,10.0,,11.9,,17.8,,15.5,,18.5,
,,,,,,,,,,,,,,
,,,,,,,,,,,,,,
"Note: Detail may not add to total shown because of rounding.",,,,,,,,,,,,,,
"Some respondents may have cited more than one self-protective measure employed.",,,,,,,,,,,,,,
"*Estimate is based on about 10 or fewer sample cases.",,,,,,,,,,,,,,
"a/Includes verbal threats of rape and threats of sexual assault.",,,,,,,,,,,,,,
