"Bureau of Justice Statistics",,,,,,,,,,,,
"filename:  cv0007.csv",,,,,,,,,,,,
"Table 7: Number of victimizations and victimization rates for persons age 12 and over,",,,,,,,,,,,,
"by type of crime and ethnicity of victims",,,,,,,,,,,,
"data source: National Criminal Victimization Survey, 2000   NCJ 188290",,,,,,,,,,,,
"produced by:  Cathy Maston ",,,,,,,,,,,,
"authors:  Patsy Klaus and Cathy Maston",,,,,,,,,,,,
"refer questions to:  askbjs@ojp.usdoj.gov     202-307-0765",,,,,,,,,,,,
"date of version: 07/13/01",,,,,,,,,,,,
,,,,,,,,,,,,
,,,,,,,,,,,,
"Table 7. Personal crimes, 2000:",,,,,,,,,,,,
,,,,,,,,,,,,
"Number of victimizations and victimization rates for persons age 12 and over,",,,,,,,,,,,,
"by type of crime and ethnicity of victims",,,,,,,,,,,,
"                                                                                                       ",,,,,,,,,,,,
,,"                                                                     Rate per 1,000 persons age 12 and over",,,,,,,,,,
,,,"Total/a",,,,"Hispanic",,,"                      Non-Hispanic",,
"Type of crime",,"Number",,"Rate",,"Number",,"Rate",,"Number",,"Rate"
,,,,,,,,,,,,
"All personal crimes",,6596690,,29.1,,754520,,30.8,,5759380,,28.8
,,,,,,,,,,,,
"Crimes of violence",,6322730,,27.9,,696760,,28.4,,5545370,,27.7
"   Completed violence",,2044050,,9.0,,232630,,9.5,,1787210,,8.9
"   Attempted/threatened violence",,4278690,,18.9,,464130,,18.9,,3758160,,18.8
"   Rape/Sexual assault",,260950,,1.2,,11590,"*",0.5,"*",238490,,1.2
"      Rape/Attempted rape",,147160,,0.6,,"0 ","*","0.0 ","*",136280,,0.7
"         Rape",,92440,,0.4,,"0 ","*","0.0 ","*",83870,,0.4
"         Attempted rape/b",,54720,,0.2,,"0 ","*","0.0 ","*",52410,,0.3
"      Sexual assault/c",,113790,,0.5,,11590,"*",0.5,"*",102200,,0.5
"   Robbery",,731780,,3.2,,121780,,5.0,,604500,,3.0
"      Completed/property taken",,520120,,2.3,,89250,,3.6,,425370,,2.1
"         With injury",,160480,,0.7,,27500,,1.1,,132980,,0.7
"         Without injury",,359640,,1.6,,61750,,2.5,,292390,,1.5
"      Attempted to take property",,211660,,0.9,,32530,,1.3,,179130,,0.9
"         With injury",,65700,,0.3,,10270,"*",0.4,"*",55430,,0.3
"         Without injury",,145960,,0.6,,22260,"*",0.9,"*",123700,,0.6
"   Assault",,5330010,,23.5,,563390,,23.0,,4702380,,23.5
"      Aggravated",,1292510,,5.7,,136350,,5.6,,1140540,,5.7
"         With injury",,346090,,1.5,,34350,,1.4,,309200,,1.5
"         Threatened with weapon",,946420,,4.2,,102000,,4.2,,831330,,4.2
"      Simple",,4037500,,17.8,,427040,,17.4,,3561840,,17.8
"         With minor injury",,989020,,4.4,,103880,,4.2,,877520,,4.4
"         Without injury",,3048480,,13.4,,323160,,13.2,,2684320,,13.4
"  Purse snatching/Pocket picking",,273960,,1.2,,57760,,2.4,,214020,,1.1
"                                                                                          ",,,,,,,,,,,,
"Population age 12 and over",,226804610,,"...",,24513290,,"...",,200294810,,"..."
,,,,,,,,,,,,
"Note: Detail may not add to total shown because of rounding.",,,,,,,,,,,,
"*Estimate is based on about 10 or fewer sample cases.",,,,,,,,,,,,
"...Not applicable.",,,,,,,,,,,,
"a/Includes data on persons whose ethnicity was not ascertained, which are not shown separately.",,,,,,,,,,,,
"b/Includes verbal threats of rape.",,,,,,,,,,,,
"c/Includes threats.",,,,,,,,,,,,
