"Bureau of Justice Statistics",,,,,,,,,,,,,
"filename:  cv0095.csv",,,,,,,,,,,,,
"Table 95: Percent of victimizations reported to the police, by type of crime,",,,,,,,,,,,,,
"victim-offender relationship and ethnicity of victims",,,,,,,,,,,,,
"data source: National Criminal Victimization Survey, 2000   NCJ 188290",,,,,,,,,,,,,
"produced by:  Cathy Maston ",,,,,,,,,,,,,
"authors:  Patsy Klaus and Cathy Maston",,,,,,,,,,,,,
"refer questions to:  askbjs@ojp.usdoj.gov     202-307-0765",,,,,,,,,,,,,
"date of version: 07/13/01",,,,,,,,,,,,,
,,,,,,,,,,,,,
,,,,,,,,,,,,,
"Table 95. Violent crimes, 2000:",,,,,,,,,,,,,
,,,,,,,,,,,,,
"Percent of victimizations reported to the police, by type of crime,",,,,,,,,,,,,,
"victim-offender relationship and ethnicity of victims",,,,,,,,,,,,,
"       ",,,,,,,,,,,,,
,,"                                              Percent of all victimizations reported to the police",,,,,,,,,,,
"                                                                                               ",,"             All victimizations",,,,"         Involving strangers",,,,"         Involving nonstrangers",,,
,,,,"Non-",,,,"Non-",,,,"Non-",
"Type of crime",,"Hispanic",,"Hispanic",,"Hispanic",,"Hispanic",,"Hispanic",,"Hispanic",
,,,,,,,,,,,,,
,,,,,,,,,,,,,
"Crimes of violence",,53.3,"%",47.1,"%",52.4,"%",46.6,"%",54.4,"%",47.6,"%"
,,,,,,,,,,,,,
"   Completed violence",,63.2,,57.6,,63.2,,60.6,,63.1,,55.2,
"   Attempted/threatened violence",,48.4,,42.1,,46.1,,41.1,,50.7,,43.2,
"   Rape/Sexual assault/a",,25.1,"*",47.8,,"0.0 ","*",48.5,,100.0,"*",47.3,
"   Robbery",,56.7,,56.3,,54.0,,57.8,,79.9,"*",51.8,
"      Completed/property taken",,69.2,,60.5,,66.3,,66.5,,100.0,"*",42.3,
"         With injury",,64.0,"*",78.2,,55.3,"*",73.2,,100.0,"*",100.0,"*"
"         Without injury",,71.5,,52.4,,70.4,,63.0,,100.0,"*",24.7,"*"
"      Attempted to take property",,22.4,"*",46.4,,17.5,"*",37.4,,49.1,"*",75.3,
"         With injury",,23.6,"*",41.3,"*",23.6,"*",30.6,"*","0.0 ","*",80.9,"*"
"         Without injury",,21.8,"*",48.7,,13.8,"*",40.6,,49.1,"*",73.2,"*"
"   Assault",,53.2,,45.9,,53.6,,44.2,,52.9,,47.3,
"      Aggravated",,64.7,,55.4,,64.0,,54.1,,66.4,,57.4,
"         With injury",,66.7,"*",63.3,,58.1,"*",67.5,,80.2,"*",59.7,
"         Threatened with weapon",,64.0,,52.5,,65.7,,50.6,,59.5,"*",56.0,
"      Simple",,49.5,,42.9,,47.0,,39.7,,50.9,,45.2,
"         With minor injury",,57.2,,57.3,,63.3,"*",54.8,,54.6,,58.2,
"         Without injury",,47.1,,38.1,,42.9,,36.8,,49.6,,39.3,
,,,,,,,,,,,,,
"Note: Excludes data on persons whose ethnicity was not ascertained.",,,,,,,,,,,,,
"*Estimate is based on about 10 or fewer sample cases.",,,,,,,,,,,,,
"a/Includes verbal threats of rape and threats of sexual assault.",,,,,,,,,,,,,
