"Bureau of Justice Statistics",,,,,,,,,,,,
"filename:  cv0021.csv",,,,,,,,,,,,
"Table 21: Victimization rates by race of head of household,",,,,,,,,,,,,
"annual family income and type of household burglary",,,,,,,,,,,,
"data source: National Criminal Victimization Survey, 2000  NCJ 188290",,,,,,,,,,,,
"produced by:  Cathy Maston ",,,,,,,,,,,,
"authors:  Patsy Klaus and Cathy Maston",,,,,,,,,,,,
"refer questions to:  askbjs@ojp.usdoj.gov     202-307-0765",,,,,,,,,,,,
"date of version: 07/13/01",,,,,,,,,,,,
,,,,,,,,,,,,
,,,,,,,,,,,,
"Table 21. Household burglary, 2000:",,,,,,,,,,,,
,,,,,,,,,,,,
"Victimization rates by race of head of household,",,,,,,,,,,,,
"annual family income and type of household burglary",,,,,,,,,,,,
"       ",,,,,,,,,,,,
"                                                                                          ",,,,,"                                              Rate per 1,000 households",,,,,,,
,,,,,,,"  Completed household burglary",,,,,
,,,"Total",,"All household",,"Forcible",,"Unlawful entry",,"Attempted",
"Race and income",,,"households",,"burglaries",,"entry",,"without force",,"forcible entry",
,,,,,,,,,,,,
"White",,,,,,,,,,,,
,"Less than $7,500",,4261430,,60.2,,9.9,,40.9,,9.4,
,"$7,500-$14,999",,7917540,,36.0,,10.9,,17.3,,7.9,
,"$15,000-$24,999",,10900490,,36.6,,10.2,,21.6,,4.8,
,"$25,000-$34,999",,10593200,,30.1,,10.5,,14.7,,4.8,
,"$35,000-$49,999",,12728420,,30.7,,10.2,,15.8,,4.8,
,"$50,000-$74,999",,12880310,,23.5,,6.7,,13.8,,3.0,
,"$75,000 or more",,14090800,,25.7,,7.3,,15.3,,3.1,
,,,,,,,,,,,,
"Black",,,,,,,,,,,,
,"Less than $7,500",,1669130,,59.8,,26.9,,16.0,,16.9,
,"$7,500-$14,999",,1674700,,60.8,,20.6,,34.1,,6.0,"*"
,"$15,000-$24,999",,1954800,,56.5,,23.2,,21.4,,11.9,"*"
,"$25,000-$34,999",,1621520,,60.0,,24.3,,24.2,,11.5,"*"
,"$35,000-$49,999",,1544150,,47.6,,4.0,"*",24.6,,19.0,
,"$50,000-$74,999",,1091160,,31.3,,4.1,"*",18.5,"*",8.7,"*"
,"$75,000 or more",,740690,,54.3,,20.3,"*",34.0,"*","0.0 ","*"
,,,,,,,,,,,,
"Note: Detail may not add to total shown because of rounding.",,,,,,,,,,,,
"Excludes data on families whose income level was not ascertained and data on persons of ""Other"" races.",,,,,,,,,,,,
"*Estimate is based on about 10 or fewer sample cases.",,,,,,,,,,,,
