"Bureau of Justice Statistics",,,,,,,,,,,,
"filename:  cv0091.csv",,,,,,,,,,,,
"Table 91: Percent distribution of victimizations, by type of crime",,,,,,,,,,,,
"and whether or not reported to the police",,,,,,,,,,,,
"data source: National Criminal Victimization Survey, 2000   NCJ 188290",,,,,,,,,,,,
"produced by:  Cathy Maston ",,,,,,,,,,,,
"authors:  Patsy Klaus and Cathy Maston",,,,,,,,,,,,
"refer questions to:  askbjs@ojp.usdoj.gov     202-307-0765",,,,,,,,,,,,
"date of version: 07/13/01",,,,,,,,,,,,
,,,,,,,,,,,,
,,,,,,,,,,,,
"Table 91. Personal and property crimes, 2000:",,,,,,,,,,,,
,,,,,,,,,,,,
"Percent distribution of victimizations, by type of crime",,,,,,,,,,,,
"and whether or not reported to the police",,,,,,,,,,,,
"       ",,,,,,,,,,,,
"                                                                                          ",,,,,"                    Percent of victimizations reported to the police",,,,,,,
"              ",,,,,,,,,,,"Not known",
"                                                                                      ",,,"Number of",,,,,,,,"and not",
"Sector and type of crime",,,"victimizations",,"        Total",,"        Yes/a",,"             No",,"available",
,,,,,,,,,,,,
,,,,,,,,,,,,
"All crimes",,,25893340,,100,"%",38.7,"%",60.3,"%",1.0,"%"
"                                                                                      ",,,,,,,,,,,,
"Personal crimes",,,6596690,,100,"%",47.4,"%",51.3,"%",1.4,"%"
,,,,,,,,,,,,
"Crimes of violence",,,6322730,,100,,47.9,,50.7,,1.4,
"   Completed violence",,,2044050,,100,,58.2,,41.0,,0.8,"*"
"   Attempted/threatened violence",,,4278690,,100,,43.0,,55.3,,1.7,
"   Rape/Sexual assault",,,260950,,100,,48.1,,49.8,,2.1,"*"
"      Rape/Attempted rape",,,147160,,100,,61.9,,38.1,,"0.0 ","*"
"         Rape",,,92440,,100,,57.9,,42.1,,"0.0 ","*"
"         Attempted rape/b",,,54720,,100,,68.8,,31.2,"*","0.0 ","*"
"      Sexual assault/c",,,113790,,100,,30.2,,65.0,,4.8,"*"
"   Robbery",,,731780,,100,,56.3,,43.7,,"0.0 ","*"
"      Completed/property taken",,,520120,,100,,61.8,,38.2,,"0.0 ","*"
"         With injury",,,160480,,100,,75.8,,24.2,,"0.0 ","*"
"         Without injury",,,359640,,100,,55.6,,44.4,,"0.0 ","*"
"      Attempted to take property",,,211660,,100,,42.7,,57.3,,"0.0 ","*"
"         With injury",,,65700,,100,,38.5,"*",61.5,,"0.0 ","*"
"         Without injury",,,145960,,100,,44.6,,55.4,,"0.0 ","*"
"   Assault",,,5330010,,100,,46.7,,51.7,,1.6,
"      Aggravated",,,1292510,,100,,56.7,,41.0,,2.3,
"         With injury",,,346090,,100,,63.9,,36.1,,"0.0 ","*"
"         Threatened with weapon",,,946420,,100,,54.0,,42.8,,3.1,
"      Simple",,,4037500,,100,,43.6,,55.1,,1.3,
"         With minor injury",,,989020,,100,,56.8,,42.2,,1.0,"*"
"         Without injury",,,3048480,,100,,39.3,,59.3,,1.5,
"Purse snatching/Pocket picking",,,273960,,100,,35.0,,65.0,,"0.0 ","*"
"   Completed purse snatching",,,57040,,100,,59.8,,40.2,"*","0.0 ","*"
"   Attempted purse snatching",,,8850,"*",100,"*",25.6,"*",74.4,"*","0.0 ","*"
"   Pocket picking",,,208060,,100,,28.6,,71.4,,"0.0 ","*"
,,,,,,,,,,,,
"Property crimes",,,19296650,,100,"%",35.7,"%",63.4,"%",0.9,"%"
,,,,,,,,,,,,
"Household burglary",,,3443700,,100,,50.7,,48.6,,0.7,"*"
"   Completed",,,2909460,,100,,52.4,,46.9,,0.7,"*"
"      Forcible entry",,,1037860,,100,,74.4,,24.6,,1.0,"*"
"      Unlawful entry without force",,,1871600,,100,,40.2,,59.3,,0.5,"*"
"   Attempted forcible entry",,,534240,,100,,41.8,,57.8,,0.4,"*"
"Motor vehicle theft",,,937050,,100,,80.4,,19.4,,0.2,"*"
"   Completed",,,641850,,100,,90.7,,9.3,,"0.0 ","*"
"   Attempted",,,295200,,100,,58.2,,41.2,,0.6,"*"
"Theft",,,14915900,,100,,29.5,,69.5,,1.0,
"   Completed",,,14299970,,100,,29.3,,69.8,,0.9,
"      Less than $50",,,4707270,,100,,14.8,,84.7,,0.5,"*"
"      $50 - $249",,,5296630,,100,,26.7,,72.4,,0.9,
"      $250 or more",,,3176630,,100,,53.7,,45.4,,0.9,
"      Amount not available",,,1119440,,100,,33.6,,63.9,,2.5,
"   Attempted",,,615930,,100,,33.4,,63.3,,3.3,"*"
,,,,,,,,,,,,
"Note: Detail may not add to total shown because of rounding.",,,,,,,,,,,,
"*Estimate is based on about 10 or fewer sample cases.",,,,,,,,,,,,
"a/Figures in this column represent the rates at which victimizations were reported to the police, or ""police reporting rates.""",,,,,,,,,,,,
"b/Includes verbal threats of rape.",,,,,,,,,,,,
"c/Includes threats.",,,,,,,,,,,,
