"Bureau of Justice Statistics",,,,,,,,,,,,,,,,,
"filename:  cv00106.csv",,,,,,,,,,,,,,,,,
"Table 106: Percent distribution of police response to a reported incident,",,,,,,,,,,,,,,,,,
"by type of crime",,,,,,,,,,,,,,,,,
"data source: National Criminal Victimization Survey, 2000   NCJ 188290",,,,,,,,,,,,,,,,,
"produced by:  Cathy Maston ",,,,,,,,,,,,,,,,,
"authors:  Patsy Klaus and Cathy Maston",,,,,,,,,,,,,,,,,
"refer questions to:  askbjs@ojp.usdoj.gov     202-307-0765",,,,,,,,,,,,,,,,,
"date of version: 07/13/01",,,,,,,,,,,,,,,,,
,,,,,,,,,,,,,,,,,
,,,,,,,,,,,,,,,,,
"Table 106. Personal and property crimes, 2000:",,,,,,,,,,,,,,,,,
,,,,,,,,,,,,,,,,,
"Percent distribution of police response to a reported incident,",,,,,,,,,,,,,,,,,
"by type of crime",,,,,,,,,,,,,,,,,
,,,,,,,,,,,,,,,,,
,,,,"                                                                                                 Percent of incidents",,,,,,,,,,,,,
"       ",,,,,,"   Police",,"   Victim",,"Contact with",,"      Police",,"   Not known",,"    Police",
"                                                                                         ",,"    Number of",,,,"   came",,"   went to",,"police- don't",,"      did not",,"    if police",,"   were at",
"Type of crime",,"    incidents",,"        Total",,"   to victim",,"   police",,"know how",,"      come",,"    came",,"   the scene",
"Crimes of violence",,2577300,,100,"%",76.4,"%",7.0,"%",0.1,"%*",10.8,"%",1.4,"%",4.4,"%"
,,,,,,,,,," ",,,,,,,
"   Rape/Sexual assault/a",,118880,,100,,63.2,,12.4,"*","0.0 ","*",22.0,,2.4,"*","0.0 ","*"
"   Robbery",,369490,,100,,80.5,,4.8,"*","0.0 ","*",7.8,,4.3,"*",2.7,"*"
"   Aggravated assault",,568510,,100,,78.0,,7.3,,0.1,"*",11.6,,1.3,"*",1.7,"*"
"   Simple assault",,1520420,,100,,75.9,,7.0,,"0.0 ","*",10.3,,0.7,"*",6.1,
"Purse snatching/Pocket picking",,95860,,100,,49.5,,16.8,"*","0.0 ","*",33.6,,"0.0 ","*","0.0 ","*"
,,,,,,,,,," ",,,,,,,
"Property crimes",,6731790,,100,"%",65.5,"%",7.4,"%","0.0 ","%*",23.7,"%",1.9,"%",1.5,"%"
,,,,,,,,,,,,,,,,,
"   Household burglary",,1706960,,100,,82.5,,3.8,,"0.0 ","*",11.6,,1.3,"*",0.8,"*"
"   Motor vehicle theft",,719820,,100,,73.0,,4.3,,"0.0 ","*",18.9,,2.1,"*",1.7,"*"
"   Theft",,4305020,,100,,57.5,,9.3,,"0.0 ","*",29.3,,2.0,,1.7,
,,,,,,,,,,,,,,,,,
,,,,,,,,,,,,,,,,,
"Note: Detail may not add to total shown because of rounding.",,,,,,,,,,,,,,,,,
"*Estimate is based on about 10 or fewer sample cases.",,,,,,,,,,,,,,,,,
"a/Includes verbal threats of rape and threats of sexual assault.",,,,,,,,,,,,,,,,,
