"Bureau of Justice Statistics",,,,,,,,,,,,,,
"filename:  cv0036.csv",,,,,,,,,,,,,,
"Table 36: Percent distribution of incidents, by type of crime",,,,,,,,,,,,,,
"and number of victims",,,,,,,,,,,,,,
"data source: National Criminal Victimization Survey, 2000   NCJ 188290",,,,,,,,,,,,,,
"produced by:  Cathy Maston ",,,,,,,,,,,,,,
"authors:  Patsy Klaus and Cathy Maston",,,,,,,,,,,,,,
"refer questions to:  askbjs@ojp.usdoj.gov     202-307-0765",,,,,,,,,,,,,,
"date of version: 07/13/01",,,,,,,,,,,,,,
,,,,,,,,,,,,,,
,,,,,,,,,,,,,,
"Table 36. Personal crimes of violence, 2000:",,,,,,,,,,,,,,
,,,,,,,,,,,,,,
"Percent distribution of incidents, by type of crime and number of victims",,,,,,,,,,,,,,
,,,,,,,,,,,,,,
,,,,,"                                                  Percent of incidents",,,,,,,,,
,,,,,,,"                                   Number of victims",,,,,,,
,,,"  Number of",,,,,,,,,," Four",
"Type of crime",,,"  incidents",,"Total/a",,"  One",,"  Two",,"  Three",," or more",
,,,,,,,,,,,,,,
,,,,,,,,,,,,,,
"Crimes of violence",,,5815530,,100,"%",93.7,"%",4.9,"%",0.8,"%",0.6,"%"
,,,,,,,,,,,,,,
"   Completed violence",,,1875790,,100,,93.5,,5.0,,1.1,"*",0.5,"*"
"   Attempted/threatened violence",,,3939740,,100,,93.8,,4.8,,0.6,"*",0.7,
"   Rape/Sexual assault/b",,,256770,,100,,98.7,,0.9,"*",0.3,"*","0.0 ","*"
"   Robbery",,,688300,,100,,96.0,,2.4,"*",1.2,"*",0.4,"*"
"      Completed/property taken",,,482860,,100,,95.0,,3.4,"*",1.1,"*",0.6,"*"
"         With injury",,,149920,,100,,95.2,,2.5,"*",2.3,"*","0.0 ","*"
"         Without injury",,,332940,,100,,94.8,,3.8,"*",0.5,"*",0.9,"*"
"      Attempted to take property",,,205440,,100,,98.5,,"0.0 ","*",1.5,"*","0.0 ","*"
"         With injury",,,63150,,100,,98.0,,"0.0 ","*",2.0,"*","0.0 ","*"
"         Without injury",,,142290,,100,,98.7,,"0.0 ","*",1.3,"*","0.0 ","*"
"   Assault",,,4870450,,100,,93.1,,5.4,,0.7,,0.7,
"      Aggravated",,,1114510,,100,,89.2,,7.8,,1.9,"*",1.2,"*"
"      Simple",,,3755940,,100,,94.3,,4.7,,0.4,"*",0.6,"*"
,,,,,,,,,,,,,,
,,,,,,,,,,,,,,
"Note: Detail may not add to total shown because of rounding.",,,,,,,,,,,,,,
"*Estimate is based on about 10 or fewer sample cases.",,,,,,,,,,,,,,
"a/Excludes incidents for which the number of victims was not ascertained.",,,,,,,,,,,,,,
"b/Includes verbal threats of rape and threats of sexual assault.",,,,,,,,,,,,,,
