"Bureau of Justice Statistics",,,,,,
"filename:  cv0088.csv",,,,,,
"Table 88: Percent of victimizations resulting in loss of time",,,,,,
"from work, by type of crime and race of victims",,,,,,
"data source: National Criminal Victimization Survey, 2000  NCJ 188290",,,,,,
"produced by:  Cathy Maston ",,,,,,
"authors:  Patsy Klaus and Cathy Maston",,,,,,
"refer questions to:  askbjs@ojp.usdoj.gov     202-307-0765",,,,,,
"date of version: 07/13/01",,,,,,
,,,,,,
,,,,,,
"Table 88. Selected personal and property crimes, 2000:",,,,,,
,,,,,,
"Percent of victimizations resulting in loss of time",,,,,,
"from work, by type of crime and race of victims",,,,,,
,,,,,,
,,,"                 Percent of all victimizations",,,
"Type of crime",,,"White",,"Black",
"All personal crimes/a",,,8.6,"%",10.0,"%"
,,,,,,
"Crimes of violence",,,8.5,,9.9,
"   Completed violence",,,16.0,,15.0,
"   Attempted/threatened violence",,,5.1,,7.1,
"   Rape/Sexual assault/b",,,11.9,,9.5,"*"
"   Robbery",,,14.9,,13.3,
"   Assault",,,7.6,,9.0,
,,,,,,
"All property crimes",,,5.0,"%",5.1,"%"
,,,,,,
"   Completed",,,5.1,,5.6,
"   Attempted",,,4.5,,1.5,"*"
"   Household burglary",,,6.6,,5.6,
"   Motor vehicle theft                     ",,,19.0,,13.3,"*"
"   Theft",,,3.8,,4.3,
,,,,,,
"Note: Excludes data on persons of ""Other"" races.",,,,,,
"*Estimate is based on about 10 or fewer sample cases.",,,,,,
"a/Includes data on purse snatching/pocket picking, not shown separately.",,,,,,
"b/Includes verbal threats of rape and threats of sexual assault.",,,,,,
