"Bureau of Justice Statistics",,,,,,,,,,,,,
"filename:  cv0044.csv",,,,,,,,,,,,,
"Table 44: Percent distribution of multiple-offender victimizations,",,,,,,,,,,,,,
"by type of crime and perceived gender of offenders",,,,,,,,,,,,,
"data source: National Criminal Victimization Survey, 2000  NCJ 188290",,,,,,,,,,,,,
"produced by:  Cathy Maston ",,,,,,,,,,,,,
"authors:  Patsy Klaus and Cathy Maston",,,,,,,,,,,,,
"refer questions to:  askbjs@ojp.usdoj.gov     202-307-0765",,,,,,,,,,,,,
"date of version: 07/13/01",,,,,,,,,,,,,
,,,,,,,,,,,,,
,,,,,,,,,,,,,
"Table 44. Personal crimes of violence, 2000:",,,,,,,,,,,,,
,,,,,,,,,,,,,
"Percent distribution of multiple-offender victimizations,",,,,,,,,,,,,,
"by type of crime and perceived gender of offenders",,,,,,,,,,,,,
,,,,,,,,,,,,,
"       ",,,,"                        Percent of all multiple-offender victimizations",,,,,,,,,
"                                                                                                                                         ",,"Number of",,"                                             Perceived gender of offenders",,,,,,,,,
,,"multiple-",,,,,,,,,,"Not known",
"                                                                                                                ",,"offender",,,," All",,"All",,"Male and",,"and not",
"Type of crime",,"victimizations",,"Total",," male",,"female",,"female",,"available",
,,,,,,,,,,,,,
,,,,,,,,,,,,,
"Crimes of violence",,1258010,,100,"%",72.3,"%",9.1,"%",14.7,"%",3.9,"%"
,,,,,,,,,,,,,
"   Completed violence",,457380,,100,,76.6,,8.8,,11.8,,2.8,"*"
"   Attempted/threatened violence",,800630,,100,,69.9,,9.3,,16.3,,4.5,
"   Rape/Sexual assault/a",,12660,"*",100,"*",100.0,"*","0.0 ","*","0.0 ","*","0.0 ","*"
"   Robbery",,303310,,100,,89.9,,1.1,"*",8.3,"*",0.7,"*"
"      Completed/property taken",,220690,,100,,91.1,,1.5,"*",6.4,"*",1.0,"*"
"         With injury",,90690,,100,,87.8,,3.7,"*",8.5,"*","0.0 ","*"
"         Without injury",,130000,,100,,93.3,,"0.0 ","*",5.0,"*",1.7,"*"
"      Attempted to take property",,82610,,100,,86.8,,"0.0 ","*",13.2,"*","0.0 ","*"
"         With injury",,23510,"*",100,"*",90.5,"*","0.0 ","*",9.5,"*","0.0 ","*"
"         Without injury",,59090,,100,,85.3,,"0.0 ","*",14.7,"*","0.0 ","*"
"   Assault",,942040,,100,,66.3,,11.9,,16.9,,4.9,
"      Aggravated",,329750,,100,,70.6,,5.5,"*",14.6,,9.3,
"      Simple",,612290,,100,,64.0,,15.3,,18.2,,2.5,"*"
,,,,,,,,,,,,,
"Note: Detail may not add to total shown because of rounding.",,,,,,,,,,,,,
"*Estimate is based on about 10 or fewer sample cases.",,,,,,,,,,,,,
"a/Includes verbal threats of rape and threats of sexual assault.",,,,,,,,,,,,,
