"Bureau of Justice Statistics",,,,,,,,,,,,,,,
"filename:  cv0033.csv",,,,,,,,,,,,,,,
"Table 33: Number of victimizations, by type of crime",,,,,,,,,,,,,,,
"and relationship to offender",,,,,,,,,,,,,,,
"data source: National Criminal Victimization Survey, 2000   NCJ 188290",,,,,,,,,,,,,,,
"produced by:  Cathy Maston ",,,,,,,,,,,,,,,
"authors:  Patsy Klaus and Cathy Maston",,,,,,,,,,,,,,,
"refer questions to:  askbjs@ojp.usdoj.gov     202-307-0765",,,,,,,,,,,,,,,
"date of version: 071/13/01",,,,,,,,,,,,,,,
,,,,,,,,,,,,,,,
,,,,,,,,,,,,,,,
"Table 33. Family violence, 2000:",,,,,,,,,,,,,,,
,,,,,,,,,,,,,,,
"Number of victimizations, by type of crime and relationship to offender",,,,,,,,,,,,,,,
,,,,,,,,,,,,,,,
,,,,"                                                        Number of victimizations",,,,,,,,,,,
,,"Total",,"                                                                  Related",,,,,,,,,,,
,,"number of",,,,,,"Ex-",,,,"  Own",,"Other",
"Type of crime",,"victimizations",,"     Total",," Spouse",,"spouse",,"Parent",,"  child",,"relatives",
,,,,,,,,,,,,,,,
,,,,,,,,,,,,,,,
"Crimes of violence",,6322730,,640550,,214110,,99890,,72920,,59830,,193790,
,,,,,,,,,,,,,,,
"   Completed violence",,2044050,,282130,,118850,,28130,,33860,,12110,"*",89180,
"   Attempted/threatened violence",,4278690,,358420,,95260,,71760,,39060,,47720,,104610,
"   Rape/Sexual assault/b",,260950,,15620,"*",6200,"*",4690,"*",4730,"*","0 ","*","0 ","*"
"   Robbery",,731780,,27480,,4580,"*",2260,"*",9320,"*",4870,"*",6470,"*"
"      Completed/property taken",,520120,,19180,"*",2340,"*",2260,"*",3250,"*",4870,"*",6470,"*"
"      Attempted to take property",,211660,,8300,"*",2230,"*","0 ","*",6070,"*","0 ","*","0 ","*"
"   Assault",,5330010,,597450,,203340,,92940,,58880,,54970,,187330,
"      Aggravated",,1292510,,91540,,21290,"*",2640,"*",6240,"*",11880,"*",49490,
"      Simple",,4037500,,505910,,182050,,90300,,52640,,43090,,137840,
,,,,,,,,,,,,,,,
,,,,,,,,,,,,,,,
,,,,,,,,,,,,,,,
,,,,,,,,,,,,,,,
,,"                                                  Number of victimizations",,,,,,,,,,,,,
,,,,"Casual",,,,,,"Don't know",,,,,
,,"   Well-",,"acquaint-",,"Don't know",,,,"number of",,,,,
"Type of crime",,"   known/a",,"ances",,"relationship",,"  Strangers",,"offenders",,,,,
,,,,,,,,,,,,,,,
,,,,,,,,,,,,,,,
"Crimes of violence",,1557500,,956920,,221550,,2829840,,116380,,,,,
,,,,,,,,,,,,,,,
"   Completed violence",,538220,,285010,,81600,,813860,,43220,,,,,
"   Attempted/threatened violence",,1019280,,671910,,139940,,2015980,,73150,,,,,
"   Rape/Sexual assault/b",,73640,,56330,,16560,"*",89180,,9600,"*",,,,
"   Robbery",,90080,,38800,,47270,,507170,,20970,"*",,,,
"      Completed/property taken",,56100,,33600,,36520,,356080,,18640,"*",,,,
"      Attempted to take property",,33980,,5200,"*",10750,"*",151090,,2330,"*",,,,
"   Assault",,1393780,,861790,,157710,,2233480,,85800,,,,,
"      Aggravated",,265760,,132260,,60630,,720940,,21380,"*",,,,
"      Simple",,1128020,,729530,,97080,,1512540,,64420,,,,,
,,,,,,,,,,,,,,,
,,,,,,,,,,,,,,,
"Note: Detail may not add to total shown because of rounding.",,,,,,,,,,,,,,,
"*Estimate is based on about 10 or fewer sample cases.",,,,,,,,,,,,,,,
"a/Includes data on offenders well known to the victims whose relationship to the victim could not be ascertained.",,,,,,,,,,,,,,,
"b/Includes verbal threats of rape and threats of sexual assault.",,,,,,,,,,,,,,,
