Name: “Table 1 of 1 on page 60 of 136”,Name: “Table 1 of 1 on page 60 of 136”,Name: “Table 1 of 1 on page 60 of 136”,Name: “Table 1 of 1 on page 60 of 136”,Name: “Table 1 of 1 on page 60 of 136”
Table: 60,Table: 60,Table: 60,Table: 60,Table: 60
,,,,
,1999 Law Enforcement Officers Assaulted,1999 Law Enforcement Officers Assaulted,1999 Law Enforcement Officers Assaulted,
Through the Uniform Crime Reporting Program additional information is collected on enforcement officers,Through the Uniform Crime Reporting Program additional information is collected on enforcement officers,Through the Uniform Crime Reporting Program additional information is collected on enforcement officers,Through the Uniform Crime Reporting Program additional information is collected on enforcement officers,Through the Uniform Crime Reporting Program additional information is collected on enforcement officers
assaulted.,"Information is provided on the activities and assignment at the time of the assault, type of weapon","Information is provided on the activities and assignment at the time of the assault, type of weapon","Information is provided on the activities and assignment at the time of the assault, type of weapon","Information is provided on the activities and assignment at the time of the assault, type of weapon"
"used to commit the offense, injuries involved and time the activity took place.","used to commit the offense, injuries involved and time the activity took place.","used to commit the offense, injuries involved and time the activity took place.",,
"For the assaults on officers, we are providing both the IBR system and summary system data in order to report","For the assaults on officers, we are providing both the IBR system and summary system data in order to report","For the assaults on officers, we are providing both the IBR system and summary system data in order to report","For the assaults on officers, we are providing both the IBR system and summary system data in order to report","For the assaults on officers, we are providing both the IBR system and summary system data in order to report"
the total officers assaulted during 1999.,the total officers assaulted during 1999.,,,
"During 1999, 1,631 assaults on officers were reported.","During 1999, 1,631 assaults on officers were reported.",,,
,OFFICERS ASSAULTED,Incident,,
,,,Summary,
,,Based,,
,,,,Total
,,System,System,
,Activity,,,
"1. Responding to ""Disturbance"" calls","1. Responding to ""Disturbance"" calls",,,
"(family quarrels, man with gun, etc.)","(family quarrels, man with gun, etc.)",266,167,433
2. Burglaries in progress or pursuing,2. Burglaries in progress or pursuing,,,
burglary suspects,burglary suspects,7,9,16
3. Robberies in progress or pursuing,3. Robberies in progress or pursuing,,,
robbery suspects,robbery suspects,4,4,8
4. Attempting other arrests,4. Attempting other arrests,274,139,413
"5. Civil disorder (riot, mass disobedience)","5. Civil disorder (riot, mass disobedience)",7,3,10
"6. Handling, transporting, custody","6. Handling, transporting, custody",,,
of prisoners,of prisoners,148,76,224
7. Investigating suspicious persons,7. Investigating suspicious persons,,,
or circumstances,or circumstances,61,64,125
8. Ambush - no warning,8. Ambush - no warning,3,,3
9. Mentally deranged,9. Mentally deranged,24,20,44
10. Traffic pursuits and stops,10. Traffic pursuits and stops,104,70,174
11. All Other,11. All Other,112,69,181
12. TOTAL,12. TOTAL,1010,621,1631
52,,,,
