Name: “Table 1 of 1 on page 114 of 136”,Name: “Table 1 of 1 on page 114 of 136”,Name: “Table 1 of 1 on page 114 of 136”,Name: “Table 1 of 1 on page 114 of 136”,Name: “Table 1 of 1 on page 114 of 136”,Name: “Table 1 of 1 on page 114 of 136”,Name: “Table 1 of 1 on page 114 of 136”,Name: “Table 1 of 1 on page 114 of 136”,Name: “Table 1 of 1 on page 114 of 136”,Name: “Table 1 of 1 on page 114 of 136”,Name: “Table 1 of 1 on page 114 of 136”,Name: “Table 1 of 1 on page 114 of 136”,Name: “Table 1 of 1 on page 114 of 136”
Table: 113,Table: 113,Table: 113,Table: 113,Table: 113,Table: 113,Table: 113,Table: 113,Table: 113,Table: 113,Table: 113,Table: 113,Table: 113
,,,,,,,,,,,,
,Adult and Juvenile Arrests,Adult and Juvenile Arrests,Adult and Juvenile Arrests,Adult and Juvenile Arrests,Adult and Juvenile Arrests,Adult and Juvenile Arrests,Adult and Juvenile Arrests,Adult and Juvenile Arrests,,,,
,"By County, City and Other","By County, City and Other","By County, City and Other","By County, City and Other","By County, City and Other","By County, City and Other","By County, City and Other","By County, City and Other",,,,
,Cumberland,Cumberland,Dickenson,Dickenson,Dinwiddie,Dinwiddie,Essex,,Fairfax,,Fauquier,Fauquier
OFFENSES,Adult,Juv,Adult,Juv,Adult,Juv,Adult,Juv,Adult,Juv,Adult,Juv
Murder,1,,1,,,,,,6,1,5,
Manslaughter,,,,,,,,,1,,2,
Forcible Rape,3,,1,,2,1,3,,19,,5,1
Robbery,,,,,1,1,1,,55,22,3,1
Aggravated Assault,10,,1,,14,5,8,2,172,28,18,2
Burglary,11,9,6,,16,3,1,,210,41,28,3
Larceny,26,12,3,,35,36,50,19,"1,512",443,54,19
Motor Vehicle Theft,8,,2,,13,8,6,3,123,40,10,6
Arson,,,,,,1,,,17,17,,
SUBTOTAL FOR,,,,,,,,,,,,
PART I OFFENSES,59,21,14,,81,55,69,24,"2,115",592,125,32
Other Assaults,86,2,5,,88,14,56,8,"1,831",199,265,23
Forgery &,,,,,,,,,,,,
Counterfeiting,5,,1,,17,1,8,1,161,8,13,1
Fraud,,,1,,4,2,1,,371,35,11,1
Embezzlement,,,,,1,1,2,,145,4,2,1
"Stolen Property: Buy,",,,,,,,,,,,,
"Receiving, Poss.",2,,2,,1,1,1,,66,6,3,
Vandalism,7,2,,,7,17,11,2,155,103,13,9
Weapons:,,,,,,,,,,,,
"Possessing, Etc.",7,,2,,3,1,10,3,190,88,33,5
Prostitution &,,,,,,,,,,,,
Commercialized Vice,,,,,,,,,61,,,
Sex Offenses (except,,,,,,,,,,,,
Rape & Prostitution),2,,,,2,3,,1,120,22,13,
Narcotic Drug Laws:,,,,,,,,,,,,
Sale/Manufacture,2,,1,,3,5,3,2,109,10,16,
Narcotic Drug Laws:,,,,,,,,,,,,
Possession,14,,4,,26,10,3,1,"1,258",191,102,7
Gambling,1,,,,,,,,5,,,
Offenses Against,,,,,,,,,,,,
the Family,,,,,2,,7,,21,,4,
Driving Under the,,,,,,,,,,,,
Influence,72,,55,2,34,1,44,1,"2,800",58,274,4
Liquor Laws,8,5,4,1,,2,22,5,353,577,35,20
Public Drunkenness,3,,151,2,12,1,10,1,"3,506",113,139,
Disorderly Conduct,2,,21,,3,,15,7,230,122,4,
All Other (except Traffic),173,7,152,1,97,3,372,7,"1,991",565,211,59
Curfew & Loitering,,3,,,,,,,,,,
"Runaways, Juveniles",,,,,,,,,,,,
Apprehended,,,,,,9,,,,23,,2
SUBTOTAL FOR,,,,,,,,,,,,
PART II OFFENSES,384,19,399,6,300,71,565,39,"13,373","2,124","1,138",132
TOTAL,443,40,413,6,381,126,634,63,"15,488","2,716","1,263",164
106,,,,,,,,,,,,
