Name: “Table 1 of 1 on page 18 of 136”,Name: “Table 1 of 1 on page 18 of 136”,Name: “Table 1 of 1 on page 18 of 136”,Name: “Table 1 of 1 on page 18 of 136”,Name: “Table 1 of 1 on page 18 of 136”,Name: “Table 1 of 1 on page 18 of 136”,Name: “Table 1 of 1 on page 18 of 136”,Name: “Table 1 of 1 on page 18 of 136”,Name: “Table 1 of 1 on page 18 of 136”,Name: “Table 1 of 1 on page 18 of 136”,Name: “Table 1 of 1 on page 18 of 136”,Name: “Table 1 of 1 on page 18 of 136”,Name: “Table 1 of 1 on page 18 of 136”,Name: “Table 1 of 1 on page 18 of 136”
Table: 18,Table: 18,Table: 18,Table: 18,Table: 18,Table: 18,Table: 18,Table: 18,Table: 18,Table: 18,Table: 18,Table: 18,Table: 18,Table: 18
,,,,,,,,,,,,,
,,,,"As a general rule, any death due to injuries received in a fight, argument,","As a general rule, any death due to injuries received in a fight, argument,","As a general rule, any death due to injuries received in a fight, argument,","As a general rule, any death due to injuries received in a fight, argument,","As a general rule, any death due to injuries received in a fight, argument,","As a general rule, any death due to injuries received in a fight, argument,","As a general rule, any death due to injuries received in a fight, argument,","As a general rule, any death due to injuries received in a fight, argument,","As a general rule, any death due to injuries received in a fight, argument,","As a general rule, any death due to injuries received in a fight, argument,"
Murder/,Murder/,,,"quarrel, assault, or commission of a crime is classified in this category.","quarrel, assault, or commission of a crime is classified in this category.","quarrel, assault, or commission of a crime is classified in this category.","quarrel, assault, or commission of a crime is classified in this category.","quarrel, assault, or commission of a crime is classified in this category.","quarrel, assault, or commission of a crime is classified in this category.","quarrel, assault, or commission of a crime is classified in this category.","quarrel, assault, or commission of a crime is classified in this category.","quarrel, assault, or commission of a crime is classified in this category.","quarrel, assault, or commission of a crime is classified in this category."
Non negligent,Non negligent,,,"Suicides, accidental deaths, assaults to murder, traffic fatalities, and","Suicides, accidental deaths, assaults to murder, traffic fatalities, and","Suicides, accidental deaths, assaults to murder, traffic fatalities, and","Suicides, accidental deaths, assaults to murder, traffic fatalities, and","Suicides, accidental deaths, assaults to murder, traffic fatalities, and","Suicides, accidental deaths, assaults to murder, traffic fatalities, and","Suicides, accidental deaths, assaults to murder, traffic fatalities, and","Suicides, accidental deaths, assaults to murder, traffic fatalities, and","Suicides, accidental deaths, assaults to murder, traffic fatalities, and","Suicides, accidental deaths, assaults to murder, traffic fatalities, and"
Manslaughter,Manslaughter,,,attempted,murders,are,not,classified,as,Murder/Nonnegligent,Murder/Nonnegligent,Man-,Man-
,,,,slaughter. More information on murders may be found in the violent crime,slaughter. More information on murders may be found in the violent crime,slaughter. More information on murders may be found in the violent crime,slaughter. More information on murders may be found in the violent crime,slaughter. More information on murders may be found in the violent crime,slaughter. More information on murders may be found in the violent crime,slaughter. More information on murders may be found in the violent crime,slaughter. More information on murders may be found in the violent crime,slaughter. More information on murders may be found in the violent crime,slaughter. More information on murders may be found in the violent crime
,,,,section of this report.,section of this report.,section of this report.,,,,,,,
,,,,"In 1999, the IBR submission agencies reported 162 offenses resulting in","In 1999, the IBR submission agencies reported 162 offenses resulting in","In 1999, the IBR submission agencies reported 162 offenses resulting in","In 1999, the IBR submission agencies reported 162 offenses resulting in","In 1999, the IBR submission agencies reported 162 offenses resulting in","In 1999, the IBR submission agencies reported 162 offenses resulting in","In 1999, the IBR submission agencies reported 162 offenses resulting in","In 1999, the IBR submission agencies reported 162 offenses resulting in","In 1999, the IBR submission agencies reported 162 offenses resulting in","In 1999, the IBR submission agencies reported 162 offenses resulting in"
,,,,172 actual deaths. An analysis by month shows December had the greatest,172 actual deaths. An analysis by month shows December had the greatest,172 actual deaths. An analysis by month shows December had the greatest,172 actual deaths. An analysis by month shows December had the greatest,172 actual deaths. An analysis by month shows December had the greatest,172 actual deaths. An analysis by month shows December had the greatest,172 actual deaths. An analysis by month shows December had the greatest,172 actual deaths. An analysis by month shows December had the greatest,172 actual deaths. An analysis by month shows December had the greatest,172 actual deaths. An analysis by month shows December had the greatest
,,,,occurrences.,occurrences.,,,,,,,,
,,,,,,MONTHS,MONTHS,,,,,,
,25,,,,,,,,,,,,
,20,,,,,,,,,,,,
O,,,,,,,,,,,,,
F,15,,,,,,,,,,,,
F,,,,,,,,,,,,,
E,,,,,,,,,,,,,
N,,,,,,,,,,,,,
S,,,,,,,,,,,,,
E,,,,,,,,,,,,,
S,10,,,,,,,,,,,,
,5,,,,,,,,,,,,
,0,,,,,,,,,,,,
,JAN,FEB,MAR,APR,MAY,JUN,JUL,AUG,AUG,SEP,OCT,NOV,DEC
10,,,,,,,,,,,,,
