Name: “Table 1 of 1 on page 135 of 136”,Name: “Table 1 of 1 on page 135 of 136”,Name: “Table 1 of 1 on page 135 of 136”,Name: “Table 1 of 1 on page 135 of 136”,Name: “Table 1 of 1 on page 135 of 136”,Name: “Table 1 of 1 on page 135 of 136”,Name: “Table 1 of 1 on page 135 of 136”,Name: “Table 1 of 1 on page 135 of 136”,Name: “Table 1 of 1 on page 135 of 136”,Name: “Table 1 of 1 on page 135 of 136”,Name: “Table 1 of 1 on page 135 of 136”,Name: “Table 1 of 1 on page 135 of 136”
Table: 134,Table: 134,Table: 134,Table: 134,Table: 134,Table: 134,Table: 134,Table: 134,Table: 134,Table: 134,Table: 134,Table: 134
,,,,,,,,,,,
,,,,Murder,,,,,,,
,,CRIME,TOTAL,and Non-,,,,,,,
Agencies In,,,,,Forcible,,Aggravated,,,,
,POPULATION,INDEX,CRIME,,,Robbery,,,,MV,Arson*
,,,,negligent,,,,Burglary,Larceny,,
,,,,,Rape,,Assault,,,,
,,,,,,,,,,Theft,
Summary System,,RATE PER,INDEX,Man-,,,,,,,
,,"100,000",,slaughter,,,,,,,
County Sheriffs,,,,,,,,,,,
Buckingham Co. SO,14800,959.46,142,,3,,24,46,60,9,
Caroline Co SO,21000,438.10,92,,32,1,12,19,27,1,
Charles City Co. SO1,7100,98.59,7,,,,1,4,2,,
Culpeper Co. SO,24770,1299.96,322,,7,5,31,55,212,12,
Greene Co. SO,14700,1374.15,202,,,1,21,30,148,2,2
King & Queen Co. SO 1,6500,692.31,45,,,,6,7,31,1,
Louisa Co. SO,23870,1344.78,321,,8,,23,69,201,20,
Northumberland Co SO,11700,256.41,30,,1,,3,3,22,1,
Southampton Co SO,16080,559.70,90,,1,2,37,15,32,3,
Spotsylvania Co. SO,87100,2292.77,1997,1,16,18,137,211,1523,91,
County Police,,,,,,,,,,,
Arlington Co. PD,180900,3406.30,6162,4,26,183,187,472,4626,664,33
Fairfax Co. PD1,907950,1549.87,14072,15,66,258,236,917,11421,1159,90
Prince William Co. PD,261490,3043.33,7958,14,34,220,340,1013,5796,541,66
Town Police,,,,,,,,,,,
Parksley PD,780,769.23,6,,,,,,6,,
Bowling Green PD1,700,,0,,,,,,,,
Hillsville PD,1970,3756.35,74,,,,3,9,58,4,
Culpeper PD,8630,4994.21,431,,1,7,26,39,347,11,
McKenney PD,390,,0,,,,,,,,
Vienna PD,14550,2302.41,335,,2,6,8,33,275,11,7
Warrenton PD,5500,3018.18,166,,,7,6,11,135,7,
Glen Lyn PD1,160,,0,,,,,,,,
Pembroke PD,1060,,0,,,,,,,,
Rich Creek PD1,660,,0,,,,,,,,
Halifax PD,720,416.67,3,,,,,,3,,
Ashland PD,5960,3087.25,184,,1,3,5,12,157,6,
Kilmarnock PD,1260,2698.41,34,,,1,2,8,23,,
Louisa PD 1,1230,1463.41,18,,,1,3,4,9,1,
LaCrosse PD,570,,0,,,,,,,,
Crewe PD,2110,2891.00,61,,,,5,7,46,3,1
Warsaw PD1,970,103.09,1,,,,,,1,,
"Crime totals reflected herein represent a crime index only and not total crimes committed, nor the total interagency efforts of the criminal justice system in clearing those crimes.","Crime totals reflected herein represent a crime index only and not total crimes committed, nor the total interagency efforts of the criminal justice system in clearing those crimes.","Crime totals reflected herein represent a crime index only and not total crimes committed, nor the total interagency efforts of the criminal justice system in clearing those crimes.","Crime totals reflected herein represent a crime index only and not total crimes committed, nor the total interagency efforts of the criminal justice system in clearing those crimes.","Crime totals reflected herein represent a crime index only and not total crimes committed, nor the total interagency efforts of the criminal justice system in clearing those crimes.","Crime totals reflected herein represent a crime index only and not total crimes committed, nor the total interagency efforts of the criminal justice system in clearing those crimes.","Crime totals reflected herein represent a crime index only and not total crimes committed, nor the total interagency efforts of the criminal justice system in clearing those crimes.","Crime totals reflected herein represent a crime index only and not total crimes committed, nor the total interagency efforts of the criminal justice system in clearing those crimes.","Crime totals reflected herein represent a crime index only and not total crimes committed, nor the total interagency efforts of the criminal justice system in clearing those crimes.","Crime totals reflected herein represent a crime index only and not total crimes committed, nor the total interagency efforts of the criminal justice system in clearing those crimes.","Crime totals reflected herein represent a crime index only and not total crimes committed, nor the total interagency efforts of the criminal justice system in clearing those crimes.",
*Arson totals are not included in the crime index total nor as a factor in the crime rate calculations.,*Arson totals are not included in the crime index total nor as a factor in the crime rate calculations.,*Arson totals are not included in the crime index total nor as a factor in the crime rate calculations.,*Arson totals are not included in the crime index total nor as a factor in the crime rate calculations.,*Arson totals are not included in the crime index total nor as a factor in the crime rate calculations.,*Arson totals are not included in the crime index total nor as a factor in the crime rate calculations.,,,,,,
128,,,,,,,,,,,
