Name: “Table 1 of 1 on page 48 of 136”,Name: “Table 1 of 1 on page 48 of 136”,Name: “Table 1 of 1 on page 48 of 136”,Name: “Table 1 of 1 on page 48 of 136”,Name: “Table 1 of 1 on page 48 of 136”,Name: “Table 1 of 1 on page 48 of 136”,Name: “Table 1 of 1 on page 48 of 136”,Name: “Table 1 of 1 on page 48 of 136”,Name: “Table 1 of 1 on page 48 of 136”,Name: “Table 1 of 1 on page 48 of 136”,Name: “Table 1 of 1 on page 48 of 136”,Name: “Table 1 of 1 on page 48 of 136”,Name: “Table 1 of 1 on page 48 of 136”,Name: “Table 1 of 1 on page 48 of 136”
Table: 48,Table: 48,Table: 48,Table: 48,Table: 48,Table: 48,Table: 48,Table: 48,Table: 48,Table: 48,Table: 48,Table: 48,Table: 48,Table: 48
,,,,,,,,,,,,,
,,,,,,Arson,Arson,,,,,,
,,,,,,,,,Victims Of Arson By,Victims Of Arson By,Victims Of Arson By,,
,,,,,,,,,Gender And Race,Gender And Race,,,
,,,,,,,,Race/Gender,Race/Gender,Male,Female,Female,
Point of Entry/Exit,Point of Entry/Exit,Point of Entry/Exit,,,,,,,,,,,
,,,Entry,Entry,Exit,Exit,,White,,385,,63,
During Arson,During Arson,,,,,,,,,,,,
,,,,,,,,Black,,155,,30,
Front,,,19,19,,14,,Am. Ind./Alskn,Am. Ind./Alskn,0,,0,
Rear,,,,6,,6,,Asian/Pacfc Isl.,Asian/Pacfc Isl.,9,,0,
Side,,,,,,2,,Unknown,Unknown,16,,3,
Attic,,,,,,,,,,,,,
Vent/AC,,,,,,,,TOTAL,TOTAL,565,,96,
Window,,,,2,,2,,,,,,,
Door,,,14,14,,16,,,,,,,
Patio/Sliding Dr,Patio/Sliding Dr,,,,,,,,,,,,
Balcony/Fire Escape,Balcony/Fire Escape,Balcony/Fire Escape,,,,1,,,,,,,
Attached Garage,Attached Garage,,,,,,,Offenders Of Arson By,Offenders Of Arson By,Offenders Of Arson By,Offenders Of Arson By,,
Wall,,,,1,,,,,Gender And Race,Gender And Race,,,
Vehicle,,,,5,,4,,,,,,,
Floor,,,,,,,,Race/Gender,Race/Gender,Male,Female,Female,
Roof/Skylight,Roof/Skylight,,,,,,,,,,,,
,,,,,,,,White,,259,,154,
Hidden Within,Hidden Within,,,,,,,,,,,,
,,,,,,,,Black,,59,,80,
Other,,,,8,,8,,,,,,,
,,,,,,,,Am. Ind./Alskn,Am. Ind./Alskn,0,,0,
Unknown,,,50,50,,40,,,,,,,
,,,,,,,,Asian/Pacfc Isl.,Asian/Pacfc Isl.,1,,0,
,,,,,,,,Unknown,Unknown,15,,9,
,,,,,,,,TOTAL,TOTAL,334,,243,
,,,Arson By Day of Week And Time of Day,Arson By Day of Week And Time of Day,Arson By Day of Week And Time of Day,Arson By Day of Week And Time of Day,Arson By Day of Week And Time of Day,Arson By Day of Week And Time of Day,Arson By Day of Week And Time of Day,,,,
Day/Time,00:00,02:00,04:00,06:00,08:00,10:00,12:00,14:00,16:00,18:00,20:00,22:00,
,01:59,03:59,05:59,07:59,09:59,11:59,13:59,15:59,17:59,19:59,21:59,23:59,Unk
Monday,12,12,7,7,5,3,10,13,16,11,11,16,7
Tuesday,15,12,2,3,9,6,7,15,11,10,20,12,9
Wednesday,13,11,3,2,12,3,7,6,15,8,14,16,5
Thursday,23,6,1,8,5,1,7,13,23,16,17,8,4
Friday,14,11,5,9,8,7,8,14,11,10,11,14,8
Saturday,17,9,10,8,3,8,8,9,19,15,18,20,4
Sunday,15,16,11,8,2,6,15,10,18,10,15,8,2
TOTAL,109,77,39,45,44,34,62,80,113,80,106,94,39
40,,,,,,,,,,,,,
