Name: “Table 1 of 1 on page 21 of 136”,Name: “Table 1 of 1 on page 21 of 136”,Name: “Table 1 of 1 on page 21 of 136”,Name: “Table 1 of 1 on page 21 of 136”,Name: “Table 1 of 1 on page 21 of 136”,Name: “Table 1 of 1 on page 21 of 136”,Name: “Table 1 of 1 on page 21 of 136”,Name: “Table 1 of 1 on page 21 of 136”,Name: “Table 1 of 1 on page 21 of 136”,Name: “Table 1 of 1 on page 21 of 136”
Table: 21,Table: 21,Table: 21,Table: 21,Table: 21,Table: 21,Table: 21,Table: 21,Table: 21,Table: 21
,,,,,,,,,
,,Forcible Sex Offenses,Forcible Sex Offenses,Forcible Sex Offenses,Forcible Sex Offenses,Forcible Sex Offenses,Forcible Sex Offenses,,
,,,Forcible Rape,Forcible Rape,Forcible Rape,Forcible Rape,,,
"The carnal knowledge of a person, forcibly and/or against","The carnal knowledge of a person, forcibly and/or against","The carnal knowledge of a person, forcibly and/or against","The carnal knowledge of a person, forcibly and/or against","The carnal knowledge of a person, forcibly and/or against","The carnal knowledge of a person, forcibly and/or against","The carnal knowledge of a person, forcibly and/or against","The carnal knowledge of a person, forcibly and/or against","The carnal knowledge of a person, forcibly and/or against",
that person’s will; or not forcibly or against the person’s,that person’s will; or not forcibly or against the person’s,that person’s will; or not forcibly or against the person’s,that person’s will; or not forcibly or against the person’s,that person’s will; or not forcibly or against the person’s,that person’s will; or not forcibly or against the person’s,that person’s will; or not forcibly or against the person’s,that person’s will; or not forcibly or against the person’s,that person’s will; or not forcibly or against the person’s,
will where the victim is incapable of giving consent be-,will where the victim is incapable of giving consent be-,will where the victim is incapable of giving consent be-,will where the victim is incapable of giving consent be-,will where the victim is incapable of giving consent be-,will where the victim is incapable of giving consent be-,will where the victim is incapable of giving consent be-,will where the victim is incapable of giving consent be-,will where the victim is incapable of giving consent be-,
cause of his/her temporary or permanent mental or physi-,cause of his/her temporary or permanent mental or physi-,cause of his/her temporary or permanent mental or physi-,cause of his/her temporary or permanent mental or physi-,cause of his/her temporary or permanent mental or physi-,cause of his/her temporary or permanent mental or physi-,cause of his/her temporary or permanent mental or physi-,cause of his/her temporary or permanent mental or physi-,cause of his/her temporary or permanent mental or physi-,
cal incapacity,cal incapacity,cal incapacity,,,,,,,
,,,Forcible Sodomy,Forcible Sodomy,Forcible Sodomy,Forcible Sodomy,,,
Oral,or,anal,sexual,intercourse,intercourse,with,another,"person,",
forcibly and/or against that person’s will; or not forcibly,forcibly and/or against that person’s will; or not forcibly,forcibly and/or against that person’s will; or not forcibly,forcibly and/or against that person’s will; or not forcibly,forcibly and/or against that person’s will; or not forcibly,forcibly and/or against that person’s will; or not forcibly,forcibly and/or against that person’s will; or not forcibly,forcibly and/or against that person’s will; or not forcibly,forcibly and/or against that person’s will; or not forcibly,
or against the person’s will where the victim is incapable,or against the person’s will where the victim is incapable,or against the person’s will where the victim is incapable,or against the person’s will where the victim is incapable,or against the person’s will where the victim is incapable,or against the person’s will where the victim is incapable,or against the person’s will where the victim is incapable,or against the person’s will where the victim is incapable,or against the person’s will where the victim is incapable,
of giving consent because of his/her youth or because of,of giving consent because of his/her youth or because of,of giving consent because of his/her youth or because of,of giving consent because of his/her youth or because of,of giving consent because of his/her youth or because of,of giving consent because of his/her youth or because of,of giving consent because of his/her youth or because of,of giving consent because of his/her youth or because of,of giving consent because of his/her youth or because of,
his/her temporary or permanent mental or physical inca-,his/her temporary or permanent mental or physical inca-,his/her temporary or permanent mental or physical inca-,his/her temporary or permanent mental or physical inca-,his/her temporary or permanent mental or physical inca-,his/her temporary or permanent mental or physical inca-,his/her temporary or permanent mental or physical inca-,his/her temporary or permanent mental or physical inca-,his/her temporary or permanent mental or physical inca-,
pacity,pacity,,,,,,,,
,,Sexual Assault With An Object,Sexual Assault With An Object,Sexual Assault With An Object,Sexual Assault With An Object,Sexual Assault With An Object,Sexual Assault With An Object,,
"To use an object or instrument to unlawfully penetrate,","To use an object or instrument to unlawfully penetrate,","To use an object or instrument to unlawfully penetrate,","To use an object or instrument to unlawfully penetrate,","To use an object or instrument to unlawfully penetrate,","To use an object or instrument to unlawfully penetrate,","To use an object or instrument to unlawfully penetrate,","To use an object or instrument to unlawfully penetrate,","To use an object or instrument to unlawfully penetrate,",
"however slightly, the genital or anal opening of the body of","however slightly, the genital or anal opening of the body of","however slightly, the genital or anal opening of the body of","however slightly, the genital or anal opening of the body of","however slightly, the genital or anal opening of the body of","however slightly, the genital or anal opening of the body of","however slightly, the genital or anal opening of the body of","however slightly, the genital or anal opening of the body of","however slightly, the genital or anal opening of the body of",
"another person, forcibly and/or against that person’s will;","another person, forcibly and/or against that person’s will;","another person, forcibly and/or against that person’s will;","another person, forcibly and/or against that person’s will;","another person, forcibly and/or against that person’s will;","another person, forcibly and/or against that person’s will;","another person, forcibly and/or against that person’s will;","another person, forcibly and/or against that person’s will;","another person, forcibly and/or against that person’s will;",
or not forcibly or against the person’s will where the victim,or not forcibly or against the person’s will where the victim,or not forcibly or against the person’s will where the victim,or not forcibly or against the person’s will where the victim,or not forcibly or against the person’s will where the victim,or not forcibly or against the person’s will where the victim,or not forcibly or against the person’s will where the victim,or not forcibly or against the person’s will where the victim,or not forcibly or against the person’s will where the victim,
is incapable of giving consent because of his/her youth or,is incapable of giving consent because of his/her youth or,is incapable of giving consent because of his/her youth or,is incapable of giving consent because of his/her youth or,is incapable of giving consent because of his/her youth or,is incapable of giving consent because of his/her youth or,is incapable of giving consent because of his/her youth or,is incapable of giving consent because of his/her youth or,is incapable of giving consent because of his/her youth or,
because of his/her temporary or permanent mental or,because of his/her temporary or permanent mental or,because of his/her temporary or permanent mental or,because of his/her temporary or permanent mental or,because of his/her temporary or permanent mental or,because of his/her temporary or permanent mental or,because of his/her temporary or permanent mental or,because of his/her temporary or permanent mental or,because of his/her temporary or permanent mental or,
physical incapacity,physical incapacity,physical incapacity,,,,,,,
,,,Forcible Fondling,Forcible Fondling,Forcible Fondling,Forcible Fondling,,,
The touching of the private body parts of another person,The touching of the private body parts of another person,The touching of the private body parts of another person,The touching of the private body parts of another person,The touching of the private body parts of another person,The touching of the private body parts of another person,The touching of the private body parts of another person,The touching of the private body parts of another person,The touching of the private body parts of another person,
"for the purpose of sexual gratification, forcibly and/or","for the purpose of sexual gratification, forcibly and/or","for the purpose of sexual gratification, forcibly and/or","for the purpose of sexual gratification, forcibly and/or","for the purpose of sexual gratification, forcibly and/or","for the purpose of sexual gratification, forcibly and/or","for the purpose of sexual gratification, forcibly and/or","for the purpose of sexual gratification, forcibly and/or","for the purpose of sexual gratification, forcibly and/or",
against that person’s will; or not forcibly or against the,against that person’s will; or not forcibly or against the,against that person’s will; or not forcibly or against the,against that person’s will; or not forcibly or against the,against that person’s will; or not forcibly or against the,against that person’s will; or not forcibly or against the,against that person’s will; or not forcibly or against the,against that person’s will; or not forcibly or against the,against that person’s will; or not forcibly or against the,
person’s,person’s,will,where,the,victim,is,incapable,of,giving
consent because of his/her youth or because of his/her,consent because of his/her youth or because of his/her,consent because of his/her youth or because of his/her,consent because of his/her youth or because of his/her,consent because of his/her youth or because of his/her,consent because of his/her youth or because of his/her,consent because of his/her youth or because of his/her,consent because of his/her youth or because of his/her,consent because of his/her youth or because of his/her,
temporary or permanent mental or physical incapacity,temporary or permanent mental or physical incapacity,temporary or permanent mental or physical incapacity,temporary or permanent mental or physical incapacity,temporary or permanent mental or physical incapacity,temporary or permanent mental or physical incapacity,temporary or permanent mental or physical incapacity,temporary or permanent mental or physical incapacity,temporary or permanent mental or physical incapacity,
,,Nonforcible Sex Offenses,Nonforcible Sex Offenses,Nonforcible Sex Offenses,Nonforcible Sex Offenses,Nonforcible Sex Offenses,Nonforcible Sex Offenses,,
,,,,Incest,Incest,,,,
Nonforcible sexual intercourse between persons who are,Nonforcible sexual intercourse between persons who are,Nonforcible sexual intercourse between persons who are,Nonforcible sexual intercourse between persons who are,Nonforcible sexual intercourse between persons who are,Nonforcible sexual intercourse between persons who are,Nonforcible sexual intercourse between persons who are,Nonforcible sexual intercourse between persons who are,Nonforcible sexual intercourse between persons who are,
related to each other within the degrees wherein marriage,related to each other within the degrees wherein marriage,related to each other within the degrees wherein marriage,related to each other within the degrees wherein marriage,related to each other within the degrees wherein marriage,related to each other within the degrees wherein marriage,related to each other within the degrees wherein marriage,related to each other within the degrees wherein marriage,related to each other within the degrees wherein marriage,
is prohibited by law,is prohibited by law,is prohibited by law,,,,,,,
,,,Statutory Rape,Statutory Rape,Statutory Rape,Statutory Rape,,,
Nonforcible sexual intercourse with a person who is under,Nonforcible sexual intercourse with a person who is under,Nonforcible sexual intercourse with a person who is under,Nonforcible sexual intercourse with a person who is under,Nonforcible sexual intercourse with a person who is under,Nonforcible sexual intercourse with a person who is under,Nonforcible sexual intercourse with a person who is under,Nonforcible sexual intercourse with a person who is under,Nonforcible sexual intercourse with a person who is under,
the statutory age of consent,the statutory age of consent,the statutory age of consent,the statutory age of consent,the statutory age of consent,the statutory age of consent,,,,
,,,,,,,,,13
