Name: “Table 1 of 1 on page 28 of 136”,Name: “Table 1 of 1 on page 28 of 136”,Name: “Table 1 of 1 on page 28 of 136”,Name: “Table 1 of 1 on page 28 of 136”,Name: “Table 1 of 1 on page 28 of 136”,Name: “Table 1 of 1 on page 28 of 136”,Name: “Table 1 of 1 on page 28 of 136”,Name: “Table 1 of 1 on page 28 of 136”,Name: “Table 1 of 1 on page 28 of 136”,Name: “Table 1 of 1 on page 28 of 136”,Name: “Table 1 of 1 on page 28 of 136”,Name: “Table 1 of 1 on page 28 of 136”,Name: “Table 1 of 1 on page 28 of 136”,Name: “Table 1 of 1 on page 28 of 136”
Table: 28,Table: 28,Table: 28,Table: 28,Table: 28,Table: 28,Table: 28,Table: 28,Table: 28,Table: 28,Table: 28,Table: 28,Table: 28,Table: 28
,,,,,,,,,,,,,
,,,,,Robbery,Robbery,,,,,,,
,,,,,,,Resident Status,Resident Status,Resident Status,,,,
Type of Victim,Type of Victim,Type of Victim,Number,,,,,,,Number,Number,,
,,,,,,,,of Victim,,,,,
Individual,Individual,,2636,,,,Resident,Resident,,1558,1558,,
Business,Business,,614,,,,Nonresident,Nonresident,,726,726,,
Financial Institution,Financial Institution,Financial Institution,31,,,,Unknown,Unknown,,352,352,,
Government,Government,,7,,,,,,,,,,
Religious,Religious,,0,,,,Total Victims,Total Victims,,2636,2636,,
Society/Public,Society/Public,,0,,,,,,,,,,
Other,,,1,,,,,,,,,,
Unknown,Unknown,,5,,,,,,,,,,
,,,,,,,,,Unknown 1.4%,Unknown 1.4%,Unknown 1.4%,,
How Suspect,How Suspect,,,,Noon to 6 p.m.,Noon to 6 p.m.,,,,,,Midnight to 6 a.m.,Midnight to 6 a.m.
Left Scene,Left Scene,,,,,17.7%,,,,,,25.9%,25.9%
Auto,,,343,,,,,,,,,,
Truck,,,16,,,,,,,,,,
Van,,,15,,,,,,,,,,
,,,,6 a.m. to Noon,6 a.m. to Noon,6 a.m. to Noon,,,,,,,
Motorcycle,Motorcycle,,0,,,,,,,,,,
,,,,,9.5%,9.5%,,,,,,,
Bicycle,Bicycle,,66,,,,,,,,,,
Foot,,,858,,,,,,,,,,
Moped,Moped,,4,,,,,,,,,,
Other,,,8,,,,,,,,,,
Unknown,Unknown,,120,,,,,,,,,,
,,,,,,,,,,,,6 p.m. to Midnight,6 p.m. to Midnight
,,,,,,,,,,,,,45.4%
Total,,,1430,,,,,,,,,,
,,,,,,,,,1999,,,,
,,Robberies By Day of Week And Time of Day,Robberies By Day of Week And Time of Day,Robberies By Day of Week And Time of Day,Robberies By Day of Week And Time of Day,Robberies By Day of Week And Time of Day,Robberies By Day of Week And Time of Day,Robberies By Day of Week And Time of Day,Robberies By Day of Week And Time of Day,Robberies By Day of Week And Time of Day,,,
Day/Time,00:00,02:00,04:00,06:00,08:00,10:00,12:00,14:00,16:00,18:00,20:00,22:00,
,01:59,03:59,05:59,07:59,09:59,11:59,13:59,15:59,17:59,19:59,21:59,23:59,Unk
Monday,47,21,24,8,12,23,16,25,30,35,80,60,2
Tuesday,32,31,9,7,9,18,17,25,29,42,71,47,4
Wednesday,42,16,8,5,10,10,17,22,27,43,58,93,7
Thursday,47,22,18,7,11,11,21,28,13,35,52,70,6
Friday,64,31,22,10,13,16,25,29,32,52,71,80,3
Saturday,59,51,25,21,17,17,16,19,24,43,58,63,12
Sunday,44,51,20,10,6,10,16,16,22,29,59,60,4
TOTAL,335,223,126,68,78,105,128,164,177,279,449,473,38
20,,,,,,,,,,,,,
