Name: “Table 1 of 1 on page 131 of 136”,Name: “Table 1 of 1 on page 131 of 136”,Name: “Table 1 of 1 on page 131 of 136”,Name: “Table 1 of 1 on page 131 of 136”,Name: “Table 1 of 1 on page 131 of 136”,Name: “Table 1 of 1 on page 131 of 136”,Name: “Table 1 of 1 on page 131 of 136”,Name: “Table 1 of 1 on page 131 of 136”,Name: “Table 1 of 1 on page 131 of 136”,Name: “Table 1 of 1 on page 131 of 136”,Name: “Table 1 of 1 on page 131 of 136”,Name: “Table 1 of 1 on page 131 of 136”,Name: “Table 1 of 1 on page 131 of 136”
Table: 130,Table: 130,Table: 130,Table: 130,Table: 130,Table: 130,Table: 130,Table: 130,Table: 130,Table: 130,Table: 130,Table: 130,Table: 130
,,,,,,,,,,,,
,,Adult and Juvenile Arrests,Adult and Juvenile Arrests,Adult and Juvenile Arrests,Adult and Juvenile Arrests,Adult and Juvenile Arrests,Adult and Juvenile Arrests,Adult and Juvenile Arrests,,,,
,,"By County, City and Other","By County, City and Other","By County, City and Other","By County, City and Other","By County, City and Other","By County, City and Other","By County, City and Other",,,,
,Radford,Radford,Richmond,Richmond,Roanoke,Roanoke,Salem,,South Boston,,Staunton,Staunton
OFFENSES,Adult,Juv,Adult,Juv,Adult,Juv,Adult,Juv,Adult,Juv,Adult,Juv
Murder,,,37,9,4,1,,,2,1,,
Manslaughter,1,,3,2,3,,,,,,,
Forcible Rape,4,,46,5,16,2,1,1,1,,2,
Robbery,4,,169,13,44,6,5,,3,,2,6
Aggravated Assault,35,1,457,52,120,38,11,,5,3,16,3
Burglary,24,1,202,32,94,43,7,5,6,,11,16
Larceny,48,11,707,109,636,195,92,69,54,16,201,85
Motor Vehicle Theft,3,,188,105,40,16,18,23,,1,7,10
Arson,,,54,32,7,13,,2,,3,3,
SUBTOTAL FOR,,,,,,,,,,,,
PART I OFFENSES,119,13,"1,863",359,964,314,134,100,71,24,242,120
Other Assaults,135,6,"1,367",357,"1,047",228,128,18,57,3,320,28
Forgery &,,,,,,,,,,,,
Counterfeiting,14,,370,4,59,3,33,6,7,1,35,1
Fraud,122,,236,2,43,4,23,,7,,104,
Embezzlement,1,1,19,,34,5,12,1,1,,6,
"Stolen Property: Buy,",,,,,,,,,,,,
"Receiving, Poss.",4,,29,5,13,3,,,3,,4,1
Vandalism,20,2,110,43,61,48,21,11,4,1,39,30
Weapons:,,,,,,,,,,,,
"Possessing, Etc.",13,,270,38,145,28,10,4,11,1,9,5
Prostitution &,,,,,,,,,,,,
Commercialized Vice,,,126,3,45,,,,,,,
Sex Offenses (except,,,,,,,,,,,,
Rape & Prostitution),2,,51,16,22,8,3,2,1,,7,1
Narcotic Drug Laws:,,,,,,,,,,,,
Sale/Manufacture,93,1,858,77,98,8,10,,6,1,14,
Narcotic Drug Laws:,,,,,,,,,,,,
Possession,102,2,"1,505",97,274,47,39,8,27,7,59,12
Gambling,,,2,5,,,,,,,,
Offenses Against,,,,,,,,,,,,
the Family,9,,52,27,55,,2,,,,2,
Driving Under the,,,,,,,,,,,,
Influence,114,,434,2,368,3,124,1,60,1,109,5
Liquor Laws,479,24,55,14,124,3,8,,31,8,23,22
Public Drunkenness,277,,"1,044",7,"1,640",5,149,4,62,,177,3
Disorderly Conduct,17,,166,156,42,88,12,8,3,4,38,25
All Other (except Traffic),616,4,"5,956",272,"2,695",231,446,58,183,11,201,36
Curfew & Loitering,,,,68,,9,,,,3,,
"Runaways, Juveniles",,,,,,,,,,,,
Apprehended,,4,,,,241,,5,,,,
SUBTOTAL FOR,,,,,,,,,,,,
PART II OFFENSES,"2,018",44,"12,650","1,193","6,765",962,"1,020",126,463,41,"1,147",169
TOTAL,"2,137",57,"14,513","1,552","7,729","1,276","1,154",226,534,65,"1,389",289
,,,,,,,,,,,,123
