Name: “Table 1 of 1 on page 43 of 136”,Name: “Table 1 of 1 on page 43 of 136”,Name: “Table 1 of 1 on page 43 of 136”,Name: “Table 1 of 1 on page 43 of 136”,Name: “Table 1 of 1 on page 43 of 136”,Name: “Table 1 of 1 on page 43 of 136”,Name: “Table 1 of 1 on page 43 of 136”
Table: 43,Table: 43,Table: 43,Table: 43,Table: 43,Table: 43,Table: 43
,,,,,,
,Motor Vehicle Theft,Motor Vehicle Theft,Motor Vehicle Theft,Motor Vehicle Theft,,
,"AGE, GENDER AND RACE OF VICTIM","AGE, GENDER AND RACE OF VICTIM","AGE, GENDER AND RACE OF VICTIM","AGE, GENDER AND RACE OF VICTIM",,
,,Male,,,Female,
Race,0 - 18,19 - 35,36+,0 - 18,19 - 35,36+
White,161,1018,1414,85,694,903
Black,65,554,674,85,631,726
Am. Ind./Alskn,0,4,2,0,2,3
Asian/Pacfc Isl.,4,20,26,3,15,13
Unknown,33,36,54,26,28,49
TOTAL,263,1632,2170,199,1370,1694
,"AGE, GENDER AND RACE OF OFFENDER","AGE, GENDER AND RACE OF OFFENDER","AGE, GENDER AND RACE OF OFFENDER","AGE, GENDER AND RACE OF OFFENDER","AGE, GENDER AND RACE OF OFFENDER",
,,Male,,,Female,
Race,0 - 18,19 - 35,36+,0 - 18,19 - 35,36+
White,512,849,256,203,210,78
Black,799,1000,293,94,143,55
Am. Ind./Alskn,1,4,0,0,0,0
Asian/Pacfc Isl.,7,6,0,3,4,0
Unknown,46,22,17,7,9,5
TOTAL,1365,1881,566,307,366,138
,,,,,,35
