Name: “Table 1 of 1 on page 56 of 136”,Name: “Table 1 of 1 on page 56 of 136”,Name: “Table 1 of 1 on page 56 of 136”,Name: “Table 1 of 1 on page 56 of 136”,Name: “Table 1 of 1 on page 56 of 136”,Name: “Table 1 of 1 on page 56 of 136”,Name: “Table 1 of 1 on page 56 of 136”,Name: “Table 1 of 1 on page 56 of 136”
Table: 56,Table: 56,Table: 56,Table: 56,Table: 56,Table: 56,Table: 56,Table: 56
,,,,,,,
,Other Property Crimes By Day of Week,Other Property Crimes By Day of Week,Other Property Crimes By Day of Week,Other Property Crimes By Day of Week,Other Property Crimes By Day of Week,Other Property Crimes By Day of Week,
Days of Week/,,,,,,,
Number of Offenses,Monday,Tuesday,Wednesday,Thursday,Friday,Saturday,Sunday
Bribery,0,3,2,5,0,1,2
Counterfeiting/,,,,,,,
Forgery,746,707,733,760,895,604,458
Destruction/,,,,,,,
Vandalism,6734,6370,6262,6381,7876,7842,6993
Embezzlement,199,165,180,170,229,159,106
Extortion,,,,,,,
Fraud,728,687,613,674,718,593,384
Stolen,,,,,,,
Property,107,93,101,89,105,100,89
Resident Status of Victims,,Resident,,Nonresident,,Unknown,
Number,,77879,,27026,,27586,
,Victims and Offenders of Property Crimes By Race and Gender,Victims and Offenders of Property Crimes By Race and Gender,Victims and Offenders of Property Crimes By Race and Gender,Victims and Offenders of Property Crimes By Race and Gender,Victims and Offenders of Property Crimes By Race and Gender,Victims and Offenders of Property Crimes By Race and Gender,
Race,,,,Victims,,Offenders,
,,,Male,Female,,Male,Female
White,,,54021,40365,36911,36911,13047
Black,,,15472,16735,27964,27964,8088
American Ind/Alaskan,,,71,72,,54,21
Asian/Pacific Isl,,,810,532,,421,168
Unknown,,,2183,1696,,2029,648
Total,,,72557,59400,67379,67379,21972
48,,,,,,,
