Name: “Table 1 of 1 on page 42 of 136”,Name: “Table 1 of 1 on page 42 of 136”,Name: “Table 1 of 1 on page 42 of 136”,Name: “Table 1 of 1 on page 42 of 136”,Name: “Table 1 of 1 on page 42 of 136”,Name: “Table 1 of 1 on page 42 of 136”,Name: “Table 1 of 1 on page 42 of 136”,Name: “Table 1 of 1 on page 42 of 136”,Name: “Table 1 of 1 on page 42 of 136”,Name: “Table 1 of 1 on page 42 of 136”,Name: “Table 1 of 1 on page 42 of 136”,Name: “Table 1 of 1 on page 42 of 136”,Name: “Table 1 of 1 on page 42 of 136”
Table: 42,Table: 42,Table: 42,Table: 42,Table: 42,Table: 42,Table: 42,Table: 42,Table: 42,Table: 42,Table: 42,Table: 42,Table: 42
,,,,,,,,,,,,
,,,,All cases where motor vehicles are taken by persons not having lawful,All cases where motor vehicles are taken by persons not having lawful,All cases where motor vehicles are taken by persons not having lawful,All cases where motor vehicles are taken by persons not having lawful,All cases where motor vehicles are taken by persons not having lawful,All cases where motor vehicles are taken by persons not having lawful,All cases where motor vehicles are taken by persons not having lawful,All cases where motor vehicles are taken by persons not having lawful,All cases where motor vehicles are taken by persons not having lawful
,Motor Vehicle,Motor Vehicle,,access even though the vehicles are later abandoned are counted in this,access even though the vehicles are later abandoned are counted in this,access even though the vehicles are later abandoned are counted in this,access even though the vehicles are later abandoned are counted in this,access even though the vehicles are later abandoned are counted in this,access even though the vehicles are later abandoned are counted in this,access even though the vehicles are later abandoned are counted in this,access even though the vehicles are later abandoned are counted in this,access even though the vehicles are later abandoned are counted in this
,Theft,,,offense.,Joyriding is included.,Joyriding is included.,Joyriding is included.,,,,,
,,,,Unauthorized use by chauffeurs and others having lawful access to the,Unauthorized use by chauffeurs and others having lawful access to the,Unauthorized use by chauffeurs and others having lawful access to the,Unauthorized use by chauffeurs and others having lawful access to the,Unauthorized use by chauffeurs and others having lawful access to the,Unauthorized use by chauffeurs and others having lawful access to the,Unauthorized use by chauffeurs and others having lawful access to the,Unauthorized use by chauffeurs and others having lawful access to the,Unauthorized use by chauffeurs and others having lawful access to the
,,,,vehicle is not included in motor vehicle theft.,vehicle is not included in motor vehicle theft.,vehicle is not included in motor vehicle theft.,vehicle is not included in motor vehicle theft.,vehicle is not included in motor vehicle theft.,vehicle is not included in motor vehicle theft.,,,
,,,,"The IBR submission agencies reported 8,289 offenses of motor vehicle","The IBR submission agencies reported 8,289 offenses of motor vehicle","The IBR submission agencies reported 8,289 offenses of motor vehicle","The IBR submission agencies reported 8,289 offenses of motor vehicle","The IBR submission agencies reported 8,289 offenses of motor vehicle","The IBR submission agencies reported 8,289 offenses of motor vehicle","The IBR submission agencies reported 8,289 offenses of motor vehicle","The IBR submission agencies reported 8,289 offenses of motor vehicle","The IBR submission agencies reported 8,289 offenses of motor vehicle"
,,,,theft.,July and August had the greatest occurrence of offenses reported.,July and August had the greatest occurrence of offenses reported.,July and August had the greatest occurrence of offenses reported.,July and August had the greatest occurrence of offenses reported.,July and August had the greatest occurrence of offenses reported.,July and August had the greatest occurrence of offenses reported.,July and August had the greatest occurrence of offenses reported.,July and August had the greatest occurrence of offenses reported.
,,,,,,MONTHS,MONTHS,,,,,
,850,,,,,,,,,,,
,780,,,,,,,,,,,
O,,,,,,,,,,,,
F,,,,,,,,,,,,
F,710,,,,,,,,,,,
E,,,,,,,,,,,,
N,,,,,,,,,,,,
S,,,,,,,,,,,,
E,,,,,,,,,,,,
S,,,,,,,,,,,,
,640,,,,,,,,,,,
,570,,,,,,,,,,,
,500,,,,,,,,,,,
,JAN,FEB,MAR,APR,MAY,JUN,JUL,AUG,SEP,OCT,NOV,DEC
34,,,,,,,,,,,,
