Name: “Table 1 of 1 on page 20 of 136”,Name: “Table 1 of 1 on page 20 of 136”,Name: “Table 1 of 1 on page 20 of 136”,Name: “Table 1 of 1 on page 20 of 136”,Name: “Table 1 of 1 on page 20 of 136”,Name: “Table 1 of 1 on page 20 of 136”,Name: “Table 1 of 1 on page 20 of 136”
Table: 20,Table: 20,Table: 20,Table: 20,Table: 20,Table: 20,Table: 20
,,,,,,
,,Murder/Nonnegligent Manslaughter,Murder/Nonnegligent Manslaughter,Murder/Nonnegligent Manslaughter,Murder/Nonnegligent Manslaughter,
,,"OFFENDERS BY AGE, GENDER, AND RACE","OFFENDERS BY AGE, GENDER, AND RACE","OFFENDERS BY AGE, GENDER, AND RACE",,
,,,Am Indian/,Asian/,,
Age,Gender,White,Black,,Unk,Total
,,,Alskn Native,Pacific Isl,,
Under 10,M,,,,,
,F,,,,,
,U,,,,,
10-14,M,,2,,,2
,F,1,1,,,2
,U,,,,,
15-19,M,3,13,,,16
,F,5,1,,,6
,U,,,,,
20-24,M,12,21,1,,34
,F,3,,,,3
,U,,,,,
25-29,M,10,12,,,22
,F,2,2,,,4
,U,,1,,,1
30-34,M,5,10,,,15
,F,2,,,,2
,U,,,,,
35-39,M,9,9,,,18
,F,,,,,
,U,,,,,
40-44,M,8,1,,,9
,F,1,2,,,3
,U,,,,,
45-49,M,4,1,,,5
,F,2,1,,,3
,U,,,,,
50-54,M,4,4,,,8
,F,,,,,
,U,,,,,
55-59,M,1,3,,,4
,F,,,,,
,U,,,,,
60-64,M,4,,,,4
,F,1,,,,1
,U,,,,,
65 & Over,M,3,2,,,5
,F,1,,,,1
,U,,,,,
Unknown,M,2,6,1,1,10
,F,,,,,
,U,,,,15,15
,M,65,84,2,1,152
TOTAL,F,16,8,,,24
,U,,1,,15,16
12,,,,,,
