Name: “Table 1 of 1 on page 4 of 136”,Name: “Table 1 of 1 on page 4 of 136”
Table: 4,Table: 4
,
Foreword,
"Crime is of great concern to all citizens of Virginia. By use of crime statistics, criminal justice agencies can",
make an informed decision concerning the most efficient and effective manner in which to dedicate their limited,
resources toward the reduction of crime in their communities. The Uniform Crime Reporting (UCR) Program,
is a system of collecting and analyzing crime statistics gathered on selected crimes by participating law,
enforcement agencies throughout the State. We acknowledge the efforts made by these agencies in making this,
report accurate and concise.,
"With this publication, we begin reporting Uniform Crime in an Incident Based format.",The new Incident
Based Reporting central respository went into production in January 1994. At that time all contributing agencies,
were given five years to convert their summary system into an incident based system. All agencies have not,
"completed this process; therefore, for this year only we are unable to provide complete statewide totals for",
Virginia. We list in this annual report totals for IBR agencies and separate totals for summary reporting agencies.,
"The statewide population for this publication, 6,873,200, are 1999 estimates provided by the Center For Public",
"Service, University of Virginia.",
"In accordance with the Code of Virginia, the Department of State Police, as the central repository, collects",
crime information from participating agencies; the most accurate information available in Virginia is used to,
"generate the statistics contained in this publication. UCR statistics were originally for police agencies only, but",
community concern has generated a use by both public and private sources. This use increases yearly. The UCR,
information has become the primary vehicle used to evaluate levels of criminal activity in jurisdictions,
throughout Virginia.,
The participation and cooperation of all agencies making this publication possible is sincerely appreciated.,
The quality of the program continues to be maintained through their cooperative efforts.,
Lieutenant Colonel W. Gerald Massengill,
Acting Superintendent,
,iii
