Name: “Table 1 of 1 on page 22 of 136”,Name: “Table 1 of 1 on page 22 of 136”,Name: “Table 1 of 1 on page 22 of 136”,Name: “Table 1 of 1 on page 22 of 136”,Name: “Table 1 of 1 on page 22 of 136”,Name: “Table 1 of 1 on page 22 of 136”,Name: “Table 1 of 1 on page 22 of 136”,Name: “Table 1 of 1 on page 22 of 136”,Name: “Table 1 of 1 on page 22 of 136”,Name: “Table 1 of 1 on page 22 of 136”,Name: “Table 1 of 1 on page 22 of 136”,Name: “Table 1 of 1 on page 22 of 136”,Name: “Table 1 of 1 on page 22 of 136”,Name: “Table 1 of 1 on page 22 of 136”
Table: 22,Table: 22,Table: 22,Table: 22,Table: 22,Table: 22,Table: 22,Table: 22,Table: 22,Table: 22,Table: 22,Table: 22,Table: 22,Table: 22
,,,,,,,,,,,,,
,,,,Forcible Sex Offenses,Forcible Sex Offenses,Forcible Sex Offenses,Forcible Sex Offenses,Forcible Sex Offenses,Forcible Sex Offenses,,,,
"Forcible sex offenses include forcible rape, forcible sodomy, sexual assault with an object, and forcible","Forcible sex offenses include forcible rape, forcible sodomy, sexual assault with an object, and forcible","Forcible sex offenses include forcible rape, forcible sodomy, sexual assault with an object, and forcible","Forcible sex offenses include forcible rape, forcible sodomy, sexual assault with an object, and forcible","Forcible sex offenses include forcible rape, forcible sodomy, sexual assault with an object, and forcible","Forcible sex offenses include forcible rape, forcible sodomy, sexual assault with an object, and forcible","Forcible sex offenses include forcible rape, forcible sodomy, sexual assault with an object, and forcible","Forcible sex offenses include forcible rape, forcible sodomy, sexual assault with an object, and forcible","Forcible sex offenses include forcible rape, forcible sodomy, sexual assault with an object, and forcible","Forcible sex offenses include forcible rape, forcible sodomy, sexual assault with an object, and forcible","Forcible sex offenses include forcible rape, forcible sodomy, sexual assault with an object, and forcible","Forcible sex offenses include forcible rape, forcible sodomy, sexual assault with an object, and forcible","Forcible sex offenses include forcible rape, forcible sodomy, sexual assault with an object, and forcible",
fondling.,Additional information on these offenses can be found in the violent crime section of this report.,Additional information on these offenses can be found in the violent crime section of this report.,Additional information on these offenses can be found in the violent crime section of this report.,Additional information on these offenses can be found in the violent crime section of this report.,Additional information on these offenses can be found in the violent crime section of this report.,Additional information on these offenses can be found in the violent crime section of this report.,Additional information on these offenses can be found in the violent crime section of this report.,Additional information on these offenses can be found in the violent crime section of this report.,Additional information on these offenses can be found in the violent crime section of this report.,Additional information on these offenses can be found in the violent crime section of this report.,Additional information on these offenses can be found in the violent crime section of this report.,Additional information on these offenses can be found in the violent crime section of this report.,
Relationship of Victim to Offender,Relationship of Victim to Offender,Relationship of Victim to Offender,Relationship of Victim to Offender,Relationship of Victim to Offender,Relationship of Victim to Offender,,,,,,,,
Spouse,,,,,56,,,Resident Status,Resident Status,Resident Status,,,
Common-Law Spouse,Common-Law Spouse,Common-Law Spouse,,,2,,,,of Victim,of Victim,,,
Parent,,,,,12,,,,,,,,
,,,,,,,,Resident,Resident,,1802,1802,
Sibling,,,,,66,,,,,,,,
,,,,,,,,Nonresident,Nonresident,Nonresident,,403,
Child,,,,,188,,,Unknown,Unknown,,,802,
Grandparent,Grandparent,,,,4,,,,,,,,
Grandchild,Grandchild,,,,39,,,Total Victims,Total Victims,Total Victims,3007,3007,
In-Law,,,,,10,,,,,,,,
Stepparent,,,,,26,,,,,,,,
Stepchild,,,,,69,,,,,,,,
Stepsibling,Stepsibling,,,,27,,,,,,,,
Other Family Member,Other Family Member,Other Family Member,,,189,,,How Suspect,How Suspect,How Suspect,Number,Number,
Acquaintance,Acquaintance,,,,789,,,,Left Scene,Left Scene,,,
Friend,,,,,263,,,Auto,Auto,,,142,
Neighbor,,,,,82,,,Truck,Truck,,,19,
Babysittee,,,,,32,,,Van,Van,,,9,
Boyfriend/Girlfriend,Boyfriend/Girlfriend,Boyfriend/Girlfriend,,,149,,,Motorcycle,Motorcycle,Motorcycle,,1,
Child of Boyfriend/Girlfriend,Child of Boyfriend/Girlfriend,Child of Boyfriend/Girlfriend,Child of Boyfriend/Girlfriend,,35,,,Bicycle,Bicycle,,,11,
Homosexual Relationship,Homosexual Relationship,Homosexual Relationship,Homosexual Relationship,,2,,,Foot,Foot,,214,214,
Ex-Spouse,,,,,9,,,Moped,Moped,,,0,
Employee,,,,,9,,,Other,Other,,,63,
Employer,,,,,5,,,Unknown,Unknown,,254,254,
Otherwise Known,Otherwise Known,Otherwise Known,,,201,,,,,,,,
Stranger,,,,,212,,,Total,Total,,,713,
Unknown,,,,,390,,,,,,,,
Total,,,,2866,2866,,,,,,,,
,Forcible Sex Offenses By Day of Week And Time of Day,Forcible Sex Offenses By Day of Week And Time of Day,Forcible Sex Offenses By Day of Week And Time of Day,Forcible Sex Offenses By Day of Week And Time of Day,Forcible Sex Offenses By Day of Week And Time of Day,Forcible Sex Offenses By Day of Week And Time of Day,Forcible Sex Offenses By Day of Week And Time of Day,Forcible Sex Offenses By Day of Week And Time of Day,Forcible Sex Offenses By Day of Week And Time of Day,Forcible Sex Offenses By Day of Week And Time of Day,,,
Day/Time,00:00,02:00,04:00,06:00,08:00,10:00,12:00,14:00,16:00,18:00,20:00,22:00,
,01:59,03:59,05:59,07:59,09:59,11:59,13:59,15:59,17:59,19:59,21:59,23:59,Unk
Monday,73,18,13,10,30,36,35,37,34,22,32,35,45
Tuesday,59,15,8,12,25,28,25,40,37,32,31,27,49
Wednesday,53,17,7,12,31,28,26,46,36,22,21,39,37
Thursday,56,16,9,14,18,20,28,40,49,25,36,34,47
Friday,91,19,11,12,30,24,26,40,43,39,45,54,63
Saturday,50,43,21,15,23,17,27,27,34,27,32,49,34
Sunday,52,43,21,10,20,19,27,20,24,26,36,36,46
TOTAL,434,171,90,85,177,172,194,250,257,193,233,274,321
14,,,,,,,,,,,,,
