Name: “Table 1 of 1 on page 16 of 136”,Name: “Table 1 of 1 on page 16 of 136”
Table: 16,Table: 16
,
IBR Agencies’ Group A Offenses,IBR Agencies’ Group A Offenses
"255,133 Offenses Reported - One every 2 Min. 4 Sec.","255,133 Offenses Reported - One every 2 Min. 4 Sec."
Crimes Against The Person,
"52,181 Offenses Reported - One every 10 Min. 4 Sec.",
Homicide,Crimes Against Property
167 Offenses Reported,"179,156 Offenses Reported - One every 2 Min. 56 Sec."
Kidnapping/Abduction,Robbery
810 Offenses Reported,"2,643 Offenses Reported"
Forcible Sex Offenses,Arson
"2,851 Offenses Reported",922 Offenses Reported
Assault Offenses,Extortion/Blackmail
"48,220 Offenses Reported",54 Offenses Reported
Nonforcible Sex Offenses,Burglary
133 Offenses Reported,"17,112 Offenses Reported"
,Larceny
,"90,473 Offenses Reported"
Crimes Against Society,Motor Vehicle Theft
"23,796 Offenses Reported - One every 22 Min. 5 Sec.","8,289 Offenses Reported"
Drug Offenses,Counterfeiting/Forgery
"17,556 Offenses Reported","4,903 Offenses Reported"
Pornography/Obscene Material,Fraud
76 Offenses Reported,"4,397 Offenses Reported"
Gambling Offenses,Embezzlement
25 Offenses Reported,"1,208 Offenses Reported"
Prostitution,Stolen Property
281 Offenses Reported,684 Offenses Reported
Weapon Law Violations,Damage/Vandalism
"5,858 Offenses Reported","48,458 Offenses Reported"
,Bribery
,13 Offenses Reported
8,
