Name: “Table 1 of 1 on page 29 of 136”,Name: “Table 1 of 1 on page 29 of 136”,Name: “Table 1 of 1 on page 29 of 136”,Name: “Table 1 of 1 on page 29 of 136”,Name: “Table 1 of 1 on page 29 of 136”,Name: “Table 1 of 1 on page 29 of 136”,Name: “Table 1 of 1 on page 29 of 136”
Table: 29,Table: 29,Table: 29,Table: 29,Table: 29,Table: 29,Table: 29
,,,,,,
Victims And Offenders of Robberies,Victims And Offenders of Robberies,Victims And Offenders of Robberies,Victims And Offenders of Robberies,Victims And Offenders of Robberies,Victims And Offenders of Robberies,
,"AGE, GENDER AND RACE OF VICTIM","AGE, GENDER AND RACE OF VICTIM","AGE, GENDER AND RACE OF VICTIM","AGE, GENDER AND RACE OF VICTIM",,
,,Male,,,Female,
Race/Age,0 - 18,19 - 35,36+,0 - 18,19 - 35,36+
White,193,448,282,24,222,208
Black,133,466,251,21,174,97
Am. Ind./Alskn,,1,1,,,
Asian/Pacfc Isl.,3,19,19,3,10,12
Unknown,8,14,10,5,2,1
TOTAL,337,948,563,53,408,318
,"AGE, GENDER AND RACE OF OFFENDER","AGE, GENDER AND RACE OF OFFENDER","AGE, GENDER AND RACE OF OFFENDER","AGE, GENDER AND RACE OF OFFENDER",,
,,Male,,,Female,
Race/Age,0 - 18,19 - 35,36+,0 - 18,19 - 35,36+
White,160,310,60,26,33,7
Black,928,1434,235,40,47,14
Am. Ind./Alskn,,1,,,,
Asian/Pacfc Isl.,8,5,,,,
Unknown,40,25,2,1,1,
TOTAL,1136,1775,297,67,81,21
,,,,,,21
