Name: “Table 1 of 1 on page 129 of 136”,Name: “Table 1 of 1 on page 129 of 136”,Name: “Table 1 of 1 on page 129 of 136”,Name: “Table 1 of 1 on page 129 of 136”,Name: “Table 1 of 1 on page 129 of 136”,Name: “Table 1 of 1 on page 129 of 136”,Name: “Table 1 of 1 on page 129 of 136”,Name: “Table 1 of 1 on page 129 of 136”,Name: “Table 1 of 1 on page 129 of 136”,Name: “Table 1 of 1 on page 129 of 136”,Name: “Table 1 of 1 on page 129 of 136”,Name: “Table 1 of 1 on page 129 of 136”,Name: “Table 1 of 1 on page 129 of 136”
Table: 128,Table: 128,Table: 128,Table: 128,Table: 128,Table: 128,Table: 128,Table: 128,Table: 128,Table: 128,Table: 128,Table: 128,Table: 128
,,,,,,,,,,,,
,,Adult and Juvenile Arrests,Adult and Juvenile Arrests,Adult and Juvenile Arrests,Adult and Juvenile Arrests,Adult and Juvenile Arrests,Adult and Juvenile Arrests,Adult and Juvenile Arrests,,,,
,,"By County, City and Other","By County, City and Other","By County, City and Other","By County, City and Other","By County, City and Other","By County, City and Other","By County, City and Other",,,,
,Hopewell,Hopewell,Lexington,Lexington,Lynchburg,Lynchburg,Manassas,Manassas,Manassas Park,Manassas Park,Martinsville,Martinsville
OFFENSES,Adult,Juv,Adult,Juv,Adult,Juv,Adult,Juv,Adult,Juv,Adult,Juv
Murder,,,,,6,,,,2,,2,
Manslaughter,,,,,1,,,,,,,
Forcible Rape,,,,1,5,1,,,,,1,
Robbery,7,1,,,22,2,1,,,,14,2
Aggravated Assault,10,,3,1,85,4,8,,6,,30,3
Burglary,8,1,5,,54,5,,,7,6,22,13
Larceny,21,4,8,4,410,153,26,,24,18,85,14
Motor Vehicle Theft,,,,1,15,1,5,,5,2,5,2
Arson,,,,,1,,,,,3,2,
SUBTOTAL FOR,,,,,,,,,,,,
PART I OFFENSES,46,6,16,7,599,166,40,,44,29,161,34
Other Assaults,75,,20,,"1,123",50,69,1,46,10,231,23
Forgery &,,,,,,,,,,,,
Counterfeiting,1,,1,,49,2,3,,3,,34,1
Fraud,3,,,,204,,6,1,12,1,18,
Embezzlement,2,,,,7,,,,3,,4,
"Stolen Property: Buy,",,,,,,,,,,,,
"Receiving, Poss.",2,,,,7,7,1,,,2,,
Vandalism,8,,5,,76,11,8,,10,4,24,1
Weapons:,,,,,,,,,,,,
"Possessing, Etc.",7,1,4,,98,12,7,,2,2,10,2
Prostitution &,,,,,,,,,,,,
Commercialized Vice,,,,,22,2,,,,,1,
Sex Offenses (except,,,,,,,,,,,,
Rape & Prostitution),4,,,,31,1,1,,1,,4,
Narcotic Drug Laws:,,,,,,,,,,,,
Sale/Manufacture,2,,20,,130,9,7,,1,,,
Narcotic Drug Laws:,,,,,,,,,,,,
Possession,23,,9,2,381,20,38,,12,9,37,5
Gambling,,,,,11,,,,,,,
Offenses Against,,,,,,,,,,,,
the Family,4,,,,41,,2,,,,3,
Driving Under the,,,,,,,,,,,,
Influence,1,,47,1,250,,206,2,44,1,56,1
Liquor Laws,,,13,2,305,23,83,12,10,1,5,5
Public Drunkenness,15,,55,1,535,4,326,,38,,117,1
Disorderly Conduct,2,,6,1,84,23,31,1,11,3,23,8
All Other (except Traffic),83,12,29,1,"1,811",186,420,42,145,35,350,42
Curfew & Loitering,,,,3,,,,,,,,
"Runaways, Juveniles",,,,,,,,,,,,
Apprehended,,,,,,,,,,,,
SUBTOTAL FOR,,,,,,,,,,,,
PART II OFFENSES,232,13,209,11,"5,165",350,"1,208",59,338,68,917,89
TOTAL,278,19,225,18,"5,764",516,"1,248",59,382,97,"1,078",123
,,,,,,,,,,,,121
