Name: “Table 1 of 1 on page 23 of 136”,Name: “Table 1 of 1 on page 23 of 136”,Name: “Table 1 of 1 on page 23 of 136”,Name: “Table 1 of 1 on page 23 of 136”,Name: “Table 1 of 1 on page 23 of 136”,Name: “Table 1 of 1 on page 23 of 136”,Name: “Table 1 of 1 on page 23 of 136”
Table: 23,Table: 23,Table: 23,Table: 23,Table: 23,Table: 23,Table: 23
,,,,,,
Victims And Offenders of Forcible Sex Offenses,Victims And Offenders of Forcible Sex Offenses,Victims And Offenders of Forcible Sex Offenses,Victims And Offenders of Forcible Sex Offenses,Victims And Offenders of Forcible Sex Offenses,Victims And Offenders of Forcible Sex Offenses,
,"AGE, GENDER AND RACE OF VICTIM","AGE, GENDER AND RACE OF VICTIM","AGE, GENDER AND RACE OF VICTIM","AGE, GENDER AND RACE OF VICTIM",,
,,Male,,,Female,
Race/Age,0 - 18,19 - 35,36+,0 - 18,19 - 35,36+
White,255,34,17,1158,470,202
Black,105,9,6,434,182,73
Am. Ind./Alskn,0,0,0,1,1,0
Asian/Pacfc Isl.,1,0,0,8,10,2
Unknown,9,0,0,20,7,0
TOTAL,370,43,23,1621,670,277
,"AGE, GENDER AND RACE OF OFFENDER","AGE, GENDER AND RACE OF OFFENDER","AGE, GENDER AND RACE OF OFFENDER","AGE, GENDER AND RACE OF OFFENDER","AGE, GENDER AND RACE OF OFFENDER",
,,Male,,,Female,
Race/Age,0 - 18,19 - 35,36+,0 - 18,19 - 35,36+
White,454,718,515,25,28,18
Black,352,440,256,8,8,5
Am. Ind./Alskn,1,0,3,0,0,0
Asian/Pacfc Isl.,0,4,8,0,1,0
Unknown,52,8,9,3,0,1
TOTAL,859,1170,791,36,37,24
,,,,,,15
