Name: “Table 1 of 1 on page 118 of 136”,Name: “Table 1 of 1 on page 118 of 136”,Name: “Table 1 of 1 on page 118 of 136”,Name: “Table 1 of 1 on page 118 of 136”,Name: “Table 1 of 1 on page 118 of 136”,Name: “Table 1 of 1 on page 118 of 136”,Name: “Table 1 of 1 on page 118 of 136”,Name: “Table 1 of 1 on page 118 of 136”,Name: “Table 1 of 1 on page 118 of 136”,Name: “Table 1 of 1 on page 118 of 136”,Name: “Table 1 of 1 on page 118 of 136”,Name: “Table 1 of 1 on page 118 of 136”,Name: “Table 1 of 1 on page 118 of 136”
Table: 117,Table: 117,Table: 117,Table: 117,Table: 117,Table: 117,Table: 117,Table: 117,Table: 117,Table: 117,Table: 117,Table: 117,Table: 117
,,,,,,,,,,,,
,Adult and Juvenile Arrests,Adult and Juvenile Arrests,Adult and Juvenile Arrests,Adult and Juvenile Arrests,Adult and Juvenile Arrests,Adult and Juvenile Arrests,Adult and Juvenile Arrests,Adult and Juvenile Arrests,,,,
,"By County, City and Other","By County, City and Other","By County, City and Other","By County, City and Other","By County, City and Other","By County, City and Other","By County, City and Other","By County, City and Other",,,,
,King George,King George,King William,King William,Lancaster,Lancaster,Lee,,Loudoun,Loudoun,Louisa,
OFFENSES,Adult,Juv,Adult,Juv,Adult,Juv,Adult,Juv,Adult,Juv,Adult,Juv
Murder,1,,,,,,1,,1,,,
Manslaughter,,,,,,,,,,,,
Forcible Rape,1,,,,,,3,,2,1,4,
Robbery,2,,,,1,,,,2,4,1,
Aggravated Assault,9,2,5,3,4,,28,1,83,19,26,
Burglary,19,3,17,8,5,2,38,,22,12,15,
Larceny,20,5,12,3,15,1,35,,281,44,25,2
Motor Vehicle Theft,,1,4,1,,,4,,20,15,6,
Arson,,,,,,,1,,,1,,
SUBTOTAL FOR,,,,,,,,,,,,
PART I OFFENSES,52,11,38,15,25,3,110,1,411,96,77,2
Other Assaults,102,19,44,7,35,1,184,,349,58,212,5
Forgery &,,,,,,,,,,,,
Counterfeiting,1,,7,2,7,,3,,17,,27,
Fraud,2,,3,,,,,,43,2,134,
Embezzlement,,,,,,,2,,26,8,1,
"Stolen Property: Buy,",,,,,,,,,,,,
"Receiving, Poss.",4,,4,,2,,,,7,5,9,
Vandalism,8,6,5,2,7,,6,,23,86,20,4
Weapons:,,,,,,,,,,,,
"Possessing, Etc.",12,,2,1,5,,,,22,8,24,
Prostitution &,,,,,,,,,,,,
Commercialized Vice,,,,,,,,,2,,,
Sex Offenses (except,,,,,,,,,,,,
Rape & Prostitution),1,1,2,1,,,5,,5,5,7,
Narcotic Drug Laws:,,,,,,,,,,,,
Sale/Manufacture,43,5,4,,6,2,3,,45,2,29,
Narcotic Drug Laws:,,,,,,,,,,,,
Possession,25,2,15,2,14,4,7,,130,16,39,
Gambling,,,,,,,,,,,,
Offenses Against,,,,,,,,,,,,
the Family,,,,,,,,,,,,
Driving Under the,,,,,,,,,,,,
Influence,82,1,37,2,52,,142,,302,2,84,1
Liquor Laws,13,4,6,2,1,1,21,5,52,9,3,
Public Drunkenness,22,,11,,17,,194,1,244,2,33,
Disorderly Conduct,4,7,,1,4,,11,,12,1,3,1
All Other (except Traffic),149,17,40,7,146,3,733,2,278,77,347,
Curfew & Loitering,,,,,,,,,,22,,
"Runaways, Juveniles",,,,,,,,,,,,
Apprehended,,,,1,,,,,,2,,1
SUBTOTAL FOR,,,,,,,,,,,,
PART II OFFENSES,468,62,180,28,296,11,"1,311",8,"1,557",305,972,12
TOTAL,520,73,218,43,321,14,"1,421",9,"1,968",401,"1,049",14
110,,,,,,,,,,,,
