Name: “Table 1 of 1 on page 19 of 136”,Name: “Table 1 of 1 on page 19 of 136”,Name: “Table 1 of 1 on page 19 of 136”,Name: “Table 1 of 1 on page 19 of 136”,Name: “Table 1 of 1 on page 19 of 136”,Name: “Table 1 of 1 on page 19 of 136”
Table: 19,Table: 19,Table: 19,Table: 19,Table: 19,Table: 19
,,,,,
,Murder/Nonnegligent Manslaughter,Murder/Nonnegligent Manslaughter,Murder/Nonnegligent Manslaughter,Murder/Nonnegligent Manslaughter,
"In all cases of murder reported under this system, data is captured on the victim and suspected offender's","In all cases of murder reported under this system, data is captured on the victim and suspected offender's","In all cases of murder reported under this system, data is captured on the victim and suspected offender's","In all cases of murder reported under this system, data is captured on the victim and suspected offender's","In all cases of murder reported under this system, data is captured on the victim and suspected offender's",
"age, gender, and race. The data below represents victim information for only the murders reported by those","age, gender, and race. The data below represents victim information for only the murders reported by those","age, gender, and race. The data below represents victim information for only the murders reported by those","age, gender, and race. The data below represents victim information for only the murders reported by those","age, gender, and race. The data below represents victim information for only the murders reported by those",
agencies submitting Incident Based Reporting data.,agencies submitting Incident Based Reporting data.,agencies submitting Incident Based Reporting data.,agencies submitting Incident Based Reporting data.,,
,,"VICTIMS BY AGE, GENDER, AND RACE","VICTIMS BY AGE, GENDER, AND RACE",,
,,,Am Indian/,Asian/,
Age,Gender,White,Black,Unk,Total
,,,Alskn Native,Pacific Isl,
Under 10,M,1,1,,2
,F,2,1,,3
,U,,,,
10-14,M,,,,
,F,2,,,2
,U,,,,
15-19,M,4,10,,14
,F,1,1,,2
,U,,,,
20-24,M,2,13,,15
,F,1,3,,4
,U,,,,
25-29,M,3,11,,14
,F,3,3,1,7
,U,,,,
30-34,M,9,6,,15
,F,1,2,,3
,U,,,,
35-39,M,8,12,1,21
,F,6,2,,8
,U,,,,
40-44,M,3,3,,6
,F,3,3,,6
,U,,,,
45-49,M,3,5,,8
,F,1,,,1
,U,,,,
50-54,M,5,1,,6
,F,1,1,,2
,U,,,,
55-59,M,5,,,5
,F,1,,,1
,U,,,,
60-64,M,2,,,2
,F,2,,,2
,U,,,,
65 & Over,M,6,2,,8
,F,4,1,,5
,U,,,,
Unknown,M,,1,,1
,F,,2,,2
,U,,,,
,M,51,70,2,123
TOTAL,F,28,20,1,49
,U,,,,
,,,,,11
