Name: “Table 1 of 1 on page 11 of 136”,Name: “Table 1 of 1 on page 11 of 136”
Table: 11,Table: 11
,
,Crime Factors
,"Crime trends vary from place to place; thus, a review of the statistics and comparison of data should be done with"
"caution. While the causes and origins of crime have been the subject of investigation by many disciplines, Crime in",
Virginia,restricts itself to population size alone to establish a crime rate.
,Some factors believed to affect the type and volume of crime in various places are:
1.,"Population size, density and degree of urbanization;"
2.,Population variations in composition and stability;
3.,Economic conditions and employment availability;
4.,"Mores, cultural conditions, education, and religious characteristics;"
5.,Family cohesiveness;
6.,"Climate, including seasonal weather conditions;"
7.,Effective strength of the police force;
8.,Standards governing appointments to the police force;
9.,"Attitudes and policies of the courts, prosecutors and corrections;"
10.,Citizen attitudes toward crime and police;
11.,The administrative and investigative efficiency of police agencies and the organization and cooperation of
,adjoining and overlapping police jurisdiction;
12.,Crime reporting practices of citizens.
,3
