Name: “Table 1 of 1 on page 41 of 136”,Name: “Table 1 of 1 on page 41 of 136”,Name: “Table 1 of 1 on page 41 of 136”,Name: “Table 1 of 1 on page 41 of 136”,Name: “Table 1 of 1 on page 41 of 136”,Name: “Table 1 of 1 on page 41 of 136”,Name: “Table 1 of 1 on page 41 of 136”
Table: 41,Table: 41,Table: 41,Table: 41,Table: 41,Table: 41,Table: 41
,,,,,,
,Motor Vehicle Theft,Motor Vehicle Theft,Motor Vehicle Theft,Motor Vehicle Theft,,
The theft of a motor vehicle (a self-propelled vehicle,The theft of a motor vehicle (a self-propelled vehicle,The theft of a motor vehicle (a self-propelled vehicle,The theft of a motor vehicle (a self-propelled vehicle,The theft of a motor vehicle (a self-propelled vehicle,The theft of a motor vehicle (a self-propelled vehicle,
"that runs on the surface of land and not on rails, and","that runs on the surface of land and not on rails, and","that runs on the surface of land and not on rails, and","that runs on the surface of land and not on rails, and","that runs on the surface of land and not on rails, and","that runs on the surface of land and not on rails, and",
which fits one of the following descriptions:,which fits one of the following descriptions:,which fits one of the following descriptions:,which fits one of the following descriptions:,which fits one of the following descriptions:,,
"Automobiles - sedans, coupes, station wagons, con-","Automobiles - sedans, coupes, station wagons, con-","Automobiles - sedans, coupes, station wagons, con-","Automobiles - sedans, coupes, station wagons, con-","Automobiles - sedans, coupes, station wagons, con-","Automobiles - sedans, coupes, station wagons, con-",
"vertibles, taxicabs, or other similar motor vehicles","vertibles, taxicabs, or other similar motor vehicles","vertibles, taxicabs, or other similar motor vehicles","vertibles, taxicabs, or other similar motor vehicles","vertibles, taxicabs, or other similar motor vehicles","vertibles, taxicabs, or other similar motor vehicles",
which serve the primary purpose of transporting people,which serve the primary purpose of transporting people,which serve the primary purpose of transporting people,which serve the primary purpose of transporting people,which serve the primary purpose of transporting people,which serve the primary purpose of transporting people,
Buses - motor vehicles which are specifically designed,Buses - motor vehicles which are specifically designed,Buses - motor vehicles which are specifically designed,Buses - motor vehicles which are specifically designed,Buses - motor vehicles which are specifically designed,Buses - motor vehicles which are specifically designed,
(but not necessarily used) to transport groups of people,(but not necessarily used) to transport groups of people,(but not necessarily used) to transport groups of people,(but not necessarily used) to transport groups of people,(but not necessarily used) to transport groups of people,(but not necessarily used) to transport groups of people,
on a commercial basis,on a commercial basis,on a commercial basis,,,,
Recreational Vehicles - motor vehicles which are,Recreational Vehicles - motor vehicles which are,Recreational Vehicles - motor vehicles which are,Recreational Vehicles - motor vehicles which are,Recreational Vehicles - motor vehicles which are,Recreational Vehicles - motor vehicles which are,
specifically,designed,(but,not,necessarily,used),to
transport people and also provide them temporary,transport people and also provide them temporary,transport people and also provide them temporary,transport people and also provide them temporary,transport people and also provide them temporary,transport people and also provide them temporary,
lodging for recreational purposes,lodging for recreational purposes,lodging for recreational purposes,lodging for recreational purposes,lodging for recreational purposes,,
Trucks - motor vehicles which are specifically de-,Trucks - motor vehicles which are specifically de-,Trucks - motor vehicles which are specifically de-,Trucks - motor vehicles which are specifically de-,Trucks - motor vehicles which are specifically de-,Trucks - motor vehicles which are specifically de-,
signed (but not necessarily used) to transport cargo,signed (but not necessarily used) to transport cargo,signed (but not necessarily used) to transport cargo,signed (but not necessarily used) to transport cargo,signed (but not necessarily used) to transport cargo,signed (but not necessarily used) to transport cargo,
"Other Motor Vehicles - any other motor vehicles, e.g.,","Other Motor Vehicles - any other motor vehicles, e.g.,","Other Motor Vehicles - any other motor vehicles, e.g.,","Other Motor Vehicles - any other motor vehicles, e.g.,","Other Motor Vehicles - any other motor vehicles, e.g.,","Other Motor Vehicles - any other motor vehicles, e.g.,",
"motorcycles, motor scooters, trail bikes, mopeds, snow-","motorcycles, motor scooters, trail bikes, mopeds, snow-","motorcycles, motor scooters, trail bikes, mopeds, snow-","motorcycles, motor scooters, trail bikes, mopeds, snow-","motorcycles, motor scooters, trail bikes, mopeds, snow-","motorcycles, motor scooters, trail bikes, mopeds, snow-",
"mobiles, golf carts, etc.","mobiles, golf carts, etc.","mobiles, golf carts, etc.",,,,
,,,,,,33
