Name: “Table 1 of 1 on page 128 of 136”,Name: “Table 1 of 1 on page 128 of 136”,Name: “Table 1 of 1 on page 128 of 136”,Name: “Table 1 of 1 on page 128 of 136”,Name: “Table 1 of 1 on page 128 of 136”,Name: “Table 1 of 1 on page 128 of 136”,Name: “Table 1 of 1 on page 128 of 136”,Name: “Table 1 of 1 on page 128 of 136”,Name: “Table 1 of 1 on page 128 of 136”,Name: “Table 1 of 1 on page 128 of 136”,Name: “Table 1 of 1 on page 128 of 136”,Name: “Table 1 of 1 on page 128 of 136”,Name: “Table 1 of 1 on page 128 of 136”
Table: 127,Table: 127,Table: 127,Table: 127,Table: 127,Table: 127,Table: 127,Table: 127,Table: 127,Table: 127,Table: 127,Table: 127,Table: 127
,,,,,,,,,,,,
,Adult and Juvenile Arrests,Adult and Juvenile Arrests,Adult and Juvenile Arrests,Adult and Juvenile Arrests,Adult and Juvenile Arrests,Adult and Juvenile Arrests,Adult and Juvenile Arrests,Adult and Juvenile Arrests,,,,
,"By County, City and Other","By County, City and Other","By County, City and Other","By County, City and Other","By County, City and Other","By County, City and Other","By County, City and Other","By County, City and Other",,,,
,Falls Church,Falls Church,Franklin,Franklin,Fredericksburg,Fredericksburg,Galax,,Hampton,,Harrisonburg,Harrisonburg
OFFENSES,Adult,Juv,Adult,Juv,Adult,Juv,Adult,Juv,Adult,Juv,Adult,Juv
Murder,,,,,2,,1,,12,1,,
Manslaughter,,,,,,,,,1,,,
Forcible Rape,1,,1,,3,,1,,21,2,3,
Robbery,3,,8,1,11,,1,,85,18,6,
Aggravated Assault,7,2,6,2,28,1,10,,346,29,35,4
Burglary,,,5,8,5,,4,4,138,43,7,1
Larceny,40,6,73,18,176,47,66,10,623,377,59,9
Motor Vehicle Theft,4,2,6,3,3,,6,2,18,23,5,1
Arson,,,1,,,1,,,4,,,
SUBTOTAL FOR,,,,,,,,,,,,
PART I OFFENSES,55,10,100,32,228,49,89,16,"1,248",493,115,15
Other Assaults,35,3,91,6,227,17,68,2,901,177,140,10
Forgery &,,,,,,,,,,,,
Counterfeiting,6,,6,,24,,20,,108,13,33,
Fraud,24,1,,,96,,2,,286,8,28,
Embezzlement,3,,4,,6,,1,,58,2,8,2
"Stolen Property: Buy,",,,,,,,,,,,,
"Receiving, Poss.",,4,5,1,1,3,2,,73,24,3,
Vandalism,3,3,11,,4,5,18,3,32,62,19,3
Weapons:,,,,,,,,,,,,
"Possessing, Etc.",6,2,10,,18,3,3,1,214,28,23,
Prostitution &,,,,,,,,,,,,
Commercialized Vice,,,,,,,,,9,1,1,
Sex Offenses (except,,,,,,,,,,,,
Rape & Prostitution),1,1,2,,5,,2,,54,25,2,1
Narcotic Drug Laws:,,,,,,,,,,,,
Sale/Manufacture,1,,8,,39,2,7,1,446,11,28,2
Narcotic Drug Laws:,,,,,,,,,,,,
Possession,16,5,44,1,144,14,26,2,375,113,150,5
Gambling,,,,,,,,,,,,
Offenses Against,,,,,,,,,,,,
the Family,2,,,,13,,4,,17,1,2,
Driving Under the,,,,,,,,,,,,
Influence,47,,35,1,8,,81,1,550,1,156,1
Liquor Laws,111,6,41,2,38,5,24,5,23,14,140,11
Public Drunkenness,133,5,44,1,277,,123,,925,2,372,4
Disorderly Conduct,82,3,23,1,22,,21,3,151,28,179,7
All Other (except Traffic),199,13,273,3,367,70,120,8,"2,428",133,"1,139",52
Curfew & Loitering,,2,,7,,3,,3,,127,,
"Runaways, Juveniles",,,,,,,,,,,,
Apprehended,,,,,,,,,,357,,
SUBTOTAL FOR,,,,,,,,,,,,
PART II OFFENSES,669,48,597,23,"1,289",122,522,29,"6,650","1,127","2,423",98
TOTAL,724,58,697,55,"1,517",171,611,45,"7,898","1,620","2,538",113
120,,,,,,,,,,,,
