Name: “Table 1 of 1 on page 32 of 136”,Name: “Table 1 of 1 on page 32 of 136”,Name: “Table 1 of 1 on page 32 of 136”,Name: “Table 1 of 1 on page 32 of 136”,Name: “Table 1 of 1 on page 32 of 136”,Name: “Table 1 of 1 on page 32 of 136”,Name: “Table 1 of 1 on page 32 of 136”
Table: 32,Table: 32,Table: 32,Table: 32,Table: 32,Table: 32,Table: 32
,,,,,,
Victims And Offenders of Aggravated Assault Offenses,Victims And Offenders of Aggravated Assault Offenses,Victims And Offenders of Aggravated Assault Offenses,Victims And Offenders of Aggravated Assault Offenses,Victims And Offenders of Aggravated Assault Offenses,Victims And Offenders of Aggravated Assault Offenses,Victims And Offenders of Aggravated Assault Offenses
,RACE BY AGE AND GENDER OF VICTIM,RACE BY AGE AND GENDER OF VICTIM,RACE BY AGE AND GENDER OF VICTIM,RACE BY AGE AND GENDER OF VICTIM,RACE BY AGE AND GENDER OF VICTIM,
,,Male,,,Female,
Race/Age,0 - 17,18 - 35,36+,0 - 17,18 - 35,36+
White,579,1333,788,327,730,448
Black,299,1015,594,188,666,304
Am. Ind./Alskn,0,1,1,0,2,0
Asian/Pacfc Isl.,3,12,3,1,13,5
Unknown,61,25,10,79,13,7
TOTAL,942,2386,1396,595,1424,764
,RACE BY AGE AND GENDER OF OFFENDER,RACE BY AGE AND GENDER OF OFFENDER,RACE BY AGE AND GENDER OF OFFENDER,RACE BY AGE AND GENDER OF OFFENDER,RACE BY AGE AND GENDER OF OFFENDER,
,,Male,,,Female,
Race/Age,0 - 17,18 - 35,36+,0 - 17,18 - 35,36+
White,563,1602,930,122,436,258
Black,681,1432,610,189,546,203
Am. Ind./Alskn,0,0,3,0,1,0
Asian/Pacfc Isl.,9,21,4,0,3,0
Unknown,51,12,5,12,6,3
TOTAL,1304,3067,1552,323,992,464
24,,,,,,
