Name: “Table 1 of 1 on page 113 of 136”,Name: “Table 1 of 1 on page 113 of 136”,Name: “Table 1 of 1 on page 113 of 136”,Name: “Table 1 of 1 on page 113 of 136”,Name: “Table 1 of 1 on page 113 of 136”,Name: “Table 1 of 1 on page 113 of 136”,Name: “Table 1 of 1 on page 113 of 136”,Name: “Table 1 of 1 on page 113 of 136”,Name: “Table 1 of 1 on page 113 of 136”,Name: “Table 1 of 1 on page 113 of 136”,Name: “Table 1 of 1 on page 113 of 136”,Name: “Table 1 of 1 on page 113 of 136”,Name: “Table 1 of 1 on page 113 of 136”
Table: 112,Table: 112,Table: 112,Table: 112,Table: 112,Table: 112,Table: 112,Table: 112,Table: 112,Table: 112,Table: 112,Table: 112,Table: 112
,,,,,,,,,,,,
,,Adult and Juvenile Arrests,Adult and Juvenile Arrests,Adult and Juvenile Arrests,Adult and Juvenile Arrests,Adult and Juvenile Arrests,Adult and Juvenile Arrests,Adult and Juvenile Arrests,,,,
,,"By County, City and Other","By County, City and Other","By County, City and Other","By County, City and Other","By County, City and Other","By County, City and Other","By County, City and Other",,,,
,Charles City,Charles City,Charlotte,Charlotte,Chesterfield,Chesterfield,Clarke,,Craig,,Culpeper,Culpeper
OFFENSES,Adult,Juv,Adult,Juv,Adult,Juv,Adult,Juv,Adult,Juv,Adult,Juv
Murder,,,1,,6,3,,,,,2,
Manslaughter,,,,,,,,,,,,
Forcible Rape,,,,,14,7,,,,,1,
Robbery,,,1,,40,18,,,,,4,
Aggravated Assault,3,,14,,126,51,,4,3,,33,9
Burglary,,,13,,112,134,2,,11,5,27,4
Larceny,1,,10,,518,582,6,,15,2,104,58
Motor Vehicle Theft,,,4,,300,235,,,1,,2,1
Arson,,,,,3,29,,2,,,,
SUBTOTAL FOR,,,,,,,,,,,,
PART I OFFENSES,4,,43,,"1,119","1,059",8,6,30,7,173,72
Other Assaults,11,,108,,"1,086","1,013",15,4,36,,274,30
Forgery &,,,,,,,,,,,,
Counterfeiting,,,,,101,13,1,1,4,,15,1
Fraud,,,3,,91,10,,,3,,20,
Embezzlement,,,,,105,19,,,,,9,3
"Stolen Property: Buy,",,,,,,,,,,,,
"Receiving, Poss.",,,,,9,17,2,,,,6,
Vandalism,,,1,,98,210,3,,7,3,34,17
Weapons:,,,,,,,,,,,,
"Possessing, Etc.",2,,8,,104,80,6,1,16,,19,4
Prostitution &,,,,,,,,,,,,
Commercialized Vice,,,,,23,,,,,,2,
Sex Offenses (except,,,,,,,,,,,,
Rape & Prostitution),1,,3,,44,34,1,,,,13,2
Narcotic Drug Laws:,,,,,,,,,,,,
Sale/Manufacture,2,,32,,79,17,4,,18,5,24,2
Narcotic Drug Laws:,,,,,,,,,,,,
Possession,1,,9,,697,277,23,3,14,1,166,18
Gambling,,,,,,,,,,,,
Offenses Against,,,,,,,,,,,,
the Family,,,,,12,2,,,2,,2,
Driving Under the,,,,,,,,,,,,
Influence,12,,81,1,"1,529",30,101,,40,,159,4
Liquor Laws,,,28,,124,117,22,12,1,1,21,14
Public Drunkenness,,,37,,29,25,72,,22,1,125,1
Disorderly Conduct,1,,12,,804,215,3,,2,,19,8
All Other (except Traffic),20,1,180,2,"4,474",760,955,45,192,7,999,66
Curfew & Loitering,,,,,,198,,,,,,5
"Runaways, Juveniles",,,,,,,,,,,,
,,1,,,,639,,,,2,,36
Apprehended,,,,,,,,,,,,
SUBTOTAL FOR,,,,,,,,,,,,
PART II OFFENSES,50,2,502,3,"9,409","3,676","1,208",66,357,20,"1,907",211
TOTAL,54,2,545,3,"10,528","4,735","1,216",72,387,27,"2,080",283
,,,,,,,,,,,,105
