Name: “Table 1 of 1 on page 44 of 136”,Name: “Table 1 of 1 on page 44 of 136”,Name: “Table 1 of 1 on page 44 of 136”,Name: “Table 1 of 1 on page 44 of 136”,Name: “Table 1 of 1 on page 44 of 136”,Name: “Table 1 of 1 on page 44 of 136”,Name: “Table 1 of 1 on page 44 of 136”,Name: “Table 1 of 1 on page 44 of 136”,Name: “Table 1 of 1 on page 44 of 136”,Name: “Table 1 of 1 on page 44 of 136”,Name: “Table 1 of 1 on page 44 of 136”,Name: “Table 1 of 1 on page 44 of 136”,Name: “Table 1 of 1 on page 44 of 136”,Name: “Table 1 of 1 on page 44 of 136”
Table: 44,Table: 44,Table: 44,Table: 44,Table: 44,Table: 44,Table: 44,Table: 44,Table: 44,Table: 44,Table: 44,Table: 44,Table: 44,Table: 44
,,,,,,,,,,,,,
,,,,Motor Vehicle Theft,Motor Vehicle Theft,Motor Vehicle Theft,Motor Vehicle Theft,Motor Vehicle Theft,,,,,
,,,,,,Point of Entry/Exit,Point of Entry/Exit,Point of Entry/Exit,,,,,
Location,Location,,,Total,,,,,Entry,Entry,,Exit,
,,,,,,During Vehicle Theft,During Vehicle Theft,During Vehicle Theft,,,,,
Air/Bus/Train Terminal,Air/Bus/Train Terminal,Air/Bus/Train Terminal,,30,30,Front,Front,,,152,,99,
Bank/Savings & Loan,Bank/Savings & Loan,Bank/Savings & Loan,,,9,Rear,Rear,,,32,,20,
Bar/Night Club,Bar/Night Club,,,31,31,Side,,,,114,,60,
Church/Synagogue/Temple,Church/Synagogue/Temple,Church/Synagogue/Temple,Church/Synagogue/Temple,19,19,Attic,Attic,,,0,,1,
,,,,,,Vent/AC,Vent/AC,,,1,,0,
Commercial/Office Building,Commercial/Office Building,Commercial/Office Building,Commercial/Office Building,268,268,,,,,,,,
,,,,,,Window,Window,,,54,,12,
Construction Site,Construction Site,,,40,40,,,,,,,,
,,,,,,Door,Door,,,305,,262,
Convenience Store,Convenience Store,Convenience Store,,95,95,,,,,,,,
,,,,,,Patio/Sliding Dr,Patio/Sliding Dr,Patio/Sliding Dr,,1,,2,
Department/Discount Store,Department/Discount Store,Department/Discount Store,Department/Discount Store,40,40,Balcony/Fire Escape,Balcony/Fire Escape,Balcony/Fire Escape,,0,,0,
Drug Store/Dr Office/Hospital,Drug Store/Dr Office/Hospital,Drug Store/Dr Office/Hospital,Drug Store/Dr Office/Hospital,18,18,Attached Garage,Attached Garage,Attached Garage,,2,,4,
Field/Woods,Field/Woods,,,56,56,Wall,Wall,,,1,,1,
Government/Public Building,Government/Public Building,Government/Public Building,Government/Public Building,15,15,Vehicle,Vehicle,,,146,,100,
Grocery/Supermarket,Grocery/Supermarket,Grocery/Supermarket,,25,25,Floor,Floor,,,0,,0,
Highway/Road/Alley,Highway/Road/Alley,Highway/Road/Alley,,1262,1262,Roof/Skylight,Roof/Skylight,,,0,,0,
Hotel/Motel/Etc.,Hotel/Motel/Etc.,,,96,96,Hidden Within,Hidden Within,,,2,,0,
Jail/Penitentiary,Jail/Penitentiary,,,,1,Other,Other,,,60,,48,
Lake/Waterway,Lake/Waterway,,,,1,Unknown,Unknown,,,470,,358,
Liquor Store,Liquor Store,,,,2,,,,,,,,
Parking Lot/Garage,Parking Lot/Garage,Parking Lot/Garage,,2150,2150,,,,,,,,
Rental/Storage Facility,Rental/Storage Facility,Rental/Storage Facility,,47,47,,,,,,,,
Residence/Home,Residence/Home,,,3349,3349,,,Vehicle Counts By Type,Vehicle Counts By Type,Vehicle Counts By Type,,,
Restaurant,Restaurant,,,58,58,,,,,,,,
,,,,,,Type,Type,,Stolen,Stolen,Recovered,Recovered,
School/College,School/College,,,42,42,,,,,,,,
Service/Gas Station,Service/Gas Station,Service/Gas Station,,128,128,Automobiles,Automobiles,,,6591,,4407,
Specialty Store,Specialty Store,,,106,106,Buses,Buses,,,4,,2,
Other/Unknown,Other/Unknown,,,401,401,Recreational Vehicles,Recreational Vehicles,Recreational Vehicles,,135,,35,
,,,,,,Trucks,Trucks,,,416,,258,
TOTAL,,,,8289,8289,Other Motor Vehicles,Other Motor Vehicles,Other Motor Vehicles,,614,,229,
,,Motor Vehicle Theft By Day of Week And Time of Day,Motor Vehicle Theft By Day of Week And Time of Day,Motor Vehicle Theft By Day of Week And Time of Day,Motor Vehicle Theft By Day of Week And Time of Day,Motor Vehicle Theft By Day of Week And Time of Day,Motor Vehicle Theft By Day of Week And Time of Day,Motor Vehicle Theft By Day of Week And Time of Day,Motor Vehicle Theft By Day of Week And Time of Day,Motor Vehicle Theft By Day of Week And Time of Day,,,
Day/Time,00:00,02:00,04:00,06:00,08:00,10:00,12:00,14:00,16:00,18:00,20:00,22:00,
,01:59,03:59,05:59,07:59,09:59,11:59,13:59,15:59,17:59,19:59,21:59,23:59,Unk
Monday,120,42,38,86,94,70,81,72,118,128,122,124,39
Tuesday,109,44,26,63,85,67,80,80,94,99,130,149,45
Wednesday,111,39,36,78,88,60,72,56,111,129,136,124,43
Thursday,108,44,34,73,82,77,71,80,104,130,137,136,39
Friday,149,55,31,83,86,70,69,85,154,162,161,193,40
Saturday,171,72,39,61,95,73,121,95,124,162,150,203,45
Sunday,161,84,39,35,77,69,80,65,89,125,120,153,40
TOTAL,929,380,243,479,607,486,574,533,794,935,956,1082,291
36,,,,,,,,,,,,,
