Name: “Table 1 of 1 on page 57 of 136”,Name: “Table 1 of 1 on page 57 of 136”,Name: “Table 1 of 1 on page 57 of 136”,Name: “Table 1 of 1 on page 57 of 136”,Name: “Table 1 of 1 on page 57 of 136”,Name: “Table 1 of 1 on page 57 of 136”,Name: “Table 1 of 1 on page 57 of 136”
Table: 57,Table: 57,Table: 57,Table: 57,Table: 57,Table: 57,Table: 57
,,,,,,
,,Hate Crime,Hate Crime,Hate Crime,,
"Hate crimes are not separate distinct offenses, but rather traditional crimes motivated by the offender’s bias. Because","Hate crimes are not separate distinct offenses, but rather traditional crimes motivated by the offender’s bias. Because","Hate crimes are not separate distinct offenses, but rather traditional crimes motivated by the offender’s bias. Because","Hate crimes are not separate distinct offenses, but rather traditional crimes motivated by the offender’s bias. Because","Hate crimes are not separate distinct offenses, but rather traditional crimes motivated by the offender’s bias. Because","Hate crimes are not separate distinct offenses, but rather traditional crimes motivated by the offender’s bias. Because","Hate crimes are not separate distinct offenses, but rather traditional crimes motivated by the offender’s bias. Because"
"of the difficulty of ascertaining the offender’s subjective motivation, bias is reported only if investigation reveals","of the difficulty of ascertaining the offender’s subjective motivation, bias is reported only if investigation reveals","of the difficulty of ascertaining the offender’s subjective motivation, bias is reported only if investigation reveals","of the difficulty of ascertaining the offender’s subjective motivation, bias is reported only if investigation reveals","of the difficulty of ascertaining the offender’s subjective motivation, bias is reported only if investigation reveals","of the difficulty of ascertaining the offender’s subjective motivation, bias is reported only if investigation reveals","of the difficulty of ascertaining the offender’s subjective motivation, bias is reported only if investigation reveals"
sufficient objective facts to lead a reasonable and prudent person to conclude that the offender’s actions were moti-,sufficient objective facts to lead a reasonable and prudent person to conclude that the offender’s actions were moti-,sufficient objective facts to lead a reasonable and prudent person to conclude that the offender’s actions were moti-,sufficient objective facts to lead a reasonable and prudent person to conclude that the offender’s actions were moti-,sufficient objective facts to lead a reasonable and prudent person to conclude that the offender’s actions were moti-,sufficient objective facts to lead a reasonable and prudent person to conclude that the offender’s actions were moti-,sufficient objective facts to lead a reasonable and prudent person to conclude that the offender’s actions were moti-
"vated, in whole or in part, by bias against race, religion, disability, ethnicity, or sexual-orientation. For this category,","vated, in whole or in part, by bias against race, religion, disability, ethnicity, or sexual-orientation. For this category,","vated, in whole or in part, by bias against race, religion, disability, ethnicity, or sexual-orientation. For this category,","vated, in whole or in part, by bias against race, religion, disability, ethnicity, or sexual-orientation. For this category,","vated, in whole or in part, by bias against race, religion, disability, ethnicity, or sexual-orientation. For this category,","vated, in whole or in part, by bias against race, religion, disability, ethnicity, or sexual-orientation. For this category,","vated, in whole or in part, by bias against race, religion, disability, ethnicity, or sexual-orientation. For this category,"
we have combined both IBR data and summary data to provide statewide hate crime information.,we have combined both IBR data and summary data to provide statewide hate crime information.,we have combined both IBR data and summary data to provide statewide hate crime information.,we have combined both IBR data and summary data to provide statewide hate crime information.,we have combined both IBR data and summary data to provide statewide hate crime information.,we have combined both IBR data and summary data to provide statewide hate crime information.,
Offense Category,,,,Hate Bias Category,,
,,,,,Sexual,
,Racial,Religious,Religious,Ethnicity,,Disability
,,,,,Orientation,
Arson,1,,2,1,,
Assault,71,,6,5,13,2
Burglary,4,,2,2,,1
Damage/Vandal,49,,25,3,3,2
Drug/Narc,1,,,,,
Homicide,,,,,,1
Kidnaping,,,,1,,
Larceny,6,,4,,,3
MV Theft,3,,,,,
Robbery,2,,,,,
Forcible Sex,1,,,,1,1
Stolen Property,1,,,,,
All Other,,,,,1,1
Religious,,,,,,
Anti-Jewish,,19,,Racial,,
Anti-Catholic,,,1,,,
Anti-Protestant,,,2,Anti-White,,45
Anti-Islamic,,,1,Anti-Black,,75
Anti-Other Religion,,10,,Anti-Am Ind/Alskn Nat,Anti-Am Ind/Alskn Nat,1
Anti-Multi-Religious Group,Anti-Multi-Religious Group,,6,Anti-Asian/Pacfc Isl,Anti-Asian/Pacfc Isl,11
Anti-Atheist/Agnostic,Anti-Atheist/Agnostic,,0,Anti-Multi-Racial,Anti-Multi-Racial,7
Ethnicity/National Origin,Ethnicity/National Origin,,,,,
Anti-Hispanic,,,4,Sexual Orientation,Sexual Orientation,
Anti-Other Ethnicity,Anti-Other Ethnicity,,8,,,
,,,,Anti-Male Homosexual,Anti-Male Homosexual,11
,,,,Anti-Female Homosexual,Anti-Female Homosexual,0
,,,,Anti-Homosexual,Anti-Homosexual,4
,,,,Anti-Heterosexual,Anti-Heterosexual,2
Disability,,,,,,
,,,,Anti-Bisexual,,1
Anti-Physical,,,2,,,
Anti-Mental,,,9,,,
,,,,,,49
