Name: “Table 1 of 1 on page 121 of 136”,Name: “Table 1 of 1 on page 121 of 136”,Name: “Table 1 of 1 on page 121 of 136”,Name: “Table 1 of 1 on page 121 of 136”,Name: “Table 1 of 1 on page 121 of 136”,Name: “Table 1 of 1 on page 121 of 136”,Name: “Table 1 of 1 on page 121 of 136”,Name: “Table 1 of 1 on page 121 of 136”,Name: “Table 1 of 1 on page 121 of 136”,Name: “Table 1 of 1 on page 121 of 136”,Name: “Table 1 of 1 on page 121 of 136”,Name: “Table 1 of 1 on page 121 of 136”,Name: “Table 1 of 1 on page 121 of 136”
Table: 120,Table: 120,Table: 120,Table: 120,Table: 120,Table: 120,Table: 120,Table: 120,Table: 120,Table: 120,Table: 120,Table: 120,Table: 120
,,,,,,,,,,,,
,Adult and Juvenile Arrests,Adult and Juvenile Arrests,Adult and Juvenile Arrests,Adult and Juvenile Arrests,Adult and Juvenile Arrests,Adult and Juvenile Arrests,Adult and Juvenile Arrests,Adult and Juvenile Arrests,,,,
,"By County, City and Other","By County, City and Other","By County, City and Other","By County, City and Other","By County, City and Other","By County, City and Other","By County, City and Other","By County, City and Other",,,,
,Page,,Patrick,,Pittsylvania,Pittsylvania,Powhatan,Powhatan,Prince Edward,Prince Edward,Prince George,Prince George
OFFENSES,Adult,Juv,Adult,Juv,Adult,Juv,Adult,Juv,Adult,Juv,Adult,Juv
Murder,,,,,1,,,,,,1,
Manslaughter,,,,,,,,,,,,
Forcible Rape,5,,1,,5,,2,,2,,2,
Robbery,,,3,,5,1,,,4,,,
Aggravated Assault,8,,12,,46,6,7,2,16,2,5,5
Burglary,4,5,48,,55,14,8,,15,2,6,
Larceny,10,7,43,,53,12,6,,48,9,36,17
Motor Vehicle Theft,,1,3,,2,2,,1,1,,8,
Arson,1,,1,,1,,2,,,,1,
SUBTOTAL FOR,,,,,,,,,,,,
PART I OFFENSES,28,13,111,,168,35,25,3,86,13,59,22
Other Assaults,24,3,97,,228,11,65,6,129,2,74,10
Forgery &,,,,,,,,,,,,
Counterfeiting,,1,6,,2,,,,10,1,2,
Fraud,,,2,,,,,,1,,,
Embezzlement,,,1,,2,,2,,2,,2,
"Stolen Property: Buy,",,,,,,,,,,,,
"Receiving, Poss.",,,,,,,,1,,,2,
Vandalism,2,2,,,14,6,2,2,4,,5,
Weapons:,,,,,,,,,,,,
"Possessing, Etc.",6,2,11,,29,4,5,1,16,,6,5
Prostitution &,,,,,,,,,,,,
Commercialized Vice,,,,,,,,,,,,
Sex Offenses (except,,,,,,,,,,,,
Rape & Prostitution),12,1,3,,9,4,,2,,,2,
Narcotic Drug Laws:,,,,,,,,,,,,
Sale/Manufacture,6,,28,,68,4,3,1,13,1,4,
Narcotic Drug Laws:,,,,,,,,,,,,
Possession,21,,7,,28,7,29,9,13,,41,6
Gambling,,,,,,,,,,,,
Offenses Against,,,,,,,,,,,,
the Family,,,,,,,,,1,,1,
Driving Under the,,,,,,,,,,,,
Influence,91,,84,,197,3,97,1,71,,44,2
Liquor Laws,24,8,,,28,8,17,9,4,,10,9
Public Drunkenness,227,1,71,,155,,19,,32,,29,4
Disorderly Conduct,117,,5,,17,2,7,,8,,7,14
All Other (except Traffic),493,49,226,,"1,308",38,284,17,340,9,92,21
Curfew & Loitering,,,,,,,,,,,,24
"Runaways, Juveniles",,,,,,,,,,,,
Apprehended,,,,,,4,,,,,,
SUBTOTAL FOR,,,,,,,,,,,,
PART II OFFENSES,"1,023",67,541,,"2,085",91,530,49,644,13,321,95
TOTAL,"1,051",80,652,,"2,253",126,555,52,730,26,380,117
,,,,,,,,,,,,113
