Name: “Table 1 of 1 on page 31 of 136”,Name: “Table 1 of 1 on page 31 of 136”,Name: “Table 1 of 1 on page 31 of 136”,Name: “Table 1 of 1 on page 31 of 136”,Name: “Table 1 of 1 on page 31 of 136”,Name: “Table 1 of 1 on page 31 of 136”,Name: “Table 1 of 1 on page 31 of 136”,Name: “Table 1 of 1 on page 31 of 136”,Name: “Table 1 of 1 on page 31 of 136”,Name: “Table 1 of 1 on page 31 of 136”,Name: “Table 1 of 1 on page 31 of 136”,Name: “Table 1 of 1 on page 31 of 136”,Name: “Table 1 of 1 on page 31 of 136”
Table: 31,Table: 31,Table: 31,Table: 31,Table: 31,Table: 31,Table: 31,Table: 31,Table: 31,Table: 31,Table: 31,Table: 31,Table: 31
,,,,,,,,,,,,
,,,,Aggravated assault includes: assaults or attempts to kill or murder;,Aggravated assault includes: assaults or attempts to kill or murder;,Aggravated assault includes: assaults or attempts to kill or murder;,Aggravated assault includes: assaults or attempts to kill or murder;,Aggravated assault includes: assaults or attempts to kill or murder;,Aggravated assault includes: assaults or attempts to kill or murder;,Aggravated assault includes: assaults or attempts to kill or murder;,Aggravated assault includes: assaults or attempts to kill or murder;,Aggravated assault includes: assaults or attempts to kill or murder;
,,,,"poisoning; assault with a dangerous or deadly weapon; maiming, mayhem,","poisoning; assault with a dangerous or deadly weapon; maiming, mayhem,","poisoning; assault with a dangerous or deadly weapon; maiming, mayhem,","poisoning; assault with a dangerous or deadly weapon; maiming, mayhem,","poisoning; assault with a dangerous or deadly weapon; maiming, mayhem,","poisoning; assault with a dangerous or deadly weapon; maiming, mayhem,","poisoning; assault with a dangerous or deadly weapon; maiming, mayhem,","poisoning; assault with a dangerous or deadly weapon; maiming, mayhem,","poisoning; assault with a dangerous or deadly weapon; maiming, mayhem,"
Aggravated Assault,Aggravated Assault,Aggravated Assault,,"assault with explosives, and assault with disease (as in cases when the","assault with explosives, and assault with disease (as in cases when the","assault with explosives, and assault with disease (as in cases when the","assault with explosives, and assault with disease (as in cases when the","assault with explosives, and assault with disease (as in cases when the","assault with explosives, and assault with disease (as in cases when the","assault with explosives, and assault with disease (as in cases when the","assault with explosives, and assault with disease (as in cases when the","assault with explosives, and assault with disease (as in cases when the"
,,,,offender is aware that he/she is infected with a deadly disease and,offender is aware that he/she is infected with a deadly disease and,offender is aware that he/she is infected with a deadly disease and,offender is aware that he/she is infected with a deadly disease and,offender is aware that he/she is infected with a deadly disease and,offender is aware that he/she is infected with a deadly disease and,offender is aware that he/she is infected with a deadly disease and,offender is aware that he/she is infected with a deadly disease and,offender is aware that he/she is infected with a deadly disease and
,,,,"deliberately attempts to inflict the disease by biting, spitting, etc.). It is not","deliberately attempts to inflict the disease by biting, spitting, etc.). It is not","deliberately attempts to inflict the disease by biting, spitting, etc.). It is not","deliberately attempts to inflict the disease by biting, spitting, etc.). It is not","deliberately attempts to inflict the disease by biting, spitting, etc.). It is not","deliberately attempts to inflict the disease by biting, spitting, etc.). It is not","deliberately attempts to inflict the disease by biting, spitting, etc.). It is not","deliberately attempts to inflict the disease by biting, spitting, etc.). It is not","deliberately attempts to inflict the disease by biting, spitting, etc.). It is not"
,,,,necessary that injury result from an aggravated assault when a weapon is,necessary that injury result from an aggravated assault when a weapon is,necessary that injury result from an aggravated assault when a weapon is,necessary that injury result from an aggravated assault when a weapon is,necessary that injury result from an aggravated assault when a weapon is,necessary that injury result from an aggravated assault when a weapon is,necessary that injury result from an aggravated assault when a weapon is,necessary that injury result from an aggravated assault when a weapon is,necessary that injury result from an aggravated assault when a weapon is
,,,,"used which could cause serious personal injury. By definition, there can","used which could cause serious personal injury. By definition, there can","used which could cause serious personal injury. By definition, there can","used which could cause serious personal injury. By definition, there can","used which could cause serious personal injury. By definition, there can","used which could cause serious personal injury. By definition, there can","used which could cause serious personal injury. By definition, there can","used which could cause serious personal injury. By definition, there can","used which could cause serious personal injury. By definition, there can"
,,,,be no attempted assaults.,be no attempted assaults.,be no attempted assaults.,,,,,,
,,,,"In 1999, the IBR submission agencies reported 6,703 aggravated assault","In 1999, the IBR submission agencies reported 6,703 aggravated assault","In 1999, the IBR submission agencies reported 6,703 aggravated assault","In 1999, the IBR submission agencies reported 6,703 aggravated assault","In 1999, the IBR submission agencies reported 6,703 aggravated assault","In 1999, the IBR submission agencies reported 6,703 aggravated assault","In 1999, the IBR submission agencies reported 6,703 aggravated assault","In 1999, the IBR submission agencies reported 6,703 aggravated assault","In 1999, the IBR submission agencies reported 6,703 aggravated assault"
,,,,"offenses resulting in 7,507 persons assaulted. The month of July had the","offenses resulting in 7,507 persons assaulted. The month of July had the","offenses resulting in 7,507 persons assaulted. The month of July had the","offenses resulting in 7,507 persons assaulted. The month of July had the","offenses resulting in 7,507 persons assaulted. The month of July had the","offenses resulting in 7,507 persons assaulted. The month of July had the","offenses resulting in 7,507 persons assaulted. The month of July had the","offenses resulting in 7,507 persons assaulted. The month of July had the","offenses resulting in 7,507 persons assaulted. The month of July had the"
,,,,greatest number of offenses reported.,greatest number of offenses reported.,greatest number of offenses reported.,greatest number of offenses reported.,greatest number of offenses reported.,,,,
,,,,,,MONTHS,MONTHS,,,,,
,675,,,,,,,,,,,
,630,,,,,,,,,,,
O,,,,,,,,,,,,
F,585,,,,,,,,,,,
F,,,,,,,,,,,,
E,,,,,,,,,,,,
N,,,,,,,,,,,,
S,,,,,,,,,,,,
E,,,,,,,,,,,,
S,,,,,,,,,,,,
,540,,,,,,,,,,,
,495,,,,,,,,,,,
,450,,,,,,,,,,,
,JAN,FEB,MAR,APR,MAY,JUN,JUL,AUG,SEP,OCT,NOV,DEC
,,,,,,,,,,,,23
