Name: “Table 1 of 1 on page 24 of 136”,Name: “Table 1 of 1 on page 24 of 136”,Name: “Table 1 of 1 on page 24 of 136”,Name: “Table 1 of 1 on page 24 of 136”,Name: “Table 1 of 1 on page 24 of 136”,Name: “Table 1 of 1 on page 24 of 136”,Name: “Table 1 of 1 on page 24 of 136”,Name: “Table 1 of 1 on page 24 of 136”,Name: “Table 1 of 1 on page 24 of 136”,Name: “Table 1 of 1 on page 24 of 136”,Name: “Table 1 of 1 on page 24 of 136”,Name: “Table 1 of 1 on page 24 of 136”,Name: “Table 1 of 1 on page 24 of 136”,Name: “Table 1 of 1 on page 24 of 136”
Table: 24,Table: 24,Table: 24,Table: 24,Table: 24,Table: 24,Table: 24,Table: 24,Table: 24,Table: 24,Table: 24,Table: 24,Table: 24,Table: 24
,,,,,,,,,,,,,
,,,,This offense includes the forcible rape of both males and females. If force,This offense includes the forcible rape of both males and females. If force,This offense includes the forcible rape of both males and females. If force,This offense includes the forcible rape of both males and females. If force,This offense includes the forcible rape of both males and females. If force,This offense includes the forcible rape of both males and females. If force,This offense includes the forcible rape of both males and females. If force,This offense includes the forcible rape of both males and females. If force,This offense includes the forcible rape of both males and females. If force,This offense includes the forcible rape of both males and females. If force
,,,,"is used or threatened, the crime is classified as Forcible Rape regardless","is used or threatened, the crime is classified as Forcible Rape regardless","is used or threatened, the crime is classified as Forcible Rape regardless","is used or threatened, the crime is classified as Forcible Rape regardless","is used or threatened, the crime is classified as Forcible Rape regardless","is used or threatened, the crime is classified as Forcible Rape regardless","is used or threatened, the crime is classified as Forcible Rape regardless","is used or threatened, the crime is classified as Forcible Rape regardless","is used or threatened, the crime is classified as Forcible Rape regardless","is used or threatened, the crime is classified as Forcible Rape regardless"
,Forcible Rape,,,,,,,,,,,,
,,,,of the age of the victim. If no force or threat of force is used and the victim,of the age of the victim. If no force or threat of force is used and the victim,of the age of the victim. If no force or threat of force is used and the victim,of the age of the victim. If no force or threat of force is used and the victim,of the age of the victim. If no force or threat of force is used and the victim,of the age of the victim. If no force or threat of force is used and the victim,of the age of the victim. If no force or threat of force is used and the victim,of the age of the victim. If no force or threat of force is used and the victim,of the age of the victim. If no force or threat of force is used and the victim,of the age of the victim. If no force or threat of force is used and the victim
,,,,"is under the statutory age of consent, the crime is not classified in this","is under the statutory age of consent, the crime is not classified in this","is under the statutory age of consent, the crime is not classified in this","is under the statutory age of consent, the crime is not classified in this","is under the statutory age of consent, the crime is not classified in this","is under the statutory age of consent, the crime is not classified in this","is under the statutory age of consent, the crime is not classified in this","is under the statutory age of consent, the crime is not classified in this","is under the statutory age of consent, the crime is not classified in this","is under the statutory age of consent, the crime is not classified in this"
,,,,category but in the category of Statutory Rape.,category but in the category of Statutory Rape.,category but in the category of Statutory Rape.,category but in the category of Statutory Rape.,category but in the category of Statutory Rape.,category but in the category of Statutory Rape.,category but in the category of Statutory Rape.,,,
,,,,In,"1999,",the,IBR,submission,agencies,reported,941,rape,offenses
,,,,resulting in 950 persons raped. An analysis by month shows July had the,resulting in 950 persons raped. An analysis by month shows July had the,resulting in 950 persons raped. An analysis by month shows July had the,resulting in 950 persons raped. An analysis by month shows July had the,resulting in 950 persons raped. An analysis by month shows July had the,resulting in 950 persons raped. An analysis by month shows July had the,resulting in 950 persons raped. An analysis by month shows July had the,resulting in 950 persons raped. An analysis by month shows July had the,resulting in 950 persons raped. An analysis by month shows July had the,resulting in 950 persons raped. An analysis by month shows July had the
,,,,greatest occurrences.,greatest occurrences.,greatest occurrences.,greatest occurrences.,,,,,,
,,,,,,,MONTHS,MONTHS,,,,,
,100,,,,,,,,,,,,
,90,,,,,,,,,,,,
O,,,,,,,,,,,,,
F,,,,,,,,,,,,,
F,80,,,,,,,,,,,,
E,,,,,,,,,,,,,
N,,,,,,,,,,,,,
S,,,,,,,,,,,,,
E,,,,,,,,,,,,,
S,,,,,,,,,,,,,
,70,,,,,,,,,,,,
,60,,,,,,,,,,,,
,50,,,,,,,,,,,,
,JAN,FEB,MAR,APR,MAY,MAY,JUN,JUL,AUG,SEP,OCT,NOV,DEC
16,,,,,,,,,,,,,
