Name: “Table 1 of 1 on page 62 of 136”,Name: “Table 1 of 1 on page 62 of 136”,Name: “Table 1 of 1 on page 62 of 136”,Name: “Table 1 of 1 on page 62 of 136”,Name: “Table 1 of 1 on page 62 of 136”
Table: 62,Table: 62,Table: 62,Table: 62,Table: 62
,,,,
OFFICERS ASSAULTED BY TYPE OF ASSIGNMENT,OFFICERS ASSAULTED BY TYPE OF ASSIGNMENT,OFFICERS ASSAULTED BY TYPE OF ASSIGNMENT,OFFICERS ASSAULTED BY TYPE OF ASSIGNMENT,OFFICERS ASSAULTED BY TYPE OF ASSIGNMENT
,,IBR,Summary,Summary
,,System,System,
Two-Man Vehicle,,92,,69
One-Man Vehicle,,,,
Alone,,318,221,
Assisted,,348,243,
Detective or Special Assignment,Detective or Special Assignment,,,
Alone,,18,,12
Assisted,,19,,19
Other Assignments,,,,
Alone,,59,,20
Assisted,,156,,38
OFFICERS ASSAULTED BY TIME,OFFICERS ASSAULTED BY TIME,OFFICERS ASSAULTED BY TIME,,
,261,265,,
,12 am,,,
226,,,161,
,10 pm,2 am,,
8 pm,,,,4 am
,,,,37
170,,,,
,,,,30
133,,,,
4 pm,,,,8 am
114,2 pm,10 am,,52
,12 pm,,,
,92,75,,
54,,,,
