Name: “Table 1 of 1 on page 47 of 136”,Name: “Table 1 of 1 on page 47 of 136”,Name: “Table 1 of 1 on page 47 of 136”,Name: “Table 1 of 1 on page 47 of 136”
Table: 47,Table: 47,Table: 47,Table: 47
,,,
,Arson,Arson,
CLASSIFICATION BY LOCATION AND VALUE LOSS BY PROPERTY,CLASSIFICATION BY LOCATION AND VALUE LOSS BY PROPERTY,CLASSIFICATION BY LOCATION AND VALUE LOSS BY PROPERTY,
,Total,,
Location,,Structures,Loss Value
,Offenses,,
Air/Bus/Train Terminal,3,Single Dwelling,"1,570,610"
,,Other Dwelling,"804,028"
Bank/Savings and Loan,3,,
,,Commercial/Business,"7,416,624"
Bar/Night Club,2,Industrial/Manufacturing,0
,,Public/Community,"130,320"
Church/Synagogue/Temple,8,Storage,"115,556"
Commercial/Office Building,35,Other,"1,752,001"
Construction Site,9,Non-Structure,
Convenience Store,6,Aircraft,10
Department/Discount Store,6,Automobiles,"478,888"
,,Bicycles,"1,109"
Drug Store/Doctor's Office/,,Buses,0
Hospital,5,,
,,Clothes/Furs,"24,112"
Field/Woods,85,Computer Hardware/Software,"150,000"
,,Consumable Goods,135
Government/Public Building,19,Farm Equipment,"238,500"
,,Construction Equipment,"56,100"
Grocery/Supermarket,5,,
,,Houshold Goods,"194,514"
Highway/Road/Alley,74,Jewelry/Precious Metals,50
,,Livestock,"5,000"
Hotel/Motel/Etc.,6,,
,,Merchandise,5
Jail/Prison,3,Office-Type Equipment,240
,,Other Motor Vehicles,"21,201"
Lake/Waterway,0,,
,,Purses/Handbags/Wallets,0
Liquor Store,0,Radios/TVs/VCRs,"3,402"
,,Recordings-Audio/Visual,0
Parking Lot/Garage,54,Recreational Vehicles,0
,,Tools,"95,903"
Rental Storage Facility,7,,
,,Trucks,"46,164"
Residence/Home,429,Vehicle Parts/Accessories,"72,224"
,,Watercraft,"14,900"
Restaurant,11,,
,,Other,"669,153"
School/College,55,Pending Inventory,
Service/Gas Station,4,,
,,Total,"$13,860,749"
Specialty Store,6,,
Other/Unknown,87,,
Total,922,,
,,,39
