Name: “Table 1 of 1 on page 100 of 136”,Name: “Table 1 of 1 on page 100 of 136”,Name: “Table 1 of 1 on page 100 of 136”,Name: “Table 1 of 1 on page 100 of 136”,Name: “Table 1 of 1 on page 100 of 136”,Name: “Table 1 of 1 on page 100 of 136”,Name: “Table 1 of 1 on page 100 of 136”,Name: “Table 1 of 1 on page 100 of 136”,Name: “Table 1 of 1 on page 100 of 136”,Name: “Table 1 of 1 on page 100 of 136”,Name: “Table 1 of 1 on page 100 of 136”,Name: “Table 1 of 1 on page 100 of 136”,Name: “Table 1 of 1 on page 100 of 136”
Table: 100,Table: 100,Table: 100,Table: 100,Table: 100,Table: 100,Table: 100,Table: 100,Table: 100,Table: 100,Table: 100,Table: 100,Table: 100
,,,,,,,,,,,,
,,,,Murder,,,,,,,,
,,,,,,,Other,,,,,
,,,,,,,,,,Simple,,
,,INCIDENT,,and Non-,Kidnaping/,Forcible,Forcible,Robbery,Aggravated,Assault/,Arson,Extortion/
TOWNS,POPULATION,RATE PER,TOTAL,negligent,Abduction,Rape,Sex,,Assault,Intimida-,,Blackmail
,,"100,000",INCIDENTS,Man-,,,,,,,,
,,,,,,,Offenses,,,tion,,
,,,,slaughter,,,,,,,,
Orange PD,4060,4482.75,182,0,0,2,1,0,18,27,1,0
Parksley PD3,,,0,0,0,0,0,0,0,0,0,0
Pearisburg PD,2130,2582.15,55,0,0,0,1,0,0,7,0,0
Pembroke PD,1060,377.35,4,0,0,0,0,0,0,0,0,0
Pennington Gap PD,1900,736.84,14,0,0,0,0,0,2,0,0,0
Pocahontas PD,490,2040.81,10,0,0,1,0,0,0,1,1,0
Pound PD,960,4583.33,44,0,0,0,0,0,7,3,0,0
Pulaski PD,9380,11098.08,1041,1,6,3,12,17,45,195,7,0
Purcellville PD,1670,7185.62,120,0,0,0,0,0,2,17,0,1
Quantico PD,650,,0,0,0,0,0,0,0,0,0,0
Rich Creek PD3,,,0,0,0,0,0,0,0,0,0,0
Richlands PD,4400,9681.81,426,0,1,1,6,0,17,66,0,0
Rocky Mount PD,4440,6576.57,292,0,0,0,2,2,17,36,0,0
Rural Retreat PD,910,,0,0,0,0,0,0,0,0,0,0
Saltville PD,2320,8060.35,187,0,1,1,0,0,23,19,1,0
Shenandoah PD,2360,2033.89,48,0,0,0,1,1,0,4,0,0
Smithfield PD,5640,11542.55,651,1,2,2,3,4,11,175,1,0
South Boston PD,6920,10173.41,704,1,7,2,6,21,17,134,5,0
South Hill PD,4490,7884.18,354,0,0,1,0,6,19,59,0,0
St. Paul PD,980,,0,0,0,0,0,0,0,0,0,0
Stanley PD,1280,2421.87,31,0,0,0,0,0,0,1,0,0
Stephens City PD,1340,3880.59,52,0,0,0,0,0,0,12,0,0
Strasburg PD 3,,,0,0,0,0,0,0,0,0,0,0
Tappahannock PD,1750,17314.28,303,0,0,0,1,0,5,39,2,0
Tazewell PD,4220,5758.29,243,0,0,2,0,0,9,39,2,0
Timberville PD,1720,697.67,12,0,0,0,0,0,2,1,0,0
Victoria PD,1720,2151.16,37,0,0,0,0,0,7,8,1,0
Vienna PD3,,,,,,,,,,,,
,,,0,0,0,0,0,0,0,0,0,0
Vinton PD,7160,7360.33,527,0,2,2,4,4,12,153,2,0
Warrenton PD3,,,0,0,0,0,0,0,0,0,0,0
Warsaw PD3,,,,,,,,,,,,
,,,0,0,0,0,0,0,0,0,0,0
Waverly PD3,,,0,0,0,0,0,0,0,0,0,0
Weber City PD,1360,4117.64,56,0,0,0,0,0,0,12,0,0
West Point PD,3300,1242.42,41,0,0,0,0,0,2,15,0,0
Wise PD,3120,6602.56,206,0,0,0,1,0,4,22,1,0
Woodstock PD,3180,3050.31,97,0,1,1,0,1,1,15,0,0
Wytheville PD,8150,9325.15,760,0,2,3,3,6,9,140,6,1
92,,,,,,,,,,,,
