Name: “Table 1 of 1 on page 107 of 136”,Name: “Table 1 of 1 on page 107 of 136”,Name: “Table 1 of 1 on page 107 of 136”,Name: “Table 1 of 1 on page 107 of 136”,Name: “Table 1 of 1 on page 107 of 136”,Name: “Table 1 of 1 on page 107 of 136”,Name: “Table 1 of 1 on page 107 of 136”,Name: “Table 1 of 1 on page 107 of 136”,Name: “Table 1 of 1 on page 107 of 136”,Name: “Table 1 of 1 on page 107 of 136”,Name: “Table 1 of 1 on page 107 of 136”,Name: “Table 1 of 1 on page 107 of 136”,Name: “Table 1 of 1 on page 107 of 136”,Name: “Table 1 of 1 on page 107 of 136”,Name: “Table 1 of 1 on page 107 of 136”
Table: 107,Table: 107,Table: 107,Table: 107,Table: 107,Table: 107,Table: 107,Table: 107,Table: 107,Table: 107,Table: 107,Table: 107,Table: 107,Table: 107,Table: 107
,,,,,,,,,,,,,,
,,,,,,,Destruc-,,Non-,,,,,
Burglary,Larceny,Motor,Counter-,,Embez-,Stolen,tion/,Drug/,forcible,Porno-,,,,Weapon
,,,,Fraud,,,,,,,,,,
,,,,,,,,Narcotic,,,Gambling,Prostitution,Bribery,
,,Vehicle,feiting/,,zlement,Property,,,Sex,graphy,,,,Law
,,Theft,Forgery,,,,Vandalism,Offenses,Offenses,,,,,Violation
2,64,1,0,0,0,2,33,0,0,0,0,0,0,0
29,154,0,1,11,0,0,55,7,0,0,0,0,0,4
3,142,0,2,0,0,1,33,2,0,4,0,0,0,2
2,28,4,4,1,0,1,21,3,0,0,0,0,0,3
0,56,0,0,3,0,1,31,3,0,0,0,0,0,0
0,26,0,0,0,0,0,0,0,0,0,0,0,0,0
5,127,4,1,1,0,0,172,4,0,0,0,0,0,0
14,403,3,5,8,1,2,211,15,1,0,0,1,0,6
0,9,0,0,0,0,0,0,0,0,0,0,0,0,0
9,671,5,5,5,3,0,57,170,0,0,0,2,0,25
0,0,0,0,0,0,0,0,0,0,0,0,0,0,0
0,8,0,0,0,0,0,4,0,0,0,0,0,0,0
0,24,1,0,0,0,0,2,0,0,0,0,0,0,0
5,86,4,3,2,0,1,39,16,0,0,0,0,0,2
9,224,0,2,9,0,1,100,3,0,1,0,0,0,2
0,0,0,0,0,0,0,0,0,0,0,0,0,0,0
0,6,1,143,1,0,0,1,3,0,0,2,2,0,3
0,0,0,0,0,0,0,0,0,0,0,0,0,0,0
13,377,37,13,19,13,26,25,18,0,0,0,0,0,17
1,49,4,0,1,0,0,18,2,0,0,0,0,0,4
0,37,10,1,0,1,0,8,0,0,0,0,0,0,0
0,3,0,0,0,0,0,2,0,0,0,0,0,0,0
0,2,0,0,0,0,0,0,0,0,0,0,0,0,0
,,,,,,,,,,,,,,99
