Name: “Table 1 of 1 on page 46 of 136”,Name: “Table 1 of 1 on page 46 of 136”,Name: “Table 1 of 1 on page 46 of 136”,Name: “Table 1 of 1 on page 46 of 136”,Name: “Table 1 of 1 on page 46 of 136”,Name: “Table 1 of 1 on page 46 of 136”,Name: “Table 1 of 1 on page 46 of 136”,Name: “Table 1 of 1 on page 46 of 136”,Name: “Table 1 of 1 on page 46 of 136”,Name: “Table 1 of 1 on page 46 of 136”,Name: “Table 1 of 1 on page 46 of 136”,Name: “Table 1 of 1 on page 46 of 136”,Name: “Table 1 of 1 on page 46 of 136”
Table: 46,Table: 46,Table: 46,Table: 46,Table: 46,Table: 46,Table: 46,Table: 46,Table: 46,Table: 46,Table: 46,Table: 46,Table: 46
,,,,,,,,,,,,
,,,,Only fires determined through investigation to have been unlawfully and,Only fires determined through investigation to have been unlawfully and,Only fires determined through investigation to have been unlawfully and,Only fires determined through investigation to have been unlawfully and,Only fires determined through investigation to have been unlawfully and,Only fires determined through investigation to have been unlawfully and,Only fires determined through investigation to have been unlawfully and,Only fires determined through investigation to have been unlawfully and,Only fires determined through investigation to have been unlawfully and
,Arson,,,"intentionally set are classified as Arson. Attempts to burn are included, but","intentionally set are classified as Arson. Attempts to burn are included, but","intentionally set are classified as Arson. Attempts to burn are included, but","intentionally set are classified as Arson. Attempts to burn are included, but","intentionally set are classified as Arson. Attempts to burn are included, but","intentionally set are classified as Arson. Attempts to burn are included, but","intentionally set are classified as Arson. Attempts to burn are included, but","intentionally set are classified as Arson. Attempts to burn are included, but","intentionally set are classified as Arson. Attempts to burn are included, but"
,,,,fires of suspicious or unknown origin are not reported.,fires of suspicious or unknown origin are not reported.,fires of suspicious or unknown origin are not reported.,fires of suspicious or unknown origin are not reported.,fires of suspicious or unknown origin are not reported.,fires of suspicious or unknown origin are not reported.,fires of suspicious or unknown origin are not reported.,,
,,,,There were 922 arsons reported by the IBR submission agencies resulting,There were 922 arsons reported by the IBR submission agencies resulting,There were 922 arsons reported by the IBR submission agencies resulting,There were 922 arsons reported by the IBR submission agencies resulting,There were 922 arsons reported by the IBR submission agencies resulting,There were 922 arsons reported by the IBR submission agencies resulting,There were 922 arsons reported by the IBR submission agencies resulting,There were 922 arsons reported by the IBR submission agencies resulting,There were 922 arsons reported by the IBR submission agencies resulting
,,,,"in a total property loss of $13,860,749. The month of April had the greatest","in a total property loss of $13,860,749. The month of April had the greatest","in a total property loss of $13,860,749. The month of April had the greatest","in a total property loss of $13,860,749. The month of April had the greatest","in a total property loss of $13,860,749. The month of April had the greatest","in a total property loss of $13,860,749. The month of April had the greatest","in a total property loss of $13,860,749. The month of April had the greatest","in a total property loss of $13,860,749. The month of April had the greatest","in a total property loss of $13,860,749. The month of April had the greatest"
,,,,occurrences of arson reported.,occurrences of arson reported.,occurrences of arson reported.,occurrences of arson reported.,,,,,
,,,,,,MONTHS,MONTHS,,,,,
,115,,,,,,,,,,,
,101,,,,,,,,,,,
O,87,,,,,,,,,,,
F,,,,,,,,,,,,
F,,,,,,,,,,,,
E,,,,,,,,,,,,
N,,,,,,,,,,,,
S,,,,,,,,,,,,
E,,,,,,,,,,,,
S,73,,,,,,,,,,,
,59,,,,,,,,,,,
,45,,,,,,,,,,,
,JAN,FEB,MAR,APR,MAY,JUN,JUL,AUG,SEP,OCT,NOV,DEC
38,,,,,,,,,,,,
