Name: “Table 1 of 1 on page 54 of 136”,Name: “Table 1 of 1 on page 54 of 136”,Name: “Table 1 of 1 on page 54 of 136”,Name: “Table 1 of 1 on page 54 of 136”,Name: “Table 1 of 1 on page 54 of 136”,Name: “Table 1 of 1 on page 54 of 136”,Name: “Table 1 of 1 on page 54 of 136”,Name: “Table 1 of 1 on page 54 of 136”
Table: 54,Table: 54,Table: 54,Table: 54,Table: 54,Table: 54,Table: 54,Table: 54
,,,,,,,
,IBR Agencies’ Property Crimes,IBR Agencies’ Property Crimes,IBR Agencies’ Property Crimes,IBR Agencies’ Property Crimes,IBR Agencies’ Property Crimes,,
Property Crimes or crimes against property are listed below.,Property Crimes or crimes against property are listed below.,Property Crimes or crimes against property are listed below.,Property Crimes or crimes against property are listed below.,Robbery is considered a crime against,Robbery is considered a crime against,Robbery is considered a crime against,Robbery is considered a crime against
"property; however, it is also a violent crime and is listed again in the violent crime section of this report.","property; however, it is also a violent crime and is listed again in the violent crime section of this report.","property; however, it is also a violent crime and is listed again in the violent crime section of this report.","property; however, it is also a violent crime and is listed again in the violent crime section of this report.","property; however, it is also a violent crime and is listed again in the violent crime section of this report.","property; however, it is also a violent crime and is listed again in the violent crime section of this report.","property; however, it is also a violent crime and is listed again in the violent crime section of this report.","property; however, it is also a violent crime and is listed again in the violent crime section of this report."
"The IBR submission agencies reported 179,102 property offenses during 1999.","The IBR submission agencies reported 179,102 property offenses during 1999.","The IBR submission agencies reported 179,102 property offenses during 1999.","The IBR submission agencies reported 179,102 property offenses during 1999.","The IBR submission agencies reported 179,102 property offenses during 1999.","The IBR submission agencies reported 179,102 property offenses during 1999.",More property crimes,More property crimes
occurred on a Friday than any other day of the week.,occurred on a Friday than any other day of the week.,occurred on a Friday than any other day of the week.,occurred on a Friday than any other day of the week.,,,,
Crimes Against Property Where Offender(s) Suspected of Using By Offense,Crimes Against Property Where Offender(s) Suspected of Using By Offense,Crimes Against Property Where Offender(s) Suspected of Using By Offense,Crimes Against Property Where Offender(s) Suspected of Using By Offense,Crimes Against Property Where Offender(s) Suspected of Using By Offense,Crimes Against Property Where Offender(s) Suspected of Using By Offense,Crimes Against Property Where Offender(s) Suspected of Using By Offense,Crimes Against Property Where Offender(s) Suspected of Using By Offense
Offenses,,Alcohol,Alcohol,Drugs,,Computer Equipment,Computer Equipment
Arson,,12,12,4,,2,
Bribery,,2,2,0,,0,
Burglary,,195,195,70,,10,
Counterfeiting/,,,,,,,
Forgery,,41,41,79,,30,
Destruction/,,,,,,,
Vandalism,,763,763,109,,41,
Embezzlement,,1,1,1,,9,
Extortion,,0,0,0,,0,
Fraud,,39,39,46,,26,
Larceny,,680,680,358,,60,
Motor Vehicle,,,,,,,
Theft,,100,100,61,,2,
Robbery,,69,69,38,,0,
Stolen,,,,,,,
Property,,14,14,18,,1,
Total,,1916,1916,784,,181,
,Property Crimes by Day of Week and Time of Day,Property Crimes by Day of Week and Time of Day,Property Crimes by Day of Week and Time of Day,Property Crimes by Day of Week and Time of Day,Property Crimes by Day of Week and Time of Day,,
Day/Time,00:00,04:00,08:00,12:00,16:00,20:00,Unk
,03:59,07:59,11:59,15:59,19:59,23:59,
Monday,3571,2351,4474,4522,5728,4319,1228
Tuesday,3178,2020,3916,4233,5773,4588,1068
Wednesday,3205,1890,3832,4306,5876,4665,1134
Thursday,3342,1910,3888,4319,5814,4677,1078
Friday,4065,1997,4173,4896,6967,5642,1256
Saturday,4514,1603,3825,4575,5658,5403,1104
Sunday,4239,1332,2994,3926,4602,4426,1000
46,,,,,,,
