Name: “Table 1 of 1 on page 102 of 136”,Name: “Table 1 of 1 on page 102 of 136”,Name: “Table 1 of 1 on page 102 of 136”,Name: “Table 1 of 1 on page 102 of 136”,Name: “Table 1 of 1 on page 102 of 136”,Name: “Table 1 of 1 on page 102 of 136”,Name: “Table 1 of 1 on page 102 of 136”,Name: “Table 1 of 1 on page 102 of 136”,Name: “Table 1 of 1 on page 102 of 136”,Name: “Table 1 of 1 on page 102 of 136”,Name: “Table 1 of 1 on page 102 of 136”,Name: “Table 1 of 1 on page 102 of 136”,Name: “Table 1 of 1 on page 102 of 136”
Table: 102,Table: 102,Table: 102,Table: 102,Table: 102,Table: 102,Table: 102,Table: 102,Table: 102,Table: 102,Table: 102,Table: 102,Table: 102
,,,,,,,,,,,,
,,,,Murder,,,,,,,,
,,,,,,,Other,,,,,
,,,,,,,,,,Simple,,
,,INCIDENT,,and Non-,Kidnaping/,Forcible,Forcible,Robbery,Aggravated,Assault/,Arson,Extortion/
,POPULATION,RATE PER,TOTAL,negligent,Abduction,Rape,Sex,,Assault,,,Blackmail
,,,,,,,,,,Intimida-,,
,,"100,000",INCIDENTS,,,,,,,,,
CITIES & STATE,,,,Man-,,,Offenses,,,tion,,
POLICE,,,,slaughter,,,,,,,,
Alexandria PD 3,,,0,0,0,0,0,0,0,0,0,0
State Police,,,22,0,0,0,0,0,2,1,0,0
Bedford PD,6400,9406.25,602,0,0,2,7,3,17,192,4,0
State Police,,,2,0,0,0,0,0,0,0,0,0
Bristol PD,17200,8941.86,1538,1,0,5,14,8,55,534,8,0
State Police,,,13,0,0,0,0,0,0,1,0,0
Buena Vista PD2,6500,2215.38,144,0,2,0,2,0,20,26,0,0
State Police,,,12,0,0,0,0,0,0,0,0,0
Charlottesville PD,37700,12493.36,4710,3,10,29,22,74,266,934,21,1
State Police,,,8,0,0,0,0,0,0,3,0,0
Chesapeake PD 2,197000,4327.91,8526,6,81,40,89,215,434,1523,11,2
State Police,,,78,0,0,0,0,0,1,1,0,0
Clifton Forge PD,4300,5465.11,235,0,0,1,2,1,28,59,2,0
State Police,,,36,0,0,0,0,0,0,0,0,0
Colonial Heights PD,16600,12090.36,2007,3,10,6,16,12,20,341,15,0
State Police,,,38,0,0,0,0,0,0,0,0,0
Covington PD,6900,6840.57,472,0,2,1,3,4,5,71,6,0
State Police,,,25,0,0,0,0,0,0,0,0,0
Danville PD 3,,,0,0,0,0,0,0,0,0,0,0
State Police,,,23,0,0,0,0,0,0,1,0,0
Emporia PD,5700,15473.68,882,0,2,1,3,14,62,218,2,0
State Police,,,8,0,0,0,0,0,0,0,0,0
Fairfax PD 3,,,0,0,0,0,0,0,0,0,0,0
State Police,,,1,0,0,0,0,0,0,0,0,0
Falls Church PD3,,,0,0,0,0,0,0,0,0,0,0
State Police,,,1,0,0,0,0,0,0,0,0,0
Franklin PD 2,8200,10000.00,820,0,1,2,2,12,12,238,3,0
State Police,,,40,0,0,0,0,0,0,0,0,0
Fredericksburg PD3,,,0,0,0,0,0,0,0,0,0,0
State Police,,,20,0,0,0,0,0,1,1,0,0
Galax PD,6700,10388.05,696,2,1,2,2,6,23,183,1,0
State Police,,,10,0,0,0,0,0,1,0,0,0
Hampton PD 3,,,0,0,0,0,0,0,0,0,0,0
State Police,,,203,0,1,0,0,0,6,1,0,0
Harrisonburg PD,34800,8258.62,2874,0,12,12,19,31,112,325,6,0
State Police,,,49,0,0,0,0,0,0,0,0,0
Hopewell PD 2,22200,2675.67,594,2,5,1,7,19,32,156,2,0
State Police,,,13,0,0,0,0,0,0,0,0,0
Lexington PD,7100,3591.54,255,0,1,5,2,0,13,53,0,0
State Police,,,25,0,0,0,0,0,0,1,0,0
Lynchburg PD 3,,,0,0,0,0,0,0,0,0,0,0
State Police,,,42,0,0,0,0,0,0,0,0,0
Manassas PD,33400,8362.27,2793,1,9,9,26,36,35,749,12,2
State Police,,,2,0,0,0,0,0,0,0,0,0
Manassas Park PD,8500,7341.17,624,0,1,2,6,3,8,148,2,0
State Police,,,0,0,0,0,0,0,0,0,0,0
Martinsville PD,15300,12248.36,1874,5,0,6,8,20,47,347,4,1
State Police,,,6,0,0,0,0,0,0,0,0,0
94,,,,,,,,,,,,
