Name: “Table 1 of 1 on page 115 of 136”,Name: “Table 1 of 1 on page 115 of 136”,Name: “Table 1 of 1 on page 115 of 136”,Name: “Table 1 of 1 on page 115 of 136”,Name: “Table 1 of 1 on page 115 of 136”,Name: “Table 1 of 1 on page 115 of 136”,Name: “Table 1 of 1 on page 115 of 136”,Name: “Table 1 of 1 on page 115 of 136”,Name: “Table 1 of 1 on page 115 of 136”,Name: “Table 1 of 1 on page 115 of 136”,Name: “Table 1 of 1 on page 115 of 136”,Name: “Table 1 of 1 on page 115 of 136”,Name: “Table 1 of 1 on page 115 of 136”
Table: 114,Table: 114,Table: 114,Table: 114,Table: 114,Table: 114,Table: 114,Table: 114,Table: 114,Table: 114,Table: 114,Table: 114,Table: 114
,,,,,,,,,,,,
,Adult and Juvenile Arrests,Adult and Juvenile Arrests,Adult and Juvenile Arrests,Adult and Juvenile Arrests,Adult and Juvenile Arrests,Adult and Juvenile Arrests,Adult and Juvenile Arrests,Adult and Juvenile Arrests,,,,
,"By County, City and Other","By County, City and Other","By County, City and Other","By County, City and Other","By County, City and Other","By County, City and Other","By County, City and Other","By County, City and Other",,,,
,Floyd,,Fluvanna,Fluvanna,Franklin,Franklin,Frederick,Frederick,Giles,,Gloucester,Gloucester
OFFENSES,Adult,Juv,Adult,Juv,Adult,Juv,Adult,Juv,Adult,Juv,Adult,Juv
Murder,,,,,3,,,,,,,
Manslaughter,,,,,,,,,,,,
Forcible Rape,,,,,4,1,2,1,,,2,3
Robbery,,,,,11,,3,,,,2,
Aggravated Assault,,,2,,39,8,22,3,12,,17,2
Burglary,6,,,,36,18,33,67,1,2,17,11
Larceny,12,2,2,2,52,44,122,62,13,,74,28
Motor Vehicle Theft,4,,2,,4,9,6,5,1,,11,10
Arson,,1,,,,,4,1,,,3,4
SUBTOTAL FOR,,,,,,,,,,,,
PART I OFFENSES,22,3,6,2,149,80,192,139,27,2,126,58
Other Assaults,,,16,,113,12,306,14,73,1,189,32
Forgery &,,,,,,,,,,,,
Counterfeiting,,,1,,16,3,8,1,5,1,15,
Fraud,3,,,,26,1,1,,5,,6,1
Embezzlement,,,,,2,,2,,1,,2,
"Stolen Property: Buy,",,,,,,,,,,,,
"Receiving, Poss.",,,,,4,,4,,,,2,2
Vandalism,12,9,3,,27,63,30,15,12,4,13,7
Weapons:,,,,,,,,,,,,
"Possessing, Etc.",2,,2,1,21,2,28,4,9,1,19,6
Prostitution &,,,,,,,,,,,,
Commercialized Vice,,,,,,,,,1,,,
Sex Offenses (except,,,,,,,,,,,,
Rape & Prostitution),1,1,,,2,2,7,5,3,,6,
Narcotic Drug Laws:,,,,,,,,,,,,
Sale/Manufacture,3,,,,28,3,19,1,12,,39,1
Narcotic Drug Laws:,,,,,,,,,,,,
Possession,,,3,,42,17,127,13,31,,63,16
Gambling,,,,,,,,,,,,
Offenses Against,,,,,,,,,,,,
the Family,1,,,,2,,,,,,10,
Driving Under the,,,,,,,,,,,,
Influence,29,2,39,3,234,5,270,1,36,1,142,3
Liquor Laws,4,5,3,,47,20,18,6,12,1,16,22
Public Drunkenness,42,1,1,2,210,1,359,12,45,2,86,4
Disorderly Conduct,1,1,,,68,6,14,1,9,,2,
All Other (except Traffic),176,16,11,,"1,213",67,921,34,351,10,100,1
Curfew & Loitering,,,,,,,,,,,,11
"Runaways, Juveniles",,,,,,,,,,,,
Apprehended,,,,,,,,2,,,,1
SUBTOTAL FOR,,,,,,,,,,,,
PART II OFFENSES,274,35,79,6,"2,055",202,"2,114",109,605,21,710,107
TOTAL,296,38,85,8,"2,204",282,"2,306",248,632,23,836,165
,,,,,,,,,,,,107
