Name: “Table 1 of 1 on page 127 of 136”,Name: “Table 1 of 1 on page 127 of 136”,Name: “Table 1 of 1 on page 127 of 136”,Name: “Table 1 of 1 on page 127 of 136”,Name: “Table 1 of 1 on page 127 of 136”,Name: “Table 1 of 1 on page 127 of 136”,Name: “Table 1 of 1 on page 127 of 136”,Name: “Table 1 of 1 on page 127 of 136”,Name: “Table 1 of 1 on page 127 of 136”,Name: “Table 1 of 1 on page 127 of 136”,Name: “Table 1 of 1 on page 127 of 136”,Name: “Table 1 of 1 on page 127 of 136”,Name: “Table 1 of 1 on page 127 of 136”
Table: 126,Table: 126,Table: 126,Table: 126,Table: 126,Table: 126,Table: 126,Table: 126,Table: 126,Table: 126,Table: 126,Table: 126,Table: 126
,,,,,,,,,,,,
,,Adult and Juvenile Arrests,Adult and Juvenile Arrests,Adult and Juvenile Arrests,Adult and Juvenile Arrests,Adult and Juvenile Arrests,Adult and Juvenile Arrests,Adult and Juvenile Arrests,,,,
,,"By County, City and Other","By County, City and Other","By County, City and Other","By County, City and Other","By County, City and Other","By County, City and Other","By County, City and Other",,,,
,Clifton Forge,Clifton Forge,Colonial Heights,Colonial Heights,Covington,Covington,Danville,Danville,Emporia,Emporia,Fairfax,Fairfax
OFFENSES,Adult,Juv,Adult,Juv,Adult,Juv,Adult,Juv,Adult,Juv,Adult,Juv
Murder,,,1,,,,2,,,,,
Manslaughter,,,,,,,,,,,,
Forcible Rape,,1,3,1,,,2,,,,2,
Robbery,1,,5,2,1,2,18,7,7,4,2,3
Aggravated Assault,17,5,17,3,3,,26,4,37,5,9,4
Burglary,2,,19,7,4,3,84,8,12,6,19,1
Larceny,3,2,242,257,23,18,561,44,42,16,69,5
Motor Vehicle Theft,1,,,,,,27,10,17,5,2,6
Arson,,2,3,3,,,1,,1,,,
SUBTOTAL FOR,,,,,,,,,,,,
PART I OFFENSES,24,10,290,273,31,23,721,73,116,36,103,19
Other Assaults,43,12,214,58,33,1,535,21,106,12,102,11
Forgery &,,,,,,,,,,,,
Counterfeiting,,,29,,8,,146,1,31,,12,
Fraud,2,,17,1,2,,133,8,14,,24,
Embezzlement,,,45,8,2,,22,,3,,11,2
"Stolen Property: Buy,",,,,,,,,,,,,
"Receiving, Poss.",1,,6,8,1,,9,6,2,1,5,2
Vandalism,10,,10,32,4,6,143,11,9,7,9,4
Weapons:,,,,,,,,,,,,
"Possessing, Etc.",6,5,20,3,3,,107,11,20,1,18,7
Prostitution &,,,,,,,,,,,,
Commercialized Vice,,,,,,,9,,,,4,
Sex Offenses (except,,,,,,,,,,,,
Rape & Prostitution),,,,,2,,11,1,1,,12,1
Narcotic Drug Laws:,,,,,,,,,,,,
Sale/Manufacture,6,,11,2,14,,227,31,31,5,4,3
Narcotic Drug Laws:,,,,,,,,,,,,
Possession,23,4,78,18,32,6,213,11,44,2,45,13
Gambling,,,,,,,,,,,,
Offenses Against,,,,,,,,,,,,
the Family,1,,,,,,517,20,1,,4,
Driving Under the,,,,,,,,,,,,
Influence,28,,214,2,34,,415,11,104,1,267,2
Liquor Laws,37,4,54,16,8,2,45,6,12,5,24,3
Public Drunkenness,165,,92,8,52,,"1,035",6,137,,329,6
Disorderly Conduct,12,1,29,14,2,1,126,24,72,12,17,2
All Other (except Traffic),142,13,765,98,64,3,"2,467",217,273,69,192,102
Curfew & Loitering,,13,,13,,,,185,,97,,
"Runaways, Juveniles",,,,,,,,,,,,
Apprehended,,,,43,,,,20,,,,1
SUBTOTAL FOR,,,,,,,,,,,,
PART II OFFENSES,476,52,"1,584",324,261,19,"6,160",590,860,212,"1,079",159
TOTAL,500,62,"1,874",597,292,42,"6,881",663,976,248,"1,182",178
,,,,,,,,,,,,119
