Name: “Table 1 of 1 on page 132 of 136”,Name: “Table 1 of 1 on page 132 of 136”,Name: “Table 1 of 1 on page 132 of 136”,Name: “Table 1 of 1 on page 132 of 136”,Name: “Table 1 of 1 on page 132 of 136”,Name: “Table 1 of 1 on page 132 of 136”,Name: “Table 1 of 1 on page 132 of 136”,Name: “Table 1 of 1 on page 132 of 136”,Name: “Table 1 of 1 on page 132 of 136”,Name: “Table 1 of 1 on page 132 of 136”,Name: “Table 1 of 1 on page 132 of 136”
Table: 131,Table: 131,Table: 131,Table: 131,Table: 131,Table: 131,Table: 131,Table: 131,Table: 131,Table: 131,Table: 131
,,,,,,,,,,
,Adult and Juvenile Arrests,Adult and Juvenile Arrests,Adult and Juvenile Arrests,Adult and Juvenile Arrests,Adult and Juvenile Arrests,Adult and Juvenile Arrests,Adult and Juvenile Arrests,,,
,"By County, City and Other","By County, City and Other","By County, City and Other","By County, City and Other","By County, City and Other","By County, City and Other","By County, City and Other",,,
,Suffolk,,Virginia Beach,,Waynesboro,,Williamsburg,,Winchester,
OFFENSES,Adult,Juv,Adult,Juv,Adult,Juv,Adult,Juv,Adult,Juv
Murder,2,,16,,,1,,,2,
Manslaughter,1,,4,,,,,,,
Forcible Rape,6,,27,3,1,1,1,,,
Robbery,21,,120,60,,7,5,,8,3
Aggravated Assault,58,,135,20,48,4,17,2,15,4
Burglary,35,,160,98,25,9,4,,13,3
Larceny,187,5,"1,430",671,118,2,62,14,157,182
Motor Vehicle Theft,3,,8,16,15,13,11,6,,
Arson,1,,35,15,,,1,1,3,
SUBTOTAL FOR,,,,,,,,,,
PART I OFFENSES,314,5,"1,935",883,207,37,101,23,198,192
Other Assaults,590,,"2,878",496,334,,89,15,192,72
Forgery &,,,,,,,,,,
Counterfeiting,11,,254,6,59,8,7,,11,7
Fraud,5,,432,13,180,,4,1,6,1
Embezzlement,7,,119,7,8,,6,,5,
"Stolen Property: Buy,",,,,,,,,,,
"Receiving, Poss.",10,,33,24,6,5,2,,5,8
Vandalism,44,,230,146,53,,4,2,18,16
Weapons:,,,,,,,,,,
"Possessing, Etc.",53,,336,91,58,5,7,2,21,8
Prostitution &,,,,,,,,,,
Commercialized Vice,,,97,1,,,,,,
Sex Offenses (except,,,,,,,,,,
Rape & Prostitution),11,,196,61,9,1,2,4,10,1
Narcotic Drug Laws:,,,,,,,,,,
Sale/Manufacture,9,,300,23,91,3,18,,22,
Narcotic Drug Laws:,,,,,,,,,,
Possession,152,,"1,487",350,103,10,59,7,89,15
Gambling,,,9,,,,,,,
Offenses Against,,,,,,,,,,
the Family,,,211,28,81,,1,,7,
Driving Under the,,,,,,,,,,
Influence,167,,"2,164",8,216,4,83,,237,8
Liquor Laws,3,,"2,176",311,69,,25,14,111,27
Public Drunkenness,135,,"1,954",14,340,6,168,,160,1
Disorderly Conduct,15,,"1,298",296,20,6,4,2,23,4
All Other (except Traffic),"1,542",2,"9,903","1,302","1,010",225,65,10,980,39
Curfew & Loitering,,1,,991,,,,26,,4
"Runaways, Juveniles",,,,,,,,,,
Apprehended,,,,14,,88,,2,,1
SUBTOTAL FOR,,,,,,,,,,
PART II OFFENSES,"2,754",3,"24,077","4,182","2,637",361,544,85,"1,897",212
TOTAL,"3,068",8,"26,012","5,065","2,844",398,645,108,"2,095",404
124,,,,,,,,,,
