Name: “Table 1 of 1 on page 136 of 136”,Name: “Table 1 of 1 on page 136 of 136”,Name: “Table 1 of 1 on page 136 of 136”,Name: “Table 1 of 1 on page 136 of 136”,Name: “Table 1 of 1 on page 136 of 136”,Name: “Table 1 of 1 on page 136 of 136”,Name: “Table 1 of 1 on page 136 of 136”,Name: “Table 1 of 1 on page 136 of 136”,Name: “Table 1 of 1 on page 136 of 136”,Name: “Table 1 of 1 on page 136 of 136”,Name: “Table 1 of 1 on page 136 of 136”,Name: “Table 1 of 1 on page 136 of 136”,Name: “Table 1 of 1 on page 136 of 136”
Table: 135,Table: 135,Table: 135,Table: 135,Table: 135,Table: 135,Table: 135,Table: 135,Table: 135,Table: 135,Table: 135,Table: 135,Table: 135
,,,,,,,,,,,,
,,,,,Murder,,,,,,,
,,,CRIME,,and Non-,,,,,,,
,Agencies In,,,TOTAL,,,,,,,MV,
,,,INDEX,,,Forcible,,Aggravated,,,,
,,POPULATION,,CRIME,negligent,,Robbery,,Burglary,Larceny,Theft,Arson*
,Summary System,,RATE PER,INDEX,Man-,Rape,,Assault,,,,
,,,"100,000",,slaughter,,,,,,,
,Strasburg PD,4050,1506.17,61,,,,2,11,47,1,
,Marion PD,6300,253.97,16,,,,,1,15,,
,Courtland PD,1080,,0,,,,,,,,
,Waverly PD,2170,1889.40,41,,,,16,4,21,,
,Appalachia PD,1820,2087.91,38,,3,,7,10,18,,
,City Police,,,,,,,,,,,
,Alexandria PD,119900,4738.95,5682,2,22,158,206,556,4036,702,12
,Danville PD,50200,5241.04,2631,9,18,102,101,390,1870,141,6
,Fairfax City PD,20600,4407.77,908,,6,14,23,89,714,62,2
,Falls Church PD,9800,4887.76,479,,3,12,41,32,355,36,
,Fredericksburg PD,18700,4593.58,859,2,8,31,33,60,694,31,7
,Hampton PD,136200,4308.37,5868,11,36,237,197,959,3966,462,38
,Lynchburg PD,64600,4304.95,2781,6,23,58,211,356,2005,122,
,Norfolk PD,225700,530.79,1198,4,11,77,47,128,834,97,46
,Portsmouth PD,97200,7120.37,6921,18,34,449,386,1568,3856,610,25
,Radford PD,16100,2074.53,334,,6,8,36,67,204,13,2
,Richmond City PD,191300,8135.91,15564,72,111,1035,1026,2880,8339,2101,235
,Roanoke PD,93800,2463.75,2311,3,27,111,91,341,1588,150,29
,Virginia Beach PD,421000,3821.62,16089,12,107,507,418,2034,12293,718,154
,Waynesboro PD,19200,3604.17,692,1,3,4,53,95,508,28,8
,College & University,,,,,,,,,,,
,VPI PD,,,392,,,,14,17,360,1,1
,JMU PD,,,222,,,2,7,53,159,1,1
,Tho Nelson Comm Col,,,3,,,,,,3,,
,Emory & Henry PD1,,,18,,,,,6,12,,
,VA State Univ PD,,,97,,,3,2,18,72,2,
,Radford Univ PD,,,54,,,,,8,46,,
,Other Agencies,,,,,,,,,,,
,Chesapeake Bay Bridge,,,0,,,,,,,,
,Div of Capitol Police,,,117,,,1,,1,109,6,
,"Crime totals reflected herein represent a crime index only and not total crimes committed, nor the total interagency efforts of the criminal justice system in clearing those crimes.","Crime totals reflected herein represent a crime index only and not total crimes committed, nor the total interagency efforts of the criminal justice system in clearing those crimes.","Crime totals reflected herein represent a crime index only and not total crimes committed, nor the total interagency efforts of the criminal justice system in clearing those crimes.","Crime totals reflected herein represent a crime index only and not total crimes committed, nor the total interagency efforts of the criminal justice system in clearing those crimes.","Crime totals reflected herein represent a crime index only and not total crimes committed, nor the total interagency efforts of the criminal justice system in clearing those crimes.","Crime totals reflected herein represent a crime index only and not total crimes committed, nor the total interagency efforts of the criminal justice system in clearing those crimes.","Crime totals reflected herein represent a crime index only and not total crimes committed, nor the total interagency efforts of the criminal justice system in clearing those crimes.","Crime totals reflected herein represent a crime index only and not total crimes committed, nor the total interagency efforts of the criminal justice system in clearing those crimes.","Crime totals reflected herein represent a crime index only and not total crimes committed, nor the total interagency efforts of the criminal justice system in clearing those crimes.","Crime totals reflected herein represent a crime index only and not total crimes committed, nor the total interagency efforts of the criminal justice system in clearing those crimes.","Crime totals reflected herein represent a crime index only and not total crimes committed, nor the total interagency efforts of the criminal justice system in clearing those crimes.",
,*Arson totals are not included in the crime index total nor as a factor in the crime rate calculations.,*Arson totals are not included in the crime index total nor as a factor in the crime rate calculations.,*Arson totals are not included in the crime index total nor as a factor in the crime rate calculations.,*Arson totals are not included in the crime index total nor as a factor in the crime rate calculations.,*Arson totals are not included in the crime index total nor as a factor in the crime rate calculations.,*Arson totals are not included in the crime index total nor as a factor in the crime rate calculations.,,,,,,
1,Does not represent 12 months data,Does not represent 12 months data,,,,,,,,,,
,,,,,,,,,,,,129
