Name: “Table 1 of 1 on page 116 of 136”,Name: “Table 1 of 1 on page 116 of 136”,Name: “Table 1 of 1 on page 116 of 136”,Name: “Table 1 of 1 on page 116 of 136”,Name: “Table 1 of 1 on page 116 of 136”,Name: “Table 1 of 1 on page 116 of 136”,Name: “Table 1 of 1 on page 116 of 136”,Name: “Table 1 of 1 on page 116 of 136”,Name: “Table 1 of 1 on page 116 of 136”,Name: “Table 1 of 1 on page 116 of 136”,Name: “Table 1 of 1 on page 116 of 136”,Name: “Table 1 of 1 on page 116 of 136”,Name: “Table 1 of 1 on page 116 of 136”
Table: 115,Table: 115,Table: 115,Table: 115,Table: 115,Table: 115,Table: 115,Table: 115,Table: 115,Table: 115,Table: 115,Table: 115,Table: 115
,,,,,,,,,,,,
,Adult and Juvenile Arrests,Adult and Juvenile Arrests,Adult and Juvenile Arrests,Adult and Juvenile Arrests,Adult and Juvenile Arrests,Adult and Juvenile Arrests,Adult and Juvenile Arrests,Adult and Juvenile Arrests,,,,
,"By County, City and Other","By County, City and Other","By County, City and Other","By County, City and Other","By County, City and Other","By County, City and Other","By County, City and Other","By County, City and Other",,,,
,Goochland,Goochland,Grayson,Grayson,Greene,,Greensville,Greensville,Halifax,Halifax,Hanover,Hanover
OFFENSES,Adult,Juv,Adult,Juv,Adult,Juv,Adult,Juv,Adult,Juv,Adult,Juv
Murder,,,,,,,,,,,1,
Manslaughter,,,,,,,,,,,,
Forcible Rape,,,1,,3,,,,5,,4,
Robbery,,,,,,,,,2,,15,2
Aggravated Assault,12,4,6,,21,,1,,64,1,28,12
Burglary,7,,16,5,8,7,,,7,,33,20
Larceny,4,4,22,1,44,4,,,23,,209,114
Motor Vehicle Theft,4,4,4,4,,,,,1,1,2,3
Arson,,,,,1,1,,,1,,,
SUBTOTAL FOR,,,,,,,,,,,,
PART I OFFENSES,27,12,49,10,77,12,1,,103,2,292,151
Other Assaults,,,95,4,103,1,,,3,,157,47
Forgery &,,,,,,,,,,,,
Counterfeiting,3,,3,,3,,,,3,,27,3
Fraud,,,2,,54,,,,14,,13,
Embezzlement,,,,,5,,,,1,,4,
"Stolen Property: Buy,",,,,,,,,,,,,
"Receiving, Poss.",,,2,,2,,,,,,3,3
Vandalism,,,8,5,17,1,,,6,2,45,65
Weapons:,,,,,,,,,,,,
"Possessing, Etc.",4,,7,,19,,2,,5,,38,7
Prostitution &,,,,,,,,,,,,
Commercialized Vice,,,,,,,,,,,,
Sex Offenses (except,,,,,,,,,,,,
Rape & Prostitution),,,2,1,3,,,,6,,10,2
Narcotic Drug Laws:,,,,,,,,,,,,
Sale/Manufacture,1,,18,,17,,4,1,2,,25,7
Narcotic Drug Laws:,,,,,,,,,,,,
Possession,26,4,15,1,47,2,15,,28,2,255,63
Gambling,,,,,,,,,,,,1
Offenses Against,,,,,,,,,,,,
the Family,,,,,,,1,,2,,4,
Driving Under the,,,,,,,,,,,,
Influence,72,1,62,4,116,1,89,,100,2,423,17
Liquor Laws,5,4,20,6,,,8,,4,2,93,68
Public Drunkenness,15,,70,1,97,,,,28,,255,3
Disorderly Conduct,,,17,,1,5,,,6,,20,8
All Other (except Traffic),213,1,180,6,194,11,34,1,297,3,389,49
Curfew & Loitering,,,,,,,,,,,,2
"Runaways, Juveniles",,,,,,,,,,,,
Apprehended,,,,,,,,,,,,
SUBTOTAL FOR,,,,,,,,,,,,
,339,10,501,28,678,21,153,2,505,11,"1,761",345
PART II OFFENSES,,,,,,,,,,,,
TOTAL,,,,,,,,,,,,
,366,22,550,38,755,33,154,2,608,13,"2,053",496
108,,,,,,,,,,,,
