Name: “Table 1 of 1 on page 6 of 136”,Name: “Table 1 of 1 on page 6 of 136”,Name: “Table 1 of 1 on page 6 of 136”,Name: “Table 1 of 1 on page 6 of 136”
Table: 6,Table: 6,Table: 6,Table: 6
,,,
,Facts At A Glance,,
These facts are collected from the Incident Based Reporting (IBR),These facts are collected from the Incident Based Reporting (IBR),These facts are collected from the Incident Based Reporting (IBR),
"System only; therefore, they do not represent statewide data.","System only; therefore, they do not represent statewide data.","System only; therefore, they do not represent statewide data.",
"There were 255,133 Group A Offenses reported","There were 255,133 Group A Offenses reported",by the IBR submission,
agencies.,(Page 8),,
The month of August had the greatest number of incidents of crime reported by,The month of August had the greatest number of incidents of crime reported by,The month of August had the greatest number of incidents of crime reported by,
the IBR agencies. (Page 7),the IBR agencies. (Page 7),,
"Of the 12,373 violent crimes reported by the IBR submission agencies, 51%","Of the 12,373 violent crimes reported by the IBR submission agencies, 51%","Of the 12,373 violent crimes reported by the IBR submission agencies, 51%",
occurred in the home. (Page 43),occurred in the home. (Page 43),,
"There were 3,004 victims of the 2,851 forcible sex offenses reported by the IBR","There were 3,004 victims of the 2,851 forcible sex offenses reported by the IBR","There were 3,004 victims of the 2,851 forcible sex offenses reported by the IBR",
submission agencies. 85% were females. (Pages 14 & 15),submission agencies. 85% were females. (Pages 14 & 15),submission agencies. 85% were females. (Pages 14 & 15),
The theft of jewelry & precious metals,The theft of jewelry & precious metals,accounted for a,property loss of
"$8,589,936. (Page 57)","$8,589,936. (Page 57)",,
Firearms were used in 14% of all Aggravated Assault cases reported. 68% of,Firearms were used in 14% of all Aggravated Assault cases reported. 68% of,Firearms were used in 14% of all Aggravated Assault cases reported. 68% of,
all victims of aggravated assault had some type of injury. (Page 44),all victims of aggravated assault had some type of injury. (Page 44),all victims of aggravated assault had some type of injury. (Page 44),
"8,289 Motor Vehicle Thefts were reported, amounting to a total value loss of","8,289 Motor Vehicle Thefts were reported, amounting to a total value loss of","8,289 Motor Vehicle Thefts were reported, amounting to a total value loss of",
"$53,883,387. (Page 58)","$53,883,387. (Page 58)",,
"There were 72,835 Group A arrests reported by the IBR submission agencies","There were 72,835 Group A arrests reported by the IBR submission agencies","There were 72,835 Group A arrests reported by the IBR submission agencies",
"and 152,310 Group B arrests reported. (Pages 71 & 72)","and 152,310 Group B arrests reported. (Pages 71 & 72)","and 152,310 Group B arrests reported. (Pages 71 & 72)",
These facts are collected from both the Incident Based Reporting (IBR),These facts are collected from both the Incident Based Reporting (IBR),These facts are collected from both the Incident Based Reporting (IBR),
System and the summary system in order to provide statewide data.,System and the summary system in order to provide statewide data.,System and the summary system in order to provide statewide data.,
"There were 1,631 assaults on officers reported in Virginia. 26% involved some","There were 1,631 assaults on officers reported in Virginia. 26% involved some","There were 1,631 assaults on officers reported in Virginia. 26% involved some",
type of injury to the officer. (Page 53),type of injury to the officer. (Page 53),,
"Of the 219 Hate Crimes reported,","Of the 219 Hate Crimes reported,",44% of these were some type of assault,
offense and 37% were vandalism/damage of property offenses. (Page 49),offense and 37% were vandalism/damage of property offenses. (Page 49),offense and 37% were vandalism/damage of property offenses. (Page 49),
,,,v
