Name: “Table 1 of 1 on page 61 of 136”,Name: “Table 1 of 1 on page 61 of 136”,Name: “Table 1 of 1 on page 61 of 136”,Name: “Table 1 of 1 on page 61 of 136”,Name: “Table 1 of 1 on page 61 of 136”
Table: 61,Table: 61,Table: 61,Table: 61,Table: 61
,,,,
,,Firearms 2%,Firearms 2%,
,Unknown 9%,,,
Officers Assaulted,None 4%,,,
By Weapon,,,,
,Other Weapon 15%,,,
,Knife/Cutting 1%,,,Hands/FistsFeet
,,,,69%
,,1999,,
IBR System,,Summary System,Summary System,Number
,Offenses,,,Offenses
Firearm ........................................,23,Firearm ........................................,Firearm ........................................,7
Knife or cutting instrument .........,16,,,
Blunt Object ................................,9,Knife or cutting instrument .........,Knife or cutting instrument .........,7
Motor Vehicle..............................,49,,,
Other Weapon .............................,118,Other Weapon .............................,Other Weapon .............................,70
"Hands, fists, feet etc. ...................",586,,,
Unknown .....................................,140,"Hands, fists, feet etc. ...................","Hands, fists, feet etc. ...................",537
None ............................................,69,,,
,Type Injury Sustained,Type Injury Sustained,,
IBR System,Number,Summary System,Number,
Broken Bone,4,,,
Internal Injury,3,,,
Lacerations,8,With Injury,109,
Minor Injury,298,,,
Major Injury,3,Without Injury,512,
Loss of Teeth,1,,,
Unconsciousness,1,,,
None,679,,,
,,,,53
