Name: “Table 1 of 1 on page 106 of 136”,Name: “Table 1 of 1 on page 106 of 136”,Name: “Table 1 of 1 on page 106 of 136”,Name: “Table 1 of 1 on page 106 of 136”,Name: “Table 1 of 1 on page 106 of 136”,Name: “Table 1 of 1 on page 106 of 136”,Name: “Table 1 of 1 on page 106 of 136”,Name: “Table 1 of 1 on page 106 of 136”,Name: “Table 1 of 1 on page 106 of 136”,Name: “Table 1 of 1 on page 106 of 136”,Name: “Table 1 of 1 on page 106 of 136”,Name: “Table 1 of 1 on page 106 of 136”,Name: “Table 1 of 1 on page 106 of 136”
Table: 106,Table: 106,Table: 106,Table: 106,Table: 106,Table: 106,Table: 106,Table: 106,Table: 106,Table: 106,Table: 106,Table: 106,Table: 106
,,,,,,,,,,,,
,,,,Murder,,,,,,,,
,,,,,,,Other,,,,,
,,,,,,,,,,Simple,,
,,INCIDENT,,and Non-,Kidnaping/,Forcible,Forcible,Robbery,Aggravated,Assault/,Arson,Extortion/
COLLEGES &,POPULATION,RATE PER,TOTAL,negligent,Abduction,Rape,Sex,,Assault,Intimida-,,Blackmail
,,"100,000",INCIDENTS,,,,,,,,,
,,,,Man-,,,,,,,,
UNIVERSITIES,,,,,,,Offenses,,,tion,,
,,,,slaughter,,,,,,,,
Mary Washington,,,,,,,,,,,,
College PD,,,96,0,0,0,1,0,0,0,0,0
Norfolk State,,,,,,,,,,,,
University PD,,,296,0,0,0,0,5,7,23,3,0
N. Virginia Comm,,,,,,,,,,,,
College PD,,,202,0,1,1,0,0,0,13,0,0
Old Dominion,,,,,,,,,,,,
Campus PD 2,,,75,0,0,0,0,1,0,17,1,0
Radford,,,,,,,,,,,,
University PD 1,,,97,0,0,0,0,0,0,13,0,0
Thomas Nelson,,,,,,,,,,,,
Comm Col PD1,,,26,0,0,0,0,0,0,0,0,0
University of,,,,,,,,,,,,
Richmond PD,,,301,0,0,3,0,0,0,2,0,1
University of,,,,,,,,,,,,
Virginia PD,,,625,0,1,1,2,5,6,32,1,0
UVA's College,,,,,,,,,,,,
at Wise PD,,,16,0,0,1,0,0,0,6,0,0
VA Commonwealth,,,,,,,,,,,,
University PD,,,1011,0,0,0,1,5,9,77,0,0
Virginia Tech,,,,,,,,,,,,
Police Department,,,0,0,0,0,0,0,0,0,0,0
VA Western Comm.,,,,,,,,,,,,
College PD,,,12,0,0,0,0,0,0,0,0,0
VMI Post,,,,,,,,,,,,
Police,,,27,0,0,0,0,0,0,0,0,0
Virginia State,,,,,,,,,,,,
Univ. Police1,,,160,0,0,0,0,2,2,13,2,0
William & Mary,,,,,,,,,,,,
College PD,,,338,0,0,2,0,0,0,7,2,0
OTHER AGENCIES,,,,,,,,,,,,
Chesapeake Bay,,,,,,,,,,,,
Bridge Tunnel,,,0,0,0,0,0,0,0,0,0,0
Dept. Alcoholic,,,,,,,,,,,,
Beverage Control,,,165,0,0,0,0,0,1,5,0,0
Division of,,,,,,,,,,,,
Capitol Police 3,,,0,0,0,0,0,0,0,0,0,0
Metro. Washington,,,,,,,,,,,,
Airport Authority 2,,,596,0,0,0,0,1,4,82,0,0
Norfolk Airport,,,,,,,,,,,,
Authority,,,88,0,0,0,0,1,0,9,0,0
Richmond International,,,,,,,,,,,,
Airport,,,60,0,0,0,0,0,0,3,0,0
Southside VA,,,,,,,,,,,,
Training Center,,,33,0,0,2,1,0,4,21,0,0
Virginia Port,,,,,,,,,,,,
Authority,,,3,0,0,0,0,0,0,0,0,0
1,"Partial data, remainder in summary section","Partial data, remainder in summary section","Partial data, remainder in summary section",,,,,,,,,
2,Does not represent 12 months data,Does not represent 12 months data,Does not represent 12 months data,,,,,,,,,
3,Data may be found in summary section,Data may be found in summary section,Data may be found in summary section,,,,,,,,,
98,,,,,,,,,,,,
