Name: “Table 1 of 1 on page 125 of 136”,Name: “Table 1 of 1 on page 125 of 136”,Name: “Table 1 of 1 on page 125 of 136”,Name: “Table 1 of 1 on page 125 of 136”,Name: “Table 1 of 1 on page 125 of 136”,Name: “Table 1 of 1 on page 125 of 136”,Name: “Table 1 of 1 on page 125 of 136”,Name: “Table 1 of 1 on page 125 of 136”,Name: “Table 1 of 1 on page 125 of 136”,Name: “Table 1 of 1 on page 125 of 136”,Name: “Table 1 of 1 on page 125 of 136”
Table: 124,Table: 124,Table: 124,Table: 124,Table: 124,Table: 124,Table: 124,Table: 124,Table: 124,Table: 124,Table: 124
,,,,,,,,,,
,,Adult and Juvenile Arrests,Adult and Juvenile Arrests,Adult and Juvenile Arrests,Adult and Juvenile Arrests,Adult and Juvenile Arrests,Adult and Juvenile Arrests,Adult and Juvenile Arrests,,
,,"By County, City and Other","By County, City and Other","By County, City and Other","By County, City and Other","By County, City and Other","By County, City and Other","By County, City and Other",,
,Washington,Washington,Westmoreland,,Wise,,Wythe,,York,
OFFENSES,Adult,Juv,Adult,Juv,Adult,Juv,Adult,Juv,Adult,Juv
Murder,1,,2,,4,,1,,1,
Manslaughter,1,,,,,,,,,
Forcible Rape,3,,2,,9,,3,,5,1
Robbery,2,,4,1,3,,5,,10,1
Aggravated Assault,26,3,15,,44,,15,4,185,25
Burglary,11,6,51,1,16,,6,4,23,11
Larceny,101,33,26,12,105,18,65,12,219,53
Motor Vehicle Theft,2,1,3,2,5,1,4,3,32,9
Arson,,,,,2,1,,1,,2
SUBTOTAL FOR,,,,,,,,,,
PART I OFFENSES,147,43,103,16,188,20,99,24,475,102
Other Assaults,121,14,98,11,458,17,134,32,44,11
Forgery &,,,,,,,,,,
Counterfeiting,14,,6,,10,,19,12,24,
Fraud,7,,8,,4,,2,,25,1
Embezzlement,3,,1,,3,,1,,21,4
"Stolen Property: Buy,",,,,,,,,,,
"Receiving, Poss.",12,1,1,,6,2,8,,3,4
Vandalism,10,8,9,5,59,1,8,8,7,5
Weapons:,,,,,,,,,,
"Possessing, Etc.",13,3,10,2,30,2,26,3,29,7
Prostitution &,,,,,,,,,,
Commercialized Vice,,,,,,,,,,
Sex Offenses (except,,,,,,,,,,
Rape & Prostitution),13,2,1,1,9,,1,2,6,2
Narcotic Drug Laws:,,,,,,,,,,
Sale/Manufacture,4,1,50,8,1,,37,1,17,6
Narcotic Drug Laws:,,,,,,,,,,
Possession,18,3,30,5,16,5,100,4,249,53
Gambling,,,,,,,,,,
Offenses Against,,,,,,,,,,
the Family,5,,1,,1,,1,,3,
Driving Under the,,,,,,,,,,
Influence,195,3,74,,205,8,151,6,331,3
Liquor Laws,12,3,13,2,67,17,44,18,5,12
Public Drunkenness,73,3,50,,316,15,255,5,111,2
Disorderly Conduct,9,,8,1,37,3,37,3,2,1
All Other (except Traffic),590,31,356,23,933,16,744,21,109,11
Curfew & Loitering,,,,4,,,,,,7
"Runaways, Juveniles",,,,,,,,,,
Apprehended,,,,1,,,,2,,2
SUBTOTAL FOR,,,,,,,,,,
PART II OFFENSES,"1,099",72,716,63,"2,155",86,"1,568",117,986,131
,"1,246",115,819,79,"2,343",106,"1,667",141,"1,461",233
TOTAL,,,,,,,,,,
,,,,,,,,,,117
