Name: “Table 1 of 1 on page 104 of 136”,Name: “Table 1 of 1 on page 104 of 136”,Name: “Table 1 of 1 on page 104 of 136”,Name: “Table 1 of 1 on page 104 of 136”,Name: “Table 1 of 1 on page 104 of 136”,Name: “Table 1 of 1 on page 104 of 136”,Name: “Table 1 of 1 on page 104 of 136”,Name: “Table 1 of 1 on page 104 of 136”,Name: “Table 1 of 1 on page 104 of 136”,Name: “Table 1 of 1 on page 104 of 136”,Name: “Table 1 of 1 on page 104 of 136”,Name: “Table 1 of 1 on page 104 of 136”,Name: “Table 1 of 1 on page 104 of 136”
Table: 104,Table: 104,Table: 104,Table: 104,Table: 104,Table: 104,Table: 104,Table: 104,Table: 104,Table: 104,Table: 104,Table: 104,Table: 104
,,,,,,,,,,,,
,,,,Murder,,,,,,,,
,,,,,,,Other,,,,,
,,,,,,,,,,Simple,,
,,INCIDENT,,and Non-,Kidnaping/,Forcible,Forcible,Robbery,Aggravated,Assault/,Arson,Extortion/
,POPULATION,RATE PER,TOTAL,,,,,,,,,Blackmail
,,,,negligent,Abduction,Rape,Sex,,Assault,,,
,,,,,,,,,,Intimida-,,
CITIES & STATE,,,,,,,,,,,,
,,"100,000",INCIDENTS,Man-,,,,,,,,
,,,,,,,Offenses,,,tion,,
POLICE,,,,slaughter,,,,,,,,
Newport News PD,179900,11025.56,19835,17,232,107,151,431,957,5018,86,1
State Police,,,104,0,0,0,0,0,0,1,0,0
"Norfolk PD 1,2",225700,4724.85,10664,17,28,54,124,369,303,1551,11,0
State Police,,,128,0,0,0,0,0,2,4,0,0
Norton PD,4000,11125,445,0,1,4,2,1,24,59,0,0
State Police,,,1,0,0,0,0,0,0,0,0,0
Petersburg PD 2,34000,14929.41,5076,4,25,15,43,95,241,1124,18,0
State Police,,,57,0,1,0,0,0,0,0,0,0
Poquoson PD,11400,2385.96,272,0,1,1,2,1,12,55,0,0
State Police,,,0,0,0,0,0,0,0,0,0,0
Portsmouth PD 3,,,0,0,0,0,0,0,0,0,0,0
State Police,,,42,0,0,0,0,0,0,0,0,0
Radford PD 3,,,0,0,0,0,0,0,0,0,0,0
State Police,,,28,0,0,0,0,0,0,0,0,0
Richmond PD 3,,,0,0,0,0,0,0,0,0,0,0
State Police,,,104,0,0,0,0,0,0,0,0,0
Roanoke PD 1,93800,4440.29,4165,4,15,21,34,110,279,1079,20,2
State Police,,,62,0,0,0,0,0,0,0,0,0
Salem PD,24400,5278.68,1288,0,1,1,4,9,15,238,2,0
State Police,,,14,0,0,0,0,0,0,0,0,0
Staunton PD,24300,9728.39,2364,0,3,5,19,3,30,540,11,3
State Police,,,9,0,0,1,0,0,0,0,0,0
Suffolk PD,63500,8570.07,5442,2,76,26,53,155,208,1304,42,1
State Police,,,17,0,0,0,0,0,0,1,0,0
Virginia Beach PD3,,,0,0,0,0,0,0,0,0,0,0
State Police,,,176,0,0,0,0,2,3,1,0,0
Waynesboro PD 3,,,0,0,0,0,0,0,0,0,0,0
State Police,,,6,0,0,0,0,0,0,0,0,0
Williamsburg PD,12200,6590.16,804,0,7,2,6,8,27,155,2,0
State Police,,,5,0,0,0,0,0,0,0,0,0
Winchester PD,22400,12933.03,2897,4,13,9,53,21,69,856,12,1
State Police,,,64,1,0,0,0,0,0,1,0,0
COLLEGES &,,,,,,,,,,,,
UNIVERSITIES,,,,,,,,,,,,
Christopher Newport,,,,,,,,,,,,
University PD,,,68,0,0,0,0,1,0,6,0,0
Emory & Henry,,,,,,,,,,,,
Campus Police,,,0,0,0,0,0,0,0,0,0,0
Ferrum College,,,,,,,,,,,,
Police,,,67,0,0,0,2,0,1,7,0,0
George Mason,,,,,,,,,,,,
University PD,,,538,0,0,2,1,0,6,41,3,0
Hampton,,,,,,,,,,,,
University PD,,,181,0,0,1,0,2,0,17,2,0
James Madison,,,,,,,,,,,,
University PD,,,0,0,0,0,0,0,0,0,0,0
Longwood,,,,,,,,,,,,
College PD,,,115,0,0,1,0,0,0,2,2,0
96,,,,,,,,,,,,
