Name: “Table 1 of 1 on page 27 of 136”,Name: “Table 1 of 1 on page 27 of 136”,Name: “Table 1 of 1 on page 27 of 136”,Name: “Table 1 of 1 on page 27 of 136”,Name: “Table 1 of 1 on page 27 of 136”,Name: “Table 1 of 1 on page 27 of 136”,Name: “Table 1 of 1 on page 27 of 136”,Name: “Table 1 of 1 on page 27 of 136”,Name: “Table 1 of 1 on page 27 of 136”,Name: “Table 1 of 1 on page 27 of 136”,Name: “Table 1 of 1 on page 27 of 136”,Name: “Table 1 of 1 on page 27 of 136”,Name: “Table 1 of 1 on page 27 of 136”
Table: 27,Table: 27,Table: 27,Table: 27,Table: 27,Table: 27,Table: 27,Table: 27,Table: 27,Table: 27,Table: 27,Table: 27,Table: 27
,,,,,,,,,,,,
,,,,Additional information on robberies can be found in the violent crime,Additional information on robberies can be found in the violent crime,Additional information on robberies can be found in the violent crime,Additional information on robberies can be found in the violent crime,Additional information on robberies can be found in the violent crime,Additional information on robberies can be found in the violent crime,Additional information on robberies can be found in the violent crime,Additional information on robberies can be found in the violent crime,Additional information on robberies can be found in the violent crime
,Robbery,,,section of this report on page 42.,section of this report on page 42.,section of this report on page 42.,section of this report on page 42.,,,,,
,,,,The graph below represents the monthly robberies reported by the IBR,The graph below represents the monthly robberies reported by the IBR,The graph below represents the monthly robberies reported by the IBR,The graph below represents the monthly robberies reported by the IBR,The graph below represents the monthly robberies reported by the IBR,The graph below represents the monthly robberies reported by the IBR,The graph below represents the monthly robberies reported by the IBR,The graph below represents the monthly robberies reported by the IBR,The graph below represents the monthly robberies reported by the IBR
,,,,submission agencies. The month of October had the greatest number of,submission agencies. The month of October had the greatest number of,submission agencies. The month of October had the greatest number of,submission agencies. The month of October had the greatest number of,submission agencies. The month of October had the greatest number of,submission agencies. The month of October had the greatest number of,submission agencies. The month of October had the greatest number of,submission agencies. The month of October had the greatest number of,submission agencies. The month of October had the greatest number of
,,,,robberies reported.,robberies reported.,,,,,,,
,,,,,,MONTHS,MONTHS,,,,,
,300,,,,,,,,,,,
,265,,,,,,,,,,,
,230,,,,,,,,,,,
O,,,,,,,,,,,,
F,,,,,,,,,,,,
F,,,,,,,,,,,,
E,,,,,,,,,,,,
N,,,,,,,,,,,,
S,195,,,,,,,,,,,
E,,,,,,,,,,,,
S,,,,,,,,,,,,
,160,,,,,,,,,,,
,125,,,,,,,,,,,
,JAN,FEB,MAR,APR,MAY,JUN,JUL,AUG,SEP,OCT,NOV,DEC
,,,,,,,,,,,,19
