Name: “Table 1 of 1 on page 37 of 136”,Name: “Table 1 of 1 on page 37 of 136”,Name: “Table 1 of 1 on page 37 of 136”,Name: “Table 1 of 1 on page 37 of 136”,Name: “Table 1 of 1 on page 37 of 136”,Name: “Table 1 of 1 on page 37 of 136”,Name: “Table 1 of 1 on page 37 of 136”,Name: “Table 1 of 1 on page 37 of 136”,Name: “Table 1 of 1 on page 37 of 136”,Name: “Table 1 of 1 on page 37 of 136”,Name: “Table 1 of 1 on page 37 of 136”,Name: “Table 1 of 1 on page 37 of 136”,Name: “Table 1 of 1 on page 37 of 136”,Name: “Table 1 of 1 on page 37 of 136”
Table: 37,Table: 37,Table: 37,Table: 37,Table: 37,Table: 37,Table: 37,Table: 37,Table: 37,Table: 37,Table: 37,Table: 37,Table: 37,Table: 37
,,,,,,,,,,,,,
,,,,,Burglary,Burglary,Burglary,,,,,,
Point of Entry/Exit,Point of Entry/Exit,Point of Entry/Exit,,,,,,,,,,,
,,,Entry,Entry,Exit,Exit,,Type Security of Structure,Type Security of Structure,Type Security of Structure,,Number,
During Burglary,During Burglary,During Burglary,,,,,,,,,,,
Front,,,3345,3345,2711,2711,,Alarm/Audio,Alarm/Audio,,,528,
Rear,,,2639,2639,2015,2015,,Alarm/Silent,Alarm/Silent,,,180,
Side,,,1075,1075,696,696,,Bars/Grate,Bars/Grate,,,60,
Attic,,,26,26,13,13,,Camera,,,,81,
Vent/AC,,,33,33,12,12,,Dog,,,,100,
Window,,,2123,2123,1117,1117,,Dead Bolt,Dead Bolt,,,1094,
Door,,,3455,3455,4247,4247,,Locked,,,,5949,
Patio/Sliding Dr,Patio/Sliding Dr,,147,147,166,166,,Unlocked,Unlocked,,,943,
Balcony/Fire Escape,Balcony/Fire Escape,Balcony/Fire Escape,14,14,10,10,,Exterior Lights,Exterior Lights,,,284,
Attached Garage,Attached Garage,,164,164,145,145,,Interior Lights,Interior Lights,,,111,
Wall,,,42,42,24,24,,Fence,,,,95,
Vehicle,,,5,5,,5,,Guard,,,,41,
Floor,,,7,7,,6,,Neighborhood Watch,Neighborhood Watch,Neighborhood Watch,,14,
Roof/Skylight,Roof/Skylight,,49,49,28,28,,Other,,,,142,
Hidden Within,Hidden Within,,3,3,,4,,None,,,,2141,
Other,,,197,197,152,152,,,,,,,
Unknown,,,650,650,849,849,,,,,,,
,,,,,,,,,How Suspect,How Suspect,,,
,,,,,,,,,,,Number,Number,
,,,,,,,,,Left Scene,Left Scene,,,
,Resident Status,Resident Status,,,,,,,,,,,
,,,,Number,,,,,Auto,,,383,
,of Victim,of Victim,,,,,,,,,,,
,,,,,,,,,Truck,,,99,
,Resident,Resident,,8849,,,,,Van,,,18,
,Nonresident,Nonresident,,2007,,,,,Motorcycle,Motorcycle,,6,
,Unknown,Unknown,,3021,,,,,Bicycle,,,52,
,,,,,,,,,Foot,,,879,
,Total Victims,Total Victims,,13877,,,,,Moped,,,2,
,,,,,,,,,Other,,,52,
,,,,,,,,,Unknown,Unknown,,5317,
,,Burglaries By Day of Week And Time of Day,Burglaries By Day of Week And Time of Day,Burglaries By Day of Week And Time of Day,Burglaries By Day of Week And Time of Day,Burglaries By Day of Week And Time of Day,Burglaries By Day of Week And Time of Day,Burglaries By Day of Week And Time of Day,Burglaries By Day of Week And Time of Day,Burglaries By Day of Week And Time of Day,,,
Day/Time,00:00,02:00,04:00,06:00,08:00,10:00,12:00,14:00,16:00,18:00,20:00,22:00,
,01:59,03:59,05:59,07:59,09:59,11:59,13:59,15:59,17:59,19:59,21:59,23:59,Unk
Monday,257,88,94,253,298,180,199,212,289,223,178,175,163
Tuesday,210,93,79,238,253,174,165,179,281,237,196,140,113
Wednesday,222,87,64,217,251,162,163,174,328,245,213,178,138
Thursday,218,110,70,218,261,153,181,187,317,244,183,194,115
Friday,249,98,85,195,240,207,198,237,368,297,212,198,146
Saturday,306,131,96,103,203,141,193,191,249,249,213,208,135
Sunday,271,136,73,65,140,142,191,170,209,213,178,181,135
TOTAL,1733,743,561,1289,1646,1159,1290,1350,2041,1708,1373,1274,945
,,,,,,,,,,,,,29
