Name: “Table 1 of 1 on page 17 of 136”,Name: “Table 1 of 1 on page 17 of 136”,Name: “Table 1 of 1 on page 17 of 136”,Name: “Table 1 of 1 on page 17 of 136”,Name: “Table 1 of 1 on page 17 of 136”,Name: “Table 1 of 1 on page 17 of 136”,Name: “Table 1 of 1 on page 17 of 136”,Name: “Table 1 of 1 on page 17 of 136”,Name: “Table 1 of 1 on page 17 of 136”
Table: 17,Table: 17,Table: 17,Table: 17,Table: 17,Table: 17,Table: 17,Table: 17,Table: 17
,,,,,,,,
,,Homicide Offenses,Homicide Offenses,Homicide Offenses,Homicide Offenses,Homicide Offenses,Homicide Offenses,
The killing of one human being by another,The killing of one human being by another,The killing of one human being by another,The killing of one human being by another,The killing of one human being by another,The killing of one human being by another,The killing of one human being by another,The killing of one human being by another,
,,,,Murder/,Murder/,,,
,Nonnegligent Manslaughter,Nonnegligent Manslaughter,Nonnegligent Manslaughter,Nonnegligent Manslaughter,Nonnegligent Manslaughter,Nonnegligent Manslaughter,Nonnegligent Manslaughter,
The willful (nonnegligent) killing of one human being,The willful (nonnegligent) killing of one human being,The willful (nonnegligent) killing of one human being,The willful (nonnegligent) killing of one human being,The willful (nonnegligent) killing of one human being,The willful (nonnegligent) killing of one human being,The willful (nonnegligent) killing of one human being,The willful (nonnegligent) killing of one human being,
by another,by another,,,,,,,
,,,Manslaugther By,Manslaugther By,Manslaugther By,Manslaugther By,Manslaugther By,
,,,,Negligence,Negligence,,,
The killing of another person through negligence This,The killing of another person through negligence This,The killing of another person through negligence This,The killing of another person through negligence This,The killing of another person through negligence This,The killing of another person through negligence This,The killing of another person through negligence This,The killing of another person through negligence This,
"offense does not include ""Vehicular Manslaughter""","offense does not include ""Vehicular Manslaughter""","offense does not include ""Vehicular Manslaughter""","offense does not include ""Vehicular Manslaughter""","offense does not include ""Vehicular Manslaughter""","offense does not include ""Vehicular Manslaughter""","offense does not include ""Vehicular Manslaughter""","offense does not include ""Vehicular Manslaughter""",
,,,Justifiable Homicide,Justifiable Homicide,Justifiable Homicide,Justifiable Homicide,Justifiable Homicide,
The,killing,of,a,perpetrator,of,a,serious,criminal
offense by a peace officer in the line of duty; or the,offense by a peace officer in the line of duty; or the,offense by a peace officer in the line of duty; or the,offense by a peace officer in the line of duty; or the,offense by a peace officer in the line of duty; or the,offense by a peace officer in the line of duty; or the,offense by a peace officer in the line of duty; or the,offense by a peace officer in the line of duty; or the,
"killing, during the commission of a serious criminal","killing, during the commission of a serious criminal","killing, during the commission of a serious criminal","killing, during the commission of a serious criminal","killing, during the commission of a serious criminal","killing, during the commission of a serious criminal","killing, during the commission of a serious criminal","killing, during the commission of a serious criminal",
"offense, of the perpetrator by a private individuaL","offense, of the perpetrator by a private individuaL","offense, of the perpetrator by a private individuaL","offense, of the perpetrator by a private individuaL","offense, of the perpetrator by a private individuaL","offense, of the perpetrator by a private individuaL","offense, of the perpetrator by a private individuaL","offense, of the perpetrator by a private individuaL",
,,,,,,,,9
