Name: “Table 1 of 1 on page 39 of 136”,Name: “Table 1 of 1 on page 39 of 136”,Name: “Table 1 of 1 on page 39 of 136”,Name: “Table 1 of 1 on page 39 of 136”,Name: “Table 1 of 1 on page 39 of 136”,Name: “Table 1 of 1 on page 39 of 136”,Name: “Table 1 of 1 on page 39 of 136”,Name: “Table 1 of 1 on page 39 of 136”,Name: “Table 1 of 1 on page 39 of 136”,Name: “Table 1 of 1 on page 39 of 136”,Name: “Table 1 of 1 on page 39 of 136”,Name: “Table 1 of 1 on page 39 of 136”,Name: “Table 1 of 1 on page 39 of 136”
Table: 39,Table: 39,Table: 39,Table: 39,Table: 39,Table: 39,Table: 39,Table: 39,Table: 39,Table: 39,Table: 39,Table: 39,Table: 39
,,,,,,,,,,,,
,,,,"Local offense classifications such as grand theft, petty larceny, or felony","Local offense classifications such as grand theft, petty larceny, or felony","Local offense classifications such as grand theft, petty larceny, or felony","Local offense classifications such as grand theft, petty larceny, or felony","Local offense classifications such as grand theft, petty larceny, or felony","Local offense classifications such as grand theft, petty larceny, or felony","Local offense classifications such as grand theft, petty larceny, or felony","Local offense classifications such as grand theft, petty larceny, or felony",
,Larceny,,,larceny have no bearing on the fact that each distinct operation of larceny,larceny have no bearing on the fact that each distinct operation of larceny,larceny have no bearing on the fact that each distinct operation of larceny,larceny have no bearing on the fact that each distinct operation of larceny,larceny have no bearing on the fact that each distinct operation of larceny,larceny have no bearing on the fact that each distinct operation of larceny,larceny have no bearing on the fact that each distinct operation of larceny,larceny have no bearing on the fact that each distinct operation of larceny,
,,,,is reported as one offense.,is reported as one offense.,is reported as one offense.,is reported as one offense.,,,,,
,,,,Motor vehicle theft is not included in the larceny totals and is counted,Motor vehicle theft is not included in the larceny totals and is counted,Motor vehicle theft is not included in the larceny totals and is counted,Motor vehicle theft is not included in the larceny totals and is counted,Motor vehicle theft is not included in the larceny totals and is counted,Motor vehicle theft is not included in the larceny totals and is counted,Motor vehicle theft is not included in the larceny totals and is counted,Motor vehicle theft is not included in the larceny totals and is counted,
,,,,separately because of the great volume of such thefts,separately because of the great volume of such thefts,separately because of the great volume of such thefts,separately because of the great volume of such thefts,separately because of the great volume of such thefts,separately because of the great volume of such thefts,separately because of the great volume of such thefts,,
,,,,"There were 90,473 offenses reported by the IBR submission agencies","There were 90,473 offenses reported by the IBR submission agencies","There were 90,473 offenses reported by the IBR submission agencies","There were 90,473 offenses reported by the IBR submission agencies","There were 90,473 offenses reported by the IBR submission agencies","There were 90,473 offenses reported by the IBR submission agencies","There were 90,473 offenses reported by the IBR submission agencies","There were 90,473 offenses reported by the IBR submission agencies",
,,,,during 1999.,during 1999.,August had the greatest occurrence of offenses reported.,August had the greatest occurrence of offenses reported.,August had the greatest occurrence of offenses reported.,August had the greatest occurrence of offenses reported.,August had the greatest occurrence of offenses reported.,August had the greatest occurrence of offenses reported.,
,,,,,,MONTHS,MONTHS,,,,,
,9500,,,,,,,,,,,
,8800,,,,,,,,,,,
O,,,,,,,,,,,,
F,8100,,,,,,,,,,,
F,,,,,,,,,,,,
E,,,,,,,,,,,,
N,,,,,,,,,,,,
S,,,,,,,,,,,,
E,,,,,,,,,,,,
S,7400,,,,,,,,,,,
,6700,,,,,,,,,,,
,6000,,,,,,,,,,,
,JAN,FEB,MAR,APR,MAY,JUN,JUL,AUG,SEP,OCT,NOV,DEC
,,,,,,,,,,,,31
