Name: “Table 1 of 1 on page 33 of 136”,Name: “Table 1 of 1 on page 33 of 136”,Name: “Table 1 of 1 on page 33 of 136”,Name: “Table 1 of 1 on page 33 of 136”,Name: “Table 1 of 1 on page 33 of 136”
Table: 33,Table: 33,Table: 33,Table: 33,Table: 33
,,,,
Relationship of Victim to Offender in,Relationship of Victim to Offender in,,Circumstances of,
Aggravated Assault Offenses,Aggravated Assault Offenses,,Aggravated Assaults,
Spouse,614,,,
,,Argument,Argument,3680
Common-Law Spouse,88,,,
Parent,137,Assault on Law Officer,Assault on Law Officer,464
Sibling,192,Drug Dealing,Drug Dealing,36
Child,159,Gangland,Gangland,14
Grandparent,6,Juvenile Gang,Juvenile Gang,10
Grandchild,2,Lover's Quarrel,Lover's Quarrel,224
In-Law,45,,,
,,Other Felony Involved,Other Felony Involved,31
Stepparent,27,,,
,,Other Circumstances,Other Circumstances,1139
Stepchild,36,,,
Stepsibling,7,Unknown Circumstances,Unknown Circumstances,2028
Other Family Member,202,,,
Victim Was Offender,460,,,
Acquaintance,1846,,,
Friend,431,,,
Neighbor,164,,,
Babysittee (the baby),8,,,
Boyfriend/Girlfriend,848,,,
Child of Boyfriend/Girlfriend,20,,100,
Homosexual Relationship,16,,,
Ex-Spouse,26,,,
Employee,16,,,
Employer,13,,,
Otherwise Known,910,,,
Relationship Unknown,1659,,80,
Victim Was Stranger,1503,,,
,,,,Argument/Quarrel
,,,,51.2%
,Victim Related to,,60,
,Offender 16.1%,,,
Victim Stranger to,,,,
Offender 15.9%,,,,
,,,,Assault on Officer
,,,,6.1%
,,,40,
,,,,Other 16.1%
Victim Known,,,,
to Offender,,,,
50.4%,,,,
,,Unknown 17.6%,20,
,,,,Unknown
,,,,26.6%
,,,0,
1999,,,,
,,,,25
