Name: “Table 1 of 1 on page 124 of 136”,Name: “Table 1 of 1 on page 124 of 136”,Name: “Table 1 of 1 on page 124 of 136”,Name: “Table 1 of 1 on page 124 of 136”,Name: “Table 1 of 1 on page 124 of 136”,Name: “Table 1 of 1 on page 124 of 136”,Name: “Table 1 of 1 on page 124 of 136”,Name: “Table 1 of 1 on page 124 of 136”,Name: “Table 1 of 1 on page 124 of 136”,Name: “Table 1 of 1 on page 124 of 136”,Name: “Table 1 of 1 on page 124 of 136”,Name: “Table 1 of 1 on page 124 of 136”,Name: “Table 1 of 1 on page 124 of 136”
Table: 123,Table: 123,Table: 123,Table: 123,Table: 123,Table: 123,Table: 123,Table: 123,Table: 123,Table: 123,Table: 123,Table: 123,Table: 123
,,,,,,,,,,,,
,Adult and Juvenile Arrests,Adult and Juvenile Arrests,Adult and Juvenile Arrests,Adult and Juvenile Arrests,Adult and Juvenile Arrests,Adult and Juvenile Arrests,Adult and Juvenile Arrests,,,,,
,"By County, City and Other","By County, City and Other","By County, City and Other","By County, City and Other","By County, City and Other","By County, City and Other","By County, City and Other",,,,,
,Spotsylvania,Spotsylvania,Stafford,Stafford,Surry,,Sussex,,Tazewell,Tazewell,Warren,
OFFENSES,Adult,Juv,Adult,Juv,Adult,Juv,Adult,Juv,Adult,Juv,Adult,Juv
Murder,1,,2,,1,,1,,,,,
Manslaughter,,,,,,,,,,,,
Forcible Rape,2,,15,,,,1,,5,,1,
Robbery,4,6,10,3,,,7,,1,,1,
Aggravated Assault,49,11,43,11,19,1,29,3,431,5,6,
Burglary,10,4,35,20,2,,8,4,49,12,21,8
Larceny,120,19,238,105,23,2,35,7,260,43,59,18
Motor Vehicle Theft,13,4,27,21,,,4,2,24,1,5,4
Arson,2,,3,4,,,,,8,4,,2
SUBTOTAL FOR,,,,,,,,,,,,
PART I OFFENSES,201,44,373,164,45,3,85,16,778,65,93,32
Other Assaults,195,32,564,100,44,5,79,6,150,6,214,14
Forgery &,,,,,,,,,,,,
Counterfeiting,21,,30,3,4,,2,,79,6,4,2
Fraud,6,,24,1,1,,,,36,1,1,1
Embezzlement,8,,18,,,,,,5,,1,1
"Stolen Property: Buy,",,,,,,,,,,,,
"Receiving, Poss.",62,46,11,2,1,,,1,11,,,
Vandalism,31,36,55,80,8,1,8,2,65,13,21,6
Weapons:,,,,,,,,,,,,
"Possessing, Etc.",21,3,44,9,2,,18,2,35,,6,
Prostitution &,,,,,,,,,,,,
Commercialized Vice,,,2,,,,,,,,,
Sex Offenses (except,,,,,,,,,,,,
Rape & Prostitution),6,,20,8,3,,,1,11,,5,
Narcotic Drug Laws:,,,,,,,,,,,,
Sale/Manufacture,8,,26,8,,,14,,47,3,19,2
Narcotic Drug Laws:,,,,,,,,,,,,
Possession,128,6,362,88,7,2,37,3,78,20,23,2
Gambling,,,,,,,,,,,,
Offenses Against,,,,,,,,,,,,
the Family,,,4,,10,,1,1,10,,6,
Driving Under the,,,,,,,,,,,,
Influence,222,3,494,8,17,,94,,257,5,109,5
Liquor Laws,31,11,118,111,,1,4,,45,14,29,20
Public Drunkenness,182,2,319,3,5,,39,,345,4,298,3
Disorderly Conduct,6,11,8,11,11,1,9,,19,3,51,4
All Other (except Traffic),"1,029",24,"1,644",255,83,4,182,14,"1,154",28,709,50
Curfew & Loitering,,,,,,,,2,,,,1
"Runaways, Juveniles",,,,,,,,,,,,
Apprehended,,14,,,,,,,,1,,
SUBTOTAL FOR,,,,,,,,,,,,
PART II OFFENSES,"1,956",188,"3,743",687,196,14,487,32,"2,347",104,"1,496",111
TOTAL,"2,157",232,"4,116",851,241,17,572,48,"3,125",169,"1,589",143
116,,,,,,,,,,,,
