Name: “Table 1 of 1 on page 64 of 136”,Name: “Table 1 of 1 on page 64 of 136”,Name: “Table 1 of 1 on page 64 of 136”,Name: “Table 1 of 1 on page 64 of 136”,Name: “Table 1 of 1 on page 64 of 136”
Table: 64,Table: 64,Table: 64,Table: 64,Table: 64
,,,,
,Value of Property Stolen & Recovered,Value of Property Stolen & Recovered,Value of Property Stolen & Recovered,Value of Property Stolen & Recovered
Both the IBR and summary system collect monthly data on property stolen and recovered. The table below,Both the IBR and summary system collect monthly data on property stolen and recovered. The table below,Both the IBR and summary system collect monthly data on property stolen and recovered. The table below,Both the IBR and summary system collect monthly data on property stolen and recovered. The table below,Both the IBR and summary system collect monthly data on property stolen and recovered. The table below
indicates the total value of property stolen and recovered by month for all agencies during 1999.,indicates the total value of property stolen and recovered by month for all agencies during 1999.,indicates the total value of property stolen and recovered by month for all agencies during 1999.,indicates the total value of property stolen and recovered by month for all agencies during 1999.,indicates the total value of property stolen and recovered by month for all agencies during 1999.
,IBR AGENCIES,IBR AGENCIES,SUMMARY AGENCIES,SUMMARY AGENCIES
MONTH,STOLEN,RECOVERED,STOLEN,RECOVERED
JAN,"11,405,832","3,981,669","11,229,769","4,980,198"
FEB,"9,655,713","2,330,708","9,541,382","4,932,973"
MAR,"9,803,923","2,499,858","9,945,787","4,501,725"
APR,"9,998,178","2,152,513","8,911,849","4,340,257"
MAY,"11,596,670","4,120,094","10,010,736","4,622,555"
JUN,"8,959,454","2,871,020","9,555,586","3,816,891"
JUL,"10,050,490","3,518,391","10,053,107","4,393,051"
AUG,"9,897,273","2,388,216","10,190,652","5,099,977"
SEP,"9,396,727","3,151,238","7,304,235","3,082,089"
OCT,"9,080,612","3,589,444","9,596,659","5,557,404"
NOV,"10,436,585","3,407,765","7,317,752","3,106,851"
DEC,"12,056,093","4,223,297","6,968,369","2,817,390"
TOTAL,"$122,337,550","$38,234,213","$110,625,883","$51,251,361"
56,,,,
