Name: “Table 1 of 1 on page 122 of 136”,Name: “Table 1 of 1 on page 122 of 136”,Name: “Table 1 of 1 on page 122 of 136”,Name: “Table 1 of 1 on page 122 of 136”,Name: “Table 1 of 1 on page 122 of 136”,Name: “Table 1 of 1 on page 122 of 136”,Name: “Table 1 of 1 on page 122 of 136”,Name: “Table 1 of 1 on page 122 of 136”,Name: “Table 1 of 1 on page 122 of 136”,Name: “Table 1 of 1 on page 122 of 136”,Name: “Table 1 of 1 on page 122 of 136”,Name: “Table 1 of 1 on page 122 of 136”,Name: “Table 1 of 1 on page 122 of 136”
Table: 121,Table: 121,Table: 121,Table: 121,Table: 121,Table: 121,Table: 121,Table: 121,Table: 121,Table: 121,Table: 121,Table: 121,Table: 121
,,,,,,,,,,,,
,,Adult and Juvenile Arrests,Adult and Juvenile Arrests,Adult and Juvenile Arrests,Adult and Juvenile Arrests,Adult and Juvenile Arrests,Adult and Juvenile Arrests,Adult and Juvenile Arrests,,,,
,,"By County, City and Other","By County, City and Other","By County, City and Other","By County, City and Other","By County, City and Other","By County, City and Other","By County, City and Other",,,,
,Prince William,Prince William,Pulaski,,Rappahannock,Rappahannock,Richmond,Richmond,Roanoke,,Rockbridge,Rockbridge
OFFENSES,Adult,Juv,Adult,Juv,Adult,Juv,Adult,Juv,Adult,Juv,Adult,Juv
Murder,9,3,,,,,6,,,,,
Manslaughter,1,,,,,,,,,,,
Forcible Rape,10,1,3,,,,3,,3,,4,1
Robbery,58,40,2,,,,,,2,,,
Aggravated Assault,187,52,18,4,2,1,5,,23,1,10,
Burglary,100,109,10,,,1,5,2,14,8,17,6
Larceny,891,234,117,4,3,,13,,74,21,34,13
Motor Vehicle Theft,40,27,1,2,1,,3,,4,,8,2
Arson,6,17,,,,,,,,,10,6
SUBTOTAL FOR,,,,,,,,,,,,
PART I OFFENSES,"1,302",483,151,10,6,2,35,2,120,30,83,28
Other Assaults,"1,465",342,146,4,20,5,37,4,209,33,127,19
Forgery &,,,,,,,,,,,,
Counterfeiting,122,4,13,,,,4,,14,1,4,
Fraud,319,4,8,,,,1,,16,,4,
Embezzlement,110,2,,,,,,,6,,2,
"Stolen Property: Buy,",,,,,,,,,,,,
"Receiving, Poss.",29,6,,1,,,,,2,,1,
Vandalism,106,24,10,1,2,,1,1,11,6,5,7
Weapons:,,,,,,,,,,,,
"Possessing, Etc.",165,16,24,,4,,16,1,18,6,10,6
Prostitution &,,,,,,,,,,,,
Commercialized Vice,2,,,,,,,,,,,
Sex Offenses (except,,,,,,,,,,,,
Rape & Prostitution),70,28,1,1,,,1,,4,1,3,2
Narcotic Drug Laws:,,,,,,,,,,,,
Sale/Manufacture,99,14,28,,2,,4,,4,,16,
Narcotic Drug Laws:,,,,,,,,,,,,
Possession,949,72,45,4,22,3,8,1,91,10,113,9
Gambling,,1,,,,,,,1,,,
Offenses Against,,,,,,,,,,,,
the Family,10,,,,,,4,,6,,1,
Driving Under the,,,,,,,,,,,,
Influence,"1,948",19,140,4,43,,16,,191,4,170,5
Liquor Laws,178,58,24,7,3,8,,,26,16,58,21
Public Drunkenness,"1,176",62,421,4,37,,7,,74,5,96,
Disorderly Conduct,136,82,32,1,,1,6,6,18,12,1,2
All Other (except Traffic),"2,232",333,809,18,33,14,138,,678,100,132,19
Curfew & Loitering,,477,,,,,,,,11,,
"Runaways, Juveniles",,,,,,,,,,,,
Apprehended,,810,,,,,,,,5,,
SUBTOTAL FOR,,,,,,,,,,,,
PART II OFFENSES,"9,116","2,354","1,701",45,166,31,243,13,"1,369",210,743,90
TOTAL,"10,418","2,837","1,852",55,172,33,278,15,"1,489",240,826,118
114,,,,,,,,,,,,
