Name: “Table 1 of 1 on page 120 of 136”,Name: “Table 1 of 1 on page 120 of 136”,Name: “Table 1 of 1 on page 120 of 136”,Name: “Table 1 of 1 on page 120 of 136”,Name: “Table 1 of 1 on page 120 of 136”,Name: “Table 1 of 1 on page 120 of 136”,Name: “Table 1 of 1 on page 120 of 136”,Name: “Table 1 of 1 on page 120 of 136”,Name: “Table 1 of 1 on page 120 of 136”,Name: “Table 1 of 1 on page 120 of 136”,Name: “Table 1 of 1 on page 120 of 136”,Name: “Table 1 of 1 on page 120 of 136”,Name: “Table 1 of 1 on page 120 of 136”
Table: 119,Table: 119,Table: 119,Table: 119,Table: 119,Table: 119,Table: 119,Table: 119,Table: 119,Table: 119,Table: 119,Table: 119,Table: 119
,,,,,,,,,,,,
,Adult and Juvenile Arrests,Adult and Juvenile Arrests,Adult and Juvenile Arrests,Adult and Juvenile Arrests,Adult and Juvenile Arrests,Adult and Juvenile Arrests,Adult and Juvenile Arrests,Adult and Juvenile Arrests,,,,
,"By County, City and Other","By County, City and Other","By County, City and Other","By County, City and Other","By County, City and Other","By County, City and Other","By County, City and Other","By County, City and Other",,,,
,Nelson,,New Kent,New Kent,Northampton,Northampton,Northumberland,Northumberland,Nottoway,Nottoway,Orange,Orange
OFFENSES,Adult,Juv,Adult,Juv,Adult,Juv,Adult,Juv,Adult,Juv,Adult,Juv
Murder,,,2,,2,,,,3,,,
Manslaughter,,,,,,,,,,,,
Forcible Rape,,,2,,3,,1,,6,,,
Robbery,,,,,2,1,,,2,,,
Aggravated Assault,3,1,5,2,12,2,6,1,19,1,30,3
Burglary,6,,3,,17,17,32,6,3,2,5,2
Larceny,5,1,20,2,60,8,22,3,46,12,38,20
Motor Vehicle Theft,3,,,,7,3,1,,5,,4,2
Arson,,,,,,,,,4,,1,2
SUBTOTAL FOR,,,,,,,,,,,,
PART I OFFENSES,17,2,32,4,103,31,62,10,88,15,78,29
Other Assaults,51,2,65,16,121,10,44,2,119,2,73,2
Forgery &,,,,,,,,,,,,
Counterfeiting,12,,7,,5,,8,,6,1,27,
Fraud,,,4,,7,,5,,23,1,2,
Embezzlement,,,1,,4,2,,,5,,2,1
"Stolen Property: Buy,",,,,,,,,,,,,
"Receiving, Poss.",,,3,,2,1,,,1,,,
Vandalism,2,16,7,23,20,7,5,1,11,1,11,2
Weapons:,,,,,,,,,,,,
"Possessing, Etc.",6,2,15,1,8,1,6,1,4,1,9,2
Prostitution &,,,,,,,,,,,,
Commercialized Vice,,,,,,,,,,,,
Sex Offenses (except,,,,,,,,,,,,
Rape & Prostitution),,,4,,5,,1,,6,1,2,2
Narcotic Drug Laws:,,,,,,,,,,,,
Sale/Manufacture,5,1,,,18,1,16,,14,,5,
Narcotic Drug Laws:,,,,,,,,,,,,
Possession,12,3,42,3,27,7,12,,13,1,25,5
Gambling,,,,,,,,,,,,
Offenses Against,,,,,,,,,,,,
the Family,,,1,,3,,4,,,,,
Driving Under the,,,,,,,,,,,,
Influence,60,1,50,1,30,1,49,1,87,1,112,2
Liquor Laws,4,,6,2,6,3,6,1,8,8,9,4
Public Drunkenness,9,,18,,20,,45,1,38,,115,1
Disorderly Conduct,7,6,1,,12,5,4,,18,2,5,1
All Other (except Traffic),156,12,109,4,151,35,84,1,285,8,98,8
Curfew & Loitering,,,,,,,,,,9,,
"Runaways, Juveniles",,,,,,,,,,,,
Apprehended,,,,1,,,,,,,,
SUBTOTAL FOR,,,,,,,,,,,,
PART II OFFENSES,324,43,333,51,439,73,289,8,638,36,495,30
TOTAL,341,45,365,55,542,104,351,18,726,51,573,59
112,,,,,,,,,,,,
