Name: “Table 1 of 1 on page 119 of 136”,Name: “Table 1 of 1 on page 119 of 136”,Name: “Table 1 of 1 on page 119 of 136”,Name: “Table 1 of 1 on page 119 of 136”,Name: “Table 1 of 1 on page 119 of 136”,Name: “Table 1 of 1 on page 119 of 136”,Name: “Table 1 of 1 on page 119 of 136”,Name: “Table 1 of 1 on page 119 of 136”,Name: “Table 1 of 1 on page 119 of 136”,Name: “Table 1 of 1 on page 119 of 136”,Name: “Table 1 of 1 on page 119 of 136”,Name: “Table 1 of 1 on page 119 of 136”,Name: “Table 1 of 1 on page 119 of 136”
Table: 118,Table: 118,Table: 118,Table: 118,Table: 118,Table: 118,Table: 118,Table: 118,Table: 118,Table: 118,Table: 118,Table: 118,Table: 118
,,,,,,,,,,,,
,,Adult and Juvenile Arrests,Adult and Juvenile Arrests,Adult and Juvenile Arrests,Adult and Juvenile Arrests,Adult and Juvenile Arrests,Adult and Juvenile Arrests,,,,,
,,"By County, City and Other","By County, City and Other","By County, City and Other","By County, City and Other","By County, City and Other","By County, City and Other",,,,,
,Lunenburg,Lunenburg,Madison,,Mathews,Mathews,Mecklenburg,,Middlesex,,Montgomery,Montgomery
OFFENSES,Adult,Juv,Adult,Juv,Adult,Juv,Adult,Juv,Adult,Juv,Adult,Juv
Murder,1,,,,,,3,,1,,2,
Manslaughter,,,,,,,,,,,1,
Forcible Rape,1,,1,,,,6,1,,,8,
Robbery,5,,,,1,,7,5,,,2,
Aggravated Assault,6,1,3,,1,,28,2,3,,78,6
Burglary,8,4,16,6,5,11,34,24,3,4,29,7
Larceny,16,1,14,1,6,2,91,27,11,3,280,122
Motor Vehicle Theft,3,,4,1,4,,5,2,1,,10,11
Arson,,1,1,,,2,6,1,,,1,1
SUBTOTAL FOR,,,,,,,,,,,,
PART I OFFENSES,40,7,39,8,17,15,180,62,19,7,411,147
Other Assaults,54,16,57,4,8,3,147,6,38,3,356,44
Forgery &,,,,,,,,,,,,
Counterfeiting,2,,5,,1,,11,,,,40,1
Fraud,2,,2,,,2,1,,1,,82,2
Embezzlement,,,,,1,,4,,,,23,1
"Stolen Property: Buy,",,,,,,,,,,,,
"Receiving, Poss.",,,,,1,,3,,,,5,3
Vandalism,3,1,6,4,2,25,12,9,,,66,26
Weapons:,,,,,,,,,,,,
"Possessing, Etc.",3,4,5,,1,2,22,5,,,47,4
Prostitution &,,,,,,,,,,,,
Commercialized Vice,,,,,,,,,,,,
Sex Offenses (except,,,,,,,,,,,,
Rape & Prostitution),2,1,1,,,,2,,2,,13,2
Narcotic Drug Laws:,,,,,,,,,,,,
Sale/Manufacture,2,,5,,,,4,,2,,31,3
Narcotic Drug Laws:,,,,,,,,,,,,
Possession,5,,11,1,12,2,29,1,3,,154,24
Gambling,,,,,,,,,2,,1,
Offenses Against,,,,,,,,,,,,
the Family,,,,,,,21,,,,8,
Driving Under the,,,,,,,,,,,,
Influence,49,1,34,2,56,,324,8,58,1,494,10
Liquor Laws,10,2,4,1,7,6,56,36,1,3,299,47
Public Drunkenness,9,,10,,21,,149,,11,,742,5
Disorderly Conduct,10,10,6,,,,40,4,1,,34,8
All Other (except Traffic),415,32,162,4,84,3,717,15,51,1,"1,355",305
Curfew & Loitering,,,,,,6,,,,,,
"Runaways, Juveniles",,,,,,,,,,,,
Apprehended,,,,,,,,,,,,1
SUBTOTAL FOR,,,,,,,,,,,,
PART II OFFENSES,566,67,308,16,194,49,"1,542",84,170,8,"3,750",486
TOTAL,606,74,347,24,211,64,"1,722",146,189,15,"4,161",633
,,,,,,,,,,,,111
