Name: “Table 1 of 1 on page 53 of 136”,Name: “Table 1 of 1 on page 53 of 136”,Name: “Table 1 of 1 on page 53 of 136”,Name: “Table 1 of 1 on page 53 of 136”,Name: “Table 1 of 1 on page 53 of 136”,Name: “Table 1 of 1 on page 53 of 136”,Name: “Table 1 of 1 on page 53 of 136”
Table: 53,Table: 53,Table: 53,Table: 53,Table: 53,Table: 53,Table: 53
,,,,,,
Victims And Offenders of Violent Crime,Victims And Offenders of Violent Crime,Victims And Offenders of Violent Crime,Victims And Offenders of Violent Crime,Victims And Offenders of Violent Crime,Victims And Offenders of Violent Crime,
,"AGE, GENDER AND RACE OF VICTIM","AGE, GENDER AND RACE OF VICTIM","AGE, GENDER AND RACE OF VICTIM","AGE, GENDER AND RACE OF VICTIM",,
,,Male,,,Female,
Race,0 - 18,19 - 35,36+,0 - 18,19 - 35,36+
White,1030,1839,1119,1514,1430,876
Black,545,1534,873,648,1032,481
Am. Ind./Alskn,0,2,2,1,3,0
Asian/Pacfc Isl.,7,32,23,12,34,19
Unknown,78,39,20,104,22,8
TOTAL,1660,3446,2037,2279,2521,1384
,"AGE, GENDER AND RACE OF OFFENDER","AGE, GENDER AND RACE OF OFFENDER","AGE, GENDER AND RACE OF OFFENDER","AGE, GENDER AND RACE OF OFFENDER",,
,,Male,,,Female,
Race,0 - 18,19 - 35,36+,0 - 18,19 - 35,36+
White,2778,2515,1482,200,490,279
Black,2792,2625,1038,277,582,210
Am. Ind./Alskn,2,1,5,0,1,0
Asian/Pacfc Isl.,21,26,14,0,4,0
Unknown,158,35,12,17,6,4
TOTAL,4362,5202,2551,494,1083,493
,,,,,,45
