Name: “Table 1 of 1 on page 130 of 136”,Name: “Table 1 of 1 on page 130 of 136”,Name: “Table 1 of 1 on page 130 of 136”,Name: “Table 1 of 1 on page 130 of 136”,Name: “Table 1 of 1 on page 130 of 136”,Name: “Table 1 of 1 on page 130 of 136”,Name: “Table 1 of 1 on page 130 of 136”,Name: “Table 1 of 1 on page 130 of 136”,Name: “Table 1 of 1 on page 130 of 136”,Name: “Table 1 of 1 on page 130 of 136”,Name: “Table 1 of 1 on page 130 of 136”,Name: “Table 1 of 1 on page 130 of 136”,Name: “Table 1 of 1 on page 130 of 136”
Table: 129,Table: 129,Table: 129,Table: 129,Table: 129,Table: 129,Table: 129,Table: 129,Table: 129,Table: 129,Table: 129,Table: 129,Table: 129
,,,,,,,,,,,,
,,Adult and Juvenile Arrests,Adult and Juvenile Arrests,Adult and Juvenile Arrests,Adult and Juvenile Arrests,Adult and Juvenile Arrests,Adult and Juvenile Arrests,,,,,
,"By County, City and Other","By County, City and Other","By County, City and Other","By County, City and Other","By County, City and Other","By County, City and Other","By County, City and Other",,,,,
,Newport News,,Norfolk,Norfolk,Norton,,Petersburg,,Poquoson,Poquoson,Portsmouth,Portsmouth
OFFENSES,Adult,Juv,Adult,Juv,Adult,Juv,Adult,Juv,Adult,Juv,Adult,Juv
Murder,9,3,15,,,,2,,,,9,
Manslaughter,,,,,,,,,,,,
Forcible Rape,28,4,5,1,1,,4,1,1,,13,1
Robbery,88,17,17,4,1,,22,2,1,,82,13
Aggravated Assault,274,42,31,8,8,,131,16,6,1,120,19
Burglary,192,88,23,8,,,53,23,2,,114,21
Larceny,579,198,378,142,78,25,161,29,8,9,464,63
Motor Vehicle Theft,59,88,9,30,1,,23,5,2,,9,30
Arson,5,13,,,,,2,,,,5,
SUBTOTAL FOR,,,,,,,,,,,,
PART I OFFENSES,"1,234",453,478,193,89,25,398,76,20,10,816,147
Other Assaults,"1,355",153,276,11,31,2,565,53,36,3,"1,399",135
Forgery &,,,,,,,,,,,,
Counterfeiting,67,2,43,1,5,,83,,,,52,
Fraud,83,1,44,,,,,,2,,62,1
Embezzlement,46,5,10,,,,10,,,,17,
"Stolen Property: Buy,",,,,,,,,,,,,
"Receiving, Poss.",49,40,15,5,2,,26,16,,,19,
Vandalism,176,57,19,11,6,1,67,7,4,1,103,10
Weapons:,,,,,,,,,,,,
"Possessing, Etc.",149,47,66,21,11,3,52,11,7,1,90,6
Prostitution &,,,,,,,,,,,,
Commercialized Vice,60,,84,,,,13,,,,13,
Sex Offenses (except,,,,,,,,,,,,
Rape & Prostitution),28,19,16,4,2,,1,5,1,,21,
Narcotic Drug Laws:,,,,,,,,,,,,
Sale/Manufacture,315,31,45,1,,,5,,5,1,257,3
Narcotic Drug Laws:,,,,,,,,,,,,
Possession,"1,219",157,229,12,25,5,6,1,21,12,540,10
Gambling,1,1,4,,,,5,,,,2,
Offenses Against,,,,,,,,,,,,
the Family,128,10,43,,10,,,,1,,37,
Driving Under the,,,,,,,,,,,,
Influence,381,3,311,,89,4,171,,90,3,247,
Liquor Laws,81,27,865,12,41,21,287,12,4,2,19,1
Public Drunkenness,980,10,"1,062",10,125,1,226,4,32,3,335,2
Disorderly Conduct,66,30,539,34,9,,212,11,1,,56,16
All Other (except Traffic),"1,699",713,"4,757",421,162,2,776,104,28,3,"3,107",67
Curfew & Loitering,,322,,47,,,,64,,6,,4
"Runaways, Juveniles",,,,,,,,,,,,
Apprehended,,334,,61,,2,,100,,,,11
SUBTOTAL FOR,,,,,,,,,,,,
PART II OFFENSES,"6,883","1,962","8,428",651,518,41,"2,505",388,232,35,"6,376",266
TOTAL,"8,117","2,415","8,906",844,607,66,"2,903",464,252,45,"7,192",413
122,,,,,,,,,,,,
