Name: “Table 1 of 1 on page 51 of 136”,Name: “Table 1 of 1 on page 51 of 136”,Name: “Table 1 of 1 on page 51 of 136”,Name: “Table 1 of 1 on page 51 of 136”,Name: “Table 1 of 1 on page 51 of 136”,Name: “Table 1 of 1 on page 51 of 136”,Name: “Table 1 of 1 on page 51 of 136”,Name: “Table 1 of 1 on page 51 of 136”,Name: “Table 1 of 1 on page 51 of 136”,Name: “Table 1 of 1 on page 51 of 136”,Name: “Table 1 of 1 on page 51 of 136”,Name: “Table 1 of 1 on page 51 of 136”,Name: “Table 1 of 1 on page 51 of 136”,Name: “Table 1 of 1 on page 51 of 136”
Table: 51,Table: 51,Table: 51,Table: 51,Table: 51,Table: 51,Table: 51,Table: 51,Table: 51,Table: 51,Table: 51,Table: 51,Table: 51,Table: 51
,,,,,,,,,,,,,
,,,Violent Crime Location By Offense,Violent Crime Location By Offense,Violent Crime Location By Offense,Violent Crime Location By Offense,Violent Crime Location By Offense,Violent Crime Location By Offense,Violent Crime Location By Offense,,,,
,,,Murder/,Murder/,,,,,,Sexual,,,
Location,Location,,,,Neglignt,Aggrvatd,Forcible,Forcible,Forcible,,Forcible,Forcible,Robbery
,,,Nonneg.,Nonneg.,,,,,,Assault,,,
,,,,,,,,,,,Fondling,Fondling,
,,,,,Mnslghtr,Assault,Rape,Rape,Sodomy,,,,
,,,Mnslghtr,Mnslghtr,,,,,,w/Object,,,
Air/Bus/Train Terminal,Air/Bus/Train Terminal,Air/Bus/Train Terminal,,0,0,11,,0,1,1,,5,6
Bank/Savings & Loan,Bank/Savings & Loan,,,1,0,5,,0,0,0,,0,96
Bar/Night Club,Bar/Night Club,,,3,0,124,,5,1,1,,0,14
Church/Synagogue/Temple,Church/Synagogue/Temple,Church/Synagogue/Temple,,0,0,4,,0,0,1,,5,1
Commercial/Office Building,Commercial/Office Building,Commercial/Office Building,,1,0,38,,1,3,7,,7,38
Construction Site,Construction Site,,,0,1,11,,4,0,0,,0,1
Convenience Store,Convenience Store,,,2,0,89,,3,1,4,,12,260
Department/Discount Store,Department/Discount Store,Department/Discount Store,,1,0,31,,0,0,2,,7,33
Drug Store/Dr Office/Hospital,Drug Store/Dr Office/Hospital,Drug Store/Dr Office/Hospital,,0,0,18,,6,1,4,,15,19
Field/Woods,Field/Woods,,,8,0,71,,35,17,8,,18,31
Government/Public Building,Government/Public Building,Government/Public Building,,1,0,54,,3,1,1,,5,8
Grocery/Supermarket,Grocery/Supermarket,,,1,0,27,,1,1,0,,1,63
Highway/Road/Alley,Highway/Road/Alley,,,25,8,1155,,52,10,14,,63,662
Hotel/Motel/Etc.,Hotel/Motel/Etc.,,,1,0,83,,48,6,7,,15,91
Jail/Penitentiary,Jail/Penitentiary,,,0,0,127,,3,13,0,,5,1
Lake/Waterway,Lake/Waterway,,,1,0,3,,3,1,2,,0,2
Liquor Store,Liquor Store,,,0,0,1,,0,0,0,,0,0
Parking Lot/Garage,Parking Lot/Garage,,,10,1,434,,23,3,0,,21,357
Rental/Storage Facility,Rental/Storage Facility,,,0,0,3,,1,1,0,,1,1
Residence/Home,Residence/Home,,,94,2,3702,666,666,265,274,,842,507
Restaurant,,,,2,0,82,,2,0,1,,6,147
School/College,School/College,,,0,0,173,,22,6,18,,87,44
Service/Gas Station,Service/Gas Station,,,1,0,29,,0,1,0,,1,75
Specialty Store,Specialty Store,,,2,0,15,,2,0,1,,6,66
Other/Unknown,Other/Unknown,,,8,0,413,,61,22,27,,61,120
TOTAL,,,162,162,12,6703,941,941,354,373,1183,1183,2643
,,Violent Crime By Day of Week And Time of Day,Violent Crime By Day of Week And Time of Day,Violent Crime By Day of Week And Time of Day,Violent Crime By Day of Week And Time of Day,Violent Crime By Day of Week And Time of Day,Violent Crime By Day of Week And Time of Day,Violent Crime By Day of Week And Time of Day,Violent Crime By Day of Week And Time of Day,Violent Crime By Day of Week And Time of Day,,,
Day/Time,00:00,02:00,04:00,06:00,08:00,10:00,12:00,14:00,16:00,18:00,20:00,22:00,
,01:59,03:59,05:59,07:59,09:59,11:59,13:59,15:59,17:59,19:59,21:59,23:59,Unk
Monday,239,67,56,41,73,102,96,124,172,164,238,197,65
Tuesday,212,77,31,42,86,90,91,139,135,172,231,199,74
Wednesday,219,80,28,31,76,82,96,138,156,168,194,246,69
Thursday,223,78,40,41,65,66,103,134,129,146,216,230,74
Friday,311,121,53,53,89,96,83,141,149,198,284,353,93
Saturday,343,213,97,58,70,84,110,113,160,195,233,310,83
Sunday,346,246,84,45,52,74,117,100,134,179,232,251,79
TOTAL,1893,882,389,311,511,594,696,889,1035,1222,1628,1786,537
,,,,,,,,,,,,,43
