Name: “Table 1 of 1 on page 117 of 136”,Name: “Table 1 of 1 on page 117 of 136”,Name: “Table 1 of 1 on page 117 of 136”,Name: “Table 1 of 1 on page 117 of 136”,Name: “Table 1 of 1 on page 117 of 136”,Name: “Table 1 of 1 on page 117 of 136”,Name: “Table 1 of 1 on page 117 of 136”,Name: “Table 1 of 1 on page 117 of 136”,Name: “Table 1 of 1 on page 117 of 136”,Name: “Table 1 of 1 on page 117 of 136”,Name: “Table 1 of 1 on page 117 of 136”,Name: “Table 1 of 1 on page 117 of 136”,Name: “Table 1 of 1 on page 117 of 136”
Table: 116,Table: 116,Table: 116,Table: 116,Table: 116,Table: 116,Table: 116,Table: 116,Table: 116,Table: 116,Table: 116,Table: 116,Table: 116
,,,,,,,,,,,,
,,Adult and Juvenile Arrests,Adult and Juvenile Arrests,Adult and Juvenile Arrests,Adult and Juvenile Arrests,Adult and Juvenile Arrests,Adult and Juvenile Arrests,Adult and Juvenile Arrests,,,,
,,"By County, City and Other","By County, City and Other","By County, City and Other","By County, City and Other","By County, City and Other","By County, City and Other","By County, City and Other",,,,
,Henrico,,Henry,,Highland,Highland,Isle of Wight,Isle of Wight,James City,,King & Queen,King & Queen
OFFENSES,Adult,Juv,Adult,Juv,Adult,Juv,Adult,Juv,Adult,Juv,Adult,Juv
Murder,10,1,6,,,,1,,2,,,
Manslaughter,,,1,,,,,,,,,
Forcible Rape,14,3,7,,,,2,,2,,,
Robbery,62,39,12,6,,,4,,8,2,,
Aggravated Assault,195,38,66,6,,,14,4,30,7,5,
Burglary,156,112,54,10,,,18,19,8,11,1,
Larceny,"1,485",648,197,15,1,,85,10,72,46,5,
Motor Vehicle Theft,89,82,21,9,,,7,4,6,,,
Arson,3,22,2,,,,1,,1,9,,
SUBTOTAL FOR,,,,,,,,,,,,
PART I OFFENSES,"2,014",945,366,46,1,,132,37,129,75,11,
Other Assaults,"1,243",386,455,36,1,,150,23,215,61,21,
Forgery &,,,,,,,,,,,,
Counterfeiting,78,4,49,1,,,13,,5,1,3,
Fraud,20,1,33,,,,3,,2,,,
Embezzlement,2,,9,,,,8,,8,1,,
"Stolen Property: Buy,",,,,,,,,,,,,
"Receiving, Poss.",17,3,,,1,,1,,2,1,1,
Vandalism,79,133,71,23,,,18,10,15,5,,
Weapons:,,,,,,,,,,,,
"Possessing, Etc.",137,47,44,8,1,,13,2,28,4,2,
Prostitution &,,,,,,,,,,,,
Commercialized Vice,9,,,,,,,,,,,
Sex Offenses (except,,,,,,,,,,,,
Rape & Prostitution),7,4,6,1,,,2,,13,5,,
Narcotic Drug Laws:,,,,,,,,,,,,
Sale/Manufacture,149,23,47,23,,,7,,1,,1,
Narcotic Drug Laws:,,,,,,,,,,,,
Possession,755,154,38,6,1,,44,16,25,,11,1
Gambling,2,,,,,,,,,,,
Offenses Against,,,,,,,,,,,,
the Family,17,1,2,,,,1,,,,5,
Driving Under the,,,,,,,,,,,,
Influence,753,17,197,4,4,,142,5,183,3,46,1
Liquor Laws,166,120,11,1,3,,4,3,71,29,1,
Public Drunkenness,790,27,337,1,1,,34,6,101,1,3,
Disorderly Conduct,50,16,15,2,,,4,4,11,15,,
All Other (except Traffic),"4,013",376,711,42,13,1,187,21,782,68,46,
Curfew & Loitering,,245,,,,,,11,,47,,
"Runaways, Juveniles",,,,,,,,,,,,
Apprehended,,625,,1,,,,,,,,
SUBTOTAL FOR,,,,,,,,,,,,
PART II OFFENSES,"8,287","2,182","2,025",149,25,1,631,101,"1,462",241,140,2
TOTAL,"10,301","3,127","2,391",195,26,1,763,138,"1,591",316,151,2
,,,,,,,,,,,,109
