Name: “Table 1 of 1 on page 126 of 136”,Name: “Table 1 of 1 on page 126 of 136”,Name: “Table 1 of 1 on page 126 of 136”,Name: “Table 1 of 1 on page 126 of 136”,Name: “Table 1 of 1 on page 126 of 136”,Name: “Table 1 of 1 on page 126 of 136”,Name: “Table 1 of 1 on page 126 of 136”,Name: “Table 1 of 1 on page 126 of 136”,Name: “Table 1 of 1 on page 126 of 136”,Name: “Table 1 of 1 on page 126 of 136”,Name: “Table 1 of 1 on page 126 of 136”,Name: “Table 1 of 1 on page 126 of 136”,Name: “Table 1 of 1 on page 126 of 136”
Table: 125,Table: 125,Table: 125,Table: 125,Table: 125,Table: 125,Table: 125,Table: 125,Table: 125,Table: 125,Table: 125,Table: 125,Table: 125
,,,,,,,,,,,,
,Adult and Juvenile Arrests,Adult and Juvenile Arrests,Adult and Juvenile Arrests,Adult and Juvenile Arrests,Adult and Juvenile Arrests,Adult and Juvenile Arrests,Adult and Juvenile Arrests,,,,,
,"By County, City and Other","By County, City and Other","By County, City and Other","By County, City and Other","By County, City and Other","By County, City and Other","By County, City and Other",,,,,
,Alexandria,Alexandria,Bedford,Bedford,Bristol,,Buena Vista,,Charlottesville,,Chesapeake,Chesapeake
OFFENSES,Adult,Juv,Adult,Juv,Adult,Juv,Adult,Juv,Adult,Juv,Adult,Juv
Murder,5,,,,1,,,,1,,4,
Manslaughter,,,,,,,,,,,,
Forcible Rape,9,,1,,2,,,,2,,10,5
Robbery,32,9,2,,5,1,,,14,,29,23
Aggravated Assault,80,22,9,1,36,4,14,1,28,3,157,34
Burglary,63,17,1,2,3,2,1,,19,1,42,66
Larceny,499,114,28,6,96,11,4,1,98,8,363,235
Motor Vehicle Theft,48,30,4,1,5,1,,,2,,42,26
Arson,2,,,,3,2,,,,,4,2
SUBTOTAL FOR,,,,,,,,,,,,
PART I OFFENSES,738,192,45,10,151,21,19,2,164,12,651,391
Other Assaults,720,114,79,6,230,8,20,,446,10,569,175
Forgery &,,,,,,,,,,,,
Counterfeiting,49,2,14,,17,1,,,36,,43,5
Fraud,104,4,10,,27,,,,24,,47,
Embezzlement,54,5,4,,2,,,,9,,15,1
"Stolen Property: Buy,",,,,,,,,,,,,
"Receiving, Poss.",17,3,,,2,4,,,16,2,12,6
Vandalism,46,28,7,1,18,1,2,,58,,32,41
Weapons:,,,,,,,,,,,,
"Possessing, Etc.",25,16,7,1,14,2,,2,27,4,94,45
Prostitution &,,,,,,,,,,,,
Commercialized Vice,12,,,,,,,,3,,1,
Sex Offenses (except,,,,,,,,,,,,
Rape & Prostitution),31,8,2,2,5,1,,,6,,16,17
Narcotic Drug Laws:,,,,,,,,,,,,
Sale/Manufacture,173,11,1,,45,,15,,27,4,55,8
Narcotic Drug Laws:,,,,,,,,,,,,
Possession,224,36,17,3,109,3,15,,141,10,496,88
Gambling,3,1,2,,,,,,,,,
Offenses Against,,,,,,,,,,,,
the Family,31,1,,,3,,,,3,,9,
Driving Under the,,,,,,,,,,,,
Influence,344,2,53,,205,,20,,204,3,408,5
Liquor Laws,874,29,13,4,81,9,1,2,55,8,119,29
Public Drunkenness,856,6,55,1,518,2,39,3,333,1,480,2
Disorderly Conduct,139,34,9,1,21,1,2,,67,4,51,7
All Other (except Traffic),"1,575",94,202,50,206,12,43,,"3,152",199,"1,480",165
Curfew & Loitering,,,,,,1,,1,,16,,14
"Runaways, Juveniles",,,,,,,,,,,,
Apprehended,,6,,4,,,,,,,,332
SUBTOTAL FOR,,,,,,,,,,,,
PART II OFFENSES,"5,277",400,475,73,"1,503",45,157,8,"4,607",261,"3,927",940
TOTAL,"6,015",592,520,83,"1,654",66,176,10,"4,771",273,"4,578","1,331"
118,,,,,,,,,,,,
