Name: “Table 1 of 1 on page 36 of 136”,Name: “Table 1 of 1 on page 36 of 136”,Name: “Table 1 of 1 on page 36 of 136”,Name: “Table 1 of 1 on page 36 of 136”,Name: “Table 1 of 1 on page 36 of 136”,Name: “Table 1 of 1 on page 36 of 136”,Name: “Table 1 of 1 on page 36 of 136”
Table: 36,Table: 36,Table: 36,Table: 36,Table: 36,Table: 36,Table: 36
,,,,,,
,Victims And Offenders of Burglaries,Victims And Offenders of Burglaries,Victims And Offenders of Burglaries,Victims And Offenders of Burglaries,Victims And Offenders of Burglaries,
,RACE BY GENDER AND AGE OF VICTIM,RACE BY GENDER AND AGE OF VICTIM,RACE BY GENDER AND AGE OF VICTIM,RACE BY GENDER AND AGE OF VICTIM,RACE BY GENDER AND AGE OF VICTIM,
,,Male,,,Female,
Race,0 - 18,19 - 35,36+,0 - 18,19 - 35,36+
White,266,1900,3423,179,1597,2187
Black,90,769,908,85,1141,977
Am. Ind./Alskn,0,3,3,1,4,3
Asian/Pacfc Isl.,5,33,41,3,21,21
Unknown,42,29,43,24,22,34
TOTAL,403,2734,4418,292,2785,3222
,RACE BY GENDER AND AGE OF OFFENDER,RACE BY GENDER AND AGE OF OFFENDER,RACE BY GENDER AND AGE OF OFFENDER,RACE BY GENDER AND AGE OF OFFENDER,RACE BY GENDER AND AGE OF OFFENDER,
,,Male,,,Female,
Race,0 - 18,19 - 35,36+,0 - 18,19 - 35,36+
White,1431,2242,592,235,415,188
Black,1066,1322,385,93,127,58
Am. Ind./Alskn,2,0,1,0,0,1
Asian/Pacfc Isl.,21,15,2,1,1,1
Unknown,145,41,13,21,5,5
TOTAL,2665,3620,993,350,548,253
28,,,,,,
