Name: “Table 1 of 1 on page 110 of 136”,Name: “Table 1 of 1 on page 110 of 136”,Name: “Table 1 of 1 on page 110 of 136”,Name: “Table 1 of 1 on page 110 of 136”,Name: “Table 1 of 1 on page 110 of 136”,Name: “Table 1 of 1 on page 110 of 136”,Name: “Table 1 of 1 on page 110 of 136”,Name: “Table 1 of 1 on page 110 of 136”,Name: “Table 1 of 1 on page 110 of 136”,Name: “Table 1 of 1 on page 110 of 136”,Name: “Table 1 of 1 on page 110 of 136”,Name: “Table 1 of 1 on page 110 of 136”,Name: “Table 1 of 1 on page 110 of 136”
Table: 109,Table: 109,Table: 109,Table: 109,Table: 109,Table: 109,Table: 109,Table: 109,Table: 109,Table: 109,Table: 109,Table: 109,Table: 109
,,,,,,,,,,,,
,Adult and Juvenile Arrests,Adult and Juvenile Arrests,Adult and Juvenile Arrests,Adult and Juvenile Arrests,Adult and Juvenile Arrests,Adult and Juvenile Arrests,Adult and Juvenile Arrests,Adult and Juvenile Arrests,,,,
,"By County, City and Other","By County, City and Other","By County, City and Other","By County, City and Other","By County, City and Other","By County, City and Other","By County, City and Other","By County, City and Other",,,,
,Accomack,Accomack,Albemarle,Albemarle,Alleghany,Alleghany,Amelia,,Amherst,Amherst,Appomattox,Appomattox
OFFENSES,Adult,Juv,Adult,Juv,Adult,Juv,Adult,Juv,Adult,Juv,Adult,Juv
Murder,1,1,2,,,,,,,,2,
Manslaughter,,,,,,,,,,,,
Forcible Rape,1,,3,,,,,1,3,,1,
Robbery,3,2,3,1,,,,,5,,2,
Aggravated Assault,21,1,16,2,11,,4,,15,,2,
Burglary,17,3,9,2,3,,2,4,12,,,3
Larceny,60,13,211,115,30,3,19,4,43,15,16,1
Motor Vehicle Theft,5,2,2,1,2,2,,,3,,1,2
Arson,1,,1,2,,,1,,3,,,
SUBTOTAL FOR,,,,,,,,,,,,
PART I OFFENSES,109,22,247,123,46,5,26,9,84,15,24,6
Other Assaults,86,3,207,21,67,4,74,10,103,1,37,5
Forgery &,,,,,,,,,,,,
Counterfeiting,21,8,15,,2,,1,,12,,,
Fraud,2,,24,,1,,,,2,,1,
Embezzlement,3,,22,1,2,,,,5,1,,
"Stolen Property: Buy,",,,,,,,,,,,,
"Receiving, Poss.",1,,7,,,,,,1,,,
Vandalism,17,5,28,8,7,8,4,,8,,1,6
Weapons:,,,,,,,,,,,,
"Possessing, Etc.",18,3,36,1,8,,7,2,7,,3,
Prostitution &,,,,,,,,,,,,
Commercialized Vice,,,,,,,,,,,,
Sex Offenses (except,,,,,,,,,,,,
Rape & Prostitution),10,2,10,,2,,6,2,5,1,,
Narcotic Drug Laws:,,,,,,,,,,,,
Sale/Manufacture,100,6,23,3,2,,37,2,3,,,
Narcotic Drug Laws:,,,,,,,,,,,,
Possession,46,5,170,34,19,,9,1,36,,5,
Gambling,,,,,,,,,,,,
Offenses Against,,,,,,,,,,,,
the Family,2,,3,,,,,,,,,
Driving Under the,,,,,,,,,,,,
Influence,125,5,231,2,50,,51,2,217,1,114,1
Liquor Laws,42,9,90,60,7,4,1,,5,,2,
Public Drunkenness,104,,152,2,70,2,4,,210,1,10,
Disorderly Conduct,19,1,42,11,7,1,5,,13,,2,2
All Other (except Traffic),484,21,"1,426",75,222,14,160,3,554,2,88,9
Curfew & Loitering,,,,1,,,,,,,,
"Runaways, Juveniles",,,,,,,,,,,,
Apprehended,,,,,,,,1,,,,
SUBTOTAL FOR,,,,,,,,,,,,
PART II OFFENSES,"1,080",68,"2,486",219,466,33,359,23,"1,181",7,263,23
TOTAL,"1,189",90,"2,733",342,512,38,385,32,"1,265",22,287,29
,"For this section of the report, we have combined the IBR system and the summary system to provide total arrests by county and city.","For this section of the report, we have combined the IBR system and the summary system to provide total arrests by county and city.","For this section of the report, we have combined the IBR system and the summary system to provide total arrests by county and city.","For this section of the report, we have combined the IBR system and the summary system to provide total arrests by county and city.","For this section of the report, we have combined the IBR system and the summary system to provide total arrests by county and city.","For this section of the report, we have combined the IBR system and the summary system to provide total arrests by county and city.","For this section of the report, we have combined the IBR system and the summary system to provide total arrests by county and city.","For this section of the report, we have combined the IBR system and the summary system to provide total arrests by county and city.","For this section of the report, we have combined the IBR system and the summary system to provide total arrests by county and city.","For this section of the report, we have combined the IBR system and the summary system to provide total arrests by county and city.","For this section of the report, we have combined the IBR system and the summary system to provide total arrests by county and city.","For this section of the report, we have combined the IBR system and the summary system to provide total arrests by county and city."
102,,,,,,,,,,,,
