"Sheriff's Office Workload Data                 The following statistics represent the workload generated during the period of                     January 1, 2012 to December 31, 2012.                                                         Calls for Service                      11,873                                                           Felony Warrants Served                      222                                                           Misdemeanor Warrants Served                      314                                                           Civil Papers Served                      8,033                                                           Traffic Summons Issued                      1,632                                                           Traffic Accidents Worked                      93                                                           Drug Charge Arrests                     97 persons                                                            DUI Arrests                      78 persons                                                           Court Days                      193 days totaling 5,269 man hours                                                            Transports                     151 transports totaling 847 man hours for 24,858 miles traveled                                                           Community Presentations                     31 presentation to 1,917 persons",Calls for Service,"11,873",Felony Warrants Served,222,Misdemeanor Warrants Served,314,Civil Papers Served,"8,033",Traffic Summons Issued,"1,632",Traffic Accidents Worked,93,Drug Charge Arrests,97 persons,DUI Arrests,78 persons,Court Days,"193 days totaling 5,269 man hours",Transports,"151 transports totaling 847 man hours for 24,858 miles traveled",Community Presentations,"31 presentation to 1,917 persons",,,,
Calls for Service,"11,873"
Felony Warrants Served,222
Misdemeanor Warrants Served,314
Civil Papers Served,"8,033"
Traffic Summons Issued,"1,632"
Traffic Accidents Worked,93
Drug Charge Arrests,97 persons
DUI Arrests,78 persons
Court Days,"193 days totaling 5,269 man hours"
Transports,"151 transports totaling 847 man hours for 24,858 miles traveled"
Community Presentations,"31 presentation to 1,917 persons"
,
,
