[
  {
    "Sheriff's Office Workload Data                 The following statistics represent the workload generated during the period of                     January 1, 2012 to December 31, 2012.                                                         Calls for Service                      11,873                                                           Felony Warrants Served                      222                                                           Misdemeanor Warrants Served                      314                                                           Civil Papers Served                      8,033                                                           Traffic Summons Issued                      1,632                                                           Traffic Accidents Worked                      93                                                           Drug Charge Arrests                     97 persons                                                            DUI Arrests                      78 persons                                                           Court Days                      193 days totaling 5,269 man hours                                                            Transports                     151 transports totaling 847 man hours for 24,858 miles traveled                                                           Community Presentations                     31 presentation to 1,917 persons":"Calls for Service",
    "Calls for Service":"11,873",
    "11,873":"",
    "Felony Warrants Served":"",
    "222":"",
    "Misdemeanor Warrants Served":"",
    "314":"",
    "Civil Papers Served":"",
    "8,033":"",
    "Traffic Summons Issued":"",
    "1,632":"",
    "Traffic Accidents Worked":"",
    "93":"",
    "Drug Charge Arrests":"",
    "97 persons":"",
    "DUI Arrests":"",
    "78 persons":"",
    "Court Days":"",
    "193 days totaling 5,269 man hours":"",
    "Transports":"",
    "151 transports totaling 847 man hours for 24,858 miles traveled":"",
    "Community Presentations":"",
    "31 presentation to 1,917 persons":"",
    "FIELD24":"",
    "FIELD25":"",
    "FIELD26":"",
    "FIELD27":""
  },
  {
    "Sheriff's Office Workload Data                 The following statistics represent the workload generated during the period of                     January 1, 2012 to December 31, 2012.                                                         Calls for Service                      11,873                                                           Felony Warrants Served                      222                                                           Misdemeanor Warrants Served                      314                                                           Civil Papers Served                      8,033                                                           Traffic Summons Issued                      1,632                                                           Traffic Accidents Worked                      93                                                           Drug Charge Arrests                     97 persons                                                            DUI Arrests                      78 persons                                                           Court Days                      193 days totaling 5,269 man hours                                                            Transports                     151 transports totaling 847 man hours for 24,858 miles traveled                                                           Community Presentations                     31 presentation to 1,917 persons":"Felony Warrants Served",
    "Calls for Service":"222",
    "11,873":"",
    "Felony Warrants Served":"",
    "222":"",
    "Misdemeanor Warrants Served":"",
    "314":"",
    "Civil Papers Served":"",
    "8,033":"",
    "Traffic Summons Issued":"",
    "1,632":"",
    "Traffic Accidents Worked":"",
    "93":"",
    "Drug Charge Arrests":"",
    "97 persons":"",
    "DUI Arrests":"",
    "78 persons":"",
    "Court Days":"",
    "193 days totaling 5,269 man hours":"",
    "Transports":"",
    "151 transports totaling 847 man hours for 24,858 miles traveled":"",
    "Community Presentations":"",
    "31 presentation to 1,917 persons":"",
    "FIELD24":"",
    "FIELD25":"",
    "FIELD26":"",
    "FIELD27":""
  },
  {
    "Sheriff's Office Workload Data                 The following statistics represent the workload generated during the period of                     January 1, 2012 to December 31, 2012.                                                         Calls for Service                      11,873                                                           Felony Warrants Served                      222                                                           Misdemeanor Warrants Served                      314                                                           Civil Papers Served                      8,033                                                           Traffic Summons Issued                      1,632                                                           Traffic Accidents Worked                      93                                                           Drug Charge Arrests                     97 persons                                                            DUI Arrests                      78 persons                                                           Court Days                      193 days totaling 5,269 man hours                                                            Transports                     151 transports totaling 847 man hours for 24,858 miles traveled                                                           Community Presentations                     31 presentation to 1,917 persons":"Misdemeanor Warrants Served",
    "Calls for Service":"314",
    "11,873":"",
    "Felony Warrants Served":"",
    "222":"",
    "Misdemeanor Warrants Served":"",
    "314":"",
    "Civil Papers Served":"",
    "8,033":"",
    "Traffic Summons Issued":"",
    "1,632":"",
    "Traffic Accidents Worked":"",
    "93":"",
    "Drug Charge Arrests":"",
    "97 persons":"",
    "DUI Arrests":"",
    "78 persons":"",
    "Court Days":"",
    "193 days totaling 5,269 man hours":"",
    "Transports":"",
    "151 transports totaling 847 man hours for 24,858 miles traveled":"",
    "Community Presentations":"",
    "31 presentation to 1,917 persons":"",
    "FIELD24":"",
    "FIELD25":"",
    "FIELD26":"",
    "FIELD27":""
  },
  {
    "Sheriff's Office Workload Data                 The following statistics represent the workload generated during the period of                     January 1, 2012 to December 31, 2012.                                                         Calls for Service                      11,873                                                           Felony Warrants Served                      222                                                           Misdemeanor Warrants Served                      314                                                           Civil Papers Served                      8,033                                                           Traffic Summons Issued                      1,632                                                           Traffic Accidents Worked                      93                                                           Drug Charge Arrests                     97 persons                                                            DUI Arrests                      78 persons                                                           Court Days                      193 days totaling 5,269 man hours                                                            Transports                     151 transports totaling 847 man hours for 24,858 miles traveled                                                           Community Presentations                     31 presentation to 1,917 persons":"Civil Papers Served",
    "Calls for Service":"8,033",
    "11,873":"",
    "Felony Warrants Served":"",
    "222":"",
    "Misdemeanor Warrants Served":"",
    "314":"",
    "Civil Papers Served":"",
    "8,033":"",
    "Traffic Summons Issued":"",
    "1,632":"",
    "Traffic Accidents Worked":"",
    "93":"",
    "Drug Charge Arrests":"",
    "97 persons":"",
    "DUI Arrests":"",
    "78 persons":"",
    "Court Days":"",
    "193 days totaling 5,269 man hours":"",
    "Transports":"",
    "151 transports totaling 847 man hours for 24,858 miles traveled":"",
    "Community Presentations":"",
    "31 presentation to 1,917 persons":"",
    "FIELD24":"",
    "FIELD25":"",
    "FIELD26":"",
    "FIELD27":""
  },
  {
    "Sheriff's Office Workload Data                 The following statistics represent the workload generated during the period of                     January 1, 2012 to December 31, 2012.                                                         Calls for Service                      11,873                                                           Felony Warrants Served                      222                                                           Misdemeanor Warrants Served                      314                                                           Civil Papers Served                      8,033                                                           Traffic Summons Issued                      1,632                                                           Traffic Accidents Worked                      93                                                           Drug Charge Arrests                     97 persons                                                            DUI Arrests                      78 persons                                                           Court Days                      193 days totaling 5,269 man hours                                                            Transports                     151 transports totaling 847 man hours for 24,858 miles traveled                                                           Community Presentations                     31 presentation to 1,917 persons":"Traffic Summons Issued",
    "Calls for Service":"1,632",
    "11,873":"",
    "Felony Warrants Served":"",
    "222":"",
    "Misdemeanor Warrants Served":"",
    "314":"",
    "Civil Papers Served":"",
    "8,033":"",
    "Traffic Summons Issued":"",
    "1,632":"",
    "Traffic Accidents Worked":"",
    "93":"",
    "Drug Charge Arrests":"",
    "97 persons":"",
    "DUI Arrests":"",
    "78 persons":"",
    "Court Days":"",
    "193 days totaling 5,269 man hours":"",
    "Transports":"",
    "151 transports totaling 847 man hours for 24,858 miles traveled":"",
    "Community Presentations":"",
    "31 presentation to 1,917 persons":"",
    "FIELD24":"",
    "FIELD25":"",
    "FIELD26":"",
    "FIELD27":""
  },
  {
    "Sheriff's Office Workload Data                 The following statistics represent the workload generated during the period of                     January 1, 2012 to December 31, 2012.                                                         Calls for Service                      11,873                                                           Felony Warrants Served                      222                                                           Misdemeanor Warrants Served                      314                                                           Civil Papers Served                      8,033                                                           Traffic Summons Issued                      1,632                                                           Traffic Accidents Worked                      93                                                           Drug Charge Arrests                     97 persons                                                            DUI Arrests                      78 persons                                                           Court Days                      193 days totaling 5,269 man hours                                                            Transports                     151 transports totaling 847 man hours for 24,858 miles traveled                                                           Community Presentations                     31 presentation to 1,917 persons":"Traffic Accidents Worked",
    "Calls for Service":"93",
    "11,873":"",
    "Felony Warrants Served":"",
    "222":"",
    "Misdemeanor Warrants Served":"",
    "314":"",
    "Civil Papers Served":"",
    "8,033":"",
    "Traffic Summons Issued":"",
    "1,632":"",
    "Traffic Accidents Worked":"",
    "93":"",
    "Drug Charge Arrests":"",
    "97 persons":"",
    "DUI Arrests":"",
    "78 persons":"",
    "Court Days":"",
    "193 days totaling 5,269 man hours":"",
    "Transports":"",
    "151 transports totaling 847 man hours for 24,858 miles traveled":"",
    "Community Presentations":"",
    "31 presentation to 1,917 persons":"",
    "FIELD24":"",
    "FIELD25":"",
    "FIELD26":"",
    "FIELD27":""
  },
  {
    "Sheriff's Office Workload Data                 The following statistics represent the workload generated during the period of                     January 1, 2012 to December 31, 2012.                                                         Calls for Service                      11,873                                                           Felony Warrants Served                      222                                                           Misdemeanor Warrants Served                      314                                                           Civil Papers Served                      8,033                                                           Traffic Summons Issued                      1,632                                                           Traffic Accidents Worked                      93                                                           Drug Charge Arrests                     97 persons                                                            DUI Arrests                      78 persons                                                           Court Days                      193 days totaling 5,269 man hours                                                            Transports                     151 transports totaling 847 man hours for 24,858 miles traveled                                                           Community Presentations                     31 presentation to 1,917 persons":"Drug Charge Arrests",
    "Calls for Service":"97 persons",
    "11,873":"",
    "Felony Warrants Served":"",
    "222":"",
    "Misdemeanor Warrants Served":"",
    "314":"",
    "Civil Papers Served":"",
    "8,033":"",
    "Traffic Summons Issued":"",
    "1,632":"",
    "Traffic Accidents Worked":"",
    "93":"",
    "Drug Charge Arrests":"",
    "97 persons":"",
    "DUI Arrests":"",
    "78 persons":"",
    "Court Days":"",
    "193 days totaling 5,269 man hours":"",
    "Transports":"",
    "151 transports totaling 847 man hours for 24,858 miles traveled":"",
    "Community Presentations":"",
    "31 presentation to 1,917 persons":"",
    "FIELD24":"",
    "FIELD25":"",
    "FIELD26":"",
    "FIELD27":""
  },
  {
    "Sheriff's Office Workload Data                 The following statistics represent the workload generated during the period of                     January 1, 2012 to December 31, 2012.                                                         Calls for Service                      11,873                                                           Felony Warrants Served                      222                                                           Misdemeanor Warrants Served                      314                                                           Civil Papers Served                      8,033                                                           Traffic Summons Issued                      1,632                                                           Traffic Accidents Worked                      93                                                           Drug Charge Arrests                     97 persons                                                            DUI Arrests                      78 persons                                                           Court Days                      193 days totaling 5,269 man hours                                                            Transports                     151 transports totaling 847 man hours for 24,858 miles traveled                                                           Community Presentations                     31 presentation to 1,917 persons":"DUI Arrests",
    "Calls for Service":"78 persons",
    "11,873":"",
    "Felony Warrants Served":"",
    "222":"",
    "Misdemeanor Warrants Served":"",
    "314":"",
    "Civil Papers Served":"",
    "8,033":"",
    "Traffic Summons Issued":"",
    "1,632":"",
    "Traffic Accidents Worked":"",
    "93":"",
    "Drug Charge Arrests":"",
    "97 persons":"",
    "DUI Arrests":"",
    "78 persons":"",
    "Court Days":"",
    "193 days totaling 5,269 man hours":"",
    "Transports":"",
    "151 transports totaling 847 man hours for 24,858 miles traveled":"",
    "Community Presentations":"",
    "31 presentation to 1,917 persons":"",
    "FIELD24":"",
    "FIELD25":"",
    "FIELD26":"",
    "FIELD27":""
  },
  {
    "Sheriff's Office Workload Data                 The following statistics represent the workload generated during the period of                     January 1, 2012 to December 31, 2012.                                                         Calls for Service                      11,873                                                           Felony Warrants Served                      222                                                           Misdemeanor Warrants Served                      314                                                           Civil Papers Served                      8,033                                                           Traffic Summons Issued                      1,632                                                           Traffic Accidents Worked                      93                                                           Drug Charge Arrests                     97 persons                                                            DUI Arrests                      78 persons                                                           Court Days                      193 days totaling 5,269 man hours                                                            Transports                     151 transports totaling 847 man hours for 24,858 miles traveled                                                           Community Presentations                     31 presentation to 1,917 persons":"Court Days",
    "Calls for Service":"193 days totaling 5,269 man hours",
    "11,873":"",
    "Felony Warrants Served":"",
    "222":"",
    "Misdemeanor Warrants Served":"",
    "314":"",
    "Civil Papers Served":"",
    "8,033":"",
    "Traffic Summons Issued":"",
    "1,632":"",
    "Traffic Accidents Worked":"",
    "93":"",
    "Drug Charge Arrests":"",
    "97 persons":"",
    "DUI Arrests":"",
    "78 persons":"",
    "Court Days":"",
    "193 days totaling 5,269 man hours":"",
    "Transports":"",
    "151 transports totaling 847 man hours for 24,858 miles traveled":"",
    "Community Presentations":"",
    "31 presentation to 1,917 persons":"",
    "FIELD24":"",
    "FIELD25":"",
    "FIELD26":"",
    "FIELD27":""
  },
  {
    "Sheriff's Office Workload Data                 The following statistics represent the workload generated during the period of                     January 1, 2012 to December 31, 2012.                                                         Calls for Service                      11,873                                                           Felony Warrants Served                      222                                                           Misdemeanor Warrants Served                      314                                                           Civil Papers Served                      8,033                                                           Traffic Summons Issued                      1,632                                                           Traffic Accidents Worked                      93                                                           Drug Charge Arrests                     97 persons                                                            DUI Arrests                      78 persons                                                           Court Days                      193 days totaling 5,269 man hours                                                            Transports                     151 transports totaling 847 man hours for 24,858 miles traveled                                                           Community Presentations                     31 presentation to 1,917 persons":"Transports",
    "Calls for Service":"151 transports totaling 847 man hours for 24,858 miles traveled",
    "11,873":"",
    "Felony Warrants Served":"",
    "222":"",
    "Misdemeanor Warrants Served":"",
    "314":"",
    "Civil Papers Served":"",
    "8,033":"",
    "Traffic Summons Issued":"",
    "1,632":"",
    "Traffic Accidents Worked":"",
    "93":"",
    "Drug Charge Arrests":"",
    "97 persons":"",
    "DUI Arrests":"",
    "78 persons":"",
    "Court Days":"",
    "193 days totaling 5,269 man hours":"",
    "Transports":"",
    "151 transports totaling 847 man hours for 24,858 miles traveled":"",
    "Community Presentations":"",
    "31 presentation to 1,917 persons":"",
    "FIELD24":"",
    "FIELD25":"",
    "FIELD26":"",
    "FIELD27":""
  },
  {
    "Sheriff's Office Workload Data                 The following statistics represent the workload generated during the period of                     January 1, 2012 to December 31, 2012.                                                         Calls for Service                      11,873                                                           Felony Warrants Served                      222                                                           Misdemeanor Warrants Served                      314                                                           Civil Papers Served                      8,033                                                           Traffic Summons Issued                      1,632                                                           Traffic Accidents Worked                      93                                                           Drug Charge Arrests                     97 persons                                                            DUI Arrests                      78 persons                                                           Court Days                      193 days totaling 5,269 man hours                                                            Transports                     151 transports totaling 847 man hours for 24,858 miles traveled                                                           Community Presentations                     31 presentation to 1,917 persons":"Community Presentations",
    "Calls for Service":"31 presentation to 1,917 persons",
    "11,873":"",
    "Felony Warrants Served":"",
    "222":"",
    "Misdemeanor Warrants Served":"",
    "314":"",
    "Civil Papers Served":"",
    "8,033":"",
    "Traffic Summons Issued":"",
    "1,632":"",
    "Traffic Accidents Worked":"",
    "93":"",
    "Drug Charge Arrests":"",
    "97 persons":"",
    "DUI Arrests":"",
    "78 persons":"",
    "Court Days":"",
    "193 days totaling 5,269 man hours":"",
    "Transports":"",
    "151 transports totaling 847 man hours for 24,858 miles traveled":"",
    "Community Presentations":"",
    "31 presentation to 1,917 persons":"",
    "FIELD24":"",
    "FIELD25":"",
    "FIELD26":"",
    "FIELD27":""
  },
  {
    "Sheriff's Office Workload Data                 The following statistics represent the workload generated during the period of                     January 1, 2012 to December 31, 2012.                                                         Calls for Service                      11,873                                                           Felony Warrants Served                      222                                                           Misdemeanor Warrants Served                      314                                                           Civil Papers Served                      8,033                                                           Traffic Summons Issued                      1,632                                                           Traffic Accidents Worked                      93                                                           Drug Charge Arrests                     97 persons                                                            DUI Arrests                      78 persons                                                           Court Days                      193 days totaling 5,269 man hours                                                            Transports                     151 transports totaling 847 man hours for 24,858 miles traveled                                                           Community Presentations                     31 presentation to 1,917 persons":"",
    "Calls for Service":"",
    "11,873":"",
    "Felony Warrants Served":"",
    "222":"",
    "Misdemeanor Warrants Served":"",
    "314":"",
    "Civil Papers Served":"",
    "8,033":"",
    "Traffic Summons Issued":"",
    "1,632":"",
    "Traffic Accidents Worked":"",
    "93":"",
    "Drug Charge Arrests":"",
    "97 persons":"",
    "DUI Arrests":"",
    "78 persons":"",
    "Court Days":"",
    "193 days totaling 5,269 man hours":"",
    "Transports":"",
    "151 transports totaling 847 man hours for 24,858 miles traveled":"",
    "Community Presentations":"",
    "31 presentation to 1,917 persons":"",
    "FIELD24":"",
    "FIELD25":"",
    "FIELD26":"",
    "FIELD27":""
  },
  {
    "Sheriff's Office Workload Data                 The following statistics represent the workload generated during the period of                     January 1, 2012 to December 31, 2012.                                                         Calls for Service                      11,873                                                           Felony Warrants Served                      222                                                           Misdemeanor Warrants Served                      314                                                           Civil Papers Served                      8,033                                                           Traffic Summons Issued                      1,632                                                           Traffic Accidents Worked                      93                                                           Drug Charge Arrests                     97 persons                                                            DUI Arrests                      78 persons                                                           Court Days                      193 days totaling 5,269 man hours                                                            Transports                     151 transports totaling 847 man hours for 24,858 miles traveled                                                           Community Presentations                     31 presentation to 1,917 persons":"",
    "Calls for Service":"",
    "11,873":"",
    "Felony Warrants Served":"",
    "222":"",
    "Misdemeanor Warrants Served":"",
    "314":"",
    "Civil Papers Served":"",
    "8,033":"",
    "Traffic Summons Issued":"",
    "1,632":"",
    "Traffic Accidents Worked":"",
    "93":"",
    "Drug Charge Arrests":"",
    "97 persons":"",
    "DUI Arrests":"",
    "78 persons":"",
    "Court Days":"",
    "193 days totaling 5,269 man hours":"",
    "Transports":"",
    "151 transports totaling 847 man hours for 24,858 miles traveled":"",
    "Community Presentations":"",
    "31 presentation to 1,917 persons":"",
    "FIELD24":"",
    "FIELD25":"",
    "FIELD26":"",
    "FIELD27":""
  }
]