Bureau of Justice Statistics,,,,,,,
filename:  cv0623.csv,,,,,,,
"Table 23. Victimization rates by race of head of household, annual family income, and type of motor vehicle theft",,,,,,,
"data source: National Criminal Victimization Survey, 2006  NCJ 223436",,,,,,,
produced by:  Cathy Maston ,,,,,,,
authors:  Patsy Klaus and Cathy Maston,,,,,,,
refer questions to: askbjs@usdoj.gov  202-307-0765,,,,,,,
data of version:  08/29/08,,,,,,,

"Table 23. Motor vehicle theft, 2006:  Victimization rates by race of head of household, annual family income and type of motor vehicle theft",,,,,,,
                                                                            ,,"Rate per 1,000 households",,,,,
Race and income,Total households,All vehicle thefts,,Completed thefts,,Attempted thefts,
White only,,,,,,,
"Less than $7,500","3,140,580",6.9,*,4.8,*,2.1,*
"$7,500-$14,999","6,096,270",6.3,,4.6,*,1.7,*
"$15,000-$24,999","8,671,360",13.8,,11.9,,1.9,*
"$25,000-$34,999","8,864,520",13.3,,12,,1.3,*
"$35,000-$49,999","11,568,240",8.4,,6.2,,2.2,*
"$50,000-$74,999","13,892,560",7.2,,6,,1.3,*
"$75,000 or more","19,953,140",5.9,,4.9,,1,*
Black only,,,,,,,
"Less than $7,500","1,361,790",24.8,*,22.2,*,2.6,*
"$7,500-$14,999","1,497,090",19.2,*,14.6,*,4.6,*
"$15,000-$24,999","1,622,500",21.1,*,12.3,*,8.8,*
"$25,000-$34,999","1,464,920",12.8,*,10.5,*,2.2,*
"$35,000-$49,999","1,674,180",13.4,*,7.5,*,5.9,*
"$50,000-$74,999","1,327,850",8,*,8,*,0,*
"$75,000 or more","1,187,460",8.3,*,4.8,*,3.4,*
"Note: Due to changes in methodology, the 2006 national crime victimization rates are not comparable to previous years and cannot be used for yearly trend comparisons. However, the overall patterns of victimization at the national level can be examined. See Criminal Victimization, 2006, at <http://www.ojp.usdoj.gov/bjs/abstract/cv06.htm>.",,,,,,,
Detail may not add to total shown because of rounding.,,,,,,,
"Excludes data on families whose income level was not ascertained and data on persons of ""Other"" races and persons indicating two or more races.",,,,,,,
*Estimate is based on about 10 or fewer sample cases.,,,,,,,
