Bureau of Justice Statistics,,,,,,,,,,,,,,
filename:  cv0603.csv,,,,,,,,,,,,,,
"Table 3. Victimization rates for persons age 12 and over, by type of crime and age of victims",,,,,,,,,,,,,,
"data source: National Criminal Victimization Survey, 2006  NCJ 223436",,,,,,,,,,,,,,
produced by:  Cathy Maston ,,,,,,,,,,,,,,
authors:  Patsy Klaus and Cathy Maston,,,,,,,,,,,,,,
refer questions to: askbjs@usdoj.gov  202-307-0765,,,,,,,,,,,,,,
data of version:  08/29/08,,,,,,,,,,,,,,

"Table 3. Personal crimes, 2006:  Victimization rates for persons age 12 and over, by type of crime and age of victims",,,,,,,,,,,,,,
    ,"Rate per 1,000 persons in each age group",,,,,,,,,,,,,
Type of crime         , 12-15,,16-19,,20-24,,25-34,,35-49,,50-64,,65 and over,
All personal crimes,47.8,,52.8,,45.1,,36.6,,20.6,,13.6,,3.9,
Crimes of violence,46.9,,51.7,,44.2,,36,,19.7,,13.2,,3.3,
   Completed violence,16.9,,17,,15.9,,12.7,,5.8,,3.9,,1,*
   Attempted/threatened violence,30.1,,34.8,,28.3,,23.3,,13.9,,9.3,,2.3,
   Rape/Sexual assault,3.4,,2.5,,1.8,,1.4,,0.7,,0.5,*,0,*
      Rape/Attempted rape,3.1,,2,*,0.8,*,1,,0.5,*,0.3,*,0,*
         Rape,2.2,,0.8,*,0.7,*,0.5,*,0.3,*,0.2,*,0,*
         Attempted rape/a,0.8,*,1.2,*,0.1,*,0.5,*,0.2,*,0.1,*,0,*
      Sexual assault/b,0.3,*,0.5,*,0.9,*,0.4,*,0.1,*,0.2,*,0,*
   Robbery,4,,4.6,,7.3,,4.6,,2,,1.3,,1.1,
      Completed/property taken,2.5,,2.4,,4.7,,3.1,,1.5,,1,,0.6,*
         With injury,1.3,*,1,*,2,,1.6,,0.5,*,0.6,*,0.1,*
         Without injury,1.2,*,1.5,*,2.8,,1.5,,1,,0.5,*,0.6,*
      Attempted to take property,1.5,*,2.2,*,2.6,,1.4,,0.5,*,0.2,*,0.4,*
         With injury,0,*,0.3,*,0.7,*,0.5,*,0,*,0,*,0.2,*
         Without injury,1.5,*,1.9,*,1.9,,1,,0.5,*,0.2,*,0.2,*
   Assault,39.6,,44.7,,35.1,,30.1,,17,,11.4,,2.2,
      Aggravated,8.3,,11.6,,11.9,,7.7,,4.7,,2.5,,0.7,*
         With injury,3.3,,3.8,,4.7,,3.2,,1.3,,0.6,*,0.1,*
         Threatened with weapon,5,,7.8,,7.2,,4.5,,3.4,,1.8,,0.6,*
      Simple,31.3,,33.1,,23.2,,22.4,,12.3,,8.9,,1.6,
         With minor injury,8.6,,9.5,,5,,5.7,,2.4,,1.9,,0.3,*
         Without injury,22.7,,23.6,,18.2,,16.7,,9.9,,7,,1.3,
Purse snatching/Pocket picking,0.8,*,1.1,*,0.9,*,0.6,*,0.9,,0.4,*,0.5,*
Population in each age group,"16,901,920",,"16,681,380",,"20,371,380",,"39,916,210",,"65,870,950",,"51,913,950",,"35,577,300",
"Note: Due to changes in methodology, the 2006 national crime victimization rates are not comparable to previous years and cannot be used for yearly trend comparisons. However, the overall patterns of victimization at the national level can be examined. See Criminal Victimization, 2006, at <http://www.ojp.usdoj.gov/bjs/abstract/cv06.htm>.",,,,,,,,,,,,,,
Detail may not add to total shown because of rounding.,,,,,,,,,,,,,,
*Estimate is based on about 10 or fewer sample cases.,,,,,,,,,,,,,,
a/Includes verbal threats of rape.,,,,,,,,,,,,,,
b/Includes threats.,,,,,,,,,,,,,,
