Bureau of Justice Statistics,,,,,,,,,,,,,,,
filename:  cv0612.csv,,,,,,,,,,,,,,,
"Table 12. Victimization rates for persons age 12 and over, by gender and marital status of victims and type of crime",,,,,,,,,,,,,,,
"data source: National Criminal Victimization Survey, 2006  NCJ 223436",,,,,,,,,,,,,,,
produced by:  Cathy Maston ,,,,,,,,,,,,,,,
authors:  Patsy Klaus and Cathy Maston,,,,,,,,,,,,,,,
refer questions to: askbjs@usdoj.gov  202-307-0765,,,,,,,,,,,,,,,
data of version:  08/29/08,,,,,,,,,,,,,,,

"Table 12. Personal crimes, 2006:  Victimization rates for persons age 12 and over, by gender and marital status of victims and type of crime",,,,,,,,,,,,,,,
,,,"Rate per 1,000 persons age 12 and over",,,,,,,,,,,,
,,,,,,,,,,,Robbery,,,,
Gender and marital status,Total population,,Crimes of violence,,Completed violence,,Attempted/threatened violence,,Rape/Sexual assault/a,,Total,, With injury,,  Without injury
Male,,,,,,,,,,,,,,,
Never married,"42,739,150",,45,,15.6,,29.4,,0.6,*,7.5,,2.3,,5.2
Married,"62,663,520",,12.3,,2.3,,10,,0,*,1.4,,0.5,*,0.8
Widowed,"2,959,700",,3.8,*,1,*,2.8,*,0,*,1.9,*,0,*,1.9,*
Divorced or separated,"11,179,610",,44.2,,14.9,,29.3,,0.2,*,4.4,,2.2,,2.2,
Female,,,,,,,,,,,,,,,,
Never married,"37,481,740",,38.4,,14.2,,24.2,,3.7,,3.4,,1.5,,2,
Married,"61,336,380",,10.3,,2.6,,7.7,,0.4,*,0.7,,0.2,*,0.6,*
Widowed,"11,248,250",,2.3,*,0.7,*,1.6,*,0.3,*,0.7,*,0.2,*,0.6,*
Divorced or separated,"15,639,590",,49.4,,20.8,,28.6,,4.3,,3.9,,1.6,*,2.3,*
,"Rate per 1,000 persons age 12 and over",,,,,,,,,,,,,,,
,Assault,,,,,,,,,,,,,,,
Gender and marital status,Total,, Aggravated,,   Simple,,Purse snatching/Pocket picking,,,,,,,,,
Male,,,,,,,,,,,,,,,,
Never married,37,,10.5,,26.4,,1.3,,,,,,,,,
Married,10.9,,3.2,,7.7,,0.4,*,,,,,,,,
Widowed,1.8,*,0.9,*,0.9,*,2.3,*,,,,,,,,
Divorced or separated,39.6,,8.8,,30.9,,0,,,,,,,,,
Female,,,,,,,,,,,,,,,,
Never married,31.2,,7.7,,23.5,,0.9,*
Married,9.2,,2.5,,6.7,,0.5,*
Widowed,1.3,*,0.5,*,0.8,*,1.4,*
Divorced or separated,41.2,,8.9,,32.3,,0.2,*
"Note: Due to changes in methodology, the 2006 national crime victimization rates are not comparable to previous years and cannot be used for yearly trend comparisons. However, the overall patterns of victimization at the national level can be examined. See Criminal Victimization, 2006, at <http://www.ojp.usdoj.gov/bjs/abstract/cv06.htm>.",,,,,,,,
Detail may not add to total shown because of rounding.,,,,,,,,
Excludes data on persons whose marital status was not ascertained.,,,,,,,,
*Estimate is based on about 10 or fewer sample cases.,,,,,,,,
a/Includes verbal threats of rape and threats of sexual assault.,,,,,,,,
