Bureau of Justice Statistics,,,,,,,,,
filename:  cv0621.csv,,,,,,,,,
"Table 21. Victimization rates by race of head of household, annual family income and type of household burglary",,,,,,,,,
"data source: National Criminal Victimization Survey, 2006  NCJ 223436",,,,,,,,,
produced by:  Cathy Maston ,,,,,,,,,
authors:  Patsy Klaus and Cathy Maston,,,,,,,,,
refer questions to: askbjs@usdoj.gov  202-307-0765,,,,,,,,,
data of version:  08/29/08,,,,,,,,,

"Table 21. Household burglary, 2006:  Victimization rates by race of head of household, annual family income and type of household burglary",,,,,,,,,
                                                                                          ,,"Rate per 1,000 households",,,,,,,
,,,,Completed household burglary,,,,,
Race and income,Total households,All household burglaries,, Forcible entry,,Unlawful entry without force,,Attempted forcible entry,
White only,,,,,,,,,
"Less than $7,500","3,140,580",51.6,,20.1,,22.1,,9.4,*
"$7,500-$14,999","6,096,270",43.2,,14.7,,21.7,,6.8,
"$15,000-$24,999","8,671,360",32.1,,7.8,,14.3,,9.9,
"$25,000-$34,999","8,864,520",32.1,,9,,15.9,,7.3,
"$35,000-$49,999","11,568,240",31.5,,8,,18.8,,4.7,
"$50,000-$74,999","13,892,560",26.5,,7.5,,13.1,,5.9,
"$75,000 or more","19,953,140",21.7,,5.4,,13.5,,2.8,
Black only,,,,,,,,,
"Less than $7,500","1,361,790",77.2,,21,*,35.7,,20.5,*
"$7,500-$14,999","1,497,090",50.8,,18.4,*,20.1,*,12.4,*
"$15,000-$24,999","1,622,500",60.1,,11.5,*,31,,17.7,*
"$25,000-$34,999","1,464,920",20.1,*,6.7,*,8.7,*,4.8,*
"$35,000-$49,999","1,674,180",46.1,,15.9,*,20.3,*,9.9,*
"$50,000-$74,999","1,327,850",40.4,,21,*,13.6,*,5.8,*
"$75,000 or more","1,187,460",34.7,,21.8,*,5.2,*,7.6,*
"Note: Due to changes in methodology, the 2006 national crime victimization rates are not comparable to previous years and cannot be used for yearly trend comparisons. However, the overall patterns of victimization at the national level can be examined. See Criminal Victimization, 2006, at <http://www.ojp.usdoj.gov/bjs/abstract/cv06.htm>.",,,,,,,,,
Detail may not add to total shown because of rounding.,,,,,,,,,
"Excludes data on families whose income level was not ascertained and data on persons of ""Other"" races and persons indicating two or more races.",,,,,,,,,
*Estimate is based on about 10 or fewer sample cases.
