Bureau of Justice Statistics,,,,,,,,,,,,,
filename:  cv0620.csv,,,,,,,,,,,,,
Table 20. Victimization rates by type of crime and annual family income,,,,,,,,,,,,,
"data source: National Criminal Victimization Survey, 2006  NCJ 223436",,,,,,,,,,,,,
produced by:  Cathy Maston ,,,,,,,,,,,,,
authors:  Patsy Klaus and Cathy Maston,,,,,,,,,,,,,
refer questions to: askbjs@usdoj.gov  202-307-0765,,,,,,,,,,,,,
data of version:  08/29/08,,,,,,,,,,,,,

"Table 20. Property crimes, 2006: Victimization rates by type of crime and annual family income",,,,,,,,,,,,,
,"Rate per 1,000 households",,,,,,,,,,,,
Type of crime," Less than $7,500",," $7,500-$14,999",," $15,000-$24,999",," $25,000-$34,999",,"$35,000-$49,999",,"$50,000-$74,999",,"$75,000 or more"
Property crimes,217.3,,195.7,,183.1,,179.4,,166.2,,166.8,,162
  Household burglary,55.7,,45.8,,35.6,,30.3,,32.3,,28.2,,22.4
    Completed,43.5,,38,,24.8,,23.3,,27.3,,22.1,,18.6
      Forcible entry,18.7,,14.9,,8.5,,8.2,,8.9,,8.4,,6.3
      Unlawful entry without force,24.8,,23.1,,16.4,,15.1,,18.4,,13.7,,12.3,
    Attempted forcible entry,12.2,,7.8,,10.8,,7,,5.1,,6.1,,3.8,
  Motor vehicle theft,11.3,,8.4,,15.9,,12.9,,9.1,,7.5,,6.4,
    Completed,9.2,,6.2,,12.1,,11.2,,6.3,,6.4,,5.1,*
    Attempted,2.1,*,2.2,*,3.8,,1.7,*,2.8,,1.1,*,1.2,
  Theft,150.3,,141.6,,131.6,,136.2,,124.8,,131.1,,133.2,
    Completed,145.3,,136.7,,128,,129.2,,119.4,,126.3,,127.8,
       Less than $50,48.9,,34,,39.2,,36.4,,36.7,,37.4,,31.8,
       $50 - $249,57.5,,51.9,,39.1,,55.3,,44.5,,45.5,,43.9,
       $250 or more,29.1,,39.5,,33.9,,25.8,,28.6,,34.8,,41,
       Amount not available,9.8,,11.4,,15.8,,11.7,,9.6,,8.6,,11.1,
     Attempted,5.1,*,4.9,,3.6,,7,,5.4,,4.8,,5.5,
Total number of households,"4,913,530",,"8,038,150",,"10,960,940",,"10,854,630",,"13,919,320",,"16,100,530",,"22,567,730",
"Note: Due to changes in methodology, the 2006 national crime victimization rates are not comparable to previous years and cannot be used for yearly trend comparisons. However, the overall patterns of victimization at the national level can be examined. See Criminal Victimization, 2006, at <http://www.ojp.usdoj.gov/bjs/abstract/cv06.htm>.",,,,,,,,,,,,,,
Detail may not add to total shown because of rounding.,,,,,,,,,,,,,,
*Estimate is based on about 10 or fewer sample cases.,,,,,,,,,,,,,,
Excludes data on families whose income level was not ascertained.
