Bureau of Justice Statistics,,,,,,,,
filename:  cv0607.csv,,,,,,,,
"Table 7. Number of victimizations and victimization rates for persons age 12 and over, by type of crime and ethnicity of victims",,,,,,,,
"data source: National Criminal Victimization Survey, 2006  NCJ 223436",,,,,,,,
produced by:  Cathy Maston ,,,,,,,,
authors:  Patsy Klaus and Cathy Maston,,,,,,,,
refer questions to: askbjs@usdoj.gov  202-307-0765,,,,,,,,
data of version:  08/29/08,,,,,,,,

"Table 7. Personal crimes, 2006:  Number of victimizations and victimization rates for persons age 12 and over, by type of crime and ethnicity of victims",,,,,,,,
,"              Rate per 1,000 persons age 12 and over",,,,,,,
,               Total/a,,Hispanic,,,,Non-Hispanic,
Type of crime,Number,Rate,Number,,Rate,,Number,Rate
All personal crimes,"6,267,610",25.4,"882,860",,28.4,,"5,355,790",24.9
Crimes of violence,"6,094,390",24.7,"863,640",,27.7,,"5,201,790",24.2
   Completed violence,"2,019,260",8.2,"309,150",,9.9,,"1,699,700",7.9
   Attempted/threatened violence,"4,075,130",16.5,"554,490",,17.8,,"3,502,090",16.3
   Rape/Sexual assault,"260,940",1.1,"27,740",*,0.9,*,"228,550",1.1
      Rape/Attempted rape,"192,320",0.8,"24,490",*,0.8,*,"163,180",0.8
         Rape,"116,600",0.5,"19,070",*,0.6,*,"92,870",0.4
         Attempted rape/b,"75,720",0.3,"5,420",*,0.2,*,"70,310",0.3
      Sexual assault/c,"68,620",0.3,"3,250",*,0.1,*,"65,370",0.3
   Robbery,"712,610",2.9,"151,540",,4.9,,"554,960",2.6
      Completed/property taken,"482,290",2,"104,210",,3.3,,"374,120",1.7
         With injury,"208,140",0.8,"36,760",,1.2,,"171,380",0.8
         Without injury,"274,150",1.1,"67,450",,2.2,,"202,740",0.9
      Attempted to take property,"230,320",0.9,"47,330",,1.5,,"180,840",0.8
         With injury,"43,340",0.2,0,*,0,*,"43,340",0.2
         Without injury,"186,980",0.8,"47,330",,1.5,,"137,500",0.6
   Assault,"5,120,840",20.7,"684,360",,22,,"4,418,280",20.6
      Aggravated,"1,344,280",5.4,"195,880",,6.3,,"1,144,660",5.3
         With injury,"466,610",1.9,"68,240",,2.2,,"398,370",1.9
         Threatened with weapon,"877,670",3.5,"127,650",,4.1,,"746,290",3.5
      Simple,"3,776,550",15.3,"488,480",,15.7,,"3,273,620",15.2
         With minor injury,"900,850",3.6,"114,390",,3.7,,"784,670",3.6
         Without injury,"2,875,700",11.6,"374,090",,12,,"2,488,950",11.6
  Purse snatching/Pocket picking,"173,220",0.7,"19,220",*,0.6,*,"154,000",0.7
Population age 12 and over,"247,233,080",...,"31,127,520",,...,,"214,996,060",...
"Note: Due to changes in methodology, the 2006 national crime victimization rates are not comparable to previous years and cannot be used for yearly trend comparisons. However, the overall patterns of victimization at the national level can be examined. See Criminal Victimization, 2006, at <http://www.ojp.usdoj.gov/bjs/abstract/cv06.htm>.",,,,,,,,
Detail may not add to total shown because of rounding.,,,,,,,,
*Estimate is based on about 10 or fewer sample cases.,,,,,,,,
...Not applicable.,,,,,,,,
"a/Includes data on persons whose ethnicity was not ascertained, which are not shown separately.",,,,,,,,
b/Includes verbal threats of rape.,,,,,,,,
c/Includes threats.,,,,,,,,
