Bureau of Justice Statistics,,,,,,,,,,,,,,
filename:  cv0625.csv,,,,,,,,,,,,,,
Table 25. Victimization rates by type of crime and number of units in structure occupied by household,,,,,,,,,,,,,,
"data source: National Criminal Victimization Survey, 2006  NCJ 223436",,,,,,,,,,,,,,
produced by:  Cathy Maston ,,,,,,,,,,,,,,
authors:  Patsy Klaus and Cathy Maston,,,,,,,,,,,,,,
refer questions to: askbjs@usdoj.gov  202-307-0765,,,,,,,,,,,,,,
data of version:  08/29/08,,,,,,,,,,,,,,

"Table 25. Property crimes, 2006:  Victimization rates by type of crime and number of units in structure occupied by household",,,,,,,,,,,,,,
                                                                                                      ,"Rate per 1,000 households",,,,,,,,,,,,,
Type of crime,One/a,Two,,Three,,Four,,     Five-nine,,    Ten or more,,Other than housing unit  ,,
Property crimes,154.3,,209.3,,202.2,,206.8,,164.8,,160.3,,195.6,
  Household burglary,29.6,,43,,54.3,,37.9,,26.1,,27,,9,*
    Completed,23.5,,35.6,,40.2,,26.8,,23.4,,22.7,,9,*
      Forcible entry,8.5,,12.7,,12.9,*,11.8,,7,,8.2,,0,*
      Unlawful entry without force,14.9,,22.9,,27.3,,14.9,,16.4,,14.4,,9,*
    Attempted forcible entry,6.2,,7.4,,14.1,*,11.2,,2.6,*,4.4,,0,*
  Motor vehicle theft,6.8,,11.3,,4,*,11.9,,14.3,,13.2,,24,*
    Completed,5.5,,7.3,,0,*,11.3,,13.3,,10,,12.7,*
    Attempted,1.3,,4.1,*,4,*,0.6,*,1,*,3.1,,11.3,*
  Theft,117.8,,155,,143.9,,157,,124.4,,120.1,,162.6,
    Completed,113.6,,145.5,,140.3,,152.8,,117.7,,113.8,,155.4,
       Less than $50,31.8,,36.5,,37.4,,56.2,,29.2,,29.4,,44.7,*
       $50 - $249,40.1,,63.4,,41.5,,40.5,,41.5,,44.4,,65.7,*
       $250 or more,31.8,,32.4,,31.5,,38.6,,33,,28,,23.8,*
       Amount not available,9.9,,13.3,,29.9,,17.4,,14,,12,,21.2,*
     Attempted,4.2,,9.5,,3.6,*,4.3,*,6.7,,6.2,,7.1,*
Total number of households,"86,174,680",,"5,252,120",,"1,543,100",,"3,532,910",,"5,998,370",,"14,603,370",,"286,810",
"Note: Due to changes in methodology, the 2006 national crime victimization rates are not comparable to previous years and cannot be used for yearly trend comparisons. However, the overall patterns of victimization at the national level can be examined. See Criminal Victimization, 2006, at <http://www.ojp.usdoj.gov/bjs/abstract/cv06.htm>.",,,,,,,,,,,,,,
Detail may not add to total shown because of rounding.,,,,,,,,,,,,,,
Excludes data on households for which the number of units in the structure was not ascertained.,,,,,,,,,,,,,,
*Estimate is based on about 10 or fewer sample cases.
"a/Includes data on mobile homes, not shown separately."
