Bureau of Justice Statistics,,,,,,,,,,,,,,,
filename:  cv0615.csv,,,,,,,,,,,,,,,
"Table 15. Victimization rates for persons age 12 and over, by race and annual family income of victims and type of crime",,,,,,,,,,,,,,,
"data source: National Criminal Victimization Survey, 2006  NCJ 223436",,,,,,,,,,,,,,,
produced by:  Cathy Maston ,,,,,,,,,,,,,,,
authors:  Patsy Klaus and Cathy Maston,,,,,,,,,,,,,,,
refer questions to: askbjs@usdoj.gov  202-307-0765,,,,,,,,,,,,,,,
data of version:  08/29/08,,,,,,,,,,,,,,,

"Table 15. Personal crimes, 2006:  Victimization rates for persons age 12 and over, by race and annual family income of victims and type of crime",,,,,,,,,,,,,,,
,,,,,,"Rate per 1,000 persons in each age group",,,,,,,,,
,,,,,,,,,,,,Robbery,,,
Race and income,Total population,Crime of violence,,Completed violence,,Attempted/threatened violence,,Rape/Sexual assault/a,,Total,,With Injury,,Without Injury,
White only,,,,,,,,,,,,,,,
"Less than $7,500","5,240,620",64.9,,26.1,,38.8,,6.3,*,7.3,,2.8,*,4.5,*
"$7,500-$14,999","10,181,360",39.1,,12.3,,26.8,,0.7,*,4.7,,1.8,*,2.9,*
"$15,000-$24,999","16,627,980",27.7,,9.5,,18.2,,1.3,*,4.5,,1.9,*,2.6,
"$25,000-$34,999","18,021,120",33.2,,12.7,,20.5,,0.9,*,5,,1.5,*,3.5,
"$35,000-$49,999","24,508,350",20.7,,4.7,,16,,0.4,*,1.6,,0.8,*,0.8,*
"$50,000-$74,999","31,662,330",23.3,,7.1,,16.1,,1.1,*,2.2,,0.8,*,1.3,
"$75,000 or more","49,185,080",14,,3.3,,10.7,,0.4,*,2.2,,0.8,,1.4,
Black only,,,,,,,,,,,,,,,
"Less than $7,500","2,191,990",67.6,,18.8,,48.8,,2,*,7.2,*,1.3,*,6,*
"$7,500-$14,999","2,716,400",67.9,,41.7,,26.1,,0,*,12,*,8.9,*,3.1,*
"$15,000-$24,999","3,042,160",45.9,,22.4,,23.5,,0.9,*,4.5,*,0,*,4.5,*
"$25,000-$34,999","3,079,860",29.1,,9.8,*,19.3,,5.1,*,6.5,*,3.4,*,3.1,*
"$35,000-$49,999","3,626,590",24.9,,9.9,*,14.9,,0,*,1.7,*,1.7,*,0,*
"$50,000-$74,999","3,136,860",26.7,,8,*,18.6,,0,*,2.5,*,0,*,2.5,*
"$75,000 or more","3,025,260",9.5,*,4.9,*,4.6,*,0,*,0,*,0,*,0,*
,,Assault,,,,,,,,,,,,,
Race and income,  Total, Aggravated,,Simple,,  Purse snatching/Pocket picking,,,,,,,,,
White only,,,,,,,,,,,,,,,
"Less than $7,500",51.3,11,,40.3,,0,*
"$7,500-$14,999",33.8,6.6,,27.2,,0.8,*
"$15,000-$24,999",21.8,6.4,,15.4,,1.5,*
"$25,000-$34,999",27.3,7.9,,19.4,,0.7,*
"$35,000-$49,999",18.6,4.5,,14.1,,0.3,*
"$50,000-$74,999",20,5,,15,,0.4,*
"$75,000 or more",11.4,2.5,,9,,0.6,*
Black only,,,,,,,
"Less than $7,500",58.3,21.3,,37,,2.6,*
"$7,500-$14,999",55.8,14,,41.8,,0,*
"$15,000-$24,999",40.6,19.1,,21.5,,1.6,*
"$25,000-$34,999",17.4,2.8,*,14.6,,2.5,*
"$35,000-$49,999",23.2,6.7,*,16.5,,0,*
"$50,000-$74,999",24.1,7.3,*,16.8,,0,*
"$75,000 or more",9.5,4.3,*,5.3,*,0,*
"Note: Due to changes in methodology, the 2006 national crime victimization rates are not comparable to previous years and cannot be used for yearly trend comparisons. However, the overall patterns of victimization at the national level can be examined. See Criminal Victimization, 2006, at <http://www.ojp.usdoj.gov/bjs/abstract/cv06.htm>.",,,,,,,
Detail may not add to total shown because of rounding.
"Excludes data on persons whose family income level was not ascertained and data on persons of ""Other "" races and persons indicating two or more races."
*Estimate is based on about 10 or fewer sample cases.
a/Includes verbal threats of rape and threats of sexual assault.
