Bureau of Justice Statistics,,,,,,,,,,,,,
filename:  cv0613.csv,,,,,,,,,,,,,
"Table 13. Victimization rates for persons age 12 and over, by gender of head of household, relationship of victims to head of household, and type of crime",,,,,,,,,,,,,
"data source: National Criminal Victimization Survey, 2006  NCJ 223436",,,,,,,,,,,,,
produced by:  Cathy Maston ,,,,,,,,,,,,,
authors:  Patsy Klaus and Cathy Maston,,,,,,,,,,,,,
refer questions to: askbjs@usdoj.gov  202-307-0765,,,,,,,,,,,,,
data of version: 08/29/08,,,,,,,,,,,,,

"Table 13. Personal crimes, 2006:  Victimization rates for persons age 12 and over, by gender of head of household, relationship of victims to head of household, and type of crime",,,,,,,,,,,,,
,,,,"Rate per 1,000 persons age 12 and over",,,,,,,,,
,,,,,,,,,Robbery,,,,
Gender of head of household and relationship of victim to head,Total population,Crimes of violence,,Completed violence,Attempted threatened violence,,Rape/Sexual assault/a,,Total,,With injury,,Without injury
Households headed by males,,,,,,,,,,,,,
All male heads,"63,637,970",22.2,,6.6,15.6,,0.1,*,3.1,,1.3,,1.8
   Male heads living alone,"16,399,980",34.9,,14,20.9,,0.5,*,6.9,,3.9,,3.1
   Male heads living with others,"47,237,990",17.8,,4,13.8,,0,*,1.7,,0.4,*,1.4,
Wives,"33,435,480",8.2,,1.4,6.8,,0.3,*,0.5,*,0,*,0.5,*
Own children under age 18,"10,673,730",36.4,,12.3,24.1,,2.5,*,3.9,,0.7,*,3.2,*
Own children age 18 and over,"9,069,120",39.8,,15.4,24.3,,4.2,,4.8,,2.4,*,2.4,*
Other relatives,"5,848,240",17,,9.8,7.2,,0.4,*,2.8,*,1.2,*,1.6,*
Nonrelatives,"8,501,620",34.4,,10.6,23.8,,1.7,*,6.4,,1.4,*,5.1,
Households headed by females,,,,,,,,,,,,,,
All female heads,"59,369,870",23.5,,8.5,14.9,,1,,2.2,,0.7,,1.5,
   Female heads living alone,"19,027,010",20.2,,8.2,12,,1.1,*,2.1,,1,*,1.2,*
   Female heads living with others,"40,342,860",25,,8.7,16.3,,0.9,,2.2,,0.5,*,1.7,
Husbands,"20,494,220",13,,3.2,9.8,,0,*,1.6,*,0.6,*,1,*
Own children under age 18,"12,444,650",51,,16.3,34.7,,4.1,,2.3,*,0.6,*,1.7,*
Own children age 18 and over,"10,678,300",48.3,,20.5,27.8,,1.3,*,8.8,,2.9,*,5.8,
Other relatives,"6,145,570",31.4,,15,16.4,,3.8,*,4.7,*,3,*,1.7,*
Nonrelatives,"6,934,310",38,,7,31,,1.9,*,4.2,*,2,*,2.2,*
,"       Rate per 1,000 persons age 12 and over",,,,,,,,,,,,,
,Assault,,,,,
Gender of head of household and relationship of victim to head,Total,Aggravated,,Simple,Purse snatching/Pocket picking,
Households headed by males,,,,,,
All male heads,19,5.5,,13.5,0.7,
   Male heads living alone,27.5,7.5,,20,1.1,*
   Male heads living with others,16.1,4.8,,11.3,0.6,*
Wives,7.3,1.6,,5.7,0.8,*
Own children under age 18,30,8.3,,21.7,1,*
Own children age 18 and over,30.7,7.3,,23.4,0.4,*
Other relatives,13.8,3.5,*,10.3,0.7,*
Nonrelatives,26.3,5.1,,21.2,0.9,*
Households headed by females,,,,,,
All female heads,20.3,5.4,,14.9,0.7,
   Female heads living alone,16.9,3.3,,13.6,1.1,*
   Female heads living with others,21.9,6.4,,15.5,0.5,*
Husbands,11.3,3.2,,8.1,0.6,*
Own children under age 18,44.6,7.6,,37,0.6,*
Own children age 18 and over,38.2,14.2,,24,1.1,*
Other relatives,22.9,7.2,,15.7,0.5,*
Nonrelatives,31.9,6.3,,25.6,0,*
"Note: Due to changes in methodology, the 2006 national crime victimization rates are not comparable to previous years and cannot be used for yearly trend comparisons. However, the overall patterns of victimization at the national level can be examined. See Criminal Victimization, 2006, at <http://www.ojp.usdoj.gov/bjs/abstract/cv06.htm>.",,,,,,
Detail may not add to total shown because of rounding.,,,,,,
*Estimate is based on about 10 or fewer sample cases.,,,,,,
a/Includes verbal threats of rape and threats of sexual assault.,,,,,,
