Bureau of Justice Statistics,,,,,,,,,,,,,,,,,
filename:  cv0604.csv,,,,,,,,,,,,,,,,,
"Table 4. Victimization rates for persons age 12 and over, by gender and age of victims and type of crime",,,,,,,,,,,,,,,,,
"data source: National Criminal Victimization Survey, 2006 NCJ 223436",,,,,,,,,,,,,,,,,
produced by:  Cathy Maston ,,,,,,,,,,,,,,,,,
authors:  Patsy Klaus and Cathy Maston,,,,,,,,,,,,,,,,,
refer questions to: askbjs@usdoj.gov  202-307-0765,,,,,,,,,,,,,,,,,
data of version:  08/29/08,,,,,,,,,,,,,,,,,

"Table 4. Personal crimes, 2006:  Victimization rates for persons age 12 and over, by gender and age of victims and type of crime",,,,,,,,,,,,,,,,,
,,,,,,,,"Rate per 1,000 persons in each age group",,,,,,,,,
,,,,,,,,,,,,,,Robbery,,,
Gender and age,,Total population,,Crimes of violence,,Completed violence,,Attempted/threatened violence,,Rape/Sexual assault/a,,Total,,With Injury,,Without Injury,
Male,,,,,,,,,,,,,,,,,
, 12-15,"8,693,790",,47.5,,17.5,,30,,0.5,*,3.6,*,0.8,*,2.8,*
,16-19,"8,495,570",,53.7,,16.2,,37.5,,0.7,*,8,,1.7,*,6.2,
,20-24,"10,247,690",,46.8,,15.9,,30.9,,0,*,9.3,,2.4,*,6.9,
,25-34,"20,079,860",,38.2,,13.9,,24.2,,0.3,*,6.4,,3.1,,3.3,
,35-49,"32,607,930",,19.4,,4.1,,15.3,,0.3,*,2.1,,0.3,*,1.8,
,50-64,"25,144,830",,15.7,,4.1,,11.6,,0.1,*,2.1,,1.2,*,0.9,*
,65 and over,"15,196,130",,5,,1.4,*,3.5,,0,*,1.4,*,0.5,*,0.8,*
Female,,,,,,,,,,,,,,,,,
, 12-15,"8,208,130",,46.3,,16.2,,30.1,,6.4,,4.4,*,1.7,*,2.6,*
,16-19,"8,185,810",,49.8,,17.8,,31.9,,4.3,*,1.1,*,0.7,*,0.4,*
,20-24,"10,123,690",,41.6,,15.9,,25.7,,3.6,,5.3,,2.9,*,2.4,*
,25-34,"19,836,350",,33.8,,11.5,,22.4,,2.5,,2.7,,1.1,*,1.6,*
,35-49,"33,263,020",,20,,7.4,,12.6,,1,*,1.9,,0.7,*,1.2,
,50-64,"26,769,110",,10.9,,3.8,,7.1,,1,*,0.5,*,0,*,0.5,*
,65 and over,"20,381,170",,2.1,,0.7,*,1.4,*,0,*,0.9,*,0.1,*,0.8,*
,,"Rate per 1,000 persons in each age group",,,,,,,,,,,,,,,
,,Assault,,,,,,,,,,,,,,,
Gender and age,,  Total,,Aggravated,,Simple,,Purse snatching/Pocket picking,,,,,,,,,
Male,,,,,,,,,
, 12-15,43.4,,9,,34.4,,1.2,*
,16-19,45,,14.5,,30.5,,1.2,*
,20-24,37.5,,11.5,,25.9,,1,*
,25-34,31.5,,9.4,,22.1,,0.7,*
,35-49,17,,4.7,,12.2,,1,*
,50-64,13.5,,3.1,,10.4,,0.3,*
,65 and over,3.6,,1.2,*,2.4,,0.1,*
Female,,,,,,,,,
, 12-15,35.5,,7.5,,28,,0.5,*
,16-19,44.3,,8.5,,35.8,,0.9,*
,20-24,32.7,,12.3,,20.4,,0.7,*
,25-34,28.7,,6,,22.7,,0.5,*
,35-49,17.1,,4.7,,12.4,,0.8,*
,50-64,9.4,,1.9,,7.5,,0.5,*
,65 and over,1.2,*,0.3,*,0.9,*,0.9,*
"Note: Due to changes in methodology, the 2006 national crime victimization rates are not comparable to previous years and cannot be used for yearly trend comparisons. However, the overall patterns of victimization at the national level can be examined. See Criminal Victimization, 2006, at <http://www.ojp.usdoj.gov/bjs/abstract/cv06.htm>."
Detail may not add to total shown because of rounding.
*Estimate is based on about 10 or fewer sample cases.
a/Includes verbal threats of rape and threats of sexual assault.






























,,,,,,,,,,,, 















































,,,, 
