Bureau of Justice Statistics,,,,,
filename:  cv0601.csv,,,,,
"Table 1. Number, percent distribution, and rate of victimizations, by type of crime",,,,,
"data source: National Criminal Victimization Survey, 2006  NCJ 223436",,,,,
produced by:  Cathy Maston ,,,,,
authors:  Patsy Klaus and Cathy Maston,,,,,
refer questions to: askbjs@usdoj.gov  202-307-0765,,,,,
data of version:  08/29/08,,,,,

"Table 1. Personal and property crimes, 2006:  Number, percent distribution, and rate of victimizations, by type of crime",,,,,
Type of crime,Number of victimizations,,Percent of all victimizations,,"Rate per 1,000 persons or households"
All crimes,"25,183,350",,100,%,         ...
Personal crimes,"6,267,610",,24.9,%,25.4
Crimes of violence,"6,094,390",,24.2,,24.7
   Completed violence,"2,019,260",,8,,8.2
   Attempted/threatened violence,"4,075,130",,16.2,,16.5
   Rape/Sexual assault,"260,940",,1,,1.1
      Rape/Attempted rape,"192,320",,0.8,,0.8
         Rape,"116,600",,0.5,,0.5
         Attempted rape/a,"75,720",,0.3,,0.3
      Sexual assault/b,"68,620",,0.3,,0.3
   Robbery,"712,610",,2.8,,2.9
      Completed/property taken,"482,290",,1.9,,2
         With injury,"208,140",,0.8,,0.8
         Without injury,"274,150",,1.1,,1.1
      Attempted to take property,"230,320",,0.9,,0.9
         With injury,"43,340",,0.2,,0.2
         Without injury,"186,980",,0.7,,0.8
   Assault,"5,120,840",,20.3,,20.7
      Aggravated,"1,344,280",,5.3,,5.4
         With injury,"466,610",,1.9,,1.9
         Threatened with weapon,"877,670",,3.5,,3.5
      Simple,"3,776,550",,15,,15.3,
         With minor injury,"900,850",,3.6,,3.6,
         Without injury,"2,875,700",,11.4,,11.6,
Purse snatching/Pocket picking,"173,220",,0.7,,0.7,
   Completed purse snatching,"34,250",*,0.1,*,0.1,
   Attempted purse snatching,"6,870",*,0,*,0,*
   Pocket picking,"132,110",,0.5,,0.5,*
Total population age 12 and over,"247,233,080",,...,,...,
Property crimes,"18,915,740",,75.1,%,160.5,
Household burglary,"3,560,920",,14.1,,30.2,
   Completed,"2,848,210",,11.3,,24.2,
      Forcible entry,"1,024,030",,4.1,,8.7,
      Unlawful entry without force,"1,824,180",,7.2,,15.5,
   Attempted forcible entry,"712,710",,2.8,,6,
Motor vehicle theft,"992,260",,3.9,,8.4,
   Completed,"791,840",,3.1,,6.7,
   Attempted,"200,410",,0.8,,1.7
Theft,"14,362,570",,57,,121.9
   Completed,"13,791,020",,54.8,,117
      Less than $50,"3,822,200",,15.2,,32.4
      $50 - $249,"4,940,790",,19.6,,41.9
      $250 or more,"3,718,530",,14.8,,31.6
      Amount not available,"1,309,500",,5.2,,11.1
   Attempted,"571,550",,2.3,,4.8
Total number of households,"117,858,380",,           ...,,           ...
"Note: Due to changes in methodology, the 2006 national crime victimization rates are not comparable to previous years and cannot be used for yearly trend comparisons. However, the overall patterns of victimization at the national level can be examined. See Criminal Victimization, 2006, at <http://www.ojp.usdoj.gov/bjs/abstract/cv06.htm>.",,,,,
Detail may not add to total shown because of rounding.,,,,,
*Estimate is based on 10 or fewer sample cases.,,,,,
Percent distribution is based on unrounded figures.,,,,,
...Not applicable.,,,,,
a/Includes verbal threats of rape.,,,,,
b/Includes threats.,,,,,
