[
  {
    "Sheriff's Office Workload Data                 The following statistics represent the workload generated during the period of                     January 1, 2008 to December 31, 2008.                                                         Calls for Service                      13,649                                                           Rescue Squad Calls Dispatched                      3,335                                                           Fire Department Calls Disptached                      1,987                                                           Felony Warrants Served                      283                                                           Misdemeanor Warrants Served                      460                                                           Civil Papers Served                      7,088                                                           Traffic Summons Issued                      1,887                                                           Traffic Accidents Worked                      115                                                           Drug Charge Arrests                     44 persons                                                            DUI Arrests                      70                                                           Court Days                      216 days totaling 4,505 man hours                                                            Transports                     958 manhours for 33,191 miles                                                            Presentations                     43 presentation to 2,033 persons":"Calls for Service",
    "Calls for Service":"13,649",
    "13,649":"",
    "Rescue Squad Calls Dispatched":"",
    "3,335":"",
    "Fire Department Calls Disptached":"",
    "1,987":"",
    "Felony Warrants Served":"",
    "283":"",
    "Misdemeanor Warrants Served":"",
    "460":"",
    "Civil Papers Served":"",
    "7,088":"",
    "Traffic Summons Issued":"",
    "1,887":"",
    "Traffic Accidents Worked":"",
    "115":"",
    "Drug Charge Arrests":"",
    "44 persons":"",
    "DUI Arrests":"",
    "70":"",
    "Court Days":"",
    "216 days totaling 4,505 man hours":"",
    "Transports":"",
    "958 manhours for 33,191 miles":"",
    "Presentations":"",
    "43 presentation to 2,033 persons":""
  },
  {
    "Sheriff's Office Workload Data                 The following statistics represent the workload generated during the period of                     January 1, 2008 to December 31, 2008.                                                         Calls for Service                      13,649                                                           Rescue Squad Calls Dispatched                      3,335                                                           Fire Department Calls Disptached                      1,987                                                           Felony Warrants Served                      283                                                           Misdemeanor Warrants Served                      460                                                           Civil Papers Served                      7,088                                                           Traffic Summons Issued                      1,887                                                           Traffic Accidents Worked                      115                                                           Drug Charge Arrests                     44 persons                                                            DUI Arrests                      70                                                           Court Days                      216 days totaling 4,505 man hours                                                            Transports                     958 manhours for 33,191 miles                                                            Presentations                     43 presentation to 2,033 persons":"Rescue Squad Calls Dispatched",
    "Calls for Service":"3,335",
    "13,649":"",
    "Rescue Squad Calls Dispatched":"",
    "3,335":"",
    "Fire Department Calls Disptached":"",
    "1,987":"",
    "Felony Warrants Served":"",
    "283":"",
    "Misdemeanor Warrants Served":"",
    "460":"",
    "Civil Papers Served":"",
    "7,088":"",
    "Traffic Summons Issued":"",
    "1,887":"",
    "Traffic Accidents Worked":"",
    "115":"",
    "Drug Charge Arrests":"",
    "44 persons":"",
    "DUI Arrests":"",
    "70":"",
    "Court Days":"",
    "216 days totaling 4,505 man hours":"",
    "Transports":"",
    "958 manhours for 33,191 miles":"",
    "Presentations":"",
    "43 presentation to 2,033 persons":""
  },
  {
    "Sheriff's Office Workload Data                 The following statistics represent the workload generated during the period of                     January 1, 2008 to December 31, 2008.                                                         Calls for Service                      13,649                                                           Rescue Squad Calls Dispatched                      3,335                                                           Fire Department Calls Disptached                      1,987                                                           Felony Warrants Served                      283                                                           Misdemeanor Warrants Served                      460                                                           Civil Papers Served                      7,088                                                           Traffic Summons Issued                      1,887                                                           Traffic Accidents Worked                      115                                                           Drug Charge Arrests                     44 persons                                                            DUI Arrests                      70                                                           Court Days                      216 days totaling 4,505 man hours                                                            Transports                     958 manhours for 33,191 miles                                                            Presentations                     43 presentation to 2,033 persons":"Fire Department Calls Disptached",
    "Calls for Service":"1,987",
    "13,649":"",
    "Rescue Squad Calls Dispatched":"",
    "3,335":"",
    "Fire Department Calls Disptached":"",
    "1,987":"",
    "Felony Warrants Served":"",
    "283":"",
    "Misdemeanor Warrants Served":"",
    "460":"",
    "Civil Papers Served":"",
    "7,088":"",
    "Traffic Summons Issued":"",
    "1,887":"",
    "Traffic Accidents Worked":"",
    "115":"",
    "Drug Charge Arrests":"",
    "44 persons":"",
    "DUI Arrests":"",
    "70":"",
    "Court Days":"",
    "216 days totaling 4,505 man hours":"",
    "Transports":"",
    "958 manhours for 33,191 miles":"",
    "Presentations":"",
    "43 presentation to 2,033 persons":""
  },
  {
    "Sheriff's Office Workload Data                 The following statistics represent the workload generated during the period of                     January 1, 2008 to December 31, 2008.                                                         Calls for Service                      13,649                                                           Rescue Squad Calls Dispatched                      3,335                                                           Fire Department Calls Disptached                      1,987                                                           Felony Warrants Served                      283                                                           Misdemeanor Warrants Served                      460                                                           Civil Papers Served                      7,088                                                           Traffic Summons Issued                      1,887                                                           Traffic Accidents Worked                      115                                                           Drug Charge Arrests                     44 persons                                                            DUI Arrests                      70                                                           Court Days                      216 days totaling 4,505 man hours                                                            Transports                     958 manhours for 33,191 miles                                                            Presentations                     43 presentation to 2,033 persons":"Felony Warrants Served",
    "Calls for Service":"283",
    "13,649":"",
    "Rescue Squad Calls Dispatched":"",
    "3,335":"",
    "Fire Department Calls Disptached":"",
    "1,987":"",
    "Felony Warrants Served":"",
    "283":"",
    "Misdemeanor Warrants Served":"",
    "460":"",
    "Civil Papers Served":"",
    "7,088":"",
    "Traffic Summons Issued":"",
    "1,887":"",
    "Traffic Accidents Worked":"",
    "115":"",
    "Drug Charge Arrests":"",
    "44 persons":"",
    "DUI Arrests":"",
    "70":"",
    "Court Days":"",
    "216 days totaling 4,505 man hours":"",
    "Transports":"",
    "958 manhours for 33,191 miles":"",
    "Presentations":"",
    "43 presentation to 2,033 persons":""
  },
  {
    "Sheriff's Office Workload Data                 The following statistics represent the workload generated during the period of                     January 1, 2008 to December 31, 2008.                                                         Calls for Service                      13,649                                                           Rescue Squad Calls Dispatched                      3,335                                                           Fire Department Calls Disptached                      1,987                                                           Felony Warrants Served                      283                                                           Misdemeanor Warrants Served                      460                                                           Civil Papers Served                      7,088                                                           Traffic Summons Issued                      1,887                                                           Traffic Accidents Worked                      115                                                           Drug Charge Arrests                     44 persons                                                            DUI Arrests                      70                                                           Court Days                      216 days totaling 4,505 man hours                                                            Transports                     958 manhours for 33,191 miles                                                            Presentations                     43 presentation to 2,033 persons":"Misdemeanor Warrants Served",
    "Calls for Service":"460",
    "13,649":"",
    "Rescue Squad Calls Dispatched":"",
    "3,335":"",
    "Fire Department Calls Disptached":"",
    "1,987":"",
    "Felony Warrants Served":"",
    "283":"",
    "Misdemeanor Warrants Served":"",
    "460":"",
    "Civil Papers Served":"",
    "7,088":"",
    "Traffic Summons Issued":"",
    "1,887":"",
    "Traffic Accidents Worked":"",
    "115":"",
    "Drug Charge Arrests":"",
    "44 persons":"",
    "DUI Arrests":"",
    "70":"",
    "Court Days":"",
    "216 days totaling 4,505 man hours":"",
    "Transports":"",
    "958 manhours for 33,191 miles":"",
    "Presentations":"",
    "43 presentation to 2,033 persons":""
  },
  {
    "Sheriff's Office Workload Data                 The following statistics represent the workload generated during the period of                     January 1, 2008 to December 31, 2008.                                                         Calls for Service                      13,649                                                           Rescue Squad Calls Dispatched                      3,335                                                           Fire Department Calls Disptached                      1,987                                                           Felony Warrants Served                      283                                                           Misdemeanor Warrants Served                      460                                                           Civil Papers Served                      7,088                                                           Traffic Summons Issued                      1,887                                                           Traffic Accidents Worked                      115                                                           Drug Charge Arrests                     44 persons                                                            DUI Arrests                      70                                                           Court Days                      216 days totaling 4,505 man hours                                                            Transports                     958 manhours for 33,191 miles                                                            Presentations                     43 presentation to 2,033 persons":"Civil Papers Served",
    "Calls for Service":"7,088",
    "13,649":"",
    "Rescue Squad Calls Dispatched":"",
    "3,335":"",
    "Fire Department Calls Disptached":"",
    "1,987":"",
    "Felony Warrants Served":"",
    "283":"",
    "Misdemeanor Warrants Served":"",
    "460":"",
    "Civil Papers Served":"",
    "7,088":"",
    "Traffic Summons Issued":"",
    "1,887":"",
    "Traffic Accidents Worked":"",
    "115":"",
    "Drug Charge Arrests":"",
    "44 persons":"",
    "DUI Arrests":"",
    "70":"",
    "Court Days":"",
    "216 days totaling 4,505 man hours":"",
    "Transports":"",
    "958 manhours for 33,191 miles":"",
    "Presentations":"",
    "43 presentation to 2,033 persons":""
  },
  {
    "Sheriff's Office Workload Data                 The following statistics represent the workload generated during the period of                     January 1, 2008 to December 31, 2008.                                                         Calls for Service                      13,649                                                           Rescue Squad Calls Dispatched                      3,335                                                           Fire Department Calls Disptached                      1,987                                                           Felony Warrants Served                      283                                                           Misdemeanor Warrants Served                      460                                                           Civil Papers Served                      7,088                                                           Traffic Summons Issued                      1,887                                                           Traffic Accidents Worked                      115                                                           Drug Charge Arrests                     44 persons                                                            DUI Arrests                      70                                                           Court Days                      216 days totaling 4,505 man hours                                                            Transports                     958 manhours for 33,191 miles                                                            Presentations                     43 presentation to 2,033 persons":"Traffic Summons Issued",
    "Calls for Service":"1,887",
    "13,649":"",
    "Rescue Squad Calls Dispatched":"",
    "3,335":"",
    "Fire Department Calls Disptached":"",
    "1,987":"",
    "Felony Warrants Served":"",
    "283":"",
    "Misdemeanor Warrants Served":"",
    "460":"",
    "Civil Papers Served":"",
    "7,088":"",
    "Traffic Summons Issued":"",
    "1,887":"",
    "Traffic Accidents Worked":"",
    "115":"",
    "Drug Charge Arrests":"",
    "44 persons":"",
    "DUI Arrests":"",
    "70":"",
    "Court Days":"",
    "216 days totaling 4,505 man hours":"",
    "Transports":"",
    "958 manhours for 33,191 miles":"",
    "Presentations":"",
    "43 presentation to 2,033 persons":""
  },
  {
    "Sheriff's Office Workload Data                 The following statistics represent the workload generated during the period of                     January 1, 2008 to December 31, 2008.                                                         Calls for Service                      13,649                                                           Rescue Squad Calls Dispatched                      3,335                                                           Fire Department Calls Disptached                      1,987                                                           Felony Warrants Served                      283                                                           Misdemeanor Warrants Served                      460                                                           Civil Papers Served                      7,088                                                           Traffic Summons Issued                      1,887                                                           Traffic Accidents Worked                      115                                                           Drug Charge Arrests                     44 persons                                                            DUI Arrests                      70                                                           Court Days                      216 days totaling 4,505 man hours                                                            Transports                     958 manhours for 33,191 miles                                                            Presentations                     43 presentation to 2,033 persons":"Traffic Accidents Worked",
    "Calls for Service":"115",
    "13,649":"",
    "Rescue Squad Calls Dispatched":"",
    "3,335":"",
    "Fire Department Calls Disptached":"",
    "1,987":"",
    "Felony Warrants Served":"",
    "283":"",
    "Misdemeanor Warrants Served":"",
    "460":"",
    "Civil Papers Served":"",
    "7,088":"",
    "Traffic Summons Issued":"",
    "1,887":"",
    "Traffic Accidents Worked":"",
    "115":"",
    "Drug Charge Arrests":"",
    "44 persons":"",
    "DUI Arrests":"",
    "70":"",
    "Court Days":"",
    "216 days totaling 4,505 man hours":"",
    "Transports":"",
    "958 manhours for 33,191 miles":"",
    "Presentations":"",
    "43 presentation to 2,033 persons":""
  },
  {
    "Sheriff's Office Workload Data                 The following statistics represent the workload generated during the period of                     January 1, 2008 to December 31, 2008.                                                         Calls for Service                      13,649                                                           Rescue Squad Calls Dispatched                      3,335                                                           Fire Department Calls Disptached                      1,987                                                           Felony Warrants Served                      283                                                           Misdemeanor Warrants Served                      460                                                           Civil Papers Served                      7,088                                                           Traffic Summons Issued                      1,887                                                           Traffic Accidents Worked                      115                                                           Drug Charge Arrests                     44 persons                                                            DUI Arrests                      70                                                           Court Days                      216 days totaling 4,505 man hours                                                            Transports                     958 manhours for 33,191 miles                                                            Presentations                     43 presentation to 2,033 persons":"Drug Charge Arrests",
    "Calls for Service":"44 persons",
    "13,649":"",
    "Rescue Squad Calls Dispatched":"",
    "3,335":"",
    "Fire Department Calls Disptached":"",
    "1,987":"",
    "Felony Warrants Served":"",
    "283":"",
    "Misdemeanor Warrants Served":"",
    "460":"",
    "Civil Papers Served":"",
    "7,088":"",
    "Traffic Summons Issued":"",
    "1,887":"",
    "Traffic Accidents Worked":"",
    "115":"",
    "Drug Charge Arrests":"",
    "44 persons":"",
    "DUI Arrests":"",
    "70":"",
    "Court Days":"",
    "216 days totaling 4,505 man hours":"",
    "Transports":"",
    "958 manhours for 33,191 miles":"",
    "Presentations":"",
    "43 presentation to 2,033 persons":""
  },
  {
    "Sheriff's Office Workload Data                 The following statistics represent the workload generated during the period of                     January 1, 2008 to December 31, 2008.                                                         Calls for Service                      13,649                                                           Rescue Squad Calls Dispatched                      3,335                                                           Fire Department Calls Disptached                      1,987                                                           Felony Warrants Served                      283                                                           Misdemeanor Warrants Served                      460                                                           Civil Papers Served                      7,088                                                           Traffic Summons Issued                      1,887                                                           Traffic Accidents Worked                      115                                                           Drug Charge Arrests                     44 persons                                                            DUI Arrests                      70                                                           Court Days                      216 days totaling 4,505 man hours                                                            Transports                     958 manhours for 33,191 miles                                                            Presentations                     43 presentation to 2,033 persons":"DUI Arrests",
    "Calls for Service":"70",
    "13,649":"",
    "Rescue Squad Calls Dispatched":"",
    "3,335":"",
    "Fire Department Calls Disptached":"",
    "1,987":"",
    "Felony Warrants Served":"",
    "283":"",
    "Misdemeanor Warrants Served":"",
    "460":"",
    "Civil Papers Served":"",
    "7,088":"",
    "Traffic Summons Issued":"",
    "1,887":"",
    "Traffic Accidents Worked":"",
    "115":"",
    "Drug Charge Arrests":"",
    "44 persons":"",
    "DUI Arrests":"",
    "70":"",
    "Court Days":"",
    "216 days totaling 4,505 man hours":"",
    "Transports":"",
    "958 manhours for 33,191 miles":"",
    "Presentations":"",
    "43 presentation to 2,033 persons":""
  },
  {
    "Sheriff's Office Workload Data                 The following statistics represent the workload generated during the period of                     January 1, 2008 to December 31, 2008.                                                         Calls for Service                      13,649                                                           Rescue Squad Calls Dispatched                      3,335                                                           Fire Department Calls Disptached                      1,987                                                           Felony Warrants Served                      283                                                           Misdemeanor Warrants Served                      460                                                           Civil Papers Served                      7,088                                                           Traffic Summons Issued                      1,887                                                           Traffic Accidents Worked                      115                                                           Drug Charge Arrests                     44 persons                                                            DUI Arrests                      70                                                           Court Days                      216 days totaling 4,505 man hours                                                            Transports                     958 manhours for 33,191 miles                                                            Presentations                     43 presentation to 2,033 persons":"Court Days",
    "Calls for Service":"216 days totaling 4,505 man hours",
    "13,649":"",
    "Rescue Squad Calls Dispatched":"",
    "3,335":"",
    "Fire Department Calls Disptached":"",
    "1,987":"",
    "Felony Warrants Served":"",
    "283":"",
    "Misdemeanor Warrants Served":"",
    "460":"",
    "Civil Papers Served":"",
    "7,088":"",
    "Traffic Summons Issued":"",
    "1,887":"",
    "Traffic Accidents Worked":"",
    "115":"",
    "Drug Charge Arrests":"",
    "44 persons":"",
    "DUI Arrests":"",
    "70":"",
    "Court Days":"",
    "216 days totaling 4,505 man hours":"",
    "Transports":"",
    "958 manhours for 33,191 miles":"",
    "Presentations":"",
    "43 presentation to 2,033 persons":""
  },
  {
    "Sheriff's Office Workload Data                 The following statistics represent the workload generated during the period of                     January 1, 2008 to December 31, 2008.                                                         Calls for Service                      13,649                                                           Rescue Squad Calls Dispatched                      3,335                                                           Fire Department Calls Disptached                      1,987                                                           Felony Warrants Served                      283                                                           Misdemeanor Warrants Served                      460                                                           Civil Papers Served                      7,088                                                           Traffic Summons Issued                      1,887                                                           Traffic Accidents Worked                      115                                                           Drug Charge Arrests                     44 persons                                                            DUI Arrests                      70                                                           Court Days                      216 days totaling 4,505 man hours                                                            Transports                     958 manhours for 33,191 miles                                                            Presentations                     43 presentation to 2,033 persons":"Transports",
    "Calls for Service":"958 manhours for 33,191 miles",
    "13,649":"",
    "Rescue Squad Calls Dispatched":"",
    "3,335":"",
    "Fire Department Calls Disptached":"",
    "1,987":"",
    "Felony Warrants Served":"",
    "283":"",
    "Misdemeanor Warrants Served":"",
    "460":"",
    "Civil Papers Served":"",
    "7,088":"",
    "Traffic Summons Issued":"",
    "1,887":"",
    "Traffic Accidents Worked":"",
    "115":"",
    "Drug Charge Arrests":"",
    "44 persons":"",
    "DUI Arrests":"",
    "70":"",
    "Court Days":"",
    "216 days totaling 4,505 man hours":"",
    "Transports":"",
    "958 manhours for 33,191 miles":"",
    "Presentations":"",
    "43 presentation to 2,033 persons":""
  },
  {
    "Sheriff's Office Workload Data                 The following statistics represent the workload generated during the period of                     January 1, 2008 to December 31, 2008.                                                         Calls for Service                      13,649                                                           Rescue Squad Calls Dispatched                      3,335                                                           Fire Department Calls Disptached                      1,987                                                           Felony Warrants Served                      283                                                           Misdemeanor Warrants Served                      460                                                           Civil Papers Served                      7,088                                                           Traffic Summons Issued                      1,887                                                           Traffic Accidents Worked                      115                                                           Drug Charge Arrests                     44 persons                                                            DUI Arrests                      70                                                           Court Days                      216 days totaling 4,505 man hours                                                            Transports                     958 manhours for 33,191 miles                                                            Presentations                     43 presentation to 2,033 persons":"Presentations",
    "Calls for Service":"43 presentation to 2,033 persons",
    "13,649":"",
    "Rescue Squad Calls Dispatched":"",
    "3,335":"",
    "Fire Department Calls Disptached":"",
    "1,987":"",
    "Felony Warrants Served":"",
    "283":"",
    "Misdemeanor Warrants Served":"",
    "460":"",
    "Civil Papers Served":"",
    "7,088":"",
    "Traffic Summons Issued":"",
    "1,887":"",
    "Traffic Accidents Worked":"",
    "115":"",
    "Drug Charge Arrests":"",
    "44 persons":"",
    "DUI Arrests":"",
    "70":"",
    "Court Days":"",
    "216 days totaling 4,505 man hours":"",
    "Transports":"",
    "958 manhours for 33,191 miles":"",
    "Presentations":"",
    "43 presentation to 2,033 persons":""
  }
]