"Sheriff's Office Workload Data                 The following statistics represent the workload generated during the period of                     January 1, 2008 to December 31, 2008.                                                         Calls for Service                      13,649                                                           Rescue Squad Calls Dispatched                      3,335                                                           Fire Department Calls Disptached                      1,987                                                           Felony Warrants Served                      283                                                           Misdemeanor Warrants Served                      460                                                           Civil Papers Served                      7,088                                                           Traffic Summons Issued                      1,887                                                           Traffic Accidents Worked                      115                                                           Drug Charge Arrests                     44 persons                                                            DUI Arrests                      70                                                           Court Days                      216 days totaling 4,505 man hours                                                            Transports                     958 manhours for 33,191 miles                                                            Presentations                     43 presentation to 2,033 persons",Calls for Service,"13,649",Rescue Squad Calls Dispatched,"3,335",Fire Department Calls Disptached,"1,987",Felony Warrants Served,283,Misdemeanor Warrants Served,460,Civil Papers Served,"7,088",Traffic Summons Issued,"1,887",Traffic Accidents Worked,115,Drug Charge Arrests,44 persons,DUI Arrests,70,Court Days,"216 days totaling 4,505 man hours",Transports,"958 manhours for 33,191 miles",Presentations,"43 presentation to 2,033 persons"
Calls for Service,"13,649"
Rescue Squad Calls Dispatched,"3,335"
Fire Department Calls Disptached,"1,987"
Felony Warrants Served,283
Misdemeanor Warrants Served,460
Civil Papers Served,"7,088"
Traffic Summons Issued,"1,887"
Traffic Accidents Worked,115
Drug Charge Arrests,44 persons
DUI Arrests,70
Court Days,"216 days totaling 4,505 man hours"
Transports,"958 manhours for 33,191 miles"
Presentations,"43 presentation to 2,033 persons"
