Bureau of Justice Statistics,,,,,,,,,,,,
filename:  cv0636.csv,,,,,,,,,,,,
"Table 36. Percent distribution of incidents, by type of crime and number of victims",,,,,,,,,,,,
"data source: National Criminal Victimization Survey, 2006  NCJ 223436",,,,,,,,,,,,
produced by:  Cathy Maston ,,,,,,,,,,,,
authors:  Patsy Klaus and Cathy Maston,,,,,,,,,,,,
refer questions to: askbjs@usdoj.gov  202-307-0765,,,,,,,,,,,,
data of version:  08/29/08,,,,,,,,,,,,

"Table 36. Personal crimes of violence, 2006:  Percent distribution of incidents, by type of crime and number of victims",,,,,,,,,,,,
,,Percent of incidents,,,,,,,,,,
,,,,Number of victims,,,,,,,,
Type of crime,Number of incidents,,Total/a,,  One,,  Two,,  Three,, Four or more,
Crimes of violence,"5,680,990",,100,%,95.2,%,3.6,%,0.6,%*,0.6,%*
   Completed violence,"1,877,310",,100,,95.2,,3.1,,0.9,*,0.8,*
   Attempted/threatened violence,"3,803,670",,100,,95.1,,3.9,,0.5,*,0.5,*
   Rape/Sexual assault/b,"251,000",,100,,98.9,,0.8,*,0,*,0.3,*
   Robbery,"645,940",,100,,92,,6.2,,1.4,*,0.4,*
      Completed/property taken,"455,530",,100,,95.5,,3.2,*,1.1,*,0.2,*
         With injury,"201,420",,100,,96.7,,3.3,*,0,*,0,*
         Without injury,"254,100",,100,,94.6,,3.2,*,1.9,*,0.3,*
      Attempted to take property,"190,410",,100,,83.6,,13.3,*,2.1,*,1,*
         With injury,"30,950",*,100,*,67.1,*,29.3,*,0,*,3.6,*
         Without injury,"159,460",,100,,86.8,,10.2,*,2.5,*,0.5,*
   Assault,"4,784,040",,100,,95.4,,3.4,,0.5,*,0.6,*
      Aggravated,"1,209,720",,100,,92.1,,6.5,,0.6,*,0.9,*
      Simple,"3,574,310",,100,,96.5,,2.4,,0.5,*,0.6,*
"Note: Many incident characteristics were unaffected or minimally affected by changes in methodology in the 2006 National Crime Victimization. However, caution should be used in comparing 2006 rates of individual variables, particularly those with small sample sizes, to previous years. See Criminal Victimization, 2006, at <http://www.ojp.usdoj.gov/bjs/abstract/cv06.htm>.",,,,,,,,,,,,
Detail may not add to total shown because of rounding.,,,,,,,,,,,,
*Estimate is based on about 10 or fewer sample cases.,,,,,,,,,,,,
a/Excludes incidents for which the number of victims was not ascertained.,,,,,,,,,,,,
b/Includes verbal threats of rape and threats of sexual assault.,,,,,,,,,,,,
