Bureau of Justice Statistics,,,,,,,,,,,,,,,,,,
filename:  cv0643.csv,,,,,,,,,,,,,,,,,,
"Table 43. Percent distribution of single-offender victimizations, by type of crime and detailed victim-offender relationship",,,,,,,,,,,,,,,,,,
"data source: National Criminal Victimization Survey, 2006  NCJ 223436",,,,,,,,,,,,,,,,,,
produced by:  Cathy Maston ,,,,,,,,,,,,,,,,,,
authors:  Patsy Klaus and Cathy Maston,,,,,,,,,,,,,,,,,,
refer questions to: askbjs@usdoj.gov  202-307-0765,,,,,,,,,,,,,,,,,,
data of version:  08/29/08,,,,,,,,,,,,,,,,,,

"Table 43. Personal crimes of violence, 2006:  Percent distribution of single-offender victimizations, by type of crime and detailed victim-offender relationship",,,,,,,,,,,,,,,,,,
       ,,,Percent of single-offender victimizations,,,,,,,,,,,,,,,
                                                                                                                                         ,,,,,Related,,,,,,,,,,,,,
Type of crime,Number of single-offender victimizations,,Total,, Total,,Spouse,,Ex-spouse,,Parent,,Own child,,Brother or sister,,Other relative,
Crimes of violence,"4,734,310",,100,%,14.6,%,4.6,%,1.9,%,1.2,%,1.9,%,2,%,3,%
   Completed violence,"1,439,850",,100,%,17,,6.8,,1.9,*,2.1,*,1.5,*,2.9,,1.8,*
   Attempted/threatened violence,"3,294,460",,100,%,13.5,,3.6,,1.9,,0.8,*,2.1,,1.6,,3.5,
   Rape/Sexual assault/b,"222,410",,100,%,13.8,*,10.5,*,0,*,2.1,*,0,*,0,*,1.2,*
   Robbery,"356,870",,100,%,9.6,*,3.6,*,2.9,*,0,*,0,*,3,*,0,*
      Completed/property taken,"215,390",,100,%,12.7,*,6,*,1.7,*,0,*,0,*,5,*,0,*
      Attempted to take property,"141,480",,100,%,4.9,*,0,*,4.9,*,0,*,0,*,0,*,0,*
   Assault,"4,155,030",,100,%,15.1,,4.4,,1.9,,1.3,,2.2,,2,,3.4,
      Aggravated,"1,025,560",,100,%,16.4,,1.3,*,3,*,2.2,*,3.2,*,4.4,,2.3,*
      Simple,"3,129,470",,100,%,14.6,,5.4,,1.6,,1,*,1.8,,1.2,*,3.7,
Type of crime,"Well known, not related/a",,Casual acquaintance,,Don't know,,Stranger,,,,,,,,,,,
Crimes of violence,24.5,%,20.5,%,4.9,%,35.5,%,,,,,,,,,,
   Completed violence,32.6,,16.3,,3.9,,30.2,,,,,,,,,,,
   Attempted/threatened violence,21,,22.4,,5.3,,37.8,,,,,,,,,,,
   Rape/Sexual assault/b,26.5,,26.4,,3.5,*,29.7,,,,,,,,,,,
   Robbery,15.3,,13.8,,6.5,*,54.8,,,,,,,,,,,
      Completed/property taken,16.9,*,15.9,*,6.3,*,48.2,,,,,,,,,,,
      Attempted to take property,12.9,*,10.6,*,7,*,64.7,,,,,,,,,,,
   Assault,25.2,,20.8,,4.8,,34.1,,,,,,,,,,,
      Aggravated,25.5,,17.7,,3.7,,36.6
      Simple,25.1,,21.8,,5.1,,33.3
"Note: Many incident characteristics were unaffected or minimally affected by changes in methodology in the 2006 National Crime Victimization. However, caution should be used in comparing 2006 rates of individual variables, particularly those with small sample sizes, to previous years. See Criminal Victimization, 2006, at <http://www.ojp.usdoj.gov/bjs/abstract/cv06.htm>.",,,,,,,
Detail may not add to total shown because of rounding.,,,,,,,
*Estimate is based on about 10 or fewer sample cases.,,,,,,,
a/Includes data on offenders well known to the victim whose relationship could not be ascertained.,,,,,,,
b/Includes verbal threats of rape and threats of sexual assault.,,,,,,,
