Bureau of Justice Statistics,,,,,,,,,,,,,,,,,,,,
filename:  cv0641.csv,,,,,,,,,,,,,,,,,,,,
"Table 41. Percent distribution of single-offender victimizations, by type of crime, age of victims and perceived age of offender",,,,,,,,,,,,,,,,,,,,
"data source: National Criminal Victimization Survey, 2006  NCJ 223436",,,,,,,,,,,,,,,,,,,,
produced by:  Cathy Maston ,,,,,,,,,,,,,,,,,,,,
authors:  Patsy Klaus and Cathy Maston,,,,,,,,,,,,,,,,,,,,
refer questions to: askbjs@usdoj.gov  202-307-0765,,,,,,,,,,,,,,,,,,,,
data of version:  08/29/08,,,,,,,,,,,,,,,,,,,,

"Table 41. Personal crimes of violence, 2006:  Percent distribution of single-offender victimizations, by type of crime, age of victims and perceived age of offender",,,,,,,,,,,,,,,,,,,,
,,,Percent of single-offender victimizations,,,,,,,,,,,,,,,,,
,,,,,Perceived age of offender,,,,,,,,,,,,,,,
,,,,,,, 12-20,,,,,,,,,,,,,
Type of crime and age of victim,Number of single-offender victimizations,,Total,,Under 12,,Total,, 12-14,,15-17,,     18-20,,21-29,,30 and over,,Not known and not available,
Crimes of violence/a,,,,,,,,,,,,,,,,,,,,
 12-19,"1,160,040",,100,%,1.4,%*,70.4,%,22.5,%,29.5,%,18.4,%,8.7,%,9.5,%,10,%
20-34,"1,852,300",,100,%,0.3,*,13.9,,0.9,*,3.6,,9.4,,41.3,,37.6,,7,
35-49,"1,076,180",,100,%,0.9,*,11.8,,2,*,5.3,,4.5,,16,,61.5,,9.8,
50-64,"570,450",,100,%,2.1,*,14.2,,1.8,*,3.9,*,8.4,,19.2,,55,,9.6,
65 and over,"75,340",,100,%,0,*,12.9,*,0,*,0,*,12.9,*,28.1,*,52.5,,6.6,*
   Robbery,,,,,,,,,,,,,,,,,,,,
 12-19,"70,440",,100,%,6.4,*,50.7,*,12.6,*,19.1,*,19,*,22.5,*,2.7,*,17.8,*
20-34,"152,760",,100,%,0,*,20.1,*,0,*,9.9,*,10.2,*,45.1,,28.1,,6.7,*
35-49,"75,670",,100,%,0,*,20.5,*,0,*,5.8,*,14.7,*,28.9,*,47,*,3.6,*
50-64,"39,150",,100,%,0,*,26.8,*,0,*,0,*,26.8,*,22.6,*,25,*,25.5,*
65 and over,"18,840",*,100,%*,0,*,9,*,0,*,0,*,9,*,61.8,*,29.2,*,0,*
   Assault,,,,,,,,,,,,,,,,,,,,
 12-19,"1,014,370",,100,%,1.1,*,72.1,,24.1,,31.6,,16.3,,7.5,,10.3,,9,
20-34,"1,617,160",,100,%,0.3,*,13.2,,1.1,*,3.2,,8.9,,41.3,,38.9,,6.3,
35-49,"963,880",,100,%,1,*,11.5,,2.2,*,5.4,,3.8,,14.6,,63.2,,9.7,
50-64,"503,130",,100,%,2.3,*,13.4,,2.1,*,4.5,*,6.9,*,19.4,,56.7,,8.2,
65 and over,"56,490",,100,%,0,*,14.2,*,0,*,0,*,14.2,*,16.8,*,60.2,*,8.8,*
"Note: Many incident characteristics were unaffected or minimally affected by changes in methodology in the 2006 National Crime Victimization. However, caution should be used in comparing 2006 rates of individual variables, particularly those with small sample sizes, to previous years. See Criminal Victimization, 2006, at <http://www.ojp.usdoj.gov/bjs/abstract/cv06.htm>."
Detail may not add to total shown because of rounding.
*Estimate is based on about 10 or fewer sample cases.
"a/Includes data on rape and sexual assault, not shown separately."
