Bureau of Justice Statistics,,,,,,,,,,,,,,,,,
filename:  cv0647.csv,,,,,,,,,,,,,,,,,
"Table 47. Percent distribution of multiple-offender victimizations, by type of crime, age of victims, and perceived age of offenders",,,,,,,,,,,,,,,,,
"data source: National Criminal Victimization Survey, 2006  NCJ 223436",,,,,,,,,,,,,,,,,
produced by:  Cathy Maston ,,,,,,,,,,,,,,,,,
authors:  Patsy Klaus and Cathy Maston,,,,,,,,,,,,,,,,,
refer questions to: askbjs@usdoj.gov  202-307-0765,,,,,,,,,,,,,,,,,
data of version:  08/29/08,,,,,,,,,,,,,,,,,

"Table 47. Personal crimes of violence, 2006: Percent distribution of multiple-offender victimizations, by type of crime, age of victims, and perceived age of offenders",,,,,,,,,,,,,,,,,
,,,,Percent of all multiple-offender victimizations,,,,,,,,,,,,,
,,,,,,Perceived age of offenders,,,,,,,,,,,
Type of crime and age of victim,,Number of multiple-offender victimizations,,Total,,All under 12,,All 12-20,,All 21-29,,All 30 and over,,Mixed ages,,Not known and not available,
Crimes of violence/a,,,,,,,,,,,,,,,,,
, 12-19,"440,390",,100,%,0,%*,64,%,3.4,%*,1.4,%*,14.7,%,16.5,%
,20-34,"439,760",,100,%,0,*,20.4,,17.4,,12.4,,32.2,,17.6,
,35-49,"190,600",,100,%,0,*,20.6,,11.5,*,14.7,*,29.2,,23.9,
,50-64,"103,200",,100,%,0,*,6.9,*,6.9,*,16.6,*,30.7,*,39,
,65 and over,"33,390",*,100,%*,0,*,9,*,38,*,17.7,*,25.9,*,9.4,*
Robbery,,,,,,,,,,,,,,,,,
, 12-19,"59,140",,100,%,0,*,78.5,,0,*,0,*,0,*,21.5,*
,20-34,"172,450",,100,%,0,*,20.7,*,11.6,*,4.2,*,34,,29.5,
,35-49,"52,840",,100,%,0,*,15.2,*,20.6,*,14.6,*,35.2,*,14.3,*
,50-64,"27,620",*,100,%*,0,*,13.8,*,6.4,*,10.6,*,38.1,*,31.1,*
,65 and over,"16,940",*,100,%*,0,*,17.8,*,21,*,20.2,*,41,*,0,*
Assault,,,,,,,,,,,,,,,,,
, 12-19,"358,390",,100,%,0,*,63.7,,4.1,*,1.8,*,15.2,,15.2,
,20-34,"258,450",,100,%,0,*,21,,19.8,,18.3,,30.7,,10.2,*
,35-49,"130,960",,100,%,0,*,21.3,*,8.4,*,15.6,*,25.7,*,29.1,
,50-64,"75,580",,100,%,0,*,4.3,*,7.1,*,18.8,*,27.9,*,41.9,*
,65 and over,"16,440",*,100,%*,0,*,0,*,55.5,*,15.1,*,10.3,*,19.1,*
"Note: Many incident characteristics were unaffected or minimally affected by changes in methodology in the 2006 National Crime Victimization. However, caution should be used in comparing 2006 rates of individual variables, particularly those with small sample sizes, to previous years. See Criminal Victimization, 2006, at <http://www.ojp.usdoj.gov/bjs/abstract/cv06.htm>.",,,,,,,,,,,,,,,,,
Detail may not add to total shown because of rounding.
*Estimate is based on about 10 or fewer sample cases.
"a/Includes data on rape and sexual assault, not shown separately."
