Bureau of Justice Statistics,,,,,,,,,,,,,,
filename:  cv0648.csv,,,,,,,,,,,,,,
"Table 48. Percent distribution of multiple-offender victimizations by type of crime, race of victims, and perceived race of offenders",,,,,,,,,,,,,,
"data source: National Criminal Victimization Survey, 2006  NCJ 223436",,,,,,,,,,,,,,
produced by:  Cathy Maston ,,,,,,,,,,,,,,
authors:  Patsy Klaus and Cathy Maston,,,,,,,,,,,,,,
refer questions to: askbjs@usdoj.gov  202-307-0765,,,,,,,,,,,,,,
data of version:  08/29/08,,,,,,,,,,,,,,

"Table 48. Personal crimes of violence, 2006:  Percent distribution of multiple-offender victimizations by type of crime, race of victims, and perceived race of offenders",,,,,,,,,,,,,,
,,,Percent of multiple-offender victimizations,,,,,,,,,,,
,,,,,Perceived race of offenders,,,,,,,,,
Type of crime and race of victim,,Number of multiple-offender victimizations,Total,, All white,,All black,,All other,,Mixed races,,Not known and not available,
Crimes of violence/a,,,,,,,,,,,,,,
,White only,"864,590",100,%,46.1,%,22.8,%,7.2,%,14.7,%,9.2,%
,Black only,"223,390",100,%,10.8,*,78.9,,0,*,2.6,*,7.8,*
Robbery,,,,,,,,,,,,,,
,White only,"259,680",100,%,45.6,,30.7,,7.4,*,11.1,*,5.2,*
,Black only,"42,570",100,%,0,*,81.7,*,0,*,13.4,*,4.8,*
Assault,,,,,,,,,,,,,,
,White only,"587,600",100,%,46.5,,18.8,,7.3,,16.8,,10.7,
,Black only,"165,020",100,%,14.6,*,76.2,,0,*,0,*,9.2,*
"Note: Many incident characteristics were unaffected or minimally affected by changes in methodology in the 2006 National Crime Victimization. However, caution should be used in comparing 2006 rates of individual variables, particularly those with small sample sizes, to previous years. See Criminal Victimization, 2006, at <http://www.ojp.usdoj.gov/bjs/abstract/cv06.htm>.",,,,,,,,,,,,,,
Detail may not add to total shown because of rounding.,,,,,,,,,,,,,,
"Excludes data on persons of ""Other"" races and persons indicating two or more races.",,,,,,,,,,,,,,
*Estimate is based on about 10 or fewer sample cases.,,,,,,,,,,,,,,
"a/Includes data on rape and sexual assault, not shown separately.",,,,,,,,,,,,,,
