Bureau of Justice Statistics,,,,,,,,,,,,,,,
filename:  cv0643a.csv,,,,,,,,,,,,,,,
"Table 43a. Percent distribution of victimizations, by characteristics of victims, type of crime, and victim/offender relationship",,,,,,,,,,,,,,,
"data source: National Criminal Victimization Survey, 2006  NCJ 223436",,,,,,,,,,,,,,,
produced by:  Cathy Maston ,,,,,,,,,,,,,,,
authors:  Patsy Klaus and Cathy Maston,,,,,,,,,,,,,,,
refer questions to: askbjs@usdoj.gov  202-307-0765,,,,,,,,,,,,,,,
data of version:  08/29/08,,,,,,,,,,,,,,,

"Table 43a. Personal crimes of violence, 2006:  Percent distribution of victimizations, by characteristics of victims, type of crime, and victim/offender relationship",,,,,,,,,,,,,,,
,,,,Percent of all victimizations,,,,,,,,,,,
,,,,,Nonstrangers,,,,,,,,,,
Characteristic,,Total victimizations,,Total,,Intimate,,Other relative,, Friend or acquaintance,,Stranger,,Don't know relationship,
Both genders,Crimes of violence,100,%,59.5,%,12.4,%,6.8,%,40.3,%,38,%,2.5,%
,   Rape/Sexual assault/a,100,,66,,20.1,,2.8,*,43.1,,34,,0,*
,    Robbery,100,,37,,7.4,,2.6,*,27,,59.2,,3.8,*
,    Assault,100,,62.3,,12.7,,7.6,,42,,35.2,,2.5,
,        Aggravated,100,,58,,12.4,,10,,35.6,,38.8,,3.3,
,        Simple,100,,63.9,,12.8,,6.7,,44.3,,34,,2.2,
    Male,Crimes of violence,100,,49.6,,4.6,,4.9,,40.1,,46.7,,3.7,
,   Rape/Sexual assault/a,100,*,42.7,*,9.1,*,0,*,33.6,*,57.3,*,0,*
,    Robbery,100,,26,,0,*,3.1,*,22.8,,70,,4.1,*
,    Assault,100,,53.8,,5.4,,5.3,,43.1,,42.6,,3.6,
,        Aggravated,100,,51.6,,8.2,,7.2,,36.2,,44.5,,3.9,*
,        Simple,100,,54.6,,4.3,,4.6,,45.8,,41.9,,3.5,
    Female,Crimes of violence,100,,70.5,,21.1,,8.9,,40.6,,28.2,,1.2,*
,   Rape/Sexual assault/a,100,,68.9,,21.4,,3.2,*,44.3,,31.1,,0,*
,    Robbery,100,,57.8,,21.3,,1.5,*,35,,39,,3.2,*
,    Assault,100,,72,,21,,10.2,,40.8,,26.8,,1.1,*
,        Aggravated,100,,66.2,,17.9,,13.5,,34.8,,31.4,,2.4,*
,        Simple,100,,73.9,,22,,9.1,,42.8,,25.4,,0.7,*
All Races,Crimes of violence,100,,59.5,,12.4,,6.8,,40.3,,38,,2.5,
,   Rape/Sexual assault/a,100,,66,,20.1,,2.8,*,43.1,,34,,0,*
,    Robbery,100,,37,,7.4,,2.6,*,27,,59.2,,3.8,*
,    Assault,100,,62.3,,12.7,,7.6,,42,,35.2,,2.5,
,        Aggravated,100,,58,,12.4,,10,,35.6,,38.8,,3.3,
,        Simple,100,,63.9,,12.8,,6.7,,44.3,,34,,2.2,
    White only,Crimes of violence,100,,58.6,,10.8,,6.4,,41.4,,38.6,,2.8,
,   Rape/Sexual assault/a,100,,69.8,,21.2,,2.2,*,46.4,,30.2,,0,*
,    Robbery,100,,34.5,,5.3,*,2.4,*,26.8,,62.4,,3.1,*
,    Assault,100,,61.4,,11,,7.2,,43.2,,35.7,,3,
,        Aggravated,100,,59.1,,7.8,,8.4,,43,,36.7,,4.1,
,        Simple,100,,62.1,,12,,6.8,,43.3,,35.3,,2.6,
    Black only,Crimes of violence,100,,60.7,,17,,8.4,,35.3,,37.3,,2,*
,   Rape/Sexual assault/a,100,*,38.2,*,13.1,*,8,*,17.2,*,61.8,*,0,*
,    Robbery,100,,41.1,,8.9,*,4.4,*,27.8,*,50.4,,8.5,*
,    Assault,100,,64.4,,18.3,,9,,37.1,,34.4,,1.2,*
,        Aggravated,100,,59.9,,26.3,,12.7,,20.8,,38.4,,1.8,*
,        Simple,100,,66.9,,13.9,,6.9,*,46.1,,32.3,,0.8,*
    Other race only/b,Crimes of violence,100,,59.5,,20.8,,8.1,*,30.7,,40.5,,0,*
,   Rape/Sexual assault/a,100,*,58.7,*,0,*,0,*,58.7,*,41.3,*,0,*
,    Robbery,100,*,50.6,*,16.6,*,0,*,34.1,*,49.4,*,0,*
,    Assault,100,,61.2,,22.5,,9.9,*,28.7,,38.8,,0,*
,        Aggravated,100,,43.7,*,12.4,*,16.1,*,15.2,*,56.3,,0,*
,        Simple,100,,72.4,,29,*,6,*,37.5,,27.6,*,0,*
     Two or more races/c,Crimes of violence,100,,76.2,,18.4,*,7.2,*,50.6,,23.8,,0,*
,   Rape/Sexual assault/a,100,*,100,*,49.6,*,0,*,50.4,*,0,*,0,*
,    Robbery,100,*,100,*,100,*,0,*,0,*,0,*,0,*
,    Assault,100,,74.4,,13.9,*,7.7,*,52.7,,25.6,,0,*
,        Aggravated,100,,45.8,*,19.6,*,14.5,*,11.7,*,54.2,*,0,*
,        Simple,100,,83.8,,12,*,5.5,*,66.3,,16.2,*,0,*
Ethnicity,Crimes of violence,100,,59.5,,12.4,,6.8,,40.3,,38,,2.5,
,   Rape/Sexual assault/a,100,,66,,20.1,,2.8,*,43.1,,34,,0,*
,    Robbery,100,,37,,7.4,,2.6,*,27,,59.2,,3.8,*
,    Assault,100,,62.3,,12.7,,7.6,,42,,35.2,,2.5,
,        Aggravated,100,,58,,12.4,,10,,35.6,,38.8,,3.3,
,        Simple,100,,63.9,,12.8,,6.7,,44.3,,34,,2.2,
    Hispanic,Crimes of violence,100,,55.9,,10.6,,5.6,,39.7,,40.1,,3.9,*
,   Rape/Sexual assault/a,100,*,75.9,*,10.7,*,17,*,48.2,*,24.1,*,0,*
,    Robbery,100,,30.4,,4.4,*,0,*,26,,65.9,,3.8,*
,    Assault,100,,60.8,,12,,6.4,,42.4,,35.1,,4.1,*
,        Aggravated,100,,51.1,,6,*,6.3,*,38.8,,44.6,,4.4,*
,        Simple,100,,64.6,,14.4,,6.4,*,43.8,,31.3,,4,*
    Non-Hispanic,Crimes of violence,100,,60.3,,12.6,,7,,40.7,,37.4,,2.3,
,   Rape/Sexual assault/a,100,,66.2,,21.6,,1.2,*,43.4,,33.8,,0,*
,    Robbery,100,,39.2,,8.3,,3.3,*,27.6,,57,,3.8,*
,    Assault,100,,62.7,,12.7,,7.8,,42.2,,35.1,,2.2,
,        Aggravated,100,,59.3,,13.6,,10.6,,35.1,,37.6,,3.1,*
,        Simple,100,,63.8,,12.4,,6.8,,44.6,,34.3,,1.9,
"Note: Many incident characteristics were unaffected or minimally affected by changes in methodology in the 2006 National Crime Victimization. However, caution should be used in comparing 2006 rates of individual variables, particularly those with small sample sizes, to previous years. See Criminal Victimization, 2006, at <http://www.ojp.usdoj.gov/bjs/abstract/cv06.htm>.",,,,,,,,,,,,,,,
Detail may not add to total shown because of rounding.
*Estimate is based on about 10 or fewer sample cases.
a/Includes verbal threats of rape and threats of sexual assault.
"b/Includes American Indian, Eskimo, Asian Pacific Islander If only one of these races is given."
"c/Includes all persons of any race, indicating two or more races."
