Bureau of Justice Statistics,,,,,,,,,,,,
Filename:  cv0740.csv,,,,,,,,,,,,
"Table 40. Percent distribution of single-offender victimizations, by type of crime and perceived race of offender",,,,,,,,,,,,
"Data source: National Criminal Victimization Survey, 2007  NCJ 227669",,,,,,,,,,,,
Produced by:  Cathy Maston ,,,,,,,,,,,,
Authors:  Patsy Klaus and Cathy Maston,,,,,,,,,,,,
Refer questions to: askbjs@usdoj.gov  202-307-0765,,,,,,,,,,,,
Data of version:  02/03/10,,,,,,,,,,,,
,,,,,,,,,,,,
"Table 40. Personal crimes of violence, 2007: Percent distribution of single-offender victimizations, by type of crime and perceived race of offender",,,,,,,,,,,,
       ,,,Percent of single-offender victimizations,,,,,,,,,
,,,,,Perceived race of offender,,,,,,,
Type of crime,Number of single-offender victimizations,,  Total,, White only,, Black only,, Other,,Not known and not available,
Crimes of violence,"4,074,630",,100,%,58.8,%,22,%,7.7,%,11.5,%
   Completed violence,"1,171,330",,100,,57.2,,25.5,,8.5,,8.8,
   Attempted/threatened violence,"2,903,300",,100,,59.4,,20.6,,7.4,,12.5,
   Rape/Sexual assault/a,"226,590",,100,,63,,15.5,,6.8,*,14.7,*
   Robbery,"297,500",,100,,31.1,,47.8,,8,*,13.2,
      Completed/property taken,"208,430",,100,,31.6,,50.3,,7.8,*,10.3,*
         With injury,"89,950",,100,,24.7,*,57.4,,7.1,*,10.8,*
         Without injury,"118,470",,100,,36.9,,44.9,,8.3,*,10,*
      Attempted to take property,"89,070",,100,,29.8,*,42,,8.4,*,19.8,*
         With injury,"23,100",*,100,*,34.7,*,18.6,*,0,*,46.7,*
         Without injury,"65,970",,100,,28,*,50.2,*,11.3,*,10.4,*
   Assault,"3,550,540",,100,,60.9,,20.3,,7.8,,11.1,
      Aggravated,"643,570",,100,,60.4,,20.9,,9.1,,9.6,
      Simple,"2,906,960",,100,,61,,20.1,,7.5,,11.4,
Note: Detail may not add to total shown because of rounding.,,,,,,,,,,,,
*Estimate is based on 10 or fewer sample cases.,,,,,,,,,,,,
a/Includes verbal threats of rape and threats of sexual assault.,,,,,,,,,,,,
