Bureau of Justice Statistics,,,,,,,,,,,,,,,,
Filename:  cv0743a.csv,,,,,,,,,,,,,,,,
"Table 43a. Percent distribution of victimizations, by characteristics of victims, type of crime, and victim/offender relationship",,,,,,,,,,,,,,,,
"Data source: National Criminal Victimization Survey, 2007  NCJ 227669",,,,,,,,,,,,,,,,
Produced by:  Cathy Maston ,,,,,,,,,,,,,,,,
Authors:  Patsy Klaus and Cathy Maston,,,,,,,,,,,,,,,,
Refer questions to: askbjs@usdoj.gov  202-307-0765,,,,,,,,,,,,,,,,
Data of version:  02/03/10,,,,,,,,,,,,,,,,
,,,,,,,,,,,,,,,,
"Table 43a. Personal crimes of violence, 2007: Percent distribution of victimizations, by characteristics of victims, type of crime, and victim/offender relationship",,,,,,,,,,,,,,,,
,,,,,,Nonstrangers,,,,,,,,,,
Characteristic,,,Total victimizations,,Total,,Intimate,,Other relative,,Friend or  acquaintance,,Stranger,,Don't know  relationship,
Both genders,Crimes of violence,,100,%,56.8,%,12,%,5.7,%,39,%,40,%,3.2,%
,   Rape/Sexual assault/a,,100,,63.4,,22.2,,2.6,*,38.6,,31.2,,5.4,*
,    Robbery,,100,,29.9,,7.2,,3.4,*,19.3,,65.7,,4.4,*
,    Assault,,100,,60.2,,12.1,,6.2,,41.8,,36.9,,2.9,
,        Aggravated,,100,,48.3,,9.9,,6,,32.4,,48,,3.7,*
,        Simple,,100,,63.1,,12.7,,6.3,,44.1,,34.2,,2.7,
    Male,Crimes of violence,,100,,46,,2.5,,3.8,,39.6,,50.2,,3.9,
,   Rape/Sexual assault/a,,100,*,58.4,*,0,*,0,*,58.4,*,41.6,*,0,*
,    Robbery,,100,,21.7,,1.4,*,1.4,*,18.8,,73.5,,4.8,*
,    Assault,,100,,50.2,,2.7,,4.3,,43.2,,46.1,,3.7,
,        Aggravated,,100,,41.1,,2.9,*,4.3,*,33.8,,54.7,,4.3,*
,        Simple,,100,,53,,2.7,,4.2,,46.2,,43.4,,3.6,
    Female,Crimes of violence,,100,,69.2,,22.9,,7.9,,38.4,,28.4,,2.4,
,   Rape/Sexual assault/a,,100,,63.6,,23.3,,2.8,*,37.6,,30.7,,5.6,*
,    Robbery,,100,,48.3,,20.1,,7.8,*,20.4,,48.3,,3.5,*
,    Assault,,100,,71.7,,23.1,,8.6,,40.1,,26.3,,1.9,
,        Aggravated,,100,,61.4,,22.7,,9,*,29.7,,35.8,,2.8,*
,        Simple,,100,,73.6,,23.1,,8.5,,42,,24.6,,1.8,*
All Races,Crimes of violence,,100,,56.8,,12,,5.7,,39,,40,,3.2,
,   Rape/Sexual assault/a,,100,,63.4,,22.2,,2.6,*,38.6,,31.2,,5.4,*
,    Robbery,,100,,29.9,,7.2,,3.4,*,19.3,,65.7,,4.4,*
,    Assault,,100,,60.2,,12.1,,6.2,,41.8,,36.9,,2.9,
,        Aggravated,,100,,48.3,,9.9,,6,,32.4,,48,,3.7,*
,        Simple,,100,,63.1,,12.7,,6.3,,44.1,,34.2,,2.7,
    White only,Crimes of violence,,100,,56.8,,11.7,,5.8,,39.3,,40.1,,3.1,
,   Rape/Sexual assault/a,,100,,61.6,,27.7,,1,*,32.8,,34.4,,4,*
,    Robbery,,100,,31.8,,7.7,*,1.5,*,22.6,,65.3,,2.8,*
,    Assault,,100,,59.3,,11.2,,6.5,,41.6,,37.6,,3.1,
,        Aggravated,,100,,46.8,,7.9,,6.1,,32.8,,49.4,,3.7,*
,        Simple,,100,,62.1,,11.9,,6.6,,43.6,,34.9,,2.9,
    Black only,Crimes of violence,,100,,56.6,,17,,4.3,*,35.3,,41.3,,2,*
,   Rape/Sexual assault/a,,100,*,42.2,*,0,*,0,*,42.2,*,57.8,*,0,*
,    Robbery,,100,,27,,4.6,*,9.5,*,12.9,*,67.4,,5.6,*
,    Assault,,100,,64.7,,20.8,,3.1,*,40.9,,34.1,,1.2,*
,        Aggravated,,100,,59.1,,18.3,*,4.7,*,36.1,,39.2,,1.7,*
,        Simple,,100,,66.5,,21.5,,2.6,*,42.4,,32.5,,1,*
    Other race only /b,Crimes of violence,,100,,57.8,,6,*,3,*,48.8,,37.1,,5.1,*
,   Rape/Sexual assault/a,,100,*,67.7,*,0,*,0,*,67.7,*,0,*,32.3,*
,    Robbery,,100,*,13.5,*,0,*,0,*,13.5,*,86.5,*,0,*
,    Assault,,100,,66,,8.2,*,4.1,*,53.7,,31.8,,2.2,*
,        Aggravated,,100,,58.6,*,17,*,0,*,41.5,*,34.6,*,6.9,*
,        Simple,,100,,69.5,,4.1,*,6.1,*,59.4,,30.5,*,0,*
   Two or more races /c,Crimes of violence,,100,,58.1,,6.9,*,11.3,*,40,,34.9,,7,*
,   Rape/Sexual assault/a,,100,*,100,*,0,*,25.9,*,74.1,*,0,*,0,*
,    Robbery,,100,,33.1,*,19.3,*,0,*,13.9,*,47,*,19.8,*
,    Assault,,100,,58.8,,5.2,*,12,*,41.6,,36,,5.2,*
,        Aggravated,,100,,26.7,*,8.3,*,12.9,*,5.5,*,65.4,*,7.9,*
,        Simple,,100,,68.5,,4.2,*,11.7,*,52.6,,27.1,,4.4,*
Ethnicity,Crimes of violence,,100,,56.8,,12,,5.7,,39,,40,,3.2,
,   Rape/Sexual assault/a,,100,,63.4,,22.2,,2.6,*,38.6,,31.2,,5.4,*
,    Robbery,,100,,29.9,,7.2,,3.4,*,19.3,,65.7,,4.4,*
,    Assault,,100,,60.2,,12.1,,6.2,,41.8,,36.9,,2.9,
,        Aggravated,,100,,48.3,,9.9,,6,,32.4,,48,,3.7,*
,        Simple,,100,,63.1,,12.7,,6.3,,44.1,,34.2,,2.7,
    Hispanic,Crimes of violence,,100,,50.5,,4.6,*,4.5,*,41.5,,45.1,,4.4,*
,   Rape/Sexual assault/a,,100,*,66.8,*,0,*,0,*,66.8,*,33.2,*,0,*
,    Robbery,,100,,18.2,*,0,*,0,*,18.2,*,76.7,,5.1,*
,    Assault,,100,,58.9,,5.9,*,5.7,*,47.2,,36.8,,4.3,*
,        Aggravated,,100,,43.5,,4.5,*,2.7,*,36.3,,49,,7.5,*
,        Simple,,100,,62.9,,6.3,*,6.6,*,50.1,,33.6,,3.5,*
    Non-Hispanic,Crimes of violence,,100,,57.7,,13.1,,5.9,,38.7,,39.3,,3,
,   Rape/Sexual assault/a,,100,,63.3,,23.1,,2.7,*,37.4,,31.1,,5.6,*
,    Robbery,,100,,33.3,,9.3,,4.4,*,19.6,,62.5,,4.2,*
,    Assault,,100,,60.3,,12.9,,6.3,,41.1,,37,,2.7,
,        Aggravated,,100,,48.9,,10.7,,6.5,,31.8,,47.8,,3.2,*
,        Simple,,100,,63.1,,13.5,,6.3,,43.4,,34.3,,2.6,
Note:  Detail may not add to total shown because of rounding.,,,,,,,,,,,,,,,,
*Estimate is based on 10 or fewer sample cases.,,,,,,,,,,,,,,,,
a/Includes verbal threats of rape and threats of sexual assault.,,,,,,,,,,,,,,,,
"b/Includes American Indian, Alaskan Native, Asian Pacific Islander if only one of these races is given.",,,,,,,,,,,,,,,,
"c/Includes all persons of any race, indicating two or more races.",,,,,,,,,,,,,,,,
