Bureau of Justice Statistics,,,,,,,,,,,,,
Filename:  cv0742.csv,,,,,,,,,,,,,
"Table 42. Percent distribution of single-offender victimizations, based on race of victims, by type of crime and perceived race of offender",,,,,,,,,,,,,
"Data source: National Criminal Victimization Survey, 2007  NCJ 227669",,,,,,,,,,,,,
Produced by:  Cathy Maston ,,,,,,,,,,,,,
Authors:  Patsy Klaus and Cathy Maston,,,,,,,,,,,,,
Refer questions to: askbjs@usdoj.gov  202-307-0765,,,,,,,,,,,,,
Data of version:  02/03/10,,,,,,,,,,,,,
,,,,,,,,,,,,,
"Table 42. Personal crimes of violence, 2007: Percent distribution of single-offender victimizations, based on race of victims, by type of crime and perceived race of offender",,,,,,,,,,,,,
,,,,Percent of single-offender victimizations,,,,,,,,,
,,,,,,Perceived race of offender,,,,,,,
Type of crime and race of victim,,Number of single-offender victimizations,,Total,,White,,Black,, Other,,Not known and not available,
Crimes of violence,,,,,,,,,,,,,
,White only,"3,262,660",,100,%,68,%,13.3,%,8,%,10.7,%
,Black only,"562,470",,100,%,9.9,,72.8,,4.2,*,13,
   Completed violence,,,,,,,,,,,,,
,White only,"916,170",,100,%,70.5,,13.4,,7.3,,8.9,
,Black only,"171,460",,100,%,1.5,*,84.6,,6.3,*,7.6,*
   Attempted/threatened violence,,,,,,,,,,,,,
,White only,"2,346,480",,100,%,67.1,,13.2,,8.2,,11.4,
,Black only,"391,010",,100,%,13.7,,67.7,,3.3,*,15.4,
   Rape/Sexual assault/a,,,,,,,,,,,,,
,White only,"185,430",,100,%,75.5,,7.6,*,3.8,*,13.1,*
,Black only,"12,780",*,100,%*,0,*,100,*,0,*,0,*
   Robbery,,,,,,,,,,,,,
,White only,"206,230",,100,%,43.2,,33.6,,11.5,*,11.7,*
,Black only,"72,430",,100,%,0,*,85.5,,0,*,14.5,*
,,,,,,,,,,,,,
       Completed/property taken,,,,,,,,,,,,,
,White only,"143,000",,100,%,43.8,,35.7,,11.3,*,9.2,*
,Black only,"48,800",,100,%,0,*,87.8,,0,*,12.2,*
         With injury,,,,,,,,,,,,,
,White only,"55,120",,100,%,40.3,*,30.5,*,11.6,*,17.5,*
,Black only,"27,010",*,100,%*,0,*,100,*,0,*,0,*
         Without injury,,,,,,,,,,,,,
,White only,"87,880",,100,%,45.9,,38.9,,11.2,*,3.9,*
,Black only,"21,790",*,100,%*,0,*,72.6,*,0,*,27.4,*
,,,,,,,,,,,,,
      Attempted to take property,,,,,,,,,,,,,
,White only,"63,230",,100,%,41.9,*,29,*,11.8,*,17.3,*
,Black only,"23,630",*,100,%*,0,*,80.8,*,0,*,19.2,*
         With injury,,,,,,,,,,,,,
,White only,"16,230",*,100,%*,49.4,*,12.1,*,0,*,38.5,*
,Black only,"6,870",*,100,%*,0,*,33.9,*,0,*,66.1,*
,,,,,,,,,,,,,
         Without injury,,,,,,,,,,,,,
,White only,"47,000",,100,%,39.3,*,34.9,*,15.9,*,10,*
,Black only,"16,760",*,100,%*,0,*,100,*,0,*,0,*
   Assault,,,,,,,,,,,,,
,White only,"2,870,990",,100,%,69.3,,12.2,,8,,10.5,
,Black only,"477,270",,100,%,11.7,,70.2,,5,*,13.1,
,,,,,,,,,,,,,
      Aggravated,,,,,,,,,,,,,
,White only,"486,440",,100,%,74,,9.6,,8.5,,7.8,
,Black only,"117,410",,100,%,4.7,*,67.3,,9.2,*,18.8,*
      Simple,,,,,,,,,,,,,
,White only,"2,384,550",,100,%,68.4,,12.7,,7.9,,11,
,Black only,"359,850",,100,%,14,,71.1,,3.6,*,11.3,
Note: Detail may not add to total shown because of rounding.,,,,,,,,,,,,,
"Excludes data on persons of ""Other"" races and persons indicating two or more races.",,,,,,,,,,,,,
*Estimate is based on 10 or fewer sample cases.,,,,,,,,,,,,,
a/Includes verbal threats of rape and threats of sexual assault.,,,,,,,,,,,,,
