Bureau of Justice Statistics,,,,,,,,,,,
Filename:  cv0728.csv,,,,,,,,,,,
"Table 28. Number of victimizations and victimization rates for persons age 12 and over, by type of crime and victim-offender relationship",,,,,,,,,,,
"Data source: National Criminal Victimization Survey, 2007  NCJ 227669",,,,,,,,,,,
Produced by:  Cathy Maston ,,,,,,,,,,,
Authors:  Patsy Klaus and Cathy Maston,,,,,,,,,,,
Refer questions to: askbjs@usdoj.gov  202-307-0765,,,,,,,,,,,
Data of version:  02/03/10,,,,,,,,,,,
,,,,,,,,,,,
"Table 28. Personal crimes of violence, 2007: Number of victimizations and victimization rates for persons age 12 and over, by type of crime and victim-offender relationship",,,,,,,,,,,
    ,,"Rate per 1,000 persons age 12 and over",,,,,,,,,
,Total ,Total,,Involving strangers,,,,Involving nonstrangers,,,
Type of crime,Population,Number,Rate,Number,,Rate,,Number,,Rate,
Crimes of violence,"250,344,870","5,177,130",20.7,"2,683,560",,10.7,,"2,493,570",,10,
   Completed violence,,"1,578,870",6.3,"797,510",,3.2,,"781,360",,3.1,
   Attempted/threatened violence,,"3,598,260",14.4,"1,886,050",,7.5,,"1,712,210",,6.8,
   Rape/Sexual assault,,"248,280",1,"104,670",,0.4,,"143,610",,0.6,
      Rape/Attempted rape,,"140,620",0.6,"61,710",,0.2,,"78,910",,0.3,
         Rape,,"69,850",0.3,"35,880",,0.1,,"33,970",*,0.1,*
         Attempted rape/a,,"70,770",0.3,"25,820",*,0.1,*,"44,940",,0.2,
      Sexual assault/b,,"107,660",0.4,"42,960",,0.2,,"64,690",,0.3,
   Robbery,,"597,320",2.4,"482,790",,1.9,,"114,530",,0.5,
      Completed/property taken,,"444,010",1.8,"349,460",,1.4,,"94,550",,0.4,
         With injury,,"169,980",0.7,"122,320",,0.5,,"47,660",,0.2,
         Without injury,,"274,020",1.1,"227,140",,0.9,,"46,890",,0.2,
      Attempted to take property,,"153,320",0.6,"133,340",,0.5,,"19,980",*,0.1,*
         With injury,,"43,440",0.2,"31,120",*,0.1,*,"12,320",*,0,*
         Without injury,,"109,870",0.4,"102,210",,0.4,,"7,660",*,0,*
   Assault,,"4,331,530",17.3,"2,096,100",,8.4,,"2,235,430",,8.9,
      Aggravated,,"858,940",3.4,"507,460",,2,,"351,480",,1.4,
         With injury,,"221,340",0.9,"113,440",,0.5,,"107,900",,0.4,
         Threatened with weapon,,"637,590",2.5,"394,010",,1.6,,"243,580",,1,
      Simple,,"3,472,590",13.9,"1,588,640",,6.3,,"1,883,950",,7.5,
         With minor injury,,"757,890",3,"264,760",,1.1,,"493,130",,2,
         Without injury,,"2,714,710",10.8,"1,323,880",,5.3,,"1,390,830",,5.6,
"Note: The 2007 rates are comparable to 2005 and previous years, but not to 2006 because of changes in methodology. See Criminal Victimization, 2006, at <http:www.ojp.usdoj.gov/bjs/abstract/cv06.htm> and Criminal Victimization, 2007 at <http:www.ojp.usdoj.gov/bjs/abstract/cv07.htm>.",,,,,,,,,,,
Detail may not add to total shown because of rounding.,,,,,,,,,,,
*Estimate is based on 10 or fewer sample cases.,,,,,,,,,,,
a/Includes verbal threats of rape.,,,,,,,,,,,
b/Includes threats.,,,,,,,,,,,
