Bureau of Justice Statistics,,,,,,,,,,,,,,,,
Filename:  cv0749.csv,,,,,,,,,,,,,,,,
"Table 49. Percent distribution of multiple-offender victimizations, by type of crime and detailed victim-offender relationship",,,,,,,,,,,,,,,,
"Data source: National Criminal Victimization Survey, 2007  NCJ 227669",,,,,,,,,,,,,,,,
Produced by:  Cathy Maston ,,,,,,,,,,,,,,,,
Authors:  Patsy Klaus and Cathy Maston,,,,,,,,,,,,,,,,
Refer questions to: askbjs@usdoj.gov  202-307-0765,,,,,,,,,,,,,,,,
Data of version:  02/03/10,,,,,,,,,,,,,,,,
,,,,,,,,,,,,,,,,
"Table 49. Personal crimes of violence, 2007: Percent distribution of multiple-offender victimizations, by type of crime and detailed victim-offender relationship",,,,,,,,,,,,,,,,
,,,Percent of multiple-offender victimizations,,,,,,,,,,,,,
,,,,,Some or all related,,,,,,,,,,,
Type of crime,Number of multiple-offender victimizations,,Total,,Total,,Spouses and ex-spouses,,Parents,,Own children,,Brothers and sisters,,Other relatives,
Crimes of violence,"937,210",,100,%,1.2,%*,0.7,%*,0.2,%*,0.3,%*,0,%*,0,%*
   Completed violence,"365,130",,100,%,0,*,0,*,0,*,0,*,0,*,0,*
   Attempted/threatened violence,"572,080",,100,%,1.9,*,1.1,*,0.3,*,0.5,*,0,*,0,*
   Rape/Sexual assault/b,"8,320",*,100,%*,0,*,0,*,0,*,0,*,0,*,0,*
   Robbery,"273,640",,100,%,0,*,0,*,0,*,0,*,0,*,0,*
      Completed/property taken,"213,030",,100,%,0,*,0,*,0,*,0,*,0,*,0,*
      Attempted to take property,"60,610",,100,%,0,*,0,*,0,*,0,*,0,*,0,*
   Assault,"655,250",,100,%,1.7,*,1,*,0.3,*,0.4,*,0,*,0,*
      Aggravated,"183,180",,100,%,0,*,0,*,0,*,0,*,0,*,0,*
      Simple,"472,070",,100,%,2.4,*,1.4,*,0.4,*,0.6,*,0,*,0,*
Type of crime,"Some or all well known, not related/a",,Some or all casual acquaintances,,Don't know,,Stranger,,,,,,,,,
Crimes of violence,8.8,%,13.3,%,9.4,%,67.3,%,,,,,,,,
   Completed violence,4.9,*,14.1,,8.6,*,72.4,,,,,,,,,
   Attempted/threatened violence,11.3,,12.7,,9.9,,64.1,,,,,,,,,
   Rape/Sexual assault/b,33.3,*,0,*,0,*,66.7,*,,,,,,,,
   Robbery,1.4,*,5.3,*,10.1,*,83.3,,,,,,,,,
      Completed/property taken,1.7,*,5.3,*,11.7,*,81.3,,,,,,,,,
      Attempted to take property,0,*,5.4,*,4.3,*,90.3,,,,,,,,,
   Assault,11.6,,16.8,,9.3,,60.7,,,,,,,,,
      Aggravated,9.6,*,9.2,*,4.7,*,76.5,,,,,,,,,
      Simple,12.4,,19.7,,11,,54.5,,,,,,,,,
Note: Detail may not add to total shown because of rounding.,,,,,,,,,,,,,,,,
*Estimate is based on 10 or fewer sample cases.,,,,,,,,,,,,,,,,
a/Includes data on offenders well known to the victim whose relationship to the victim was not ascertained.,,,,,,,,,,,,,,,,
b/Includes verbal threats of rape and threats of sexual assault.,,,,,,,,,,,,,,,,
