Bureau of Justice Statistics,,,,,,,,,,
Filename:  cv0738.csv,,,,,,,,,,
"Table 38. Percent distribution of single-offender victimizations, by type of crime and perceived gender of offender",,,,,,,,,,
"Data source: National Criminal Victimization Survey, 2007  NCJ 227669",,,,,,,,,,
Produced by:  Cathy Maston ,,,,,,,,,,
Authors:  Patsy Klaus and Cathy Maston,,,,,,,,,,
Refer questions to: askbjs@usdoj.gov  202-307-0765,,,,,,,,,,
Data of version:  02/03/10,,,,,,,,,,
,,,,,,,,,,
"Table 38. Personal crimes of violence, 2007: Percent distribution of single-offender victimizations, by type of crime and perceived gender of offender",,,,,,,,,,
,,,Percent of single offender victimizations,,,,,,,
,,,,,Perceived gender of offender,,,,,
Type of crime,Number of single-offender victimizations,,  Total,,  Male,,Female,,Not known and not available,
Crimes of violence,"4,074,630",,100,%,75.6,%,20.1,%,4.2,%
   Completed violence,"1,171,330",,100,,78.5,,19.4,,2.1,*
   Attempted/threatened violence,"2,903,300",,100,,74.5,,20.4,,5.1,
   Rape/Sexual assault/a,"226,590",,100,,94.9,,5.1,*,0,*
   Robbery,"297,500",,100,,86.3,,11.7,,2,*
      Completed/property taken,"208,430",,100,,81.6,,15.5,*,2.9,*
         With injury,"89,950",,100,,75.7,,21.5,*,2.8,*
         Without injury,"118,470",,100,,86,,11.1,*,2.9,*
      Attempted to take property,"89,070",,100,,97.4,,2.6,*,0,*
         With injury,"23,100",*,100,*,89.9,*,10.1,*,0,*
         Without injury,"65,970",,100,,100,,0,*,0,*
   Assault,"3,550,540",,100,,73.5,,21.8,,4.7,
      Aggravated,"643,570",,100,,83.8,,13.3,,2.9,*
      Simple,"2,906,960",,100,,71.3,,23.6,,5.1,
Note: Detail may not add to total shown because of rounding.,,,,,,,,,,
*Estimate is based on 10 or fewer sample cases.,,,,,,,,,,
a/Includes verbal threats of rape and threats of sexual assault.,,,,,,,,,,
