"Bureau of Justice Statistics",,,,,,,,,,,,
"filename:  cv9921.csv",,,,,,,,,,,,
"Table 21: Victimization rates by race of head of household,",,,,,,,,,,,,
"annual family income and type of household burglary",,,,,,,,,,,,
"data source: National Criminal Victimization Survey, 1999   NCJ 184938",,,,,,,,,,,,
"produced by:  Cathy Maston ",,,,,,,,,,,,
"authors:  Patsy Klaus and Cathy Maston",,,,,,,,,,,,
"refer questions to:  askbjs@ojp.usdoj.gov     202-307-0765",,,,,,,,,,,,
"date of version: 11/13/00",,,,,,,,,,,,
,,,,,,,,,,,,
,,,,,,,,,,,,
"Table 21. Household burglary, 1999:",,,,,,,,,,,,
,,,,,,,,,,,,
"Victimization rates by race of head of household,",,,,,,,,,,,,
"annual family income and type of household burglary",,,,,,,,,,,,
"       ",,,,,,,,,,,,
"                                                                                          ",,,,,,,"            Rate per 1,000 households",,,,,
,,,,,,,"    Completed household burglary",,,,,
,,,"Total",,"All household",,"Forcible",,"Unlawful entry",,"Attempted",
"Race and income",,,"households",,"burglaries",,"entry",,"without force",,"forcible entry",
,,,,,,,,,,,,
"White",,,,,,,,,,,,
,"Less than $7,500",,4682100,,67.6,,15.9,,35.7,,16.0,
,"$7,500-$14,999",,8654000,,45.7,,13.8,,24.7,,7.2,
,"$15,000-$24,999",,11874760,,34.4,,11.4,,18.6,,4.5,
,"$25,000-$34,999",,10959080,,35.0,,10.7,,17.6,,6.7,
,"$35,000-$49,999",,13002290,,28.9,,10.0,,16.9,,2.0,"*"
,"$50,000-$74,999",,12512260,,24.2,,6.6,,13.0,,4.6,
,"$75,000 or more",,12081810,,20.9,,4.4,,13.1,,3.5,
,,,,,,,,,,,,
"Black",,,,,,,,,,,,
,"Less than $7,500",,1759560,,62.9,,29.2,,20.6,,13.1,"*"
,"$7,500-$14,999",,1845910,,40.3,,12.1,"*",24.5,,3.6,"*"
,"$15,000-$24,999",,2079560,,67.3,,26.7,,31.7,,8.9,"*"
,"$25,000-$34,999",,1570090,,53.0,,17.4,"*",27.0,,8.7,"*"
,"$35,000-$49,999",,1467650,,48.9,,13.7,"*",15.7,,19.5,"*"
,"$50,000-$74,999",,993460,,31.9,,12.3,"*",11.4,,8.1,"*"
,"$75,000 or more",,575410,,49.3,"*",19.9,"*",25.3,,4.0,"*"
,,,,,,,,,,,,
"Note: Detail may not add to total shown because of rounding.",,,,,,,,,,,,
"Excludes data on families whose income level was not ascertained and data on persons of ""Other"" races.",,,,,,,,,,,,
"* Estimate is based on about 10 or fewer sample cases.",,,,,,,,,,,,
