"Bureau of Justice Statistics",,,,,,,,,,,,,,,,,
"filename:  cv9934.csv",,,,,,,,,,,,,,,,,
"Table 34: Percent distribution of victimizations,",,,,,,,,,,,,,,,,,
"by type of crime and relationship to offender",,,,,,,,,,,,,,,,,
"data source: National Criminal Victimization Survey, 1999   NCJ 184938",,,,,,,,,,,,,,,,,
"produced by:  Cathy Maston ",,,,,,,,,,,,,,,,,
"authors:  Patsy Klaus and Cathy Maston",,,,,,,,,,,,,,,,,
"refer questions to:  askbjs@ojp.usdoj.gov     202-307-0765",,,,,,,,,,,,,,,,,
"date of version: 11/19/01",,,,,,,,,,,,,,,,,
,,,,,,,,,,,,,,,,,
,,,,,,,,,,,,,,,,,
"Table 34. Family violence, 1999:",,,,,,,,,,,,,,,,,
,,,,,,,,,,,,,,,,,
"Percent distribution of victimizations,",,,,,,,,,,,,,,,,,
"by type of crime and relationship to offender",,,,,,,,,,,,,,,,,
,,,,,,,,,,,,,,,,,
,,,,,,,,,"Percent of victimizations",,,,,,,,
,,"Total",,,,"                                                                                Related",,,,,,,,,,,
,,"number of",,"Total",,,,,,"Ex-",,,,"  Own",,"Other",
"Type of crime",,"victimizations",,"crimes",,"Total",," Spouse",,"spouse",,"Parent",,"  child",,"relatives",
,,,,,,,,,,,,,,,,,
,,,,,,,,,,,,,,,,,
"Crimes of violence",,7357060,,100,"%",8.9,"%",2.9,"%",1.3,"%",0.6,"%",0.9,"%",3.1,"%"
,,,,,,,,,,,,,,,,,
"   Completed violence",,2278260,,100,,10.9,,4.5,,1.3,,1.3,,1.3,"*",2.7,
"   Attempted/threatened violence",,5078790,,100,,8.0,,2.3,,1.3,,0.3,"*",0.8,,3.3,
"   Rape/Sexual assault/b",,383170,,100,,10.8,,6.1,"*",1.5,"*",1.3,"*","0.0 ","*",2.0,"*"
"   Robbery",,810220,,100,,5.2,,0.4,"*",2.0,"*",0.7,"*",0.3,"*",1.8,"*"
"      Completed/property taken",,530250,,100,,5.7,,"0.0 ","*",1.5,"*",1.1,"*",0.4,"*",2.7,"*"
"      Attempted to take property",,279970,,100,,4.2,"*",1.2,"*",3.0,"*","0.0 ","*","0.0 ","*","0.0 ","*"
"   Assault",,6163670,,100,,9.3,,3.1,,1.2,,0.6,,1.1,,3.4,
"      Aggravated",,1503280,,100,,7.6,,2.7,,0.4,"*","0.0 ","*",0.6,"*",3.9,
"      Simple",,4660400,,100,,9.8,,3.2,,1.4,,0.8,,1.2,,3.2,
,,,,,,,,,,,,,,,,,
,,"                                                         Percent of victimizations",,,,,,,,,,,,,,,
,,,,"Casual",,"Don't know",,,,"Don't know",,,,,,,
,,"   Well-",,"acquaint-",,"relation-",,,,"number of",,,,,,,
"Type of crime",,"   known/a",,"ances",,"ship",,"Strangers",,"offenders",,,,,,,
,,,,,,,,,,,,,,,,,
,,,,,,,,,,,,,,,,,
"Crimes of violence",,27.3,"%",15.1,"%",2.9,"%",44.4,"%",1.4,"%",,,,,,
,,,,,,,,,,,,,,,,,
"   Completed violence",,34.5,,10.5,,3.4,,38.4,,2.2,,,,,,,
"   Attempted/threatened violence",,24.0,,17.2,,2.7,,47.1,,1.0,,,,,,,
"   Rape/Sexual assault/b",,35.4,,19.9,,2.8,"*",30.4,,0.7,"*",,,,,,
"   Robbery",,17.4,,6.5,,5.0,,63.5,,2.3,"*",,,,,,
"      Completed/property taken",,21.3,,6.8,,3.8,"*",59.9,,2.5,"*",,,,,,
"      Attempted to take property",,10.2,"*",5.9,"*",7.4,"*",70.4,,1.9,"*",,,,,,
"   Assault",,28.0,,16.0,,2.6,,42.7,,1.3,,,,,,,
"      Aggravated",,24.1,,14.3,,3.1,,47.9,,3.1,,,,,,,
"      Simple",,29.3,,16.5,,2.5,,41.1,,0.8,,,,,,,
,,,,,,,,,,,,,,,,,
,,,,,,,,,,,,,,,,,
"Note: Detail may not add to total shown because of rounding.",,,,,,,,,,,,,,,,,
"* Estimate is based on about 10 or fewer sample cases.",,,,,,,,,,,,,,,,,
"a/Includes data on offenders well known to the victim whose relationship",,,,,,,,,,,,,,,,,
"to the victim could not be ascertained.",,,,,,,,,,,,,,,,,
"b/Includes verbal threats of rape and threats of sexual assault.",,,,,,,,,,,,,,,,,
