"Bureau of Justice Statistics",,,,,,,,,,,,,
"filename:  cv9994.csv",,,,,,,,,,,,,
"Table 94: Percent of victimizations reported to the police, by type of crime,",,,,,,,,,,,,,
"victim-offender relationship and race of victims",,,,,,,,,,,,,
"data source: National Criminal Victimization Survey, 1999   NCJ 184938",,,,,,,,,,,,,
"produced by:  Cathy Maston ",,,,,,,,,,,,,
"authors:  Patsy Klaus and Cathy Maston",,,,,,,,,,,,,
"refer questions to:  askbjs@ojp.usdoj.gov     202-307-0765",,,,,,,,,,,,,
"date of version: 11/13/00",,,,,,,,,,,,,
,,,,,,,,,,,,,
,,,,,,,,,,,,,
"Table 94. Violent crimes, 1999:",,,,,,,,,,,,,
,,,,,,,,,,,,,
"Percent of victimizations reported to the police, by type of crime,",,,,,,,,,,,,,
"victim-offender relationship and race of victims",,,,,,,,,,,,,
,,,,,,,,,,,,,
,,"                                              Percent of all victimizations reported to the police",,,,,,,,,,,
,,"             All victimizations",,,,"            Involving strangers",,,,"      Involving nonstrangers",,,
"Type of crime",,"White",,"Black",,"White",,"Black",,"White",,"Black",
,,,,,,,,,,,,,
,,,,,,,,,,,,,
"Crimes of violence",,44.2,"%",43.6,"%",44.9,"%",44.2,"%",43.4,"%",43.0,"%"
,,,,,,,,,,,,,
"   Completed violence",,57.0,,58.9,,62.0,,70.7,,53.3,,47.6,
"   Attempted/threatened violence",,38.6,,35.4,,38.7,,29.6,,38.5,,40.6,
"   Rape/Sexual assault/a",,27.7,,25.7,"*",31.4,,"0.0 ","*",25.3,,29.3,"*"
"   Robbery",,62.5,,58.6,,60.8,,65.4,,66.6,,42.0,"*"
"      Completed/property taken",,68.7,,64.2,,70.7,,72.4,,65.4,,38.4,"*"
"         With injury",,67.8,,89.7,,71.1,,100.0,,64.7,,65.0,"*"
"         Without injury",,69.2,,51.0,,70.6,,59.6,,66.1,,19.7,"*"
"      Attempted to take property",,51.8,,45.6,"*",48.2,,44.6,"*",71.8,"*",47.2,"*"
"         With injury",,64.0,,51.4,"*",59.5,,"0.0 ","*",80.2,"*",100.0,"*"
"         Without injury",,46.5,,43.8,"*",43.9,,55.4,"*",65.4,"*",23.4,"*"
"   Assault",,43.0,,41.4,,42.9,,37.1,,43.2,,44.9,
"      Aggravated",,55.3,,60.0,,54.6,,62.1,,56.0,,57.7,
"         With injury",,72.6,,80.8,,77.4,,91.1,,67.9,,71.2,"*"
"         Threatened with weapon",,47.3,,52.8,,45.3,,53.0,,49.9,,52.6,
"      Simple",,39.4,,31.9,,38.7,,21.4,,40.0,,39.5,
"         With minor injury",,53.2,,53.8,,54.1,,57.3,"*",52.8,,51.9,
"         Without injury",,35.7,,26.1,,35.7,,13.7,"*",35.7,,35.8,
,,,,,,,,,,,,,
,,,,,,,,,,,,,
"Note: Excludes data on persons of ""Other"" races.",,,,,,,,,,,,,
"* Estimate is based on about 10 or fewer sample cases.",,,,,,,,,,,,,
"a/Includes verbal threats of rape and threats of sexual assault.",,,,,,,,,,,,,
