"Bureau of Justice Statistics",,,,,,,,,,,,,,,,,,
"filename:  cv9913.csv",,,,,,,,,,,,,,,,,,
"Table 13: Victimization rates for persons age 12 and over,",,,,,,,,,,,,,,,,,,
"by gender of head of household, relationship",,,,,,,,,,,,,,,,,,
"of victims to head and type of crime",,,,,,,,,,,,,,,,,,
"data source: National Criminal Victimization Survey, 1999   NCJ 184938",,,,,,,,,,,,,,,,,,
"produced by:  Cathy Maston ",,,,,,,,,,,,,,,,,,
"authors:  Patsy Klaus and Cathy Maston",,,,,,,,,,,,,,,,,,
"refer questions to:  askbjs@ojp.usdoj.gov     202-307-0765",,,,,,,,,,,,,,,,,,
"date of version: 11/13/00",,,,,,,,,,,,,,,,,,
,,,,,,,,,,,,,,,,,,
,,,,,,,,,,,,,,,,,,
"Table 13. Personal crimes, 1999:",,,,,,,,,,,,,,,,,,
,,,,,,,,,,,,,,,,,,
"Victimization rates for persons age 12 and over,",,,,,,,,,,,,,,,,,,
"by gender of head of household, relationship",,,,,,,,,,,,,,,,,,
"of victims to head and type of crime",,,,,,,,,,,,,,,,,,
"              ",,,,,,,,,,,,,,,,,,
,,,,,,,,,"Rate per 1,000 persons age 12 and over",,,,,,,,,
,,,,,"Crimes",,,,"Attempted/",,"Rape/",,"Robbery",,,,,
"Gender of head of household and",,,"Total",,"of",,"Completed",,"threatened",,"Sexual",,,,"With",,"Without",
"relationship of victim to head",,,"population",,"violence",,"violence",,"violence",,"assault/a",,"Total",,"injury",,"injury",
,,,,,,,,,,,,,,,,,,
,,,,,,,,,,,,,,,,,,
"Households headed by males",,,,,,,,,,,,,,,,,,
,"All male heads",,63312940,,25.5,,6.5,,19.0,,0.1,"*",3.4,,1.4,,2.0,
,"   Male heads living alone",,13661610,,38.5,,10.0,,28.5,,0.4,"*",6.6,,3.2,,3.4,
,"   Male heads living with others",,49651330,,21.9,,5.5,,16.3,,0.1,"*",2.5,,0.9,,1.7,
,"Wives",,39743910,,11.5,,2.4,,9.1,,0.5,"*",0.5,"*","0.0 ","*",0.5,"*"
,"Own children under age 18",,12706700,,58.2,,14.9,,43.3,,2.3,,5.0,,1.0,"*",4.0,
,"Own children age 18 and over",,9596220,,56.1,,17.8,,38.3,,4.3,,3.2,,0.7,"*",2.5,"*"
,"Other relatives",,4375940,,26.6,,10.3,,16.3,,"0.0 ","*",3.3,"*","0.0 ","*",3.3,"*"
,"Nonrelatives",,6783690,,61.7,,20.7,,41.1,,5.4,,4.0,"*",1.5,"*",2.4,"*"
,,,,,,,,,,,,,,,,,,
"Households headed by females",,,,,,,,,,,,,,,,,,
,"All female heads",,47117530,,28.5,,9.8,,18.7,,2.8,,2.9,,1.1,,1.8,
,"   Female heads living alone",,16944230,,21.5,,8.7,,12.8,,3.5,,2.8,,1.0,"*",1.8,
,"   Female heads living with others",,30173290,,32.4,,10.4,,22.0,,2.4,,3.0,,1.2,,1.8,
,"Husbands",,13620390,,18.1,,4.1,,14.0,,"0.0 ","*",3.4,,0.8,"*",2.5,
,"Own children under age 18",,9214480,,88.4,,33.7,,54.8,,5.8,,9.5,,3.5,,6.0,
,"Own children age 18 and over",,8411510,,58.1,,25.0,,33.1,,3.5,,12.2,,4.6,,7.6,
,"Other relatives",,4435100,,60.5,,17.7,,42.8,,2.1,"*",8.5,,1.1,"*",7.4,
,"Nonrelatives",,5249970,,59.6,,20.7,,38.9,,5.1,"*",4.9,"*",1.9,"*",3.0,"*"
,,,,,,,,,,,,,,,,,,
,,,,,,,,,,,,,,,,,,
,,,"                      Rate per 1,000 persons age 12 and over",,,,,,,,,,,,,,,
,,,"                              Assault",,,,,,"Purse",,,,,,,,,
"Gender of head of household and",,,,,"Aggra-",,,,"snatching/",,,,,,,,,
"relationship of victim to head",,,"Total",,"vated",,"Simple",,"Pocket picking",,,,,,,,,
,,,,,,,,,,,,,,,,,,
"Households headed by males",,,,,,,,,,,,,,,,,,
,"All male heads",,21.9,,5.1,,16.8,,0.7,,,,,,,,,
,"   Male heads living alone",,31.5,,6.5,,25.0,,1.7,"*",,,,,,,,
,"   Male heads living with others",,19.3,,4.8,,14.5,,0.4,"*",,,,,,,,
,"Wives",,10.5,,2.1,,8.4,,0.5,"*",,,,,,,,
,"Own children under age 18",,50.9,,10.3,,40.7,,1.7,"*",,,,,,,,
,"Own children age 18 and over",,48.6,,12.9,,35.7,,0.6,"*",,,,,,,,
,"Other relatives",,23.3,,7.5,,15.8,,0.8,"*",,,,,,,,
,"Nonrelatives",,52.4,,12.5,,39.9,,0.5,"*",,,,,,,,
,,,,,,,,,,,,,,,,,,
"Households headed by females",,,,,,,,,,,,,,,,,,
,"All female heads",,22.8,,4.8,,18.0,,1.1,,,,,,,,,
,"   Female heads living alone",,15.2,,4.1,,11.1,,0.6,"*",,,,,,,,
,"   Female heads living with others",,27.1,,5.2,,21.9,,1.3,,,,,,,,,
,"Husbands",,14.7,,4.4,,10.4,,0.2,"*",,,,,,,,
,"Own children under age 18",,73.0,,17.8,,55.2,,3.0,"*",,,,,,,,
,"Own children age 18 and over",,42.4,,18.7,,23.7,,2.0,"*",,,,,,,,
,"Other relatives",,49.9,,7.4,,42.5,,1.2,"*",,,,,,,,
,"Nonrelatives",,49.5,,15.5,,34.1,,1.6,"*",,,,,,,,
"Note: Detail may not add to total shown because of rounding.",,,,,,,,,,,,,,,,,,
"* Estimate is based on about 10 or fewer sample cases.",,,,,,,,,,,,,,,,,,
"a/Includes verbal threats of rape and threats of sexual assault.",,,,,,,,,,,,,,,,,,
