"Bureau of Justice Statistics",,,,,,
"filename:  cv9901.csv",,,,,,
"Table 1: Number, percent distribution, and rate of victimizations,",,,,,,
"by type of crime",,,,,,
"data source: National Criminal Victimization Survey, 1999   NCJ 184938",,,,,,
"produced by:  Cathy Maston ",,,,,,
"authors:  Patsy Klaus and Cathy Maston",,,,,,
"refer questions to:  askbjs@ojp.usdoj.gov     202-307-0765",,,,,,
"date of version: 11/13/00",,,,,,
,,,,,,
,,,,,,
"Table 1. Personal and property crimes, 1999:",,,,,,
,,,,,,
"Number, percent distribution, and rate of victimizations,",,,,,,
"by type of crime",,,,,,
,,,,,,
"              ",,,,"Percent ",,"Rate per"
" ",,"Number of",,"of all ",,"1,000 persons"
"Type of crime",,"victimizations",,"victimizations",,"or households"
,,,,,,
,,,,,,
"All crimes",,28779800,,100.0,"%","         ..."
"                                                                                      ",,,,,,
"Personal crimes",,7564680,,26.3,"%",33.7
,,,,,,
"Crimes of violence",,7357060,,25.6,,32.8
"   Completed violence",,2278260,,7.9,,10.1
"   Attempted/threatened violence",,5078790,,17.6,,22.6
"   Rape/Sexual assault",,383170,,1.3,,1.7
"      Rape/Attempted rape",,200880,,0.7,,0.9
"         Rape",,141070,,0.5,,0.6
"         Attempted rape/a",,59810,,0.2,,0.3
"      Sexual assault/b",,182290,,0.6,,0.8
"   Robbery",,810220,,2.8,,3.6
"      Completed/property taken",,530250,,1.8,,2.4
"         With injury",,189080,,0.7,,0.8
"         Without injury",,341170,,1.2,,1.5
"      Attempted to take property",,279970,,1.0,,1.2
"         With injury",,78080,,0.3,,0.3
"         Without injury",,201890,,0.7,,0.9
"   Assault",,6163670,,21.4,,27.4
"      Aggravated",,1503280,,5.2,,6.7
"         With injury",,449160,,1.6,,2.0
"         Threatened with weapon",,1054110,,3.7,,4.7
"      Simple",,4660400,,16.2,,20.8
"         With minor injury",,998310,,3.5,,4.4
"         Without injury",,3662090,,12.7,,16.3
"Purse snatching/Pocket picking",,207630,,0.7,,0.9
"   Completed purse snatching",,33930,,0.1,,0.2
"   Attempted purse snatching",,6910,"*","0.0 ","*","0.0 "
"   Pocket picking",,166780,,0.6,,0.7
,,,,,,
"Total population age 12 and over",,224568370,,"...",,"..."
,,,,,,
"Property crimes",,21215110,,73.7,"%",198.0
,,,,,,
"Household burglary",,3651580,,12.7,,34.1
"   Completed",,3064390,,10.6,,28.6
"      Forcible entry",,1174780,,4.1,,11.0
"      Unlawful entry without force",,1889610,,6.6,,17.6
"   Attempted forcible entry",,587190,,2.0,,5.5
"Motor vehicle theft",,1068130,,3.7,,10.0
"   Completed",,807730,,2.8,,7.5
"   Attempted",,260400,,0.9,,2.4
"Theft",,16495400,,57.3,,153.9
"   Completed",,15963770,,55.5,,149.0
"      Less than $50",,5700280,,19.8,,53.2
"      $50 - $249",,5789210,,20.1,,54.0
"      $250 or more",,3394140,,11.8,,31.7
"      Amount not available",,1080140,,3.8,,10.1
"   Attempted",,531640,,1.8,,5.0
,,,,,,
"Total number of households",,107159550,,"           ...",,"           ..."
,,,,,,
"Note: Detail may not add to total shown because of rounding.",,,,,,
"*Estimate is based on about 10 or fewer sample cases.",,,,,,
"Percent distribution is based on unrounded figures.",,,,,,
"... Not applicable.",,,,,,
"a/Includes verbal threats of rape.",,,,,,
"b/Includes threats.",,,,,,
