"Bureau of Justice Statistics",,,,,,,,,,,,
"filename:  cv9907.csv",,,,,,,,,,,,
"Table 7: Number of victimizations and victimization rates for persons age 12 and over,",,,,,,,,,,,,
"by type of crime and ethnicity of victims",,,,,,,,,,,,
"data source: National Criminal Victimization Survey, 1999   NCJ 184938",,,,,,,,,,,,
"produced by:  Cathy Maston ",,,,,,,,,,,,
"authors:  Patsy Klaus and Cathy Maston",,,,,,,,,,,,
"refer questions to:  askbjs@ojp.usdoj.gov     202-307-0765",,,,,,,,,,,,
"date of version: 11/13/00",,,,,,,,,,,,
,,,,,,,,,,,,
,,,,,,,,,,,,
"Table 7. Personal crimes, 1999:",,,,,,,,,,,,
,,,,,,,,,,,,
"Number of victimizations and victimization rates for persons age 12 and over,",,,,,,,,,,,,
"by type of crime and ethnicity of victims",,,,,,,,,,,,
"                                                                                                       ",,,,,,,,,,,,
,,"                                                                Rate per 1,000 persons age 12 and over",,,,,,,,,,
,,,"Total/a",,,,"Hispanic",,,"                 Non-Hispanic",,
"Type of crime",,"Number",,"Rate",,"Number",,"Rate",,"Number",,"Rate"
,,,,,,,,,,,,
,,,,,,,,,,,,
"All personal crimes",,7564680,,33.7,,810370,,35.3,,6624550,,33.3
,,,,,,,,,,,,
"Crimes of violence",,7357060,,32.8,,776540,,33.8,,6450750,,32.4
"   Completed violence",,2278260,,10.1,,278120,,12.1,,1962220,,9.9
"   Attempted/threatened violence",,5078790,,22.6,,498420,,21.7,,4488540,,22.5
"   Rape/Sexual assault",,383170,,1.7,,43200,,1.9,,329820,,1.7
"      Rape/Attempted rape",,200880,,0.9,,10110,"*",0.4,"*",187780,,0.9
"         Rape",,141070,,0.6,,7330,"*",0.3,"*",130760,,0.7
"         Attempted rape/b",,59810,,0.3,,2780,"*",0.1,"*",57030,,0.3
"      Sexual assault/c",,182290,,0.8,,33090,,1.4,,142030,,0.7
"   Robbery",,810220,,3.6,,128880,,5.6,,675830,,3.4
"      Completed/property taken",,530250,,2.4,,86150,,3.8,,444100,,2.2
"         With injury",,189080,,0.8,,12210,"*",0.5,"*",176870,,0.9
"         Without injury",,341170,,1.5,,73940,,3.2,,267230,,1.3
"      Attempted to take property",,279970,,1.2,,42730,,1.9,,231730,,1.2
"         With injury",,78080,,0.3,,16710,"*",0.7,"*",58820,,0.3
"         Without injury",,201890,,0.9,,26020,"*",1.1,"*",172920,,0.9
"   Assault",,6163670,,27.4,,604450,,26.3,,5445110,,27.3
"      Aggravated",,1503280,,6.7,,204510,,8.9,,1280590,,6.4
"         With injury",,449160,,2.0,,51550,,2.2,,388140,,1.9
"         Threatened with weapon",,1054110,,4.7,,152960,,6.7,,892450,,4.5
"      Simple",,4660400,,20.8,,399950,,17.4,,4164510,,20.9
"         With minor injury",,998310,,4.4,,100000,,4.4,,880010,,4.4
"         Without injury",,3662090,,16.3,,299950,,13.1,,3284500,,16.5
"  Purse snatching/Pocket picking",,207630,,0.9,,33830,,1.5,,173800,,0.9
"                                                                                          ",,,,,,,,,,,,
"Population age 12 and over",,224568370,,"...",,22966050,,"...",,199116660,,"..."
,,,,,,,,,,,,
"Note: Detail may not add to total shown because of rounding.",,,,,,,,,,,,
"* Estimate is based on about 10 or fewer sample cases.",,,,,,,,,,,,
"... Not applicable.",,,,,,,,,,,,
"a/Includes data on persons whose ethnicity was not ascertained, which are not shown separately.",,,,,,,,,,,,
"b/Includes verbal threats of rape.",,,,,,,,,,,,
"c/Includes threats.",,,,,,,,,,,,
