"Bureau of Justice Statistics",,,,,,,,,,,
"filename:  cv9919.csv",,,,,,,,,,,
"Table 19: Victimization rates by type of crime",,,,,,,,,,,
"and age of head of household",,,,,,,,,,,
"data source: National Criminal Victimization Survey, 1999   NCJ 184938",,,,,,,,,,,
"produced by:  Cathy Maston ",,,,,,,,,,,
"authors:  Patsy Klaus and Cathy Maston",,,,,,,,,,,
"refer questions to:  askbjs@ojp.usdoj.gov     202-307-0765",,,,,,,,,,,
"date of version: 11/13/00",,,,,,,,,,,
,,,,,,,,,,,
,,,,,,,,,,,
"Table 19. Property crimes, 1999:",,,,,,,,,,,
,,,,,,,,,,,
"Victimization rates by type of crime",,,,,,,,,,,
"and age of head of household",,,,,,,,,,,
"                                                                                                      ",,,,,,,,,,,
,,,,,"   Rate per 1,000 households",,,,,,
"Type of crime",,"12-19",,"20-34",,"35-49",,"50-64",,"     65 and over",
,,,,,,,,,,,
,,,,,,,,,,,
"Property crimes",,470.4,,265.1,,237.3,,168.2,,75.7,
,,,,,,,,,,,
"  Household burglary",,117.7,,48.4,,35.4,,27.8,,18.3,
"    Completed",,94.8,,40.4,,29.8,,22.9,,16.1,
"      Forcible entry",,19.6,"*",16.0,,11.9,,9.4,,4.8,
"      Unlawful entry without force",,75.2,,24.4,,17.9,,13.5,,11.3,
"    Attempted forcible entry",,22.9,"*",8.0,,5.6,,4.9,,2.2,
"  Motor vehicle theft",,20.0,"*",12.7,,12.1,,9.4,,3.5,
"    Completed",,9.6,"*",9.6,,9.6,,6.5,,2.9,
"    Attempted",,10.4,"*",3.2,,2.5,,2.8,,0.6,"*"
"  Theft",,332.7,,203.9,,189.8,,131.1,,53.9,
"    Completed",,330.2,,197.3,,183.8,,126.1,,52.6,
"       Less than $50",,126.1,,63.3,,68.9,,46.2,,20.0,
"       $50 - $249",,119.7,,74.3,,66.7,,44.2,,17.4,
"       $250 or more",,58.4,,49.9,,35.7,,25.9,,9.0,
"       Amount not available",,26.0,"*",9.8,,12.4,,9.8,,6.2,
"     Attempted",,2.5,"*",6.7,,6.0,,5.0,,1.4,
,,,,,,,,,,,
"Total number of households",,985440,,25360580,,35605990,,23317160,,21890380,
,,,,,,,,,,,
"Note: Detail may not add to total shown because of rounding.",,,,,,,,,,,
"* Estimate is based on about 10 or fewer sample cases.",,,,,,,,,,,
