"Bureau of Justice Statistics",,,,,,,,,,,,,,,,,
"filename:  cv9945.csv",,,,,,,,,,,,,,,,,
"Table 45: Percent distribution of multiple-offender victimizations,",,,,,,,,,,,,,,,,,
"by type of crime and perceived age of offenders",,,,,,,,,,,,,,,,,
"data source: National Criminal Victimization Survey, 1999   NCJ 184938",,,,,,,,,,,,,,,,,
"produced by:  Cathy Maston ",,,,,,,,,,,,,,,,,
"authors:  Patsy Klaus and Cathy Maston",,,,,,,,,,,,,,,,,
"refer questions to:  askbjs@ojp.usdoj.gov     202-307-0765",,,,,,,,,,,,,,,,,
"date of version: 11/13/00",,,,,,,,,,,,,,,,,
,,,,,,,,,,,,,,,,,
,,,,,,,,,,,,,,,,,
"Table 45. Personal crimes of violence, 1999:",,,,,,,,,,,,,,,,,
,,,,,,,,,,,,,,,,,
"Percent distribution of multiple-offender victimizations,",,,,,,,,,,,,,,,,,
"by type of crime and perceived age of offenders",,,,,,,,,,,,,,,,,
,,,,,,,,,,,,,,,,,
,,,,"                                                               Percent of all multiple-offender victimizations",,,,,,,,,,,,,
,,"Number of",,,,"                                                         Perceived age of offenders",,,,,,,,,,,
"       ",,"multiple-",,,,,,,,,,,,,,"Not known",
"                                                                                                                                         ",,"offender",,,,"All",,"All",,"All",,"All 30",," Mixed",,"and not",
"Type of crime",,"victimizations",,"Total",,"under 12",,"12-20",,"21-29",,"and over",," ages",,"available",
,,,,,,,,,,,,,,,,,
,,,,,,,,,,,,,,,,,
"Crimes of violence",,1465510,,100,"%",1.0,"%*",40.7,"%",13.5,"%",7.4,"%",29.4,"%",8.1,"%"
,,,,,,,,,,,,,,,,,
"   Completed violence",,503300,,100,,"0.0 ","*",36.3,,16.8,,5.1,"*",32.5,,9.3,
"   Attempted/threatened violence",,962200,,100,,1.6,"*",42.9,,11.7,,8.6,,27.7,,7.5,
"   Rape/Sexual assault/a",,22510,"*",100,"*","0.0 ","*",77.6,"*","0.0 ","*","0.0 ","*",10.1,"*",12.3,"*"
"   Robbery",,325870,,100,,0.8,"*",30.6,,22.5,,4.3,"*",27.3,,14.5,
"      Completed/property taken",,203690,,100,,"0.0 ","*",32.0,,23.8,,4.5,"*",30.7,,9.0,"*"
"         With injury",,85920,,100,,"0.0 ","*",13.3,"*",23.4,"*",5.7,"*",46.1,,11.6,"*"
"         Without injury",,117760,,100,,"0.0 ","*",45.7,,24.0,"*",3.7,"*",19.5,"*",7.2,"*"
"      Attempted to take property",,122170,,100,,2.2,"*",28.1,,20.5,"*",4.0,"*",21.5,"*",23.6,"*"
"         With injury",,42050,,100,,"0.0 ","*",9.6,"*",31.3,"*","0.0 ","*",39.1,"*",20.0,"*"
"         Without injury",,80120,,100,,3.3,"*",37.9,,14.8,"*",6.2,"*",12.3,"*",25.6,"*"
"   Assault",,1117120,,100,,1.1,"*",42.9,,11.1,,8.4,,30.4,,6.2,
"      Aggravated",,389170,,100,,0.6,"*",39.8,,14.5,,3.1,"*",36.9,,5.1,"*"
"      Simple",,727950,,100,,1.4,"*",44.5,,9.3,,11.3,,26.8,,6.7,
,,,,,,,,,,,,,,,,,
"Note: Detail may not add to total shown because of rounding.",,,,,,,,,,,,,,,,,
"* Estimate is based on about 10 or fewer sample cases.",,,,,,,,,,,,,,,,,
"a/Includes verbal threats of rape and threats of sexual assault.",,,,,,,,,,,,,,,,,
