"Bureau of Justice Statistics",,,,,,,,,,,,,,,
"filename:  cv9925.csv",,,,,,,,,,,,,,,
"Table 25: Victimization rates by type of crime and number of units",,,,,,,,,,,,,,,
"in structure occupied by household",,,,,,,,,,,,,,,
"data source: National Criminal Victimization Survey, 1999   NCJ 184938",,,,,,,,,,,,,,,
"produced by:  Cathy Maston ",,,,,,,,,,,,,,,
"authors:  Patsy Klaus and Cathy Maston",,,,,,,,,,,,,,,
"refer questions to:  askbjs@ojp.usdoj.gov     202-307-0765",,,,,,,,,,,,,,,
"date of version: 11/13/00",,,,,,,,,,,,,,,
,,,,,,,,,,,,,,,
,,,,,,,,,,,,,,,
"Table 25. Property crimes, 1999:",,,,,,,,,,,,,,,
,,,,,,,,,,,,,,,
"Victimization rates by type of crime and number of units",,,,,,,,,,,,,,,
"in structure occupied by household",,,,,,,,,,,,,,,
,,,,,,,,,,,,,,,
"                                                                                                      ",,,,,,,"Rate per 1,000 households",,,,,,,,
,,,,,,,,,,,,,,"     Other than",
"Type of crime",,"One/a",,"Two",,"Three",,"Four",,"     Five-nine",,"    Ten or more",,"     housing unit",
,,,,,,,,,,,,,,,
,,,,,,,,,,,,,,,
"Property crimes",,183.7,,241.8,,259.6,,233.8,,241.3,,218.5,,338.5,
"                                                                                           ",,,,,,,,,,,,,,,
"  Household burglary",,30.6,,57.0,,68.1,,41.3,,35.7,,33.7,,111.6,
"    Completed",,26.1,,46.0,,54.7,,36.6,,29.6,,26.1,,107.3,
"      Forcible entry",,10.0,,22.9,,22.3,,15.7,,11.8,,7.9,,9.1,"*"
"      Unlawful entry without force",,16.1,,23.1,,32.4,,20.9,,17.8,,18.3,,98.2,
"    Attempted forcible entry",,4.4,,10.9,,13.4,"*",4.7,"*",6.1,,7.5,,4.2,"*"
"  Motor vehicle theft",,8.7,,9.0,,17.1,,12.1,,15.0,,13.2,,15.5,"*"
"    Completed",,6.8,,6.8,,17.1,,10.9,,9.8,,8.9,,"0.0 ","*"
"    Attempted",,1.9,,2.3,"*","0.0 ","*",1.2,"*",5.2,"*",4.3,,15.5,"*"
"  Theft",,144.4,,175.7,,174.3,,180.4,,190.7,,171.6,,211.4,
"    Completed",,140.1,,171.4,,167.5,,176.7,,182.7,,164.2,,206.7,
"       Less than $50",,51.1,,65.8,,60.7,,56.9,,63.8,,51.7,,90.1,
"       $50 - $249",,50.6,,55.9,,44.0,,65.2,,66.9,,64.6,,86.5,
"       $250 or more",,29.4,,36.1,,46.0,,39.0,,36.7,,37.3,,25.8,"*"
"       Amount not available",,8.9,,13.5,,16.8,,15.7,,15.4,,10.6,,4.3,"*"
"     Attempted",,4.4,,4.4,"*",6.9,"*",3.7,"*",8.0,,7.4,,4.7,"*"
,,,,,,,,,,,,,,,
"Total number of households",,76052770,,5733530,,1733870,,3434470,,5583970,,13447990,,514950,
,,,,,,,,,,,,,,,
"Note: Detail may not add to total shown because of rounding.",,,,,,,,,,,,,,,
"Excludes data on households for which the number of units in the structure was not ascertained.",,,,,,,,,,,,,,,
"* Estimate is based on about 10 or fewer sample cases.",,,,,,,,,,,,,,,
"a/Includes data on mobile homes, not shown separately.",,,,,,,,,,,,,,,
