"Bureau of Justice Statistics",,,,,,,,,,,,,,,
"filename:  cv9989.csv",,,,,,,,,,,,,,,
"Table 89: Percent distribution of victimizations resulting in loss of time from work,",,,,,,,,,,,,,,,
"by type of crime and number of days lost",,,,,,,,,,,,,,,
"data source: National Criminal Victimization Survey, 1999   NCJ 184938",,,,,,,,,,,,,,,
"produced by:  Cathy Maston ",,,,,,,,,,,,,,,
"authors:  Patsy Klaus and Cathy Maston",,,,,,,,,,,,,,,
"refer questions to:  askbjs@ojp.usdoj.gov     202-307-0765",,,,,,,,,,,,,,,
"date of version: 11/13/00",,,,,,,,,,,,,,,
,,,,,,,,,,,,,,,
,,,,,,,,,,,,,,,
"Table 89. Selected personal and property crimes, 1999:",,,,,,,,,,,,,,,
,,,,,,,,,,,,,,,
"Percent distribution of victimizations resulting in loss of time from work,",,,,,,,,,,,,,,,
"by type of crime and number of days lost",,,,,,,,,,,,,,,
,,,,,,,,,,,,,,,
,,,,"                                                                        Percent of victimizations",,,,,,,,,,,
,,,,,,,,,,,,,,"Not known",
,,"Number of",,,,"Less than",,"1-5",,"6-10",,"11 days",,"and not",
"Type of crime         ",,"victimizations",,"Total",,"1 day",,"days",,"days",,"or more",,"available",
,,,,,,,,,,,,,,,
,,,,,,,,,,,,,,,
"All personal crimes/a",,530830,,100,"%",20.6,"%",55.4,"%",7.8,"%",9.0,"%",7.1,"%"
,,,,,,,,,,,,,,,
"Crimes of violence",,520620,,100,,20.0,,55.6,,8.0,,9.2,,7.2,
"  Completed violence",,346980,,100,,14.4,,54.0,,11.3,,11.7,,8.6,
"  Attempted/threatened violence",,173640,,100,,31.1,,58.7,,1.4,"*",4.3,"*",4.5,"*"
"  Rape/Sexual assault/b",,44510,,100,,13.0,"*",32.3,"*",21.5,"*",22.7,"*",10.5,"*"
"  Robbery",,68300,,100,,26.4,"*",60.4,,5.1,"*",8.1,"*","0.0 ","*"
"  Assault",,407810,,100,,19.7,,57.3,,7.0,"*",7.9,,8.1,
,,,,,,,,,,,,,,,
"All property crimes",,1075740,,100,"%",46.2,"%",45.1,"%",2.4,"%",2.2,"%",4.1,"%"
,,,,,,,,,,,,,,,
"  Completed",,1024540,,100,,47.1,,44.2,,2.5,"*",2.3,"*",3.9,
"  Attempted",,51200,,100,,29.7,"*",62.8,,"0.0 ","*","0.0 ","*",7.5,"*"
"  Household burglary",,213860,,100,,37.0,,51.2,,2.7,"*",3.7,"*",5.4,"*"
"  Motor vehicle theft",,192700,,100,,14.7,"*",75.1,,3.6,"*",1.2,"*",5.5,"*"
"  Theft",,669180,,100,,58.3,,34.5,,1.9,"*",2.0,"*",3.2,"*"
,,,,,,,,,,,,,,,
,,,,,,,,,,,,,,,
"Note: Detail may not add to total shown because of rounding.",,,,,,,,,,,,,,,
"* Estimate is based on about 10 or fewer sample cases.",,,,,,,,,,,,,,,
"a/Includes data on purse snatching/pocket picking, not shown separately.",,,,,,,,,,,,,,,
"b/Includes verbal threats of rape and threats of sexual assault.",,,,,,,,,,,,,,,
