"Bureau of Justice Statistics",,,,,,,,,,,,,
"filename:  cv9902.csv",,,,,,,,,,,,,
"Table 2: Number of victimizations and victimization rates for persons age 12 and over,",,,,,,,,,,,,,
"by type of crime and gender of victims",,,,,,,,,,,,,
"data source: National Criminal Victimization Survey, 1999   NCJ 184938",,,,,,,,,,,,,
"produced by:  Cathy Maston ",,,,,,,,,,,,,
"authors:  Patsy Klaus and Cathy Maston",,,,,,,,,,,,,
"refer questions to:  askbjs@ojp.usdoj.gov     202-307-0765",,,,,,,,,,,,,
"date of version: 11/13/00",,,,,,,,,,,,,
,,,,,,,,,,,,,
,,,,,,,,,,,,,
"Table 2. Personal crimes, 1999:",,,,,,,,,,,,,
,,,,,,,,,,,,,
"Number of victimizations and victimization rates for persons age 12 and over,",,,,,,,,,,,,,
"by type of crime and gender of victims",,,,,,,,,,,,,
"              ",,,,,,,,,,,,,
,,"                                                               Rate per 1,000 persons age 12 and over",,,,,,,,,,,
,,"                       Both gender",,,,"                           Male",,,,"                       Female",,,
"Type of crime         ",,"Number",,"Rate",,"Number",,"Rate",,"Number",,"Rate",
,,,,,,,,,,,,,
,,,,,,,,,,,,,
"All personal crimes",,7564680,,33.7,,4117520,,37.9,,3447160,,29.7,
,,,,,,,,,,,,,
"Crimes of violence",,7357060,,32.8,,4016580,,37.0,,3340480,,28.8,
"   Completed violence",,2278260,,10.1,,1142550,,10.5,,1135720,,9.8,
"   Attempted/threatened violence",,5078790,,22.6,,2874030,,26.5,,2204760,,19.0,
"   Rape/Sexual assault",,383170,,1.7,,39340,,0.4,,343830,,3.0,
"      Rape/Attempted rape",,200880,,0.9,,25490,"*",0.2,"*",175390,,1.5,
"         Rape",,141070,,0.6,,16340,"*",0.2,"*",124730,,1.1,
"         Attempted rape/a",,59810,,0.3,,9150,"*",0.1,"*",50660,,0.4,
"      Sexual assault/b",,182290,,0.8,,13850,"*",0.1,"*",168440,,1.5,
"   Robbery",,810220,,3.6,,546880,,5.0,,263330,,2.3,
"      Completed/property taken",,530250,,2.4,,352390,,3.2,,177860,,1.5,
"         With injury",,189080,,0.8,,110910,,1.0,,78170,,0.7,
"         Without injury",,341170,,1.5,,241490,,2.2,,99680,,0.9,
"      Attempted to take property",,279970,,1.2,,194490,,1.8,,85480,,0.7,
"         With injury",,78080,,0.3,,53080,,0.5,,25000,"*",0.2,"*"
"         Without injury",,201890,,0.9,,141410,,1.3,,60470,,0.5,
"   Assault",,6163670,,27.4,,3430360,,31.6,,2733320,,23.6,
"      Aggravated",,1503280,,6.7,,944720,,8.7,,558550,,4.8,
"         With injury",,449160,,2.0,,295390,,2.7,,153770,,1.3,
"         Threatened with weapon",,1054110,,4.7,,649330,,6.0,,404780,,3.5,
"      Simple",,4660400,,20.8,,2485630,,22.9,,2174760,,18.8,
"         With minor injury",,998310,,4.4,,464580,,4.3,,533730,,4.6,
"         Without injury",,3662090,,16.3,,2021060,,18.6,,1641030,,14.2,
"Purse snatching/Pocket picking",,207630,,0.9,,100940,,0.9,,106680,,0.9,
,,,,,,,,,,,,,
"Population age 12 and over",,224568370,,"...",,108652550,,"...",,115915820,,"...",
,,,,,,,,,,,,,
"Note: Detail may not add to total shown because of rounding.",,,,,,,,,,,,,
"* Estimate is based on about 10 or fewer sample cases.",,,,,,,,,,,,,
"... Not applicable",,,,,,,,,,,,,
"a/Includes verbal threats of rape.",,,,,,,,,,,,,
"b/Includes threats.",,,,,,,,,,,,,
