"Bureau of Justice Statistics",,,,,,,,,,,
"filename:  cv9996.csv",,,,,,,,,,,
"Table 96: Percent of victimizations reported to the police,",,,,,,,,,,,
"by type of crime and age of victims",,,,,,,,,,,
"data source: National Criminal Victimization Survey, 1999   NCJ 184938",,,,,,,,,,,
"produced by:  Cathy Maston ",,,,,,,,,,,
"authors:  Patsy Klaus and Cathy Maston",,,,,,,,,,,
"refer questions to:  askbjs@ojp.usdoj.gov     202-307-0765",,,,,,,,,,,
"date of version: 11/13/00",,,,,,,,,,,
,,,,,,,,,,,
,,,,,,,,,,,
"Table 96. Personal crimes, 1999:",,,,,,,,,,,
,,,,,,,,,,,
"Percent of victimizations reported to the police,",,,,,,,,,,,
"by type of crime and age of victims",,,,,,,,,,,
"       ",,,,,,,,,,,
,,"                                 Percent of victimizations reported to the police",,,,,,,,,
,,,,,,,,,,"65 and",
"Type of crime",,"12-19",,"20-34",,"35-49",,"50-64",,"over",
,,,,,,,,,,,
,,,,,,,,,,,
"All personal crimes",,30.2,"%",49.4,"%",49.3,"%",53.9,"%",51.8,"%"
,,,,,,,,,,,
"Crimes of violence",,30.8,,49.6,,49.5,,54.4,,57.6,
"   Completed violence",,42.8,,66.2,,63.6,,75.2,,52.7,"*"
"   Attempted/threatened violence",,24.6,,42.0,,43.8,,48.3,,59.2,
"   Rape/Sexual assault/a",,24.9,,28.5,,35.6,"*",55.3,"*","0.0 ","*"
"   Robbery",,42.7,,71.6,,65.6,,64.2,,75.7,"*"
"      Completed/property taken",,46.7,,70.6,,76.1,,72.8,,81.0,"*"
"         With injury",,58.1,"*",78.6,,72.3,,72.0,"*",100.0,"*"
"         Without injury",,41.3,,67.5,,79.8,,73.6,"*",66.2,"*"
"      Attempted to take property",,37.9,,75.4,,48.9,,48.8,"*",71.3,"*"
"         With injury",,51.1,"*",100.0,"*",40.8,"*","0.0 ","*",100.0,"*"
"         Without injury",,31.1,"*",65.4,,51.3,"*",54.1,"*",56.0,"*"
"   Assault",,29.9,,48.1,,47.9,,52.9,,54.6,
"      Aggravated",,50.4,,58.0,,59.1,,52.2,,48.5,"*"
"         With injury",,66.5,,84.7,,66.6,,49.7,"*",59.8,"*"
"         Threatened with weapon",,42.5,,47.8,,55.0,,52.5,,46.5,"*"
"      Simple",,23.6,,44.2,,44.8,,53.0,,58.0,
"         With minor injury",,39.1,,64.3,,59.9,,81.6,,33.3,"*"
"         Without injury",,18.3,,38.8,,41.2,,47.5,,63.6,
"Purse snatching/Pocket picking",,8.2,"*",37.5,"*",40.1,"*",39.9,"*",17.9,"*"
,,,,,,,,,,,
,,,,,,,,,,,
"* Estimate is based on about 10 or fewer sample cases.",,,,,,,,,,,
"a/Includes verbal threats of rape and threats of sexual assault.",,,,,,,,,,,
