"Bureau of Justice Statistics",,,,,,,,,,,,,,,,,,
"filename:  cv9960.csv",,,,,,,,,,,,,,,,,,
"Table 60: Percent distribution of incidents, by type of crime,",,,,,,,,,,,,,,,,,,
"type of offender and time of occurrence",,,,,,,,,,,,,,,,,,
"data source: National Criminal Victimization Survey, 1999   NCJ 184938",,,,,,,,,,,,,,,,,,
"produced by:  Cathy Maston ",,,,,,,,,,,,,,,,,,
"authors:  Patsy Klaus and Cathy Maston",,,,,,,,,,,,,,,,,,
"refer questions to:  askbjs@ojp.usdoj.gov     202-307-0765",,,,,,,,,,,,,,,,,,
"date of version: 11/19/01",,,,,,,,,,,,,,,,,,
,,,,,,,,,,,,,,,,,,
,,,,,,,,,,,,,,,,,,
"Table 60. Personal robbery and assault",,,,,,,,,,,,,,,,,,
"by armed or unarmed offenders, 1999:",,,,,,,,,,,,,,,,,,
,,,,,,,,,,,,,,,,,,
"Percent distribution of incidents, by type of crime,",,,,,,,,,,,,,,,,,,
"type of offender and time of occurrence",,,,,,,,,,,,,,,,,,
,,,,,,,,,,,,,,,,,,
,,,,,"                                                                                                      Percent of incidents",,,,,,,,,,,,,
,,,,,,,"Daytime",,"                                                    Nighttime",,,,,,,,"Not known",
"Type of crime",,,"  Number of",,,,"6 a.m. -",,,,"6 p.m.-",,"Midnight -",,"  Not",,"and not",
"and offender",,,"  incidents",,"Total",,"6 p.m.",,"  Total",,"midnight",,"6 a.m.",,"  known",,"available",
,,,,,,,,,,,,,,,,,,
,,,,,,,,,,,,,,,,,,
"Robbery",,,,,,,,,,,,,,,,,,
,"By armed offenders",,333320,,100,"%",29.0,"ERR",70.4,"ERR",48.4,"ERR",21.0,"ERR",0.9,"%*",0.7,"%*"
,"By unarmed offenders",,311820,,100,"%",60.1,,39.9,,29.6,,9.0,"*",1.3,"*","0.0","*"
,,,,,,,,,,,,,,,,,,
"Assault",,,,,,,,,,,,,,,,,,
,"By armed offenders",,1231850,,100,"%",46.6,,52.4,,38.8,,12.0,,1.6,"*",1.0,"*"
,"By unarmed offenders",,3922580,,100,"%",60.4,,38.9,,30.2,,8.2,,0.5,"*",0.7,"*"
,,,,,,,,,,,,,,,,,,
,,,,,,,,,,,,,,,,,,
"Note: Detail may not add to total shown because of rounding.",,,,,,,,,,,,,,,,,,
"Excludes data in which the presence of a weapon was not ascertained.",,,,,,,,,,,,,,,,,,
"* Estimate is based on about 10 or fewer sample cases.",,,,,,,,,,,,,,,,,,
