"Bureau of Justice Statistics",,,,,,,,,,,,,,,
"filename:  cv9933.csv",,,,,,,,,,,,,,,
"Table 33: Number of victimizations, by type of crime",,,,,,,,,,,,,,,
"and relationship to offender",,,,,,,,,,,,,,,
"data source: National Criminal Victimization Survey, 1999   NCJ 184938",,,,,,,,,,,,,,,
"produced by:  Cathy Maston ",,,,,,,,,,,,,,,
"authors:  Patsy Klaus and Cathy Maston",,,,,,,,,,,,,,,
"refer questions to:  askbjs@ojp.usdoj.gov     202-307-0765",,,,,,,,,,,,,,,
"date of version: 11/13/00",,,,,,,,,,,,,,,
,,,,,,,,,,,,,,,
,,,,,,,,,,,,,,,
"Table 33. Family violence, 1999:",,,,,,,,,,,,,,,
,,,,,,,,,,,,,,,
"Number of victimizations, by type of crime",,,,,,,,,,,,,,,
"and relationship to offender",,,,,,,,,,,,,,,
,,,,,,,,,,,,,,,
,,,,,,,"          Number of victimizations",,,,,,,,
,,"Total",,,,,,"                   Related",,,,,,,
,,"number of",,,,,,"Ex-",,,,"  Own",,"Other",
"Type of crime",,"victimizations",,"     Total",," Spouse",,"spouse",,"Parent",,"  child",,"relatives",
,,,,,,,,,,,,,,,
,,,,,,,,,,,,,,,
"Crimes of violence",,7357060,,655610,,216930,,93620,,46430,,68150,,230480,
,,,,,,,,,,,,,,,
"   Completed violence",,2278260,,249280,,101520,,29410,,29370,,28510,"*",60460,
"   Attempted/threatened violence",,5078790,,406340,,115410,,64210,,17060,"*",39630,,170020,
"   Rape/Sexual assault/b",,383170,,41370,,23300,"*",5580,"*",4970,"*","0 ","*",7530,"*"
"   Robbery",,810220,,41990,,3340,"*",16110,"*",5650,"*",2320,"*",14580,"*"
"      Completed/property taken",,530250,,30270,,"0 ","*",7720,"*",5650,"*",2320,"*",14580,"*"
"      Attempted to take property",,279970,,11730,"*",3340,"*",8390,"*","0 ","*","0 ","*","0 ","*"
"   Assault",,6163670,,572250,,190300,,71930,,35810,,65830,,208380,
"      Aggravated",,1503280,,114520,,40860,,5580,"*","0 ","*",9650,"*",58430,
"      Simple",,4660400,,457730,,149440,,66350,,35810,,56180,,149950,
,,,,,,,,,,,,,,,
,,,,,,,,,,,,,,,
,,,,,,,,,,,,,,,
,,,,,,,,,,,,,,,
,,"                                                         Number of victimizations",,,,,,,,,,,,,
,,,,"Casual",,,,,,"Don't know",,,,,
,,"   Well-",,"acquaint-",,"Don't know",,,,"number of",,,,,
"Type of crime",,"   known/a",,"ances",,"relationship",,"  Strangers",,"offenders",,,,,
,,,,,,,,,,,,,,,
,,,,,,,,,,,,,,,
"Crimes of violence",,2005390,,1114180,,213630,,3265190,,103050,,,,,
,,,,,,,,,,,,,,,
"   Completed violence",,786410,,238400,,77800,,875330,,51040,,,,,
"   Attempted/threatened violence",,1218980,,875780,,135830,,2389850,,52010,,,,,
"   Rape/Sexual assault/b",,135660,,76250,,10670,"*",116460,,2750,"*",,,,
"   Robbery",,141200,,52710,,40830,,514570,,18910,"*",,,,
"      Completed/property taken",,112710,,36140,,20060,"*",317590,,13490,"*",,,,
"      Attempted to take property",,28500,"*",16570,"*",20770,"*",196990,,5420,"*",,,,
"   Assault",,1728530,,985220,,162130,,2634150,,81390,,,,,
"      Aggravated",,361710,,215050,,46160,,719640,,46190,,,,,
"      Simple",,1366820,,770180,,115970,,1914500,,35200,,,,,
,,,,,,,,,,,,,,,
"Note: Detail may not add to total shown because of rounding.",,,,,,,,,,,,,,,
"* Estimate is based on about 10 or fewer sample cases.",,,,,,,,,,,,,,,
"a/Includes data on offenders well known to the victims whose relationship to the victim could not be ascertained.",,,,,,,,,,,,,,,
"b/Includes verbal threats of rape and threats of sexual assault.",,,,,,,,,,,,,,,
