"Bureau of Justice Statistics",,,,,,,,,
"filename:  cv9911.csv",,,,,,,,,
"Table 11: Victimization rates for persons age 12 and over,",,,,,,,,,
"by type of crime and marital status of victims",,,,,,,,,
"data source: National Criminal Victimization Survey, 1999   NCJ 184938",,,,,,,,,
"produced by:  Cathy Maston ",,,,,,,,,
"authors:  Patsy Klaus and Cathy Maston",,,,,,,,,
"refer questions to:  askbjs@ojp.usdoj.gov     202-307-0765",,,,,,,,,
"date of version: 11/13/00",,,,,,,,,
,,,,,,,,,
,,,,,,,,,
"Table 11. Personal crimes, 1999:",,,,,,,,,
,,,,,,,,,
"Victimization rates for persons age 12 and over,",,,,,,,,,
"by type of crime and marital status of victims",,,,,,,,,
"                                                                                                       ",,,,,,,,,
,,,,"Rate per 1,000 persons age 12 and over",,,,,
"                                                                                                       ",,"        Never ",,,,,,"     Divorced or",
"Type of crime",,"        married",,"           Married",,"         Widowed",,"     separated",
,,,,,,,,,
,,,,,,,,,
"All personal crimes",,62.2,,14.8,,7.0,,54.9,
,,,,,,,,,
"Crimes of violence",,60.6,,14.4,,6.0,,53.6,
"   Completed violence",,21.0,,2.9,,2.5,,17.4,
"   Attempted/threatened violence",,39.6,,11.5,,3.5,,36.2,
"   Rape/Sexual assault",,3.9,,0.3,,"0.0 ","*",2.9,
"      Rape/Attempted rape",,1.8,,0.2,"*","0.0 ","*",2.1,
"         Rape",,1.2,,0.1,"*","0.0 ","*",1.8,
"         Attempted rape/a",,0.6,,0.1,"*","0.0 ","*",0.3,"*"
"      Sexual assault/b",,2.1,,0.1,"*","0.0 ","*",0.8,"*"
"   Robbery",,7.2,,1.1,,1.9,"*",5.8,
"      Completed/property taken",,4.8,,0.8,,1.0,"*",3.6,
"         With injury",,1.4,,0.3,,0.5,"*",2.0,
"         Without injury",,3.3,,0.5,,0.5,"*",1.6,
"      Attempted to take property",,2.5,,0.4,,0.8,"*",2.2,
"         With injury",,0.9,,0.1,"*",0.1,"*",0.2,"*"
"         Without injury",,1.6,,0.3,,0.7,"*",2.0,
"   Assault",,49.5,,12.9,,4.1,,45.0,
"      Aggravated",,12.6,,2.7,,1.3,"*",11.6,
"         With injury",,4.1,,0.5,,0.9,"*",3.9,
"         Threatened with weapon",,8.5,,2.2,,0.4,"*",7.7,
"      Simple",,36.9,,10.3,,2.8,,33.3,
"         With minor injury",,9.1,,1.4,,0.5,"*",7.4,
"         Without injury",,27.8,,8.9,,2.2,,25.9,
"  Purse snatching/Pocket picking",,1.6,,0.4,,1.0,"*",1.2,
"                                                                                          ",,,,,,,,,
"Population age 12 and over",,70572780,,114642670,,13667350,,24253880,
,,,,,,,,,
"Note: Detail may not add to total shown because of rounding.",,,,,,,,,
"Excludes data on persons whose marital status was not ascertained.",,,,,,,,,
"* Estimate is based on about 10 or fewer sample cases.",,,,,,,,,
"a/Includes verbal threats of rape.",,,,,,,,,
"b/Includes threats.",,,,,,,,,
