"Bureau of Justice Statistics",,,,,,,,,,,
"filename:  cv9938.csv",,,,,,,,,,,
"Table 38: Percent distribution of single-offender victimizations,",,,,,,,,,,,
"by type of crime and perceived gender of offender",,,,,,,,,,,
"data source: National Criminal Victimization Survey, 1999   NCJ 184938",,,,,,,,,,,
"produced by:  Cathy Maston ",,,,,,,,,,,
"authors:  Patsy Klaus and Cathy Maston",,,,,,,,,,,
"refer questions to:  askbjs@ojp.usdoj.gov     202-307-0765",,,,,,,,,,,
"date of version: 11/13/00",,,,,,,,,,,
,,,,,,,,,,,
,,,,,,,,,,,
"Table 38. Personal crimes of violence, 1999:",,,,,,,,,,,
,,,,,,,,,,,
"Percent distribution of single-offender victimizations,",,,,,,,,,,,
"by type of crime and perceived gender of offender",,,,,,,,,,,
,,,,,,,,,,,
,,,,"                  Percent of single offender victimizations",,,,,,,
,,,,,,"     Perceived gender of offender",,,,,
,,"Number of",,,,,,,,"Not known",
,,"single-offender",,,,,,,,"and not",
"Type of crime",,"victimizations",,"  Total",,"  Male",,"Female",,"available",
,,,,,,,,,,,
,,,,,,,,,,,
"Crimes of violence",,5788490,,100,"%",80.1,"%",19.1,"%",0.8,"%"
,,,,,,,,,,,
"   Completed violence",,1723910,,100,,81.2,,17.9,,0.8,"*"
"   Attempted/threatened violence",,4064570,,100,,79.7,,19.5,,0.8,
"   Rape/Sexual assault/a",,357900,,100,,94.6,,5.4,"*","0.0 ","*"
"   Robbery",,465430,,100,,86.4,,12.0,,1.6,"*"
"      Completed/property taken",,313050,,100,,86.7,,10.9,,2.4,"*"
"         With injury",,97010,,100,,85.9,,10.6,"*",3.5,"*"
"         Without injury",,216040,,100,,87.1,,11.0,"*",1.9,"*"
"      Attempted to take property",,152370,,100,,85.7,,14.3,"*","0.0 ","*"
"         With injury",,36020,,100,,79.2,"*",20.8,"*","0.0 ","*"
"         Without injury",,116340,,100,,87.7,,12.3,"*","0.0 ","*"
"   Assault",,4965150,,100,,78.5,,20.7,,0.8,
"      Aggravated",,1067910,,100,,80.5,,18.5,,1.0,"*"
"      Simple",,3897240,,100,,77.9,,21.3,,0.7,"*"
,,,,,,,,,,,
"Note: Detail may not add to total shown because of rounding.",,,,,,,,,,,
"* Estimate is based on about 10 or fewer sample cases.",,,,,,,,,,,
"a/Includes verbal threats of rape and threats of sexual assault.",,,,,,,,,,,
