"Bureau of Justice Statistics",,,,,,,,,
"filename:  cv9924.csv",,,,,,,,,
"Table 24: Victimization rates by type of crime",,,,,,,,,
"and number of persons in household",,,,,,,,,
"data source: National Criminal Victimization Survey, 1999   NCJ 184938",,,,,,,,,
"produced by:  Cathy Maston ",,,,,,,,,
"authors:  Patsy Klaus and Cathy Maston",,,,,,,,,
"refer questions to:  askbjs@ojp.usdoj.gov     202-307-0765",,,,,,,,,
"date of version: 11/13/00",,,,,,,,,
,,,,,,,,,
,,,,,,,,,
"Table 24. Property crimes, 1999:",,,,,,,,,
,,,,,,,,,
"Victimization rates by type of crime",,,,,,,,,
"and number of persons in household",,,,,,,,,
,,,,,,,,,
"                                                                  ",,,,"         Rate per 1,000 households",,,,,
"Type of crime",,"One",,"Two-three",,"Four-five",,"Six or more",
,,,,,,,,,
,,,,,,,,,
"Property crimes",,119.0,,192.6,,282.0,,430.9,
"                                                                                           ",,,,,,,,,
"  Household burglary",,28.4,,34.7,,38.6,,44.1,
"    Completed",,23.4,,28.6,,34.3,,36.8,
"      Forcible entry",,9.8,,11.1,,11.6,,14.5,
"      Unlawful entry without force",,13.6,,17.5,,22.7,,22.4,
"    Attempted forcible entry",,5.1,,6.0,,4.3,,7.3,"*"
"  Motor vehicle theft",,6.7,,10.1,,12.1,,22.7,
"    Completed",,4.4,,7.8,,9.2,,19.3,
"    Attempted",,2.3,,2.3,,2.9,,3.4,"*"
"  Theft",,83.9,,147.9,,231.2,,364.1,
"    Completed",,80.0,,143.0,,224.9,,356.2,
"       Less than $50",,26.1,,52.1,,83.4,,112.1,
"       $50 - $249",,29.2,,49.5,,85.0,,144.6,
"       $250 or more",,18.3,,32.2,,42.4,,70.6,
"       Amount not available",,6.5,,9.3,,14.1,,28.8,
"     Attempted",,3.8,,4.8,,6.3,,7.9,"*"
,,,,,,,,,
"Total number of households",,28434090,,54356120,,21077450,,3291880,
,,,,,,,,,
"Note: Detail may not add to total shown because of rounding.",,,,,,,,,
"Excludes data on households where the number of persons was not ascertained.",,,,,,,,,
"* Estimate is based on about 10 or fewer sample cases.",,,,,,,,,
