"Bureau of Justice Statistics",,,,,,
"filename:  cv9926.csv",,,,,,
"Table 26: Number of incidents and victimizations and ratio",,,,,,
"of victimizations to incidents, by type of crime",,,,,,
"data source: National Criminal Victimization Survey, 1999   NCJ 184938",,,,,,
"produced by:  Cathy Maston ",,,,,,
"authors:  Patsy Klaus and Cathy Maston",,,,,,
"refer questions to:  askbjs@ojp.usdoj.gov     202-307-0765",,,,,,
"date of version: 11/13/00",,,,,,
,,,,,,
,,,,,,
"Table 26. Personal crimes, 1999:  ",,,,,,
,,,,,,
"Number of incidents and victimizations and ratio",,,,,,
"of victimizations to incidents, by type of crime",,,,,,
"    ",,,,,,
"Type of crime         ",,"     Incidents",,"Victimizations",," Ratio"
,,,,,,
,,,,,,
"Personal crimes",,6930020,,7564680,,1.09
,,,,,,
"  Crimes of violence",,6723930,,7357060,,1.09
"    Completed violence",,2077350,,2278260,,1.10
"    Attempted/threatened violence",,4646580,,5078790,,1.09
"   Rape/Sexual assault",,381400,,383170,,1.00
"      Rape/Attempted rape",,200880,,200880,,1.00
"         Rape",,141070,,141070,,1.00
"         Attempted rape/a",,59810,,59810,,1.00
"      Sexual assault/b",,180530,,182290,,1.01
"    Robbery",,740890,,810220,,1.09
"      Completed/property taken",,482340,,530250,,1.10
"         With injury",,173020,,189080,,1.09
"         Without injury",,309330,,341170,,1.10
"      Attempted to take property",,258550,,279970,,1.08
"         With injury",,69510,,78080,,1.12
"         Without injury",,189040,,201890,,1.07
"    Assault",,5601630,,6163670,,1.10
"      Aggravated",,1290360,,1503280,,1.17
"         With injury",,381030,,449160,,1.18
"         Threatened with weapon",,909330,,1054110,,1.16
"      Simple",,4311270,,4660400,,1.08
"         With minor injury",,915200,,998310,,1.09
"         Without injury",,3396070,,3662090,,1.08
" Purse snatching/Pocket picking",,206090,,207630,,1.01
"    Completed purse snatching",,33930,,33930,,1.00
"    Attempted purse snatching",,6910,"*",6910,"*",1.00
"    Pocket picking",,165240,,166780,,1.01
,,,,,,
"Note: Detail may not add to total shown because of rounding.",,,,,,
"* Estimate is based on about 10 or fewer sample cases.",,,,,,
"a/Includes verbal threats of rape.",,,,,,
"b/Includes threats.",,,,,,
