"Bureau of Justice Statistics",,,,,,,,,,,,,
"filename:  cv9905.csv",,,,,,,,,,,,,
"Table 5: Number of victimizations and victimization rates for persons age 12 and over",,,,,,,,,,,,,
"by type of crime and race of victims",,,,,,,,,,,,,
"data source: National Criminal Victimization Survey, 1999   NCJ 184938",,,,,,,,,,,,,
"produced by:  Cathy Maston ",,,,,,,,,,,,,
"authors:  Patsy Klaus and Cathy Maston",,,,,,,,,,,,,
"refer questions to:  askbjs@ojp.usdoj.gov     202-307-0765",,,,,,,,,,,,,
"date of version: 11/13/00",,,,,,,,,,,,,
,,,,,,,,,,,,,
,,,,,,,,,,,,,
"Table 5. Personal crimes, 1999:",,,,,,,,,,,,,
,,,,,,,,,,,,,
"Number of victimizations and victimization rates for persons age 12 and over,",,,,,,,,,,,,,
"by type of crime and race of victims",,,,,,,,,,,,,
,,,,,,,,,,,,,
"              ",,,,"                               Rate per 1,000 persons age 12 and over",,,,,,,,,
,,,"White",,,"         ","Black",,,,"Other",,
,,,,,,,,,,,,,
"Type of crime",,"Number",,"Rate",,"Number",,"Rate",,"Number",,"Rate",
,,,,,,,,,,,,,
,,,,,,,,,,,,,
"All personal crimes",,6138840,,32.7,,1180190,,42.9,,245660,,26.0,
,,,,,,,,,,,,,
"Crimes of violence",,5980090,,31.9,,1145680,,41.6,,231290,,24.5,
"   Completed violence",,1798970,,9.6,,399940,,14.5,,79360,,8.4,
"   Attempted/threatened violence",,4181120,,22.3,,745750,,27.1,,151930,,16.1,
"   Rape/Sexual assault",,295460,,1.6,,71720,,2.6,,15990,"*",1.7,"*"
"      Rape/Attempted rape",,167490,,0.9,,28410,"*",1.0,"*",4980,"*",0.5,"*"
"         Rape",,119270,,0.6,,19480,"*",0.7,"*",2320,"*",0.2,"*"
"         Attempted rape/a",,48220,,0.3,,8930,"*",0.3,"*",2660,"*",0.3,"*"
"      Sexual assault/b",,127970,,0.7,,43310,,1.6,,11010,"*",1.2,"*"
"   Robbery",,575440,,3.1,,211250,,7.7,,23530,"*",2.5,"*"
"      Completed/property taken",,366250,,2.0,,148110,,5.4,,15890,"*",1.7,"*"
"         With injury",,130960,,0.7,,50290,,1.8,,7830,"*",0.8,"*"
"         Without injury",,235290,,1.3,,97820,,3.6,,8060,"*",0.9,"*"
"      Attempted to take property",,209190,,1.1,,63140,,2.3,,7640,"*",0.8,"*"
"         With injury",,62870,,0.3,,15210,"*",0.6,"*","0 ","*","0.0 ","*"
"         Without injury",,146320,,0.8,,47920,,1.7,,7640,"*",0.8,"*"
"   Assault",,5109190,,27.2,,862720,,31.3,,191760,,20.3,
"      Aggravated",,1158760,,6.2,,290950,,10.6,,53570,,5.7,
"         With injury",,365170,,1.9,,74660,,2.7,,9340,"*",1.0,"*"
"         Threatened with weapon",,793590,,4.2,,216300,,7.9,,44230,,4.7,
"      Simple",,3950430,,21.1,,571770,,20.8,,138200,,14.6,
"         With minor injury",,838350,,4.5,,119160,,4.3,,40800,,4.3,
"         Without injury",,3112080,,16.6,,452600,,16.4,,97400,,10.3,
"Purse snatching/Pocket picking",,158750,,0.8,,34500,,1.3,,14370,"*",1.5,"*"
"                                                                                          ",,,,,,,,,,,,,
"Population age 12 and over",,187576000,,"...",,27539830,,"...",,9452540,,"...",
,,,,,,,,,,,,,
"Note: Detail may not add to total shown because of rounding.",,,,,,,,,,,,,
"* Estimate is based on about 10 or fewer sample cases.",,,,,,,,,,,,,
"...Not applicable",,,,,,,,,,,,,
"a/Includes verbal threats of rape.",,,,,,,,,,,,,
"b/Includes threats.",,,,,,,,,,,,,
