"Bureau of Justice Statistics",,,,,,,,,,,,
"filename:  cv9917.csv",,,,,,,,,,,,
"Table 17: Number of victimizations and victimization rates by type of crime",,,,,,,,,,,,
"and ethnicity of head of household",,,,,,,,,,,,
"data source: National Criminal Victimization Survey, 1999   NCJ 184938",,,,,,,,,,,,
"produced by:  Cathy Maston ",,,,,,,,,,,,
"authors:  Patsy Klaus and Cathy Maston",,,,,,,,,,,,
"refer questions to:  askbjs@ojp.usdoj.gov     202-307-0765",,,,,,,,,,,,
"date of version: 11/13/00",,,,,,,,,,,,
,,,,,,,,,,,,
,,,,,,,,,,,,
"Table 17. Property crimes, 1999:",,,,,,,,,,,,
,,,,,,,,,,,,
"Number of victimizations and victimization rates by type of crime",,,,,,,,,,,,
"and ethnicity of head of household",,,,,,,,,,,,
"       ",,,,,,,,,,,,
"                                                                                           ",,"                                                                       Rate per 1,000 households",,,,,,,,,,
,,,"Total/a",,,,"Hispanic",,,,"Non-Hispanic",
"Type of crime",,"Number",,"Rate",,"Number",,"Rate",,"Number",,"Rate"
,,,,,,,,,,,,
,,,,,,,,,,,,
"Property crimes",,21215110,,198.0,,2106490,,232.5,,18950650,,194.6
"                                                                                           ",,,,,,,,,,,,
"   Household burglary",,3651580,,34.1,,336970,,37.2,,3286270,,33.7
"      Completed",,3064390,,28.6,,273380,,30.2,,2764910,,28.4
"         Forcible entry",,1174780,,11.0,,113810,,12.6,,1050940,,10.8
"         Unlawful entry without force",,1889610,,17.6,,159570,,17.6,,1713960,,17.6
"      Attempted forcible entry",,587190,,5.5,,63590,,7.0,,521360,,5.4
"   Motor vehicle theft",,1068130,,10.0,,156850,,17.3,,906760,,9.3
"      Completed",,807730,,7.5,,126460,,14.0,,678910,,7.0
"      Attempted",,260400,,2.4,,30390,,3.4,,227850,,2.3
"   Theft",,16495400,,153.9,,1612660,,178.0,,14757630,,151.5
"      Completed",,15963770,,149.0,,1546190,,170.7,,14301350,,146.9
"         Less than $50",,5700280,,53.2,,483440,,53.4,,5182520,,53.2
"         $50 - $249",,5789210,,54.0,,604680,,66.7,,5146660,,52.9
"         $250 or more",,3394140,,31.7,,322920,,35.6,,3036780,,31.2
"         Amount not available",,1080140,,10.1,,135140,,14.9,,935390,,9.6
"      Attempted",,531640,,5.0,,66480,,7.3,,456280,,4.7
,,,,,,,,,,,,
"Total number of households",,107159550,,"...",,9059250,,"...",,97380370,,"..."
,,,,,,,,,,,,
,,,,,,,,,,,,
"Note: Detail may not add to total shown because of rounding.",,,,,,,,,,,,
"... Not applicable.",,,,,,,,,,,,
"a/Includes data on persons whose ethnicity was not ascertained, which is not shown separately.",,,,,,,,,,,,
