"Bureau of Justice Statistics",,,,,,,,,,,,,
"filename:  cv9940.csv",,,,,,,,,,,,,
"Table 40: Percent distribution of single-offender victimizations,",,,,,,,,,,,,,
"by type of crime and perceived race of offender",,,,,,,,,,,,,
"data source: National Criminal Victimization Survey, 1999   NCJ 184938",,,,,,,,,,,,,
"produced by:  Cathy Maston ",,,,,,,,,,,,,
"authors:  Patsy Klaus and Cathy Maston",,,,,,,,,,,,,
"refer questions to:  askbjs@ojp.usdoj.gov     202-307-0765",,,,,,,,,,,,,
"date of version: 11/13/00",,,,,,,,,,,,,
,,,,,,,,,,,,,
,,,,,,,,,,,,,
"Table 40. Personal crimes of violence, 1999:",,,,,,,,,,,,,
,,,,,,,,,,,,,
"Percent distribution of single-offender victimizations,",,,,,,,,,,,,,
"by type of crime and perceived race of offender",,,,,,,,,,,,,
,,,,,,,,,,,,,
"       ",,,,"                                  Percent of single-offender victimizations",,,,,,,,,
,,,,,,"                               Perceived race of offender",,,,,,,
"                                                                                                                ",,"Number of",,,,,,,,,,"Not known",
,,"single-offender",,,,,,,,,,"and not",
"Type of crime",,"victimizations",,"  Total",," White",," Black",," Other",,"available",
,,,,,,,,,,,,,
,,,,,,,,,,,,,
"Crimes of violence",,5788490,,100,"%",63.8,"%",24.1,"%",9.0,"%",3.1,"%"
,,,,,,,,,,,,,
"   Completed violence",,1723910,,100,,60.4,,27.0,,8.7,,3.8,
"   Attempted/threatened violence",,4064570,,100,,65.2,,22.9,,9.1,,2.9,
"   Rape/Sexual assault/a",,357900,,100,,61.6,,20.7,,8.8,,9.0,
"   Robbery",,465430,,100,,42.4,,46.5,,7.0,,4.2,"*"
"      Completed/property taken",,313050,,100,,46.2,,45.5,,4.8,"*",3.4,"*"
"         With injury",,97010,,100,,46.4,,44.9,,5.2,"*",3.5,"*"
"         Without injury",,216040,,100,,46.2,,45.8,,4.6,"*",3.4,"*"
"      Attempted to take property",,152370,,100,,34.4,,48.4,,11.4,"*",5.7,"*"
"         With injury",,36020,,100,,55.2,"*",31.5,"*",13.3,"*","0.0 ","*"
"         Without injury",,116340,,100,,27.9,,53.7,,10.8,"*",7.5,"*"
"   Assault",,4965150,,100,,66.0,,22.2,,9.2,,2.6,
"      Aggravated",,1067910,,100,,58.1,,28.4,,10.4,,3.0,
"      Simple",,3897240,,100,,68.1,,20.6,,8.8,,2.5,
,,,,,,,,,,,,,
"Note: Detail may not add to total shown because of rounding.",,,,,,,,,,,,,
"* Estimate is based on about 10 or fewer sample cases.",,,,,,,,,,,,,
"a/Includes verbal threats of rape and threats of sexual assault.",,,,,,,,,,,,,
