"Bureau of Justice Statistics",,,,,,,,,,
"filename:  cv9908.csv",,,,,,,,,,
"Table 8: Victimization rates for persons age 12 and over,",,,,,,,,,,
"by type of crime and ethnicity and gender of victims",,,,,,,,,,
"data source: National Criminal Victimization Survey, 1999   NCJ 184938",,,,,,,,,,
"produced by:  Cathy Maston ",,,,,,,,,,
"authors:  Patsy Klaus and Cathy Maston",,,,,,,,,,
"refer questions to:  askbjs@ojp.usdoj.gov     202-307-0765",,,,,,,,,,
"date of version: 11/13/00",,,,,,,,,,
,,,,,,,,,,
,,,,,,,,,,
"Table 8. Personal crimes, 1999:",,,,,,,,,,
,,,,,,,,,,
"Victimization rates for persons age 12 and over,",,,,,,,,,,
"by type of crime and ethnicity and gender of victims",,,,,,,,,,
,,,,,,,,,,
"                                                                                                                   ",,"                                       Rate per 1,000 persons age 12 and over",,,,,,,,
,,"                          Hispanic",,,,,"                     Non-Hispanic",,,
"Type of crime",,"Male",,"         Female",,,"Male",,"         Female",
,,,,,,,,,,
,,,,,,,,,,
"Crimes of violence",,42.5,,25.2,,,36.1,,29.0,
,,,,,,,,,,
"   Completed violence",,15.7,,8.6,,,9.9,,9.8,
"   Attempted violence",,26.8,,16.7,,,26.2,,19.2,
"   Rape/Sexual assault/a",,1.3,"*",2.5,"*",,0.2,"*",3.0,
"   Robbery",,8.8,,2.4,"*",,4.6,,2.3,
"      Completed/property taken",,6.3,,1.3,"*",,2.9,,1.6,
"         With injury",,0.9,"*",0.2,"*",,1.1,,0.7,
"         Without injury",,5.4,,1.1,"*",,1.9,,0.8,
"      Attempted to take property",,2.5,,1.2,"*",,1.7,,0.7,
"         With injury",,1.1,"*",0.4,"*",,0.4,,0.2,"*"
"         Without injury",,1.5,"*",0.8,"*",,1.3,,0.5,
"   Assault",,32.4,,20.3,,,31.3,,23.7,
"      Aggravated",,12.6,,5.2,,,8.3,,4.7,
"         With injury",,4.3,,0.3,"*",,2.5,,1.4,
"         Threatened with weapon",,8.4,,5.0,,,5.7,,3.3,
"      Simple",,19.8,,15.0,,,23.0,,19.0,
"         With minor injury",,3.9,,4.8,,,4.3,,4.5,
"         Without injury",,15.9,,10.3,,,18.7,,14.5,
"Purse snatching/Pocket picking",,1.1,"*",1.9,"*",,0.9,,0.8,
,,,,,,,,,,
"Total population age 12 and over",,11399580,,11566470,,,95993740,,103122930,
,,,,,,,,,,
"Note: Detail may not add to total shown because of rounding.",,,,,,,,,,
"Excludes data on persons whose ethnicity was not ascertained.",,,,,,,,,,
"* Estimate is based on about 10 or fewer sample cases.",,,,,,,,,,
"a/Includes verbal threats of rape and threats of sexual assault.",,,,,,,,,,
