"Bureau of Justice Statistics",,,,,,,,,,,,
"filename:  cv9965.csv",,,,,,,,,,,,
"Table 65: Percent distribution of incidents,",,,,,,,,,,,,
"by distance from home and type of crime",,,,,,,,,,,,
"data source: National Criminal Victimization Survey, 1999   NCJ 184938",,,,,,,,,,,,
"produced by:  Cathy Maston ",,,,,,,,,,,,
"authors:  Patsy Klaus and Cathy Maston",,,,,,,,,,,,
"refer questions to:  askbjs@ojp.usdoj.gov     202-307-0765",,,,,,,,,,,,
"date of version: 11/13/00",,,,,,,,,,,,
,,,,,,,,,,,,
,,,,,,,,,,,,
"Table 65. Selected personal and property crimes, 1999:",,,,,,,,,,,,
,,,,,,,,,,,,
"Percent distribution of incidents,",,,,,,,,,,,,
"by distance from home and type of crime",,,,,,,,,,,,
"       ",,,,,,,,,,,,
"                                                                                                          ",,,,"                                               Percent of incidents",,,,,,,,
,,,,,,"Inside",,"Near",,,"One mile",
,,"    Number of",,,,"home or",,"respondent's",,,"from home",
"Type of crime",,"    incidents",,"  Total",,"lodging",,"home",,,"or less",
,,,,,,,,,,,,
,,,,,,,,,,,,
"Crimes of violence",,6723930,,100,"%",14.1,"%",15.3,"%",,19.0,"%"
,,,,,,,,,,,,
"   Rape/Sexual assault/a",,381400,,100,,27.9,,4.8,"*",,18.5,
"   Robbery",,740890,,100,,16.6,,13.6,,,27.5,
"   Assault",,5601630,,100,,12.8,,16.2,,,17.9,
"      Aggravated",,1290360,,100,,13.2,,18.8,,,20.8,
"      Simple",,4311270,,100,,12.7,,15.4,,,17.0,
,,,,,,,,,,,,
"Purse snatching/Pocket picking",,206090,,100,,3.6,"*",5.9,"*",,21.1,
,,,,,,,,,,,,
"Property crimes",,,,,,,,,,,,
,,,,,,,,,,,,
"   Motor vehicle theft",,1068130,,100,,1.2,"*",62.9,,,7.1,
"   Theft",,16495400,,100,,9.8,,40.4,,,8.8,
,,,,,,,,,,,,
,,,,,,,,,,,,
,,,,,,,,,,,,
,,,,,,,,,,,,
,,"                                                 Percent of incidents",,,,,,,,,,
,,"       Five miles",,"Fifty miles",,"More than",,"Don't know",,,,
,,"       from home",,"from home",,"50 miles",,"or not",,,,
"Type of crime",,"       or less",,"or less",,"from home",,"available",,,,
,,,,,,,,,,,,
,,,,,,,,,,,,
"Crimes of violence",,23.3,"%",23.9,"%",3.3,"%",1.2,"%",,,
,,,,,,,,,,,,
"   Rape/Sexual assault/a",,17.3,,25.3,,2.9,"*",3.2,"*",,,
"   Robbery",,20.4,,17.2,,4.3,,0.4,"*",,,
"   Assault",,24.1,,24.7,,3.1,,1.2,,,,
"      Aggravated",,21.2,,21.3,,3.8,,1.0,"*",,,
"      Simple",,24.9,,25.7,,3.0,,1.2,,,,
,,,,,,,,,,,,
"Purse snatching/Pocket picking",,34.8,,20.0,,12.2,"*",2.4,"*",,,
,,,,,,,,,,,,
"Property crimes",,,,,,,,,,,,
,,,,,,,,,,,,
"   Motor vehicle theft",,14.0,,12.4,,1.5,"*",0.8,"*",,,
"   Theft",,16.5,,17.2,,4.9,,2.5,,,,
,,,,,,,,,,,,
,,,,,,,,,,,,
"Note: Detail may not add to total shown because of rounding.",,,,,,,,,,,,
"* Estimate is based on about 10 or fewer sample cases.",,,,,,,,,,,,
"a/Includes verbal threats of rape and threats of sexual assault.",,,,,,,,,,,,
