Name: “Table 1 of 1 on page 2 of 22”,Name: “Table 1 of 1 on page 2 of 22”,Name: “Table 1 of 1 on page 2 of 22”
Table: 2,Table: 2,Table: 2
,,
Table of Contents,Table of Contents,
Letter from Chief Don Goodman,3,
Budget,4,
,,MAYOR
Organizational Flow Chart,5,Tom Starnes
Citizen Involvement,6,
Animal Control,7,CITY MANAGER
Citizen Complaints,8,Tony Cox
Parking Enforcement,9,
Emergency Response Team,10,CHIEF OF POLICE
,,Don Goodman
Criminal Investigations Bureau,11,
Claytor Lake Regional Task Force,12,
School Resource Officer,14,
K-9 Officer,15,
Group A Offenses,16,
Group B Offenses,18,PREPARED BY THE
,,DEPARTMENT OF
Noise Violations,19,POLICE
Alcohol Violations,19,-OFFICE OF RECORDS
,,MANAGEMENT-
DUI Arrests,20,"Sonia Ramsey,"
Accidents,20,Records Manager
Arrest Totals,21,
Calls for Service,21,
Conclusion,22,
- 2-,,
