Name: “Table 1 of 1 on page 19 of 22”,Name: “Table 1 of 1 on page 19 of 22”,Name: “Table 1 of 1 on page 19 of 22”,Name: “Table 1 of 1 on page 19 of 22”,Name: “Table 1 of 1 on page 19 of 22”,Name: “Table 1 of 1 on page 19 of 22”,Name: “Table 1 of 1 on page 19 of 22”,Name: “Table 1 of 1 on page 19 of 22”,Name: “Table 1 of 1 on page 19 of 22”,Name: “Table 1 of 1 on page 19 of 22”,Name: “Table 1 of 1 on page 19 of 22”,Name: “Table 1 of 1 on page 19 of 22”,Name: “Table 1 of 1 on page 19 of 22”,Name: “Table 1 of 1 on page 19 of 22”,Name: “Table 1 of 1 on page 19 of 22”
Table: 19,Table: 19,Table: 19,Table: 19,Table: 19,Table: 19,Table: 19,Table: 19,Table: 19,Table: 19,Table: 19,Table: 19,Table: 19,Table: 19,Table: 19
,,,,,,,,,,,,,,
,,,Noise Violations,Noise Violations,Noise Violations,Noise Violations,Noise Violations,Noise Violations,Noise Violations,,,,,
,,1042,1021,,,,,,,,,,,
,,,,,875,875,,,,,,,,
,,,,,,,,,206,,,,,
,,,,,,,,,,176,,,,
,,,,,,,,,,,79,79,,
,Noise Complaints,Noise Complaints,Noise Complaints,Noise Complaints,,,,Charges Placed,Charges Placed,Charges Placed,Charges Placed,,,
,,,2007,,,,2008,,,2009,,,,
This chart illustrates the difference in the number of noise complaints,This chart illustrates the difference in the number of noise complaints,This chart illustrates the difference in the number of noise complaints,This chart illustrates the difference in the number of noise complaints,This chart illustrates the difference in the number of noise complaints,This chart illustrates the difference in the number of noise complaints,This chart illustrates the difference in the number of noise complaints,This chart illustrates the difference in the number of noise complaints,This chart illustrates the difference in the number of noise complaints,This chart illustrates the difference in the number of noise complaints,This chart illustrates the difference in the number of noise complaints,This chart illustrates the difference in the number of noise complaints,This chart illustrates the difference in the number of noise complaints,This chart illustrates the difference in the number of noise complaints,This chart illustrates the difference in the number of noise complaints
versus,charges,charges,placed,,in,"2007,","2008,","2008,",and,2009.,Though,Though,Noise,Noise
Violations,Violations,may,seem,to,be,a,minor,"offense,","offense,",they,often,lead,to,the
discovery of more serious crimes such as drug and alcohol violations.,discovery of more serious crimes such as drug and alcohol violations.,discovery of more serious crimes such as drug and alcohol violations.,discovery of more serious crimes such as drug and alcohol violations.,discovery of more serious crimes such as drug and alcohol violations.,discovery of more serious crimes such as drug and alcohol violations.,discovery of more serious crimes such as drug and alcohol violations.,discovery of more serious crimes such as drug and alcohol violations.,discovery of more serious crimes such as drug and alcohol violations.,discovery of more serious crimes such as drug and alcohol violations.,discovery of more serious crimes such as drug and alcohol violations.,discovery of more serious crimes such as drug and alcohol violations.,discovery of more serious crimes such as drug and alcohol violations.,discovery of more serious crimes such as drug and alcohol violations.,discovery of more serious crimes such as drug and alcohol violations.
,,,Alcohol Violations,Alcohol Violations,Alcohol Violations,Alcohol Violations,Alcohol Violations,Alcohol Violations,Alcohol Violations,,,,,
,,,,,,,,,,,1096,1130,1049,1049
696,,,,,,,,,,,,,,
,663,,,,,,,,,,,,,
,,586,,,,,,,,,,,,
,,,,,,,467,463,,,,,,
,,,,,400,400,,,,,,,,
Citations,Citations,Citations,,,,Warrants,Warrants,,,,,Total,,
,,2007,,,,,2008,,,,,2009,,
Radford Department of Police has a strict policy on lowering alcohol,Radford Department of Police has a strict policy on lowering alcohol,Radford Department of Police has a strict policy on lowering alcohol,Radford Department of Police has a strict policy on lowering alcohol,Radford Department of Police has a strict policy on lowering alcohol,Radford Department of Police has a strict policy on lowering alcohol,Radford Department of Police has a strict policy on lowering alcohol,Radford Department of Police has a strict policy on lowering alcohol,Radford Department of Police has a strict policy on lowering alcohol,Radford Department of Police has a strict policy on lowering alcohol,Radford Department of Police has a strict policy on lowering alcohol,Radford Department of Police has a strict policy on lowering alcohol,Radford Department of Police has a strict policy on lowering alcohol,Radford Department of Police has a strict policy on lowering alcohol,Radford Department of Police has a strict policy on lowering alcohol
violations in the City.,violations in the City.,violations in the City.,violations in the City.,Studies have shown that alcohol is one of the,Studies have shown that alcohol is one of the,Studies have shown that alcohol is one of the,Studies have shown that alcohol is one of the,Studies have shown that alcohol is one of the,Studies have shown that alcohol is one of the,Studies have shown that alcohol is one of the,Studies have shown that alcohol is one of the,Studies have shown that alcohol is one of the,Studies have shown that alcohol is one of the,Studies have shown that alcohol is one of the
major,contributing,contributing,factors,factors,to,to,other,"crimes,",such,as,"assaults,","assaults,","rapes,","rapes,"
"larcenies, and vandalisms.","larcenies, and vandalisms.","larcenies, and vandalisms.","larcenies, and vandalisms.","larcenies, and vandalisms.",,,,,,,,,,
,,,,,,,- 19-,,,,,,,
