Name: “Table 1 of 1 on page 17 of 22”,Name: “Table 1 of 1 on page 17 of 22”,Name: “Table 1 of 1 on page 17 of 22”,Name: “Table 1 of 1 on page 17 of 22”
Table: 17,Table: 17,Table: 17,Table: 17
,,,
Group “A” Offenses,Group “A” Offenses,,
(continued),,,
,2008,2009,% change
COUNTERFEITING / FORGERY,36,19,-47%
FRAUD,,,
False pretenses / Swindle / Confidence Game,57,42,-26%
Credit Card / ATM Fraud,20,20,-
Impersonation,15,24,60%
Welfare Fraud,-,-,-
Wire Fraud,-,1,N/C*
Total Fraud,92,87,-5%
EMBEZZLEMENT,3,4,33%
STOLEN PROPERTY OFFENSES,9,4,-56%
DESTRUCTION / DAMAGE / VANDALISM,395,321,-19%
NARCOTICS OFFENSES,,,
Drug / Narcotic Offenses,259,238,-8%
Drug Equipment Violations,7,14,100%
Total Narcotic Violations,266,252,-5%
NON-FORCIBLE SEX OFFENSES,,,
Incest,-,-,-
Statutory Rape,1,-,-100%
Total Non-Forcible sex offenses,1,-,-100%
PORNOGRAPHY / OBSCENE MATERIALS,3,3,-
GAMBLING OFFENSES,,,
Betting / Wagering,-,-,-
Operating / Promoting / Assisting Gambling,-,-,-
Gambling Equipment Offenses,-,-,-
Sports Tampering,-,-,-
Total Gambling Offenses,-,-,-
PROSTITUITON OFFENSES,,,
Prostitution,-,1,N/C*
Assisting or Promoting Prostitution,-,-,-
Total Prostitution Offenses,-,1,N/C*
BRIBERY,-,-,-
WEAPONS LAW VIOLATIONS,21,24,14%
GRAND TOTALS,1772,1630,-8%
* N/C-The percentage is not calculable due to division by 0.,,,
** The percentage is so minute that no notable difference can be made.,** The percentage is so minute that no notable difference can be made.,,
- 17-,,,
