Name: “Table 1 of 1 on page 9 of 22”,Name: “Table 1 of 1 on page 9 of 22”,Name: “Table 1 of 1 on page 9 of 22”
Table: 9,Table: 9,Table: 9
,,
Parking Enforcement,Parking Enforcement,Parking Enforcement
Parking Enforcement duties are shared by police officers and a part,Parking Enforcement duties are shared by police officers and a part,Parking Enforcement duties are shared by police officers and a part
time parking enforcement officer.,time parking enforcement officer.,Enforcement of parking regulations
contributes to overall public safety.,contributes to overall public safety.,
Parking Tickets Issued,Parking Tickets Issued,
,2822,
2756,,
,,2064
2007,,
,2008,2009
2007,2008,2009
,- 9-,
