Name: “Table 1 of 1 on page 10 of 22”,Name: “Table 1 of 1 on page 10 of 22”,Name: “Table 1 of 1 on page 10 of 22”,Name: “Table 1 of 1 on page 10 of 22”,Name: “Table 1 of 1 on page 10 of 22”,Name: “Table 1 of 1 on page 10 of 22”,Name: “Table 1 of 1 on page 10 of 22”,Name: “Table 1 of 1 on page 10 of 22”,Name: “Table 1 of 1 on page 10 of 22”,Name: “Table 1 of 1 on page 10 of 22”,Name: “Table 1 of 1 on page 10 of 22”,Name: “Table 1 of 1 on page 10 of 22”,Name: “Table 1 of 1 on page 10 of 22”,Name: “Table 1 of 1 on page 10 of 22”,Name: “Table 1 of 1 on page 10 of 22”,Name: “Table 1 of 1 on page 10 of 22”
Table: 10,Table: 10,Table: 10,Table: 10,Table: 10,Table: 10,Table: 10,Table: 10,Table: 10,Table: 10,Table: 10,Table: 10,Table: 10,Table: 10,Table: 10,Table: 10
,,,,,,,,,,,,,,,
,,,Emergency Response Team,Emergency Response Team,Emergency Response Team,Emergency Response Team,Emergency Response Team,Emergency Response Team,Emergency Response Team,Emergency Response Team,Emergency Response Team,Emergency Response Team,,,
The,Radford,Radford,Department,Department,of,Police,,formed,formed,an,Emergency,Emergency,Emergency,response,response
Team in 2008 after identifying a need to be better able to respond to,Team in 2008 after identifying a need to be better able to respond to,Team in 2008 after identifying a need to be better able to respond to,Team in 2008 after identifying a need to be better able to respond to,Team in 2008 after identifying a need to be better able to respond to,Team in 2008 after identifying a need to be better able to respond to,Team in 2008 after identifying a need to be better able to respond to,Team in 2008 after identifying a need to be better able to respond to,Team in 2008 after identifying a need to be better able to respond to,Team in 2008 after identifying a need to be better able to respond to,Team in 2008 after identifying a need to be better able to respond to,Team in 2008 after identifying a need to be better able to respond to,Team in 2008 after identifying a need to be better able to respond to,Team in 2008 after identifying a need to be better able to respond to,Team in 2008 after identifying a need to be better able to respond to,Team in 2008 after identifying a need to be better able to respond to
"critical incidents, multi-jurisdictional events, and an increase in high","critical incidents, multi-jurisdictional events, and an increase in high","critical incidents, multi-jurisdictional events, and an increase in high","critical incidents, multi-jurisdictional events, and an increase in high","critical incidents, multi-jurisdictional events, and an increase in high","critical incidents, multi-jurisdictional events, and an increase in high","critical incidents, multi-jurisdictional events, and an increase in high","critical incidents, multi-jurisdictional events, and an increase in high","critical incidents, multi-jurisdictional events, and an increase in high","critical incidents, multi-jurisdictional events, and an increase in high","critical incidents, multi-jurisdictional events, and an increase in high","critical incidents, multi-jurisdictional events, and an increase in high","critical incidents, multi-jurisdictional events, and an increase in high","critical incidents, multi-jurisdictional events, and an increase in high","critical incidents, multi-jurisdictional events, and an increase in high","critical incidents, multi-jurisdictional events, and an increase in high"
"risk warrant service. Two years later, the Team’s membership remains","risk warrant service. Two years later, the Team’s membership remains","risk warrant service. Two years later, the Team’s membership remains","risk warrant service. Two years later, the Team’s membership remains","risk warrant service. Two years later, the Team’s membership remains","risk warrant service. Two years later, the Team’s membership remains","risk warrant service. Two years later, the Team’s membership remains","risk warrant service. Two years later, the Team’s membership remains","risk warrant service. Two years later, the Team’s membership remains","risk warrant service. Two years later, the Team’s membership remains","risk warrant service. Two years later, the Team’s membership remains","risk warrant service. Two years later, the Team’s membership remains","risk warrant service. Two years later, the Team’s membership remains","risk warrant service. Two years later, the Team’s membership remains","risk warrant service. Two years later, the Team’s membership remains","risk warrant service. Two years later, the Team’s membership remains"
intact,as,originally,originally,selected,selected,–,which,is,nearly,nearly,unheard,unheard,of,in,law
enforcement.,enforcement.,enforcement.,,,,,,,,,,,,,
"The Team continues to utilize Storm Mountain Tactical Training,","The Team continues to utilize Storm Mountain Tactical Training,","The Team continues to utilize Storm Mountain Tactical Training,","The Team continues to utilize Storm Mountain Tactical Training,","The Team continues to utilize Storm Mountain Tactical Training,","The Team continues to utilize Storm Mountain Tactical Training,","The Team continues to utilize Storm Mountain Tactical Training,","The Team continues to utilize Storm Mountain Tactical Training,","The Team continues to utilize Storm Mountain Tactical Training,","The Team continues to utilize Storm Mountain Tactical Training,","The Team continues to utilize Storm Mountain Tactical Training,","The Team continues to utilize Storm Mountain Tactical Training,","The Team continues to utilize Storm Mountain Tactical Training,","The Team continues to utilize Storm Mountain Tactical Training,","The Team continues to utilize Storm Mountain Tactical Training,","The Team continues to utilize Storm Mountain Tactical Training,"
"Inc. as its SWAT training provider. Additionally, the Team trains at","Inc. as its SWAT training provider. Additionally, the Team trains at","Inc. as its SWAT training provider. Additionally, the Team trains at","Inc. as its SWAT training provider. Additionally, the Team trains at","Inc. as its SWAT training provider. Additionally, the Team trains at","Inc. as its SWAT training provider. Additionally, the Team trains at","Inc. as its SWAT training provider. Additionally, the Team trains at","Inc. as its SWAT training provider. Additionally, the Team trains at","Inc. as its SWAT training provider. Additionally, the Team trains at","Inc. as its SWAT training provider. Additionally, the Team trains at","Inc. as its SWAT training provider. Additionally, the Team trains at","Inc. as its SWAT training provider. Additionally, the Team trains at","Inc. as its SWAT training provider. Additionally, the Team trains at","Inc. as its SWAT training provider. Additionally, the Team trains at","Inc. as its SWAT training provider. Additionally, the Team trains at","Inc. as its SWAT training provider. Additionally, the Team trains at"
"least once a month. In 2009, regional training among area ERT’s was","least once a month. In 2009, regional training among area ERT’s was","least once a month. In 2009, regional training among area ERT’s was","least once a month. In 2009, regional training among area ERT’s was","least once a month. In 2009, regional training among area ERT’s was","least once a month. In 2009, regional training among area ERT’s was","least once a month. In 2009, regional training among area ERT’s was","least once a month. In 2009, regional training among area ERT’s was","least once a month. In 2009, regional training among area ERT’s was","least once a month. In 2009, regional training among area ERT’s was","least once a month. In 2009, regional training among area ERT’s was","least once a month. In 2009, regional training among area ERT’s was","least once a month. In 2009, regional training among area ERT’s was","least once a month. In 2009, regional training among area ERT’s was","least once a month. In 2009, regional training among area ERT’s was","least once a month. In 2009, regional training among area ERT’s was"
taken to a new level by completing a two day tactical training event,taken to a new level by completing a two day tactical training event,taken to a new level by completing a two day tactical training event,taken to a new level by completing a two day tactical training event,taken to a new level by completing a two day tactical training event,taken to a new level by completing a two day tactical training event,taken to a new level by completing a two day tactical training event,taken to a new level by completing a two day tactical training event,taken to a new level by completing a two day tactical training event,taken to a new level by completing a two day tactical training event,taken to a new level by completing a two day tactical training event,taken to a new level by completing a two day tactical training event,taken to a new level by completing a two day tactical training event,taken to a new level by completing a two day tactical training event,taken to a new level by completing a two day tactical training event,taken to a new level by completing a two day tactical training event
and,practical,practical,exercise.,exercise.,Eight,"teams,","teams,",in,whole,whole,or,in,part,were,in
attendance.,attendance.,attendance.,Radford,ERT,continues,continues,continues,to,utilize,utilize,Boy,Boy,Scout,,Camp
Powhatan as its “SWAT Home;” to the point that a cooperative venture,Powhatan as its “SWAT Home;” to the point that a cooperative venture,Powhatan as its “SWAT Home;” to the point that a cooperative venture,Powhatan as its “SWAT Home;” to the point that a cooperative venture,Powhatan as its “SWAT Home;” to the point that a cooperative venture,Powhatan as its “SWAT Home;” to the point that a cooperative venture,Powhatan as its “SWAT Home;” to the point that a cooperative venture,Powhatan as its “SWAT Home;” to the point that a cooperative venture,Powhatan as its “SWAT Home;” to the point that a cooperative venture,Powhatan as its “SWAT Home;” to the point that a cooperative venture,Powhatan as its “SWAT Home;” to the point that a cooperative venture,Powhatan as its “SWAT Home;” to the point that a cooperative venture,Powhatan as its “SWAT Home;” to the point that a cooperative venture,Powhatan as its “SWAT Home;” to the point that a cooperative venture,Powhatan as its “SWAT Home;” to the point that a cooperative venture,Powhatan as its “SWAT Home;” to the point that a cooperative venture
between,the,the,Boy,Scouts,and,Radford,Radford,Police,Police,is,allowing,allowing,for,a,pistol
range to be built.,range to be built.,range to be built.,range to be built.,,,,,,,,,,,,
"During 2009, outside of training operations, ERT has been utilized","During 2009, outside of training operations, ERT has been utilized","During 2009, outside of training operations, ERT has been utilized","During 2009, outside of training operations, ERT has been utilized","During 2009, outside of training operations, ERT has been utilized","During 2009, outside of training operations, ERT has been utilized","During 2009, outside of training operations, ERT has been utilized","During 2009, outside of training operations, ERT has been utilized","During 2009, outside of training operations, ERT has been utilized","During 2009, outside of training operations, ERT has been utilized","During 2009, outside of training operations, ERT has been utilized","During 2009, outside of training operations, ERT has been utilized","During 2009, outside of training operations, ERT has been utilized","During 2009, outside of training operations, ERT has been utilized","During 2009, outside of training operations, ERT has been utilized","During 2009, outside of training operations, ERT has been utilized"
ten (10) times. This includes missions in the areas of high risk/search,ten (10) times. This includes missions in the areas of high risk/search,ten (10) times. This includes missions in the areas of high risk/search,ten (10) times. This includes missions in the areas of high risk/search,ten (10) times. This includes missions in the areas of high risk/search,ten (10) times. This includes missions in the areas of high risk/search,ten (10) times. This includes missions in the areas of high risk/search,ten (10) times. This includes missions in the areas of high risk/search,ten (10) times. This includes missions in the areas of high risk/search,ten (10) times. This includes missions in the areas of high risk/search,ten (10) times. This includes missions in the areas of high risk/search,ten (10) times. This includes missions in the areas of high risk/search,ten (10) times. This includes missions in the areas of high risk/search,ten (10) times. This includes missions in the areas of high risk/search,ten (10) times. This includes missions in the areas of high risk/search,ten (10) times. This includes missions in the areas of high risk/search
warrants,,being,"served,","served,",fugitive,fugitive,apprehension,apprehension,apprehension,(both,(both,in,the,City,and
"regionally), and suicidal/barricaded subject that was resolved by ERT.","regionally), and suicidal/barricaded subject that was resolved by ERT.","regionally), and suicidal/barricaded subject that was resolved by ERT.","regionally), and suicidal/barricaded subject that was resolved by ERT.","regionally), and suicidal/barricaded subject that was resolved by ERT.","regionally), and suicidal/barricaded subject that was resolved by ERT.","regionally), and suicidal/barricaded subject that was resolved by ERT.","regionally), and suicidal/barricaded subject that was resolved by ERT.","regionally), and suicidal/barricaded subject that was resolved by ERT.","regionally), and suicidal/barricaded subject that was resolved by ERT.","regionally), and suicidal/barricaded subject that was resolved by ERT.","regionally), and suicidal/barricaded subject that was resolved by ERT.","regionally), and suicidal/barricaded subject that was resolved by ERT.","regionally), and suicidal/barricaded subject that was resolved by ERT.","regionally), and suicidal/barricaded subject that was resolved by ERT.","regionally), and suicidal/barricaded subject that was resolved by ERT."
"In addition, Radford ERT has assisted Virginia Tech Police at all home","In addition, Radford ERT has assisted Virginia Tech Police at all home","In addition, Radford ERT has assisted Virginia Tech Police at all home","In addition, Radford ERT has assisted Virginia Tech Police at all home","In addition, Radford ERT has assisted Virginia Tech Police at all home","In addition, Radford ERT has assisted Virginia Tech Police at all home","In addition, Radford ERT has assisted Virginia Tech Police at all home","In addition, Radford ERT has assisted Virginia Tech Police at all home","In addition, Radford ERT has assisted Virginia Tech Police at all home","In addition, Radford ERT has assisted Virginia Tech Police at all home","In addition, Radford ERT has assisted Virginia Tech Police at all home","In addition, Radford ERT has assisted Virginia Tech Police at all home","In addition, Radford ERT has assisted Virginia Tech Police at all home","In addition, Radford ERT has assisted Virginia Tech Police at all home","In addition, Radford ERT has assisted Virginia Tech Police at all home","In addition, Radford ERT has assisted Virginia Tech Police at all home"
football,games,games,by,providing,providing,,sniper/observer,sniper/observer,sniper/observer,sniper/observer,elements,elements,and,and,anti-
terrorism,terrorism,patrols.,patrols.,The,Team,continues,continues,to,assist,assist,patrol,patrol,officers,officers,and
investigations,investigations,investigations,by,providing,providing,,personnel,personnel,for,,reconnaissance,reconnaissance,reconnaissance,reconnaissance,and
surveillance operations.,surveillance operations.,surveillance operations.,surveillance operations.,surveillance operations.,,,,,,,,,,,
,The Team has plans in 2010 to continue their rigorous training,The Team has plans in 2010 to continue their rigorous training,The Team has plans in 2010 to continue their rigorous training,The Team has plans in 2010 to continue their rigorous training,The Team has plans in 2010 to continue their rigorous training,The Team has plans in 2010 to continue their rigorous training,The Team has plans in 2010 to continue their rigorous training,The Team has plans in 2010 to continue their rigorous training,The Team has plans in 2010 to continue their rigorous training,The Team has plans in 2010 to continue their rigorous training,The Team has plans in 2010 to continue their rigorous training,The Team has plans in 2010 to continue their rigorous training,The Team has plans in 2010 to continue their rigorous training,The Team has plans in 2010 to continue their rigorous training,The Team has plans in 2010 to continue their rigorous training
regimen. One of 2009’s Team Goals was to participate in community,regimen. One of 2009’s Team Goals was to participate in community,regimen. One of 2009’s Team Goals was to participate in community,regimen. One of 2009’s Team Goals was to participate in community,regimen. One of 2009’s Team Goals was to participate in community,regimen. One of 2009’s Team Goals was to participate in community,regimen. One of 2009’s Team Goals was to participate in community,regimen. One of 2009’s Team Goals was to participate in community,regimen. One of 2009’s Team Goals was to participate in community,regimen. One of 2009’s Team Goals was to participate in community,regimen. One of 2009’s Team Goals was to participate in community,regimen. One of 2009’s Team Goals was to participate in community,regimen. One of 2009’s Team Goals was to participate in community,regimen. One of 2009’s Team Goals was to participate in community,regimen. One of 2009’s Team Goals was to participate in community,regimen. One of 2009’s Team Goals was to participate in community
service projects. This was accomplished by scheduling an “ERT Day”,service projects. This was accomplished by scheduling an “ERT Day”,service projects. This was accomplished by scheduling an “ERT Day”,service projects. This was accomplished by scheduling an “ERT Day”,service projects. This was accomplished by scheduling an “ERT Day”,service projects. This was accomplished by scheduling an “ERT Day”,service projects. This was accomplished by scheduling an “ERT Day”,service projects. This was accomplished by scheduling an “ERT Day”,service projects. This was accomplished by scheduling an “ERT Day”,service projects. This was accomplished by scheduling an “ERT Day”,service projects. This was accomplished by scheduling an “ERT Day”,service projects. This was accomplished by scheduling an “ERT Day”,service projects. This was accomplished by scheduling an “ERT Day”,service projects. This was accomplished by scheduling an “ERT Day”,service projects. This was accomplished by scheduling an “ERT Day”,service projects. This was accomplished by scheduling an “ERT Day”
"during the Citizen’s Police Academy, assisting the Radford University","during the Citizen’s Police Academy, assisting the Radford University","during the Citizen’s Police Academy, assisting the Radford University","during the Citizen’s Police Academy, assisting the Radford University","during the Citizen’s Police Academy, assisting the Radford University","during the Citizen’s Police Academy, assisting the Radford University","during the Citizen’s Police Academy, assisting the Radford University","during the Citizen’s Police Academy, assisting the Radford University","during the Citizen’s Police Academy, assisting the Radford University","during the Citizen’s Police Academy, assisting the Radford University","during the Citizen’s Police Academy, assisting the Radford University","during the Citizen’s Police Academy, assisting the Radford University","during the Citizen’s Police Academy, assisting the Radford University","during the Citizen’s Police Academy, assisting the Radford University","during the Citizen’s Police Academy, assisting the Radford University","during the Citizen’s Police Academy, assisting the Radford University"
"ROTC program, and two (2) “volunteer” work days provided to the Boy","ROTC program, and two (2) “volunteer” work days provided to the Boy","ROTC program, and two (2) “volunteer” work days provided to the Boy","ROTC program, and two (2) “volunteer” work days provided to the Boy","ROTC program, and two (2) “volunteer” work days provided to the Boy","ROTC program, and two (2) “volunteer” work days provided to the Boy","ROTC program, and two (2) “volunteer” work days provided to the Boy","ROTC program, and two (2) “volunteer” work days provided to the Boy","ROTC program, and two (2) “volunteer” work days provided to the Boy","ROTC program, and two (2) “volunteer” work days provided to the Boy","ROTC program, and two (2) “volunteer” work days provided to the Boy","ROTC program, and two (2) “volunteer” work days provided to the Boy","ROTC program, and two (2) “volunteer” work days provided to the Boy","ROTC program, and two (2) “volunteer” work days provided to the Boy","ROTC program, and two (2) “volunteer” work days provided to the Boy","ROTC program, and two (2) “volunteer” work days provided to the Boy"
Scouts of America.,Scouts of America.,Scouts of America.,Scouts of America.,,,,,,,,,,,,
,During,During,"2009,",with,the,assistance,assistance,assistance,of,the,"City,","City,",Radford,Radford,ERT
acquired,,a,tactical,response,response,van,by,reassigning,reassigning,reassigning,an,ambulance,ambulance,ambulance,from
Radford EMS. The truck has been painted and re-equipped for SWAT,Radford EMS. The truck has been painted and re-equipped for SWAT,Radford EMS. The truck has been painted and re-equipped for SWAT,Radford EMS. The truck has been painted and re-equipped for SWAT,Radford EMS. The truck has been painted and re-equipped for SWAT,Radford EMS. The truck has been painted and re-equipped for SWAT,Radford EMS. The truck has been painted and re-equipped for SWAT,Radford EMS. The truck has been painted and re-equipped for SWAT,Radford EMS. The truck has been painted and re-equipped for SWAT,Radford EMS. The truck has been painted and re-equipped for SWAT,Radford EMS. The truck has been painted and re-equipped for SWAT,Radford EMS. The truck has been painted and re-equipped for SWAT,Radford EMS. The truck has been painted and re-equipped for SWAT,Radford EMS. The truck has been painted and re-equipped for SWAT,Radford EMS. The truck has been painted and re-equipped for SWAT,Radford EMS. The truck has been painted and re-equipped for SWAT
"purposes, allowing a safer, more rapid, and more efficient response to","purposes, allowing a safer, more rapid, and more efficient response to","purposes, allowing a safer, more rapid, and more efficient response to","purposes, allowing a safer, more rapid, and more efficient response to","purposes, allowing a safer, more rapid, and more efficient response to","purposes, allowing a safer, more rapid, and more efficient response to","purposes, allowing a safer, more rapid, and more efficient response to","purposes, allowing a safer, more rapid, and more efficient response to","purposes, allowing a safer, more rapid, and more efficient response to","purposes, allowing a safer, more rapid, and more efficient response to","purposes, allowing a safer, more rapid, and more efficient response to","purposes, allowing a safer, more rapid, and more efficient response to","purposes, allowing a safer, more rapid, and more efficient response to","purposes, allowing a safer, more rapid, and more efficient response to","purposes, allowing a safer, more rapid, and more efficient response to","purposes, allowing a safer, more rapid, and more efficient response to"
tactical events.,tactical events.,tactical events.,,,,,,,,,,,,,
ERT continues to have a large impact in assisting patrol officers by,ERT continues to have a large impact in assisting patrol officers by,ERT continues to have a large impact in assisting patrol officers by,ERT continues to have a large impact in assisting patrol officers by,ERT continues to have a large impact in assisting patrol officers by,ERT continues to have a large impact in assisting patrol officers by,ERT continues to have a large impact in assisting patrol officers by,ERT continues to have a large impact in assisting patrol officers by,ERT continues to have a large impact in assisting patrol officers by,ERT continues to have a large impact in assisting patrol officers by,ERT continues to have a large impact in assisting patrol officers by,ERT continues to have a large impact in assisting patrol officers by,ERT continues to have a large impact in assisting patrol officers by,ERT continues to have a large impact in assisting patrol officers by,ERT continues to have a large impact in assisting patrol officers by,ERT continues to have a large impact in assisting patrol officers by
providing an additional level of response and safety for citizens. The,providing an additional level of response and safety for citizens. The,providing an additional level of response and safety for citizens. The,providing an additional level of response and safety for citizens. The,providing an additional level of response and safety for citizens. The,providing an additional level of response and safety for citizens. The,providing an additional level of response and safety for citizens. The,providing an additional level of response and safety for citizens. The,providing an additional level of response and safety for citizens. The,providing an additional level of response and safety for citizens. The,providing an additional level of response and safety for citizens. The,providing an additional level of response and safety for citizens. The,providing an additional level of response and safety for citizens. The,providing an additional level of response and safety for citizens. The,providing an additional level of response and safety for citizens. The,providing an additional level of response and safety for citizens. The
team,members,members,continue,continue,to,strive,,for,new,,levels,of,operational,operational,operational
capability.”,capability.”,capability.”,,,,,,,,,,,,,
,,,,,,- 10-,,,,,,,,,
