Name: “Table 1 of 1 on page 12 of 22”,Name: “Table 1 of 1 on page 12 of 22”,Name: “Table 1 of 1 on page 12 of 22”,Name: “Table 1 of 1 on page 12 of 22”,Name: “Table 1 of 1 on page 12 of 22”,Name: “Table 1 of 1 on page 12 of 22”,Name: “Table 1 of 1 on page 12 of 22”,Name: “Table 1 of 1 on page 12 of 22”,Name: “Table 1 of 1 on page 12 of 22”,Name: “Table 1 of 1 on page 12 of 22”
Table: 12,Table: 12,Table: 12,Table: 12,Table: 12,Table: 12,Table: 12,Table: 12,Table: 12,Table: 12
,,,,,,,,,
,Claytor Lake Regional Task Force,Claytor Lake Regional Task Force,Claytor Lake Regional Task Force,Claytor Lake Regional Task Force,Claytor Lake Regional Task Force,Claytor Lake Regional Task Force,Claytor Lake Regional Task Force,Claytor Lake Regional Task Force,
The Radford Department of Police is a member of the,The Radford Department of Police is a member of the,The Radford Department of Police is a member of the,The Radford Department of Police is a member of the,The Radford Department of Police is a member of the,The Radford Department of Police is a member of the,The Radford Department of Police is a member of the,The Radford Department of Police is a member of the,Claytor Lake,Claytor Lake
Regional,Drug,Task,Force.,A,cooperative,cooperative,venture,between,the
"Virginia State Police, the Town of Dublin Police Department, the Town","Virginia State Police, the Town of Dublin Police Department, the Town","Virginia State Police, the Town of Dublin Police Department, the Town","Virginia State Police, the Town of Dublin Police Department, the Town","Virginia State Police, the Town of Dublin Police Department, the Town","Virginia State Police, the Town of Dublin Police Department, the Town","Virginia State Police, the Town of Dublin Police Department, the Town","Virginia State Police, the Town of Dublin Police Department, the Town","Virginia State Police, the Town of Dublin Police Department, the Town","Virginia State Police, the Town of Dublin Police Department, the Town"
of,Pulaski,Police,"Department,","Department,",Pulaski,County,Sheriff’s,Sheriff’s,"Office,"
Wytheville,Wytheville,Sheriff’s,"Office,",and,the,Radford,Department,of,"Police,"
officers assigned to this task force have been successful in removing,officers assigned to this task force have been successful in removing,officers assigned to this task force have been successful in removing,officers assigned to this task force have been successful in removing,officers assigned to this task force have been successful in removing,officers assigned to this task force have been successful in removing,officers assigned to this task force have been successful in removing,officers assigned to this task force have been successful in removing,officers assigned to this task force have been successful in removing,officers assigned to this task force have been successful in removing
some of our more dangerous criminals from the street.,some of our more dangerous criminals from the street.,some of our more dangerous criminals from the street.,some of our more dangerous criminals from the street.,some of our more dangerous criminals from the street.,some of our more dangerous criminals from the street.,some of our more dangerous criminals from the street.,some of our more dangerous criminals from the street.,The following,The following
pages outline their successes over the past year.,pages outline their successes over the past year.,pages outline their successes over the past year.,pages outline their successes over the past year.,pages outline their successes over the past year.,pages outline their successes over the past year.,pages outline their successes over the past year.,,,
,,Total Weight of Substances,Total Weight of Substances,Total Weight of Substances,Total Weight of Substances,Total Weight of Substances,Total Weight of Substances,Total Weight of Substances,Total Weight of Substances
Controlled Substance,Controlled Substance,Purchased and/or Seized,Purchased and/or Seized,Purchased and/or Seized,Purchased and/or Seized,Purchased and/or Seized,Purchased and/or Seized,Purchased and/or Seized,Purchased and/or Seized
,,,In All Areas,In All Areas,In All Areas,,In City of Radford,In City of Radford,In City of Radford
Marijuana,,,"2,200 grams","2,200 grams","2,200 grams",,,896 grams,896 grams
Marijuana plants,Marijuana plants,,,280,,,,-,
Powder Cocaine,,,112 grams,112 grams,112 grams,,,126 grams,126 grams
Crack Cocaine,,,54 grams,54 grams,54 grams,,,12 grams,12 grams
Heroin,,,69 grams,69 grams,69 grams,,,0.125 grams,0.125 grams
Methamphetamine,Methamphetamine,,,208 gm,208 gm,,,-,
Oxycontin,,,,NP*,,,,24 pills,24 pills
Lortab,,,,NP*,,,,71 pills,71 pills
Klonopin,,,,NP*,,,,16 pills,16 pills
Xanax,,,,NP*,,,,68 pills,68 pills
Valium,,,,NP*,,,,10 pills,10 pills
Methadone,,,,NP*-,,,,-,
Morphine,,,,NP*,,,,9 pills,
Steroids,,,,NP*,,,,-,
Psilocin (Mushrooms),Psilocin (Mushrooms),,,NP*,,,,0.25 grams,0.25 grams
Saboxin,,,,NP*,,,,-,
Ecstacy/MDMA,,,10 doses,10 doses,10 doses,,,5 pills,
Percocet,,,,NP*,,,,49 pills,49 pills
Dilaudid,,,,NP*,,,,-,
Oxycodone,,,,NP*,,,,-,
Dronabinol,,,,NP*,,,,-,
Schedule II Narcotics,Schedule II Narcotics,,463 pills,463 pills,463 pills,,,NP*,
Schedule III Narcotics,Schedule III Narcotics,,202 pills,202 pills,202 pills,,,NP*,
Schedule IV Narcotics,Schedule IV Narcotics,,187 pills,187 pills,187 pills,,,NP*,
Schedule V Narcotics,Schedule V Narcotics,,,8 pills,8 pills,,,NP*,
Other Narcotics,,,11 doses,11 doses,11 doses,,,NP*,
Hallucinogens,,,12 doses,12 doses,12 doses,,,8 doses,8 doses
"*Due to variations in reporting, the agency did not provide that statistic","*Due to variations in reporting, the agency did not provide that statistic","*Due to variations in reporting, the agency did not provide that statistic","*Due to variations in reporting, the agency did not provide that statistic","*Due to variations in reporting, the agency did not provide that statistic","*Due to variations in reporting, the agency did not provide that statistic","*Due to variations in reporting, the agency did not provide that statistic","*Due to variations in reporting, the agency did not provide that statistic","*Due to variations in reporting, the agency did not provide that statistic",
,,,,- 12-,- 12-,,,,
