Name: “Table 1 of 1 on page 7 of 22”,Name: “Table 1 of 1 on page 7 of 22”,Name: “Table 1 of 1 on page 7 of 22”,Name: “Table 1 of 1 on page 7 of 22”,Name: “Table 1 of 1 on page 7 of 22”,Name: “Table 1 of 1 on page 7 of 22”,Name: “Table 1 of 1 on page 7 of 22”,Name: “Table 1 of 1 on page 7 of 22”,Name: “Table 1 of 1 on page 7 of 22”,Name: “Table 1 of 1 on page 7 of 22”,Name: “Table 1 of 1 on page 7 of 22”,Name: “Table 1 of 1 on page 7 of 22”
Table: 7,Table: 7,Table: 7,Table: 7,Table: 7,Table: 7,Table: 7,Table: 7,Table: 7,Table: 7,Table: 7,Table: 7
,,,,,,,,,,,
,,,,Animal Control,Animal Control,Animal Control,Animal Control,,,,
inistrative,,,,,,,,,,,
Services Division,,,,,,,,,,,
1253,,,,,,,,,,,
,,,1158,,,,,,,,
,,,,,,1094,,,,,
,,,,,,,,,,Animal Complaints,Animal Complaints
637,,,658,,,,,,,Animal Impounds,Animal Impounds
,,,,,,,516,,,Traps Set,Traps Set
,,,,,,,,,,Wildlife Euthanized,Wildlife Euthanized
313,,,,,,,,,,,
,,,,288,,,,293259,,Bite Exposures,Bite Exposures
185,,,,189,,,,,,,
,35,,,,28,,,,38,,
2007,,,2008,2008,,,2009,,,,
The,Radford,Radford,Department,Department,of,Police,Animal,Control,Control,Officers,are
dedicated,dedicated,to,serving,and,responding,responding,to,calls,involving,domestic,domestic
animals.,animals.,"2009 served as a difficult year for Animal Control, with one","2009 served as a difficult year for Animal Control, with one","2009 served as a difficult year for Animal Control, with one","2009 served as a difficult year for Animal Control, with one","2009 served as a difficult year for Animal Control, with one","2009 served as a difficult year for Animal Control, with one","2009 served as a difficult year for Animal Control, with one","2009 served as a difficult year for Animal Control, with one","2009 served as a difficult year for Animal Control, with one","2009 served as a difficult year for Animal Control, with one"
of the two officers being on extended leave.,of the two officers being on extended leave.,of the two officers being on extended leave.,of the two officers being on extended leave.,of the two officers being on extended leave.,of the two officers being on extended leave.,of the two officers being on extended leave.,of the two officers being on extended leave.,The Department rectified,The Department rectified,The Department rectified,The Department rectified
this loss by hiring a temporary part-time assistant to clean cages and,this loss by hiring a temporary part-time assistant to clean cages and,this loss by hiring a temporary part-time assistant to clean cages and,this loss by hiring a temporary part-time assistant to clean cages and,this loss by hiring a temporary part-time assistant to clean cages and,this loss by hiring a temporary part-time assistant to clean cages and,this loss by hiring a temporary part-time assistant to clean cages and,this loss by hiring a temporary part-time assistant to clean cages and,this loss by hiring a temporary part-time assistant to clean cages and,this loss by hiring a temporary part-time assistant to clean cages and,this loss by hiring a temporary part-time assistant to clean cages and,this loss by hiring a temporary part-time assistant to clean cages and
feed animals.,feed animals.,feed animals.,In addition to responding to animal control complaints,In addition to responding to animal control complaints,In addition to responding to animal control complaints,In addition to responding to animal control complaints,In addition to responding to animal control complaints,In addition to responding to animal control complaints,In addition to responding to animal control complaints,In addition to responding to animal control complaints,In addition to responding to animal control complaints
"and taking care of impounded animals, Animal Control Officers also","and taking care of impounded animals, Animal Control Officers also","and taking care of impounded animals, Animal Control Officers also","and taking care of impounded animals, Animal Control Officers also","and taking care of impounded animals, Animal Control Officers also","and taking care of impounded animals, Animal Control Officers also","and taking care of impounded animals, Animal Control Officers also","and taking care of impounded animals, Animal Control Officers also","and taking care of impounded animals, Animal Control Officers also","and taking care of impounded animals, Animal Control Officers also","and taking care of impounded animals, Animal Control Officers also","and taking care of impounded animals, Animal Control Officers also"
enforce violations of the City’s Animal Control Ordinances.,enforce violations of the City’s Animal Control Ordinances.,enforce violations of the City’s Animal Control Ordinances.,enforce violations of the City’s Animal Control Ordinances.,enforce violations of the City’s Animal Control Ordinances.,enforce violations of the City’s Animal Control Ordinances.,enforce violations of the City’s Animal Control Ordinances.,enforce violations of the City’s Animal Control Ordinances.,enforce violations of the City’s Animal Control Ordinances.,enforce violations of the City’s Animal Control Ordinances.,A total of,A total of
76 charges were placed in the year 2009,76 charges were placed in the year 2009,76 charges were placed in the year 2009,76 charges were placed in the year 2009,76 charges were placed in the year 2009,76 charges were placed in the year 2009,76 charges were placed in the year 2009,,,,,
,,,,,,- 7-,,,,,
