Name: “Table 1 of 1 on page 15 of 22”,Name: “Table 1 of 1 on page 15 of 22”,Name: “Table 1 of 1 on page 15 of 22”,Name: “Table 1 of 1 on page 15 of 22”,Name: “Table 1 of 1 on page 15 of 22”,Name: “Table 1 of 1 on page 15 of 22”,Name: “Table 1 of 1 on page 15 of 22”,Name: “Table 1 of 1 on page 15 of 22”,Name: “Table 1 of 1 on page 15 of 22”,Name: “Table 1 of 1 on page 15 of 22”,Name: “Table 1 of 1 on page 15 of 22”,Name: “Table 1 of 1 on page 15 of 22”
Table: 15,Table: 15,Table: 15,Table: 15,Table: 15,Table: 15,Table: 15,Table: 15,Table: 15,Table: 15,Table: 15,Table: 15
,,,,,,,,,,,
,,,,K-K99 OUfNfiIcTer,K-K99 OUfNfiIcTer,K-K99 OUfNfiIcTer,,,,,
The Radford Department of Police was able to fully implement the re-,The Radford Department of Police was able to fully implement the re-,The Radford Department of Police was able to fully implement the re-,The Radford Department of Police was able to fully implement the re-,The Radford Department of Police was able to fully implement the re-,The Radford Department of Police was able to fully implement the re-,The Radford Department of Police was able to fully implement the re-,The Radford Department of Police was able to fully implement the re-,The Radford Department of Police was able to fully implement the re-,The Radford Department of Police was able to fully implement the re-,The Radford Department of Police was able to fully implement the re-,The Radford Department of Police was able to fully implement the re-
developed K-9 Unit during the year 2009.,developed K-9 Unit during the year 2009.,developed K-9 Unit during the year 2009.,developed K-9 Unit during the year 2009.,developed K-9 Unit during the year 2009.,developed K-9 Unit during the year 2009.,developed K-9 Unit during the year 2009.,"In 2008, the Department","In 2008, the Department","In 2008, the Department","In 2008, the Department","In 2008, the Department"
"obtained two dogs, donated to us by other agencies.","obtained two dogs, donated to us by other agencies.","obtained two dogs, donated to us by other agencies.","obtained two dogs, donated to us by other agencies.","obtained two dogs, donated to us by other agencies.","obtained two dogs, donated to us by other agencies.","obtained two dogs, donated to us by other agencies.","obtained two dogs, donated to us by other agencies.",,"Additionally, in","Additionally, in","Additionally, in"
"2009, we were given a third K-9 unit which allows us to provide a K-9","2009, we were given a third K-9 unit which allows us to provide a K-9","2009, we were given a third K-9 unit which allows us to provide a K-9","2009, we were given a third K-9 unit which allows us to provide a K-9","2009, we were given a third K-9 unit which allows us to provide a K-9","2009, we were given a third K-9 unit which allows us to provide a K-9","2009, we were given a third K-9 unit which allows us to provide a K-9","2009, we were given a third K-9 unit which allows us to provide a K-9","2009, we were given a third K-9 unit which allows us to provide a K-9","2009, we were given a third K-9 unit which allows us to provide a K-9","2009, we were given a third K-9 unit which allows us to provide a K-9","2009, we were given a third K-9 unit which allows us to provide a K-9"
unit available virtually 24/7 for assistance to our Patrol Division and,unit available virtually 24/7 for assistance to our Patrol Division and,unit available virtually 24/7 for assistance to our Patrol Division and,unit available virtually 24/7 for assistance to our Patrol Division and,unit available virtually 24/7 for assistance to our Patrol Division and,unit available virtually 24/7 for assistance to our Patrol Division and,unit available virtually 24/7 for assistance to our Patrol Division and,unit available virtually 24/7 for assistance to our Patrol Division and,unit available virtually 24/7 for assistance to our Patrol Division and,unit available virtually 24/7 for assistance to our Patrol Division and,unit available virtually 24/7 for assistance to our Patrol Division and,unit available virtually 24/7 for assistance to our Patrol Division and
surrounding jurisdictions.,surrounding jurisdictions.,surrounding jurisdictions.,surrounding jurisdictions.,,,,,,,,
Boom is a Chocolate Labrador Retriever who is partnered with Officer,Boom is a Chocolate Labrador Retriever who is partnered with Officer,Boom is a Chocolate Labrador Retriever who is partnered with Officer,Boom is a Chocolate Labrador Retriever who is partnered with Officer,Boom is a Chocolate Labrador Retriever who is partnered with Officer,Boom is a Chocolate Labrador Retriever who is partnered with Officer,Boom is a Chocolate Labrador Retriever who is partnered with Officer,Boom is a Chocolate Labrador Retriever who is partnered with Officer,Boom is a Chocolate Labrador Retriever who is partnered with Officer,Boom is a Chocolate Labrador Retriever who is partnered with Officer,Boom is a Chocolate Labrador Retriever who is partnered with Officer,Boom is a Chocolate Labrador Retriever who is partnered with Officer
DS,Huffman.,,He,specializes,in,the,detection,of,explosives,explosives,and
weapons.,weapons.,,,,,,,,,,
Jake is a Yellow Labrador Retriever who is partnered with Officer RM,Jake is a Yellow Labrador Retriever who is partnered with Officer RM,Jake is a Yellow Labrador Retriever who is partnered with Officer RM,Jake is a Yellow Labrador Retriever who is partnered with Officer RM,Jake is a Yellow Labrador Retriever who is partnered with Officer RM,Jake is a Yellow Labrador Retriever who is partnered with Officer RM,Jake is a Yellow Labrador Retriever who is partnered with Officer RM,Jake is a Yellow Labrador Retriever who is partnered with Officer RM,Jake is a Yellow Labrador Retriever who is partnered with Officer RM,Jake is a Yellow Labrador Retriever who is partnered with Officer RM,Jake is a Yellow Labrador Retriever who is partnered with Officer RM,Jake is a Yellow Labrador Retriever who is partnered with Officer RM
Stulz.,His specialty area is that of narcotics.,His specialty area is that of narcotics.,His specialty area is that of narcotics.,His specialty area is that of narcotics.,His specialty area is that of narcotics.,His specialty area is that of narcotics.,,,,,
Ares is a German Shepherd who is partnered with Officer JM Crowder.,Ares is a German Shepherd who is partnered with Officer JM Crowder.,Ares is a German Shepherd who is partnered with Officer JM Crowder.,Ares is a German Shepherd who is partnered with Officer JM Crowder.,Ares is a German Shepherd who is partnered with Officer JM Crowder.,Ares is a German Shepherd who is partnered with Officer JM Crowder.,Ares is a German Shepherd who is partnered with Officer JM Crowder.,Ares is a German Shepherd who is partnered with Officer JM Crowder.,Ares is a German Shepherd who is partnered with Officer JM Crowder.,Ares is a German Shepherd who is partnered with Officer JM Crowder.,Ares is a German Shepherd who is partnered with Officer JM Crowder.,Ares is a German Shepherd who is partnered with Officer JM Crowder.
He also specialized in the detection of narcotics.,He also specialized in the detection of narcotics.,He also specialized in the detection of narcotics.,He also specialized in the detection of narcotics.,He also specialized in the detection of narcotics.,He also specialized in the detection of narcotics.,He also specialized in the detection of narcotics.,He also specialized in the detection of narcotics.,,,,
While the Department was glad to add these three wonderful additions,While the Department was glad to add these three wonderful additions,While the Department was glad to add these three wonderful additions,While the Department was glad to add these three wonderful additions,While the Department was glad to add these three wonderful additions,While the Department was glad to add these three wonderful additions,While the Department was glad to add these three wonderful additions,While the Department was glad to add these three wonderful additions,While the Department was glad to add these three wonderful additions,While the Department was glad to add these three wonderful additions,While the Department was glad to add these three wonderful additions,While the Department was glad to add these three wonderful additions
"to our roster, 2009 also served as a year of sadness for the K-9 Unit.","to our roster, 2009 also served as a year of sadness for the K-9 Unit.","to our roster, 2009 also served as a year of sadness for the K-9 Unit.","to our roster, 2009 also served as a year of sadness for the K-9 Unit.","to our roster, 2009 also served as a year of sadness for the K-9 Unit.","to our roster, 2009 also served as a year of sadness for the K-9 Unit.","to our roster, 2009 also served as a year of sadness for the K-9 Unit.","to our roster, 2009 also served as a year of sadness for the K-9 Unit.","to our roster, 2009 also served as a year of sadness for the K-9 Unit.","to our roster, 2009 also served as a year of sadness for the K-9 Unit.","to our roster, 2009 also served as a year of sadness for the K-9 Unit.","to our roster, 2009 also served as a year of sadness for the K-9 Unit."
"We lost a retired K-9 on May 24, 2009.","We lost a retired K-9 on May 24, 2009.","We lost a retired K-9 on May 24, 2009.","We lost a retired K-9 on May 24, 2009.","We lost a retired K-9 on May 24, 2009.","We lost a retired K-9 on May 24, 2009.",Dusty (who had been partnered,Dusty (who had been partnered,Dusty (who had been partnered,Dusty (who had been partnered,Dusty (who had been partnered,Dusty (who had been partnered
with,Sgt.,Chris,Caldwell),died,of,natural,causes.,,He,served,this
Department for six (6) years (2001-2007) and is greatly missed.,Department for six (6) years (2001-2007) and is greatly missed.,Department for six (6) years (2001-2007) and is greatly missed.,Department for six (6) years (2001-2007) and is greatly missed.,Department for six (6) years (2001-2007) and is greatly missed.,Department for six (6) years (2001-2007) and is greatly missed.,Department for six (6) years (2001-2007) and is greatly missed.,Department for six (6) years (2001-2007) and is greatly missed.,Department for six (6) years (2001-2007) and is greatly missed.,Department for six (6) years (2001-2007) and is greatly missed.,Department for six (6) years (2001-2007) and is greatly missed.,
,,,,- 15-,- 15-,,,,,,
