Name: “Table 1 of 1 on page 14 of 22”,Name: “Table 1 of 1 on page 14 of 22”,Name: “Table 1 of 1 on page 14 of 22”,Name: “Table 1 of 1 on page 14 of 22”,Name: “Table 1 of 1 on page 14 of 22”,Name: “Table 1 of 1 on page 14 of 22”,Name: “Table 1 of 1 on page 14 of 22”,Name: “Table 1 of 1 on page 14 of 22”,Name: “Table 1 of 1 on page 14 of 22”,Name: “Table 1 of 1 on page 14 of 22”
Table: 14,Table: 14,Table: 14,Table: 14,Table: 14,Table: 14,Table: 14,Table: 14,Table: 14,Table: 14
,,,,,,,,,
,,School Resource Officer,School Resource Officer,School Resource Officer,School Resource Officer,School Resource Officer,School Resource Officer,,
,,,Major Crimes in the Schools,Major Crimes in the Schools,Major Crimes in the Schools,Major Crimes in the Schools,,,
,,30,,,,,,,
,,,,27,27,,,,
,,,,,,,25,,
,,2007,,2008,2008,,2009,,
Our,School,Resource,Officer,is,dedicated,to,providing,safety,and
security in the four schools located in the City of Radford.,security in the four schools located in the City of Radford.,security in the four schools located in the City of Radford.,security in the four schools located in the City of Radford.,security in the four schools located in the City of Radford.,security in the four schools located in the City of Radford.,security in the four schools located in the City of Radford.,security in the four schools located in the City of Radford.,Some of the,Some of the
"duties include controlling disruptive students, parents, and guardians,","duties include controlling disruptive students, parents, and guardians,","duties include controlling disruptive students, parents, and guardians,","duties include controlling disruptive students, parents, and guardians,","duties include controlling disruptive students, parents, and guardians,","duties include controlling disruptive students, parents, and guardians,","duties include controlling disruptive students, parents, and guardians,","duties include controlling disruptive students, parents, and guardians,","duties include controlling disruptive students, parents, and guardians,","duties include controlling disruptive students, parents, and guardians,"
"truancy, DARE instruction, and the investigation of crime that occurs","truancy, DARE instruction, and the investigation of crime that occurs","truancy, DARE instruction, and the investigation of crime that occurs","truancy, DARE instruction, and the investigation of crime that occurs","truancy, DARE instruction, and the investigation of crime that occurs","truancy, DARE instruction, and the investigation of crime that occurs","truancy, DARE instruction, and the investigation of crime that occurs","truancy, DARE instruction, and the investigation of crime that occurs","truancy, DARE instruction, and the investigation of crime that occurs","truancy, DARE instruction, and the investigation of crime that occurs"
at their respective schools. The reduction of a School Resource officer,at their respective schools. The reduction of a School Resource officer,at their respective schools. The reduction of a School Resource officer,at their respective schools. The reduction of a School Resource officer,at their respective schools. The reduction of a School Resource officer,at their respective schools. The reduction of a School Resource officer,at their respective schools. The reduction of a School Resource officer,at their respective schools. The reduction of a School Resource officer,at their respective schools. The reduction of a School Resource officer,at their respective schools. The reduction of a School Resource officer
"in 2009 means that one officer splits his time between the High School,","in 2009 means that one officer splits his time between the High School,","in 2009 means that one officer splits his time between the High School,","in 2009 means that one officer splits his time between the High School,","in 2009 means that one officer splits his time between the High School,","in 2009 means that one officer splits his time between the High School,","in 2009 means that one officer splits his time between the High School,","in 2009 means that one officer splits his time between the High School,","in 2009 means that one officer splits his time between the High School,","in 2009 means that one officer splits his time between the High School,"
"Dalton Intermediate, and both of the elementary schools.","Dalton Intermediate, and both of the elementary schools.","Dalton Intermediate, and both of the elementary schools.","Dalton Intermediate, and both of the elementary schools.","Dalton Intermediate, and both of the elementary schools.","Dalton Intermediate, and both of the elementary schools.","Dalton Intermediate, and both of the elementary schools.","Dalton Intermediate, and both of the elementary schools.",,
,,,,- 14-,- 14-,,,,
