Name: “Table 1 of 1 on page 6 of 22”,Name: “Table 1 of 1 on page 6 of 22”,Name: “Table 1 of 1 on page 6 of 22”,Name: “Table 1 of 1 on page 6 of 22”,Name: “Table 1 of 1 on page 6 of 22”,Name: “Table 1 of 1 on page 6 of 22”,Name: “Table 1 of 1 on page 6 of 22”,Name: “Table 1 of 1 on page 6 of 22”,Name: “Table 1 of 1 on page 6 of 22”,Name: “Table 1 of 1 on page 6 of 22”,Name: “Table 1 of 1 on page 6 of 22”,Name: “Table 1 of 1 on page 6 of 22”,Name: “Table 1 of 1 on page 6 of 22”,Name: “Table 1 of 1 on page 6 of 22”,Name: “Table 1 of 1 on page 6 of 22”
Table: 6,Table: 6,Table: 6,Table: 6,Table: 6,Table: 6,Table: 6,Table: 6,Table: 6,Table: 6,Table: 6,Table: 6,Table: 6,Table: 6,Table: 6
,,,,,,,,,,,,,,
,,,Citizen Involvement,Citizen Involvement,Citizen Involvement,Citizen Involvement,Citizen Involvement,Citizen Involvement,Citizen Involvement,Citizen Involvement,,,,
The,Radford,,Department,Department,Department,of,,,,,,,,
,,,,,,,,,Citizen Ride Alongs,Citizen Ride Alongs,Citizen Ride Alongs,,,
Police,offers,a,Citizen,Citizen,Ride-,Ride-,,,,,,,,
Along Program to the citizens of,Along Program to the citizens of,Along Program to the citizens of,Along Program to the citizens of,Along Program to the citizens of,Along Program to the citizens of,Along Program to the citizens of,,142,,,,,,
Radford.,Radford.,The,program,program,allows,allows,,,,,,,,
citizens to ride with and observe,citizens to ride with and observe,citizens to ride with and observe,citizens to ride with and observe,citizens to ride with and observe,citizens to ride with and observe,citizens to ride with and observe,,,,111,111,,,
police,officers,,while,while,they,are,,,,,,,,
,,,,,,,,,,,,,69,
performing their routine duties.,performing their routine duties.,performing their routine duties.,performing their routine duties.,performing their routine duties.,performing their routine duties.,performing their routine duties.,,,,,,,,
Those participating in the Ride,Those participating in the Ride,Those participating in the Ride,Those participating in the Ride,Those participating in the Ride,Those participating in the Ride,Those participating in the Ride,,,,,,,,
Along,Program,Program,,have,been:,been:,,,,,,,,
University,University,students,students,completing,completing,completing,,,,,,,,
class,"projects,","projects,",potential,potential,police,police,,2007,,2008,2008,,2009,2009
"applicants,","applicants,",citizens,citizens,new,to,the,,,,,,,,
City,interested,interested,in,getting,getting,to,know,the,"community,","community,",Departmental,Departmental,Departmental,Departmental
"family members, and a large quantity of citizens who just wanted to","family members, and a large quantity of citizens who just wanted to","family members, and a large quantity of citizens who just wanted to","family members, and a large quantity of citizens who just wanted to","family members, and a large quantity of citizens who just wanted to","family members, and a large quantity of citizens who just wanted to","family members, and a large quantity of citizens who just wanted to","family members, and a large quantity of citizens who just wanted to","family members, and a large quantity of citizens who just wanted to","family members, and a large quantity of citizens who just wanted to","family members, and a large quantity of citizens who just wanted to","family members, and a large quantity of citizens who just wanted to","family members, and a large quantity of citizens who just wanted to","family members, and a large quantity of citizens who just wanted to","family members, and a large quantity of citizens who just wanted to"
learn about the Radford Department of Police. Above is a comparison,learn about the Radford Department of Police. Above is a comparison,learn about the Radford Department of Police. Above is a comparison,learn about the Radford Department of Police. Above is a comparison,learn about the Radford Department of Police. Above is a comparison,learn about the Radford Department of Police. Above is a comparison,learn about the Radford Department of Police. Above is a comparison,learn about the Radford Department of Police. Above is a comparison,learn about the Radford Department of Police. Above is a comparison,learn about the Radford Department of Police. Above is a comparison,learn about the Radford Department of Police. Above is a comparison,learn about the Radford Department of Police. Above is a comparison,learn about the Radford Department of Police. Above is a comparison,learn about the Radford Department of Police. Above is a comparison,learn about the Radford Department of Police. Above is a comparison
of citizen participation in this program for the last three years.,of citizen participation in this program for the last three years.,of citizen participation in this program for the last three years.,of citizen participation in this program for the last three years.,of citizen participation in this program for the last three years.,of citizen participation in this program for the last three years.,of citizen participation in this program for the last three years.,of citizen participation in this program for the last three years.,of citizen participation in this program for the last three years.,of citizen participation in this program for the last three years.,of citizen participation in this program for the last three years.,of citizen participation in this program for the last three years.,,,
The Department was honored to hold the City of Radford Department,The Department was honored to hold the City of Radford Department,The Department was honored to hold the City of Radford Department,The Department was honored to hold the City of Radford Department,The Department was honored to hold the City of Radford Department,The Department was honored to hold the City of Radford Department,The Department was honored to hold the City of Radford Department,The Department was honored to hold the City of Radford Department,The Department was honored to hold the City of Radford Department,The Department was honored to hold the City of Radford Department,The Department was honored to hold the City of Radford Department,The Department was honored to hold the City of Radford Department,The Department was honored to hold the City of Radford Department,The Department was honored to hold the City of Radford Department,The Department was honored to hold the City of Radford Department
of Police First Annual Citizen’s Academy in 2009.,of Police First Annual Citizen’s Academy in 2009.,of Police First Annual Citizen’s Academy in 2009.,of Police First Annual Citizen’s Academy in 2009.,of Police First Annual Citizen’s Academy in 2009.,of Police First Annual Citizen’s Academy in 2009.,of Police First Annual Citizen’s Academy in 2009.,of Police First Annual Citizen’s Academy in 2009.,of Police First Annual Citizen’s Academy in 2009.,of Police First Annual Citizen’s Academy in 2009.,The objects of the,The objects of the,The objects of the,The objects of the,The objects of the
academy are as follows:,academy are as follows:,academy are as follows:,academy are as follows:,academy are as follows:,,,,,,,,,,
,To familiarize the citizens of Radford with the organization and,To familiarize the citizens of Radford with the organization and,To familiarize the citizens of Radford with the organization and,To familiarize the citizens of Radford with the organization and,To familiarize the citizens of Radford with the organization and,To familiarize the citizens of Radford with the organization and,To familiarize the citizens of Radford with the organization and,To familiarize the citizens of Radford with the organization and,To familiarize the citizens of Radford with the organization and,To familiarize the citizens of Radford with the organization and,To familiarize the citizens of Radford with the organization and,To familiarize the citizens of Radford with the organization and,To familiarize the citizens of Radford with the organization and,To familiarize the citizens of Radford with the organization and
,function of the Radford Department of Police.,function of the Radford Department of Police.,function of the Radford Department of Police.,function of the Radford Department of Police.,function of the Radford Department of Police.,function of the Radford Department of Police.,function of the Radford Department of Police.,function of the Radford Department of Police.,function of the Radford Department of Police.,,,,,
,To give the citizens a better understanding of the parameters in,To give the citizens a better understanding of the parameters in,To give the citizens a better understanding of the parameters in,To give the citizens a better understanding of the parameters in,To give the citizens a better understanding of the parameters in,To give the citizens a better understanding of the parameters in,To give the citizens a better understanding of the parameters in,To give the citizens a better understanding of the parameters in,To give the citizens a better understanding of the parameters in,To give the citizens a better understanding of the parameters in,To give the citizens a better understanding of the parameters in,To give the citizens a better understanding of the parameters in,To give the citizens a better understanding of the parameters in,To give the citizens a better understanding of the parameters in
,which an officer functions and why officers handle situations as,which an officer functions and why officers handle situations as,which an officer functions and why officers handle situations as,which an officer functions and why officers handle situations as,which an officer functions and why officers handle situations as,which an officer functions and why officers handle situations as,which an officer functions and why officers handle situations as,which an officer functions and why officers handle situations as,which an officer functions and why officers handle situations as,which an officer functions and why officers handle situations as,which an officer functions and why officers handle situations as,which an officer functions and why officers handle situations as,which an officer functions and why officers handle situations as,which an officer functions and why officers handle situations as
,they do.,,,,,,,,,,,,,
,To develop citizen awareness and understanding of the role of,To develop citizen awareness and understanding of the role of,To develop citizen awareness and understanding of the role of,To develop citizen awareness and understanding of the role of,To develop citizen awareness and understanding of the role of,To develop citizen awareness and understanding of the role of,To develop citizen awareness and understanding of the role of,To develop citizen awareness and understanding of the role of,To develop citizen awareness and understanding of the role of,To develop citizen awareness and understanding of the role of,To develop citizen awareness and understanding of the role of,To develop citizen awareness and understanding of the role of,To develop citizen awareness and understanding of the role of,To develop citizen awareness and understanding of the role of
,law enforcement.,law enforcement.,law enforcement.,law enforcement.,,,,,,,,,,
,To,promote,promote,a,positive,positive,image,and,base,of,support,among,among,among
,members of the Radford community.,members of the Radford community.,members of the Radford community.,members of the Radford community.,members of the Radford community.,members of the Radford community.,members of the Radford community.,members of the Radford community.,,,,,,
,To,develop,a,nucleus,nucleus,of,well-informed,well-informed,citizens,citizens,who,can,be,a
,resource,resource,for,the,community,community,community,in,promoting,promoting,understanding,understanding,understanding,understanding
,between the community and the Police Department,between the community and the Police Department,between the community and the Police Department,between the community and the Police Department,between the community and the Police Department,between the community and the Police Department,between the community and the Police Department,between the community and the Police Department,between the community and the Police Department,between the community and the Police Department,between the community and the Police Department,,,
We are honored to have as the graduates of the First Annual Citizen’s,We are honored to have as the graduates of the First Annual Citizen’s,We are honored to have as the graduates of the First Annual Citizen’s,We are honored to have as the graduates of the First Annual Citizen’s,We are honored to have as the graduates of the First Annual Citizen’s,We are honored to have as the graduates of the First Annual Citizen’s,We are honored to have as the graduates of the First Annual Citizen’s,We are honored to have as the graduates of the First Annual Citizen’s,We are honored to have as the graduates of the First Annual Citizen’s,We are honored to have as the graduates of the First Annual Citizen’s,We are honored to have as the graduates of the First Annual Citizen’s,We are honored to have as the graduates of the First Annual Citizen’s,We are honored to have as the graduates of the First Annual Citizen’s,We are honored to have as the graduates of the First Annual Citizen’s,We are honored to have as the graduates of the First Annual Citizen’s
Academy the following outstanding citizens of the City of Radford:,Academy the following outstanding citizens of the City of Radford:,Academy the following outstanding citizens of the City of Radford:,Academy the following outstanding citizens of the City of Radford:,Academy the following outstanding citizens of the City of Radford:,Academy the following outstanding citizens of the City of Radford:,Academy the following outstanding citizens of the City of Radford:,Academy the following outstanding citizens of the City of Radford:,Academy the following outstanding citizens of the City of Radford:,Academy the following outstanding citizens of the City of Radford:,Academy the following outstanding citizens of the City of Radford:,Academy the following outstanding citizens of the City of Radford:,Academy the following outstanding citizens of the City of Radford:,Academy the following outstanding citizens of the City of Radford:,
,Russell Brewster,Russell Brewster,Russell Brewster,Russell Brewster,,,,Bruce Brown,Bruce Brown,,,,,
,Barton Compton,Barton Compton,Barton Compton,Barton Compton,,,,Patricia Fluke,Patricia Fluke,Patricia Fluke,,,,
,Robert Gropman,Robert Gropman,Robert Gropman,Robert Gropman,,,,Richard Harshberger,Richard Harshberger,Richard Harshberger,Richard Harshberger,,,
,Darrell Mullins,Darrell Mullins,Darrell Mullins,Darrell Mullins,,,,Norleen Pomerantz,Norleen Pomerantz,Norleen Pomerantz,Norleen Pomerantz,,,
,Renie Price,Renie Price,,,,,,Larry Wallker,Larry Wallker,Larry Wallker,,,,
,,,,,,,- 6-,,,,,,,
