Name: “Table 1 of 1 on page 11 of 22”,Name: “Table 1 of 1 on page 11 of 22”,Name: “Table 1 of 1 on page 11 of 22”,Name: “Table 1 of 1 on page 11 of 22”,Name: “Table 1 of 1 on page 11 of 22”,Name: “Table 1 of 1 on page 11 of 22”,Name: “Table 1 of 1 on page 11 of 22”,Name: “Table 1 of 1 on page 11 of 22”,Name: “Table 1 of 1 on page 11 of 22”,Name: “Table 1 of 1 on page 11 of 22”,Name: “Table 1 of 1 on page 11 of 22”,Name: “Table 1 of 1 on page 11 of 22”,Name: “Table 1 of 1 on page 11 of 22”,Name: “Table 1 of 1 on page 11 of 22”,Name: “Table 1 of 1 on page 11 of 22”
Table: 11,Table: 11,Table: 11,Table: 11,Table: 11,Table: 11,Table: 11,Table: 11,Table: 11,Table: 11,Table: 11,Table: 11,Table: 11,Table: 11,Table: 11
,,,,,,,,,,,,,,
,Criminal Investigations Bureau,Criminal Investigations Bureau,Criminal Investigations Bureau,Criminal Investigations Bureau,Criminal Investigations Bureau,Criminal Investigations Bureau,Criminal Investigations Bureau,Criminal Investigations Bureau,Criminal Investigations Bureau,Criminal Investigations Bureau,Criminal Investigations Bureau,Criminal Investigations Bureau,,
"The Criminal Investigations Bureau is staffed by three Detectives, a","The Criminal Investigations Bureau is staffed by three Detectives, a","The Criminal Investigations Bureau is staffed by three Detectives, a","The Criminal Investigations Bureau is staffed by three Detectives, a","The Criminal Investigations Bureau is staffed by three Detectives, a","The Criminal Investigations Bureau is staffed by three Detectives, a","The Criminal Investigations Bureau is staffed by three Detectives, a","The Criminal Investigations Bureau is staffed by three Detectives, a","The Criminal Investigations Bureau is staffed by three Detectives, a","The Criminal Investigations Bureau is staffed by three Detectives, a","The Criminal Investigations Bureau is staffed by three Detectives, a","The Criminal Investigations Bureau is staffed by three Detectives, a","The Criminal Investigations Bureau is staffed by three Detectives, a","The Criminal Investigations Bureau is staffed by three Detectives, a","The Criminal Investigations Bureau is staffed by three Detectives, a"
Sergeant,Sergeant,(CL,"Caldwell),","Caldwell),",and,a,Lieutenant,Lieutenant,Lieutenant,Lieutenant,(RA,Wilburn).,One,One
Detective is assigned to the State Police Drug Task Force and works,Detective is assigned to the State Police Drug Task Force and works,Detective is assigned to the State Police Drug Task Force and works,Detective is assigned to the State Police Drug Task Force and works,Detective is assigned to the State Police Drug Task Force and works,Detective is assigned to the State Police Drug Task Force and works,Detective is assigned to the State Police Drug Task Force and works,Detective is assigned to the State Police Drug Task Force and works,Detective is assigned to the State Police Drug Task Force and works,Detective is assigned to the State Police Drug Task Force and works,Detective is assigned to the State Police Drug Task Force and works,Detective is assigned to the State Police Drug Task Force and works,Detective is assigned to the State Police Drug Task Force and works,Detective is assigned to the State Police Drug Task Force and works,Detective is assigned to the State Police Drug Task Force and works
primarily cases involving drugs.,primarily cases involving drugs.,primarily cases involving drugs.,primarily cases involving drugs.,primarily cases involving drugs.,primarily cases involving drugs.,,,,,,,,,
2009,was,busier,busier,than,2008,for,the,Criminal,Criminal,Criminal,Investigations,Investigations,Bureau,Bureau
which,worked,worked,worked,approximately,approximately,,228,more,more,cases.,cases.,The,Criminal,Criminal
Investigations Bureau worked one (1) homicide during 2009.,Investigations Bureau worked one (1) homicide during 2009.,Investigations Bureau worked one (1) homicide during 2009.,Investigations Bureau worked one (1) homicide during 2009.,Investigations Bureau worked one (1) homicide during 2009.,Investigations Bureau worked one (1) homicide during 2009.,Investigations Bureau worked one (1) homicide during 2009.,Investigations Bureau worked one (1) homicide during 2009.,Investigations Bureau worked one (1) homicide during 2009.,Investigations Bureau worked one (1) homicide during 2009.,Investigations Bureau worked one (1) homicide during 2009.,Investigations Bureau worked one (1) homicide during 2009.,Investigations Bureau worked one (1) homicide during 2009.,During,During
the initial (and most important for evidence recovery) three days of the,the initial (and most important for evidence recovery) three days of the,the initial (and most important for evidence recovery) three days of the,the initial (and most important for evidence recovery) three days of the,the initial (and most important for evidence recovery) three days of the,the initial (and most important for evidence recovery) three days of the,the initial (and most important for evidence recovery) three days of the,the initial (and most important for evidence recovery) three days of the,the initial (and most important for evidence recovery) three days of the,the initial (and most important for evidence recovery) three days of the,the initial (and most important for evidence recovery) three days of the,the initial (and most important for evidence recovery) three days of the,the initial (and most important for evidence recovery) three days of the,the initial (and most important for evidence recovery) three days of the,the initial (and most important for evidence recovery) three days of the
"investigation, four detectives worked almost sixty hours non-stop until","investigation, four detectives worked almost sixty hours non-stop until","investigation, four detectives worked almost sixty hours non-stop until","investigation, four detectives worked almost sixty hours non-stop until","investigation, four detectives worked almost sixty hours non-stop until","investigation, four detectives worked almost sixty hours non-stop until","investigation, four detectives worked almost sixty hours non-stop until","investigation, four detectives worked almost sixty hours non-stop until","investigation, four detectives worked almost sixty hours non-stop until","investigation, four detectives worked almost sixty hours non-stop until","investigation, four detectives worked almost sixty hours non-stop until","investigation, four detectives worked almost sixty hours non-stop until","investigation, four detectives worked almost sixty hours non-stop until","investigation, four detectives worked almost sixty hours non-stop until","investigation, four detectives worked almost sixty hours non-stop until"
the arrest was made.,the arrest was made.,the arrest was made.,the arrest was made.,,,,,,,,,,,
The Uniform Criminal Investigation Program continues to be a viable,The Uniform Criminal Investigation Program continues to be a viable,The Uniform Criminal Investigation Program continues to be a viable,The Uniform Criminal Investigation Program continues to be a viable,The Uniform Criminal Investigation Program continues to be a viable,The Uniform Criminal Investigation Program continues to be a viable,The Uniform Criminal Investigation Program continues to be a viable,The Uniform Criminal Investigation Program continues to be a viable,The Uniform Criminal Investigation Program continues to be a viable,The Uniform Criminal Investigation Program continues to be a viable,The Uniform Criminal Investigation Program continues to be a viable,The Uniform Criminal Investigation Program continues to be a viable,The Uniform Criminal Investigation Program continues to be a viable,The Uniform Criminal Investigation Program continues to be a viable,The Uniform Criminal Investigation Program continues to be a viable
training,program,program,program,since,it’s,inception,inception,in,2008.,2008.,This,program,allows,allows
Patrol Officers to gain valuable investigative experience by working in,Patrol Officers to gain valuable investigative experience by working in,Patrol Officers to gain valuable investigative experience by working in,Patrol Officers to gain valuable investigative experience by working in,Patrol Officers to gain valuable investigative experience by working in,Patrol Officers to gain valuable investigative experience by working in,Patrol Officers to gain valuable investigative experience by working in,Patrol Officers to gain valuable investigative experience by working in,Patrol Officers to gain valuable investigative experience by working in,Patrol Officers to gain valuable investigative experience by working in,Patrol Officers to gain valuable investigative experience by working in,Patrol Officers to gain valuable investigative experience by working in,Patrol Officers to gain valuable investigative experience by working in,Patrol Officers to gain valuable investigative experience by working in,Patrol Officers to gain valuable investigative experience by working in
the Criminal Investigations Bureau for a total of eight weeks.,the Criminal Investigations Bureau for a total of eight weeks.,the Criminal Investigations Bureau for a total of eight weeks.,the Criminal Investigations Bureau for a total of eight weeks.,the Criminal Investigations Bureau for a total of eight weeks.,the Criminal Investigations Bureau for a total of eight weeks.,the Criminal Investigations Bureau for a total of eight weeks.,the Criminal Investigations Bureau for a total of eight weeks.,the Criminal Investigations Bureau for a total of eight weeks.,the Criminal Investigations Bureau for a total of eight weeks.,the Criminal Investigations Bureau for a total of eight weeks.,the Criminal Investigations Bureau for a total of eight weeks.,the Criminal Investigations Bureau for a total of eight weeks.,Three,Three
(3) Patrol Officers were assigned this duty in 2009 and worked a total,(3) Patrol Officers were assigned this duty in 2009 and worked a total,(3) Patrol Officers were assigned this duty in 2009 and worked a total,(3) Patrol Officers were assigned this duty in 2009 and worked a total,(3) Patrol Officers were assigned this duty in 2009 and worked a total,(3) Patrol Officers were assigned this duty in 2009 and worked a total,(3) Patrol Officers were assigned this duty in 2009 and worked a total,(3) Patrol Officers were assigned this duty in 2009 and worked a total,(3) Patrol Officers were assigned this duty in 2009 and worked a total,(3) Patrol Officers were assigned this duty in 2009 and worked a total,(3) Patrol Officers were assigned this duty in 2009 and worked a total,(3) Patrol Officers were assigned this duty in 2009 and worked a total,(3) Patrol Officers were assigned this duty in 2009 and worked a total,(3) Patrol Officers were assigned this duty in 2009 and worked a total,(3) Patrol Officers were assigned this duty in 2009 and worked a total
of 114 cases during that time.,of 114 cases during that time.,of 114 cases during that time.,of 114 cases during that time.,of 114 cases during that time.,of 114 cases during that time.,,,,,,,,,
In 2009 the Criminal Investigations Bureau was able to remove from,In 2009 the Criminal Investigations Bureau was able to remove from,In 2009 the Criminal Investigations Bureau was able to remove from,In 2009 the Criminal Investigations Bureau was able to remove from,In 2009 the Criminal Investigations Bureau was able to remove from,In 2009 the Criminal Investigations Bureau was able to remove from,In 2009 the Criminal Investigations Bureau was able to remove from,In 2009 the Criminal Investigations Bureau was able to remove from,In 2009 the Criminal Investigations Bureau was able to remove from,In 2009 the Criminal Investigations Bureau was able to remove from,In 2009 the Criminal Investigations Bureau was able to remove from,In 2009 the Criminal Investigations Bureau was able to remove from,In 2009 the Criminal Investigations Bureau was able to remove from,In 2009 the Criminal Investigations Bureau was able to remove from,In 2009 the Criminal Investigations Bureau was able to remove from
service an almost twenty year old ambulance that it used as its crime,service an almost twenty year old ambulance that it used as its crime,service an almost twenty year old ambulance that it used as its crime,service an almost twenty year old ambulance that it used as its crime,service an almost twenty year old ambulance that it used as its crime,service an almost twenty year old ambulance that it used as its crime,service an almost twenty year old ambulance that it used as its crime,service an almost twenty year old ambulance that it used as its crime,service an almost twenty year old ambulance that it used as its crime,service an almost twenty year old ambulance that it used as its crime,service an almost twenty year old ambulance that it used as its crime,service an almost twenty year old ambulance that it used as its crime,service an almost twenty year old ambulance that it used as its crime,service an almost twenty year old ambulance that it used as its crime,service an almost twenty year old ambulance that it used as its crime
scene van and replace it with a fifteen passenger van.,scene van and replace it with a fifteen passenger van.,scene van and replace it with a fifteen passenger van.,scene van and replace it with a fifteen passenger van.,scene van and replace it with a fifteen passenger van.,scene van and replace it with a fifteen passenger van.,scene van and replace it with a fifteen passenger van.,scene van and replace it with a fifteen passenger van.,scene van and replace it with a fifteen passenger van.,scene van and replace it with a fifteen passenger van.,scene van and replace it with a fifteen passenger van.,scene van and replace it with a fifteen passenger van.,This van has,This van has,This van has
been retrofitted to meets the needs of CIB for use as a crime scene van.,been retrofitted to meets the needs of CIB for use as a crime scene van.,been retrofitted to meets the needs of CIB for use as a crime scene van.,been retrofitted to meets the needs of CIB for use as a crime scene van.,been retrofitted to meets the needs of CIB for use as a crime scene van.,been retrofitted to meets the needs of CIB for use as a crime scene van.,been retrofitted to meets the needs of CIB for use as a crime scene van.,been retrofitted to meets the needs of CIB for use as a crime scene van.,been retrofitted to meets the needs of CIB for use as a crime scene van.,been retrofitted to meets the needs of CIB for use as a crime scene van.,been retrofitted to meets the needs of CIB for use as a crime scene van.,been retrofitted to meets the needs of CIB for use as a crime scene van.,been retrofitted to meets the needs of CIB for use as a crime scene van.,been retrofitted to meets the needs of CIB for use as a crime scene van.,been retrofitted to meets the needs of CIB for use as a crime scene van.
Some new equipment was added to the Bureau which included a new,Some new equipment was added to the Bureau which included a new,Some new equipment was added to the Bureau which included a new,Some new equipment was added to the Bureau which included a new,Some new equipment was added to the Bureau which included a new,Some new equipment was added to the Bureau which included a new,Some new equipment was added to the Bureau which included a new,Some new equipment was added to the Bureau which included a new,Some new equipment was added to the Bureau which included a new,Some new equipment was added to the Bureau which included a new,Some new equipment was added to the Bureau which included a new,Some new equipment was added to the Bureau which included a new,Some new equipment was added to the Bureau which included a new,Some new equipment was added to the Bureau which included a new,Some new equipment was added to the Bureau which included a new
Nikon,D90,D90,camera.,,This,camera,camera,is,the,same,type,used,by,the
Department of Forensic Science and is what most of the Detectives are,Department of Forensic Science and is what most of the Detectives are,Department of Forensic Science and is what most of the Detectives are,Department of Forensic Science and is what most of the Detectives are,Department of Forensic Science and is what most of the Detectives are,Department of Forensic Science and is what most of the Detectives are,Department of Forensic Science and is what most of the Detectives are,Department of Forensic Science and is what most of the Detectives are,Department of Forensic Science and is what most of the Detectives are,Department of Forensic Science and is what most of the Detectives are,Department of Forensic Science and is what most of the Detectives are,Department of Forensic Science and is what most of the Detectives are,Department of Forensic Science and is what most of the Detectives are,Department of Forensic Science and is what most of the Detectives are,Department of Forensic Science and is what most of the Detectives are
currently trained to use.,currently trained to use.,currently trained to use.,currently trained to use.,currently trained to use.,,,,,,,,,,
Below,is,a,chart,that,shows,the,type,type,of,cases,"worked,",the,number,number
worked and the percentage that were cleared:,worked and the percentage that were cleared:,worked and the percentage that were cleared:,worked and the percentage that were cleared:,worked and the percentage that were cleared:,worked and the percentage that were cleared:,worked and the percentage that were cleared:,worked and the percentage that were cleared:,worked and the percentage that were cleared:,worked and the percentage that were cleared:,worked and the percentage that were cleared:,,,,
Homicide,,,1,,Larceny,Larceny,,,,185,,Clearance Rates,Clearance Rates,Clearance Rates
Kidnapping,,,1,,MV Theft,MV Theft,,,,8,,Case is Active,Case is Active,13%
Sex Offense,,,36,,Vandalism,Vandalism,,,,127,,Case is Inactive,Case is Inactive,61%
Robbery,,,8,,,Death,,,,8,Cleared by Arrest,Cleared by Arrest,Cleared by Arrest,14%
Assault,,,45,,Forgery/Fraud,Forgery/Fraud,Forgery/Fraud,,,41,Case is Unfounded,Case is Unfounded,Case is Unfounded,6%
Arson,,,4,,Other Offenses,Other Offenses,Other Offenses,,,79,,Cleared by Other,Cleared by Other,6%
Burglary,,,145,,Drug Offenses,Drug Offenses,Drug Offenses,,,78,,,,
,,,TOTAL,TOTAL,775,,,,,,,,,
,,,,,,- 11-,- 11-,,,,,,,
