Name: “Table 1 of 1 on page 16 of 22”,Name: “Table 1 of 1 on page 16 of 22”,Name: “Table 1 of 1 on page 16 of 22”,Name: “Table 1 of 1 on page 16 of 22”,Name: “Table 1 of 1 on page 16 of 22”,Name: “Table 1 of 1 on page 16 of 22”,Name: “Table 1 of 1 on page 16 of 22”,Name: “Table 1 of 1 on page 16 of 22”,Name: “Table 1 of 1 on page 16 of 22”,Name: “Table 1 of 1 on page 16 of 22”,Name: “Table 1 of 1 on page 16 of 22”
Table: 16,Table: 16,Table: 16,Table: 16,Table: 16,Table: 16,Table: 16,Table: 16,Table: 16,Table: 16,Table: 16
,,,,,,,,,,
,,Group “A” Offenses,Group “A” Offenses,Group “A” Offenses,Group “A” Offenses,Group “A” Offenses,Group “A” Offenses,,,
The,following,pages,outline,the,Group,“A”,offenses,for,2009,as
compared to,that of,2008.,Group “A” offenses are considered major,Group “A” offenses are considered major,Group “A” offenses are considered major,Group “A” offenses are considered major,Group “A” offenses are considered major,Group “A” offenses are considered major,Group “A” offenses are considered major,Group “A” offenses are considered major
crimes and are reported to the State as UCR Offenses.,crimes and are reported to the State as UCR Offenses.,crimes and are reported to the State as UCR Offenses.,crimes and are reported to the State as UCR Offenses.,crimes and are reported to the State as UCR Offenses.,crimes and are reported to the State as UCR Offenses.,crimes and are reported to the State as UCR Offenses.,crimes and are reported to the State as UCR Offenses.,,,
,,,,,,,2008,2009,% change,% change
,HOMICIDE,HOMICIDE,,,,,1,1,,-
,KIDNAPPING,KIDNAPPING,,,,,5,4,,-20%
,FORCIBLE SEX OFFENSES,FORCIBLE SEX OFFENSES,FORCIBLE SEX OFFENSES,FORCIBLE SEX OFFENSES,,,,,,
,,Rape,,,,,7,17,,143%
,Forcible Sodomy,Forcible Sodomy,Forcible Sodomy,,,,1,1,,-
,Sexual Assault w/ object,Sexual Assault w/ object,Sexual Assault w/ object,Sexual Assault w/ object,,,1,4,,300%
,Forcible Fondling (child),Forcible Fondling (child),Forcible Fondling (child),Forcible Fondling (child),,,15,13,,-13%
,Total Forcible Sex Offenses,Total Forcible Sex Offenses,Total Forcible Sex Offenses,Total Forcible Sex Offenses,,,24,35,,46%
,ROBBERY,ROBBERY,,,,,8,9,,13%
,ASSAULTS,ASSAULTS,,,,,,,,
,Aggravated Assaults,Aggravated Assaults,Aggravated Assaults,,,,49,48,,-**
,Simple Assaults,Simple Assaults,,,,,276,257,,-7%
,Intimidation,Intimidation,,,,,45,26,,-42%
,Total Assaults,Total Assaults,,,,,370,331,,-11%
,,ARSON,,,,,5,5,,-
,EXTORTION,EXTORTION,,,,,1,1,,-
BURGLARY / BREAKING AND ENTERING,BURGLARY / BREAKING AND ENTERING,BURGLARY / BREAKING AND ENTERING,BURGLARY / BREAKING AND ENTERING,BURGLARY / BREAKING AND ENTERING,BURGLARY / BREAKING AND ENTERING,,140,171,,18%
,LARCENIES,LARCENIES,,,,,,,,
,Pocket Picking,Pocket Picking,Pocket Picking,,,,1,-,,-100%
,Purse Snatching,Purse Snatching,Purse Snatching,,,,-,2,,N/C*
,,Shoplifting,,,,,38,39,,3%
,Theft from a building,Theft from a building,Theft from a building,,,,9,16,,78%
Theft from a coin operated machine,Theft from a coin operated machine,Theft from a coin operated machine,Theft from a coin operated machine,Theft from a coin operated machine,Theft from a coin operated machine,,3,0,,-100%
,Theft from a motor vehicle,Theft from a motor vehicle,Theft from a motor vehicle,Theft from a motor vehicle,,,72,65,,-10%
Theft of motor vehicle parts and accessories,Theft of motor vehicle parts and accessories,Theft of motor vehicle parts and accessories,Theft of motor vehicle parts and accessories,Theft of motor vehicle parts and accessories,Theft of motor vehicle parts and accessories,,28,23,,-18%
,All other larcenies,All other larcenies,All other larcenies,,,,221,198,,-10%
,Total Larcenies,Total Larcenies,Total Larcenies,,,,372,343,,-8%
,MOTOR VEHCILE THEFT,MOTOR VEHCILE THEFT,MOTOR VEHCILE THEFT,MOTOR VEHCILE THEFT,,,20,15,,-25%
,,,,- 16-,- 16-,,,,,
