Name: “Table 1 of 1 on page 20 of 22”,Name: “Table 1 of 1 on page 20 of 22”,Name: “Table 1 of 1 on page 20 of 22”
Table: 20,Table: 20,Table: 20
,,
,DUI Arrests,
159,,
,144,
,,109
2007,2008,2009
This chart shows the level of consistency in the enforcement efforts of,This chart shows the level of consistency in the enforcement efforts of,This chart shows the level of consistency in the enforcement efforts of
the Radford Department of Police to get drunk drivers off the streets,the Radford Department of Police to get drunk drivers off the streets,the Radford Department of Police to get drunk drivers off the streets
and behind bars.,,
,Accidents,
,Total Number of Accidents,
394,,
,348,
,,335
2007,2008,2009
The number of vehicular accidents in the City of Radford decreased 4%,The number of vehicular accidents in the City of Radford decreased 4%,The number of vehicular accidents in the City of Radford decreased 4%
from 2008 to 2009.,This increase may be attributed to proactive traffic,This increase may be attributed to proactive traffic
law enforcement.,,
,- 20-,
