Name: “Table 1 of 1 on page 13 of 22”,Name: “Table 1 of 1 on page 13 of 22”,Name: “Table 1 of 1 on page 13 of 22”,Name: “Table 1 of 1 on page 13 of 22”,Name: “Table 1 of 1 on page 13 of 22”,Name: “Table 1 of 1 on page 13 of 22”,Name: “Table 1 of 1 on page 13 of 22”,Name: “Table 1 of 1 on page 13 of 22”,Name: “Table 1 of 1 on page 13 of 22”,Name: “Table 1 of 1 on page 13 of 22”,Name: “Table 1 of 1 on page 13 of 22”
Table: 13,Table: 13,Table: 13,Table: 13,Table: 13,Table: 13,Table: 13,Table: 13,Table: 13,Table: 13,Table: 13
,,,,,,,,,,
,Claytor Lake Regional Task Force,Claytor Lake Regional Task Force,Claytor Lake Regional Task Force,Claytor Lake Regional Task Force,Claytor Lake Regional Task Force,Claytor Lake Regional Task Force,Claytor Lake Regional Task Force,Claytor Lake Regional Task Force,Claytor Lake Regional Task Force,
,,,,(continued),(continued),(continued),(continued),(continued),,
,The following table illustrates other statistics relative to the work of,The following table illustrates other statistics relative to the work of,The following table illustrates other statistics relative to the work of,The following table illustrates other statistics relative to the work of,The following table illustrates other statistics relative to the work of,The following table illustrates other statistics relative to the work of,The following table illustrates other statistics relative to the work of,The following table illustrates other statistics relative to the work of,The following table illustrates other statistics relative to the work of,The following table illustrates other statistics relative to the work of
,the task force in the City of Radford:,the task force in the City of Radford:,the task force in the City of Radford:,the task force in the City of Radford:,the task force in the City of Radford:,the task force in the City of Radford:,the task force in the City of Radford:,,,
Total number of guns seized by the Department of Police,Total number of guns seized by the Department of Police,Total number of guns seized by the Department of Police,Total number of guns seized by the Department of Police,Total number of guns seized by the Department of Police,Total number of guns seized by the Department of Police,Total number of guns seized by the Department of Police,Total number of guns seized by the Department of Police,Total number of guns seized by the Department of Police,,4
Total number of cases initiated by the Narcotics Unit,Total number of cases initiated by the Narcotics Unit,Total number of cases initiated by the Narcotics Unit,Total number of cases initiated by the Narcotics Unit,Total number of cases initiated by the Narcotics Unit,Total number of cases initiated by the Narcotics Unit,Total number of cases initiated by the Narcotics Unit,Total number of cases initiated by the Narcotics Unit,Total number of cases initiated by the Narcotics Unit,,75
Total Charges pending or placed,Total Charges pending or placed,Total Charges pending or placed,Total Charges pending or placed,Total Charges pending or placed,,,,,,102
Total number of search warrants executed,Total number of search warrants executed,Total number of search warrants executed,Total number of search warrants executed,Total number of search warrants executed,Total number of search warrants executed,Total number of search warrants executed,,,,12
,The following table illustrates other statistics relative to the work of,The following table illustrates other statistics relative to the work of,The following table illustrates other statistics relative to the work of,The following table illustrates other statistics relative to the work of,The following table illustrates other statistics relative to the work of,The following table illustrates other statistics relative to the work of,The following table illustrates other statistics relative to the work of,The following table illustrates other statistics relative to the work of,The following table illustrates other statistics relative to the work of,The following table illustrates other statistics relative to the work of
,the task force as a whole.,the task force as a whole.,the task force as a whole.,the task force as a whole.,,,,,,
,,,,,,,,2007,2008,2009
Total,amount,of,money,seized,by,the,Task,"$30,586","$17,540","$14,776"
Force,,,,,,,,,,
Total street value of seized illegal or controlled,Total street value of seized illegal or controlled,Total street value of seized illegal or controlled,Total street value of seized illegal or controlled,Total street value of seized illegal or controlled,Total street value of seized illegal or controlled,Total street value of seized illegal or controlled,Total street value of seized illegal or controlled,"$150,159","$545,768","$885,956"
substances,substances,,,,,,,,,
Total,number,of,weapons,seized,by,the,Task,26,7,47
Force,,,,,,,,,,
Vehicles seized involved in the sale of illegal or,Vehicles seized involved in the sale of illegal or,Vehicles seized involved in the sale of illegal or,Vehicles seized involved in the sale of illegal or,Vehicles seized involved in the sale of illegal or,Vehicles seized involved in the sale of illegal or,Vehicles seized involved in the sale of illegal or,Vehicles seized involved in the sale of illegal or,0,0,4
controlled substances,controlled substances,controlled substances,controlled substances,,,,,,,
Total,number,of,cases,initiated,by,the,Task,193,199,263
Force,,,,,,,,,,
Total number of search warrants executed,Total number of search warrants executed,Total number of search warrants executed,Total number of search warrants executed,Total number of search warrants executed,Total number of search warrants executed,Total number of search warrants executed,,33,45,69
,,,,,,- 13-,,,,
