Name: “Table 1 of 1 on page 18 of 22”,Name: “Table 1 of 1 on page 18 of 22”,Name: “Table 1 of 1 on page 18 of 22”,Name: “Table 1 of 1 on page 18 of 22”
Table: 18,Table: 18,Table: 18,Table: 18
,,,
Group “B” Offenses,Group “B” Offenses,,
We will now examine Group “B” offenses.,These are crimes that are,These are crimes that are,These are crimes that are
"not “major” in nature, but are serious offenses that require as much","not “major” in nature, but are serious offenses that require as much","not “major” in nature, but are serious offenses that require as much","not “major” in nature, but are serious offenses that require as much"
manpower and attention as Group “A” offenses.,These are reportable,These are reportable,These are reportable
to the state only when an arrest is made.,This list will not include,This list will not include,This list will not include
"Driving Under the Influence reports or Alcohol Violations reports, as","Driving Under the Influence reports or Alcohol Violations reports, as","Driving Under the Influence reports or Alcohol Violations reports, as","Driving Under the Influence reports or Alcohol Violations reports, as"
these will be discussed in depth further in the report.,these will be discussed in depth further in the report.,,
,2008,2009,% change
Bad Checks,34,21,-38%
Curfew/Loitering/Vagrancy Violation,-,2,N/C*
Disorderly Conduct,40,19,-53%
"Family Offenses, Non-Violent",37,19,-48%
Peeping Tom,1,3,200%
Runaway,10,12,20%
Trespassing,43,32,-26%
Conspiracy to Commit a Group “A” offense,20,9,-55%
Conspiracy to Commit a Group “A” offense,-,-,-
All Other Reportable Offenses,746,481,-36%
GRAND TOTALS,931,598,-36%
- 18-,,,
