Name: “Table 1 of 1 on page 22 of 22”,Name: “Table 1 of 1 on page 22 of 22”,Name: “Table 1 of 1 on page 22 of 22”,Name: “Table 1 of 1 on page 22 of 22”
Table: 22,Table: 22,Table: 22,Table: 22
,,,
,Conclusion,Conclusion,
"The Office of Records Management at the Radford Department of Police, along with","The Office of Records Management at the Radford Department of Police, along with","The Office of Records Management at the Radford Department of Police, along with","The Office of Records Management at the Radford Department of Police, along with"
Chief Don,"Goodman, would like to thank you",for your time in,reading our 2009
Annual Report.,,,
Any questions or comments should be directed to:,Any questions or comments should be directed to:,Any questions or comments should be directed to:,
Sonia Ramsey,,,
Records Manager,,,
Radford Department of Police,,,
601 West Main St.,,,
"Radford, VA 24141",,,
sgramsey@radford.va.us,,,
540-731-5532,,,
Or,,,
Chief Don Goodman,,,
Radford Department of Police,,,
601 West Main St.,,,
"Radford, VA 24141",,,
dgoodman@radford.va.us,,,
540-731-5002,,,
,- 22-,,
