Bureau of Justice Statistics,,,,,,,,,,
filename:  cv0691.csv,,,,,,,,,,
"Table 91. Percent distribution of victimizations, by type of crime and whether or not reported to the police",,,,,,,,,,
"data source: National Criminal Victimization Survey, 2006  NCJ 223436",,,,,,,,,,
produced by:  Cathy Maston ,,,,,,,,,,
authors:  Patsy Klaus and Cathy Maston,,,,,,,,,,
refer questions to: askbjs@usdoj.gov  202-307-0765,,,,,,,,,,
data of version:  08/29/08,,,,,,,,,,

"Table 91. Personal and property crimes, 2006: Percent distribution of victimizations, by type of crime and whether or not reported to the police",,,,,,,,,,
                                                                                          ,,,Percent of victimizations reported to the police,,,,,,,
Sector and type of crime,Number of victimizations,, Total,,  Yes/a,,  No,,Not known and not available,
All crimes,"25,183,350",,100,%,40.6,%,58.2,%,1.2,%
Personal crimes,"6,267,610",,100,%,49,%,49.2,%,1.8,%
Crimes of violence,"6,094,390",,100,,48.8,,49.4,,1.8,
   Completed violence,"2,019,260",,100,,62.6,,35.7,,1.7,*
   Attempted/threatened violence,"4,075,130",,100,,42,,56.2,,1.8,
   Rape/Sexual assault,"260,940",,100,,43.4,,56.6,,0,*
      Rape/Attempted rape,"192,320",,100,,39.9,,60.1,,0,*
         Rape,"116,600",,100,,49.2,,50.8,,0,*
         Attempted rape/b,"75,720",,100,,25.7,*,74.3,,0,*
      Sexual assault/c,"68,620",,100,,53.2,*,46.8,*,0,*
   Robbery,"712,610",,100,,56.8,,41.9,,1.3,*
      Completed/property taken,"482,290",,100,,59.8,,39.5,,0.7,*
         With injury,"208,140",,100,,60.8,,37.5,,1.7,*
         Without injury,"274,150",,100,,58.9,,41.1,,0,*
      Attempted to take property,"230,320",,100,,50.8,,46.9,,2.4,*
         With injury,"43,340",,100,,66.3,*,21,*,12.7,*
         Without injury,"186,980",,100,,47.2,,52.8,,0,*
   Assault,"5,120,840",,100,,48,,50.1,,2,
      Aggravated,"1,344,280",,100,,59.6,,37.4,,3,
         With injury,"466,610",,100,,76,,22.3,,1.7,*
         Threatened with weapon,"877,670",,100,,50.9,,45.4,,3.7,*
      Simple,"3,776,550",,100,,43.9,,54.6,,1.6,
         With minor injury,"900,850",,100,,59.9,,37.6,,2.5,*
         Without injury,"2,875,700",,100,,38.8,,59.9,,1.3,
Purse snatching/Pocket picking,"173,220",,100,,55.9,,42.4,,1.7,*
   Completed purse snatching,"34,250",*,100,*,78.9,*,12.3,*,8.7,*
   Attempted purse snatching,"6,870",*,100,*,0,*,100,*,0,*
   Pocket picking,"132,110",,100,,52.8,,47.2,,0,*
Property crimes,"18,915,740",,100,%,37.8,%,61.2,%,1.1,%
Household burglary,"3,560,920",,100,,49.5,,49,,1.5,
   Completed,"2,848,210",,100,,50.5,,48,,1.5,
      Forcible entry,"1,024,030",,100,,71.1,,28.5,,0.4,*
      Unlawful entry without force,"1,824,180",,100,,39,,58.9,,2.1,
   Attempted forcible entry,"712,710",,100,,45.5,,53,,1.5,*
Motor vehicle theft,"992,260",,100,,80.9,,18.8,,0.3,*
   Completed,"791,840",,100,,89,,11,,0,*
   Attempted,"200,410",,100,,48.8,,49.7,,1.5,*
Theft,"14,362,570",,100,,31.9,,67.1,,1,
   Completed,"13,791,020",,100,,32,,67,,1,
      Less than $50,"3,822,200",,100,,17.3,,81.5,,1.1,
      $50 - $249,"4,940,790",,100,,26,,73,,0.9,
      $250 or more,"3,718,530",,100,,56.4,,43.2,,0.5,*
      Amount not available,"1,309,500",,100,,28.6,,69,,2.4,*
   Attempted,"571,550",,100,,28.5,,70.2,,1.3,*
"Note: Many incident characteristics were unaffected or minimally affected by changes in methodology in the 2006 National Crime Victimization. However, caution should be used in comparing 2006 rates of individual variables, particularly those with small sample sizes, to previous years. See Criminal Victimization, 2006, at <http://www.ojp.usdoj.gov/bjs/abstract/cv06.htm>.",,,,,,,,,,
Detail may not add to total shown because of rounding.,,,,,,,,,,
*Estimate is based on about 10 or fewer sample cases.,,,,,,,,,,
"a/Figures in this column represent the rates at which victimizations were reported to the police, or ""police reporting rates.""",,,,,,,,,,
b/Includes verbal threats of rape.,,,,,,,,,,
c/Includes threats.,,,,,,,,,,
