Bureau of Justice Statistics,,,,
filename:  cv0691b.csv,,,,
"Table 91b. Percent of victimizations reported to the police, by type of crime and gender and race or ethnicity of victims",,,,
"data source: National Criminal Victimization Survey, 2006  NCJ 223436",,,,
produced by:  Cathy Maston ,,,,
authors:  Patsy Klaus and Cathy Maston,,,,
refer questions to: askbjs@usdoj.gov  202-307-0765,,,,
data of version:  08/29/08,,,,

"Table 91b. Violent crimes, 2006: Percent of victimizations reported to the police, by type of crime and gender and race or ethnicity of victims",,,,
,Percent of all victimizations reported to the police,,,
Characteristic,Crimes of violence/a,,Property crimes,
Total,48.8,%,37.8,%
     Male,45.6,,39,
          White only,45.6,,38.5,
          Black only,46.4,,42.3,
          Other race only/b,55.1,,41.9,
          Two or more races/c,28.7,*,36.4,
     Female,52.5,,36.6,
          White only,51,,36.9,
          Black only,62.7,,36.6,
          Other race only/b,34.6,,39.1,
          Two or more races/c,57.6,,18,*
     Male,,,,
          Hispanic,41.3,,33.7,
          Non-Hispanic,46.5,,40,
     Female,,,,
          Hispanic,41.4,,33.2,
          Non-Hispanic,53.9,,37.1,
"Note: Many incident characteristics were unaffected or minimally affected by changes in methodology in the 2006 National Crime Victimization. However, caution should be used in comparing 2006 rates of individual variables, particularly those with small sample sizes, to previous years. See Criminal Victimization, 2006, at <http://www.ojp.usdoj.gov/bjs/abstract/cv06.htm>.",,,,
*Estimate is based on about 10 or fewer sample cases.,,,,
Excludes data on persons whose ethnicity was not ascertained.,,,,
"a/Includes data on rape and sexual assault, not shown separately."
"b/Includes American Indian, Eskimo, Asian Pacific Islander if only one of these races is given."
"c/Includes all persons of any race, indicating two or more races."
