Bureau of Justice Statistics,,,,,,,,,,,,,,,,
filename:  cv06108.csv,,,,,,,,,,,,,,,,
"Table 108. Percent distribution of incidents, by police activity during initial contact with victim and type of crime",,,,,,,,,,,,,,,,
"data source: National Criminal Victimization Survey, 2006  NCJ 223436",,,,,,,,,,,,,,,,
produced by:  Cathy Maston ,,,,,,,,,,,,,,,,
authors:  Patsy Klaus and Cathy Maston,,,,,,,,,,,,,,,,
refer questions to: askbjs@usdoj.gov  202-307-0765,,,,,,,,,,,,,,,,
data of version:  08/29/08,,,,,,,,,,,,,,,,

"Table 108. Personal and property crimes, 2006: Percent distribution of incidents, by police activity during initial contact with victim and type of crime",,,,,,,,,,,,,,,,
,Percent of incidents,,,,,,,,,,,,,,,
Type of crime, Total,,Took report,,Looked around,,Took evidence,,Questioned witnesses/suspects,,Promised surveillance,,Promised to investigate,,Made arrest,
Crimes of violence/a,100,%,40,%,8.4,%,3.6,%,17.4,%,2,%,7.5,%,9.5,%
   Robbery,100,%,47.5,,13,,3.8,*,12.3,,1.2,*,11.5,,4.1,*
   Aggravated assault,100,%,34.9,,10.3,,5.6,,16.4,,2.5,*,7.7,,11.3,
   Simple assault,100,%,41.4,,5.5,,1.9,,19.3,,1.9,,6.4,,10.5,
Purse snatching/Pocket picking,100,%,52.5,,11,*,3.1,*,18.6,*,5.4,*,5.5,*,4,*
Property crimes,100,%,48.4,%,18.8,%,7.9,%,5.3,%,2.9,%,9.4,%,1.6,%
   Household burglary,100,%,39.7,,24.3,,10.3,,5,,4.3,,10,,2,
   Motor vehicle theft,100,%,58,,10.5,,3.2,*,6.5,,1.1,*,10.6,,3.7,*
   Theft,100,%,52.2,,16.8,,7.3,,5.2,,2.3,,8.9,,0.9,
,Percent of incidents,,,,,,,,,,,,,,,
Type of crime,   Other actions,,Don't know,,Not applicable,,,,,,,,,,,
Crimes of violence/a,8.3,%,2.3,%,1,%,,,,,,,,,,
   Robbery,5.1,*,1.6,*,0,*,,,,,,,,,,
   Aggravated assault,6.4,,3.1,,1.9,*,,,,,,,,,,
   Simple assault,10.5,,1.9,,0.7,*,,,,,,,,,,
Purse snatching/Pocket picking,0,*,0,*,0,*,,,,,,,,,,
Property crimes,3.8,%,1.5,%,0.5,%,,,,,,,,,,
   Household burglary,3,,1.1,*,0.3,*,,,,,,,,,,
   Motor vehicle theft,4.3,,2.3,*,0,*,,,,,,,,,,
   Theft,4.2,,1.5,,0.6,*,,,,,,,,,,
"Note: Many incident characteristics were unaffected or minimally affected by changes in methodology in the 2006 National Crime Victimization. However, caution should be used in comparing 2006 rates of individual variables, particularly those with small sample sizes, to previous years. See Criminal Victimization, 2006, at <http://www.ojp.usdoj.gov/bjs/abstract/cv06.htm>."
Detail may not add to total shown because of rounding.
*Estimate is based on about 10 or fewer sample cases.
"a/Crimes of violence includes data on rape and sexual assault, not shown separately."
