Bureau of Justice Statistics,,,,,,,,,,,,
filename:  cv0695.csv,,,,,,,,,,,,
"Table 95. Percent of victimizations reported to the police, by type of crime, victim-offender relationship and ethnicity of victims",,,,,,,,,,,,
"data source: National Criminal Victimization Survey, 2006  NCJ 223436",,,,,,,,,,,,
produced by:  Cathy Maston ,,,,,,,,,,,,
authors:  Patsy Klaus and Cathy Maston,,,,,,,,,,,,
refer questions to: askbjs@usdoj.gov  202-307-0765,,,,,,,,,,,,
data of version:  08/29/08,,,,,,,,,,,,

"Table 95. Violent crimes, 2006: Percent of victimizations reported to the police, by type of crime, victim-offender relationship and ethnicity of victims",,,,,,,,,,,,
,Percent of all victimizations reported to the police,,,,,,,,,,,
                                                                                               ,All victimizations,,,,Involving strangers,,,,Involving nonstrangers,,,
Type of crime,Hispanic,,Non-Hispanic,,Hispanic,,Non-Hispanic,,Hispanic,,Non-Hispanic,
Crimes of violence,41.3,%,50.1,%,40.3,%,51.9,%,42.4,%,48.6,%
   Completed violence,56.7,,63.4,,53,,65.7,,60.6,,61.7,
   Attempted/threatened violence,32.8,,43.6,,33.6,,45.8,,31.8,,41.6,
   Rape/Sexual assault/a,63.5,*,39.8,,100,*,47,,40.6,*,35.6,
   Robbery,40.8,,61.1,,43.4,,63.7,,18,*,55.4,
      Completed/property taken,44.8,,63.5,,49.4,,69.5,,0,*,52.9,
         With injury,37.8,*,65.8,,37.8,*,69,,0,*,61.2,
         Without injury,48.6,*,61.6,,56.8,*,69.8,,0,*,43.5,*
      Attempted to take property,32.1,*,56.2,,29.8,*,54.1,,48.1,*,64.5,*
         With injury,0,*,66.3,*,0,*,45.4,*,0,*,100,*
         Without injury,32.1,*,53.1,,29.8,*,56.1,,48.1,*,35.8,*
   Assault,40.5,,49.2,,36.9,,49.7,,43.5,,48.9,
      Aggravated,52.4,,61,,44,,66.9,,62.7,,55.9,
         With injury,80.8,,75.2,,70.3,*,82.3,,90.2,*,69.4,
         Threatened with weapon,37.2,,53.5,,32.9,*,59.2,,43.5,*,48.3,
      Simple,35.8,,45.1,,33,,43.1,,37.7,,46.6,
         With minor injury,48.9,,61.4,,16.6,*,51.5,,55.7,,66.5,
         Without injury,31.8,,40,,34.8,,41.1,,29.1,,39,
"Note: Many incident characteristics were unaffected or minimally affected by changes in methodology in the 2006 National Crime Victimization. However, caution should be used in comparing 2006 rates of individual variables, particularly those with small sample sizes, to previous years. See Criminal Victimization, 2006, at <http://www.ojp.usdoj.gov/bjs/abstract/cv06.htm>.",,,,,,,,,,,,
Excludes data on persons whose ethnicity was not ascertained.
*Estimate is based on about 10 or fewer sample cases.
a/Includes verbal threats of rape and threats of sexual assault.
