Bureau of Justice Statistics,,,,,,,,,,,,,,,,
filename:  cv06107.csv,,,,,,,,,,,,,,,,
"Table 107. Percent distribution of incidents where police came to the victim, by police response time and type of crime",,,,,,,,,,,,,,,,
"data source: National Criminal Victimization Survey, 2006  NCJ 223436",,,,,,,,,,,,,,,,
produced by:  Cathy Maston ,,,,,,,,,,,,,,,,
authors:  Patsy Klaus and Cathy Maston,,,,,,,,,,,,,,,,
refer questions to: askbjs@usdoj.gov  202-307-0765,,,,,,,,,,,,,,,,
data of version:  08/29/08,,,,,,,,,,,,,,,,

"Table 107. Personal and property crimes, 2006: Percent distribution of incidents where police came to the victim, by police response time and type of crime",,,,,,,,,,,,,,,,
,Percent of incidents,,,,,,,,,,,,,,,
Type of crime, Total,,Within 5 minutes,, 6-10 minutes,,11 minutes-1 hour,, Within 1 day,,Longer than 1 day,,Length of time not known,,Not ascertained,
Crimes of violence/a,100,%,26.6,%,32,%,29.7,%,5.9,%,1.8,%,3.8,%,0.2,%*
   Robbery,100,%,26.4,,38.9,,15.5,,5.8,*,8.8,*,4.5,*,0,*
   Aggravated assault,100,%,32.6,,30.3,,27.9,,4.6,*,0.7,*,3.5,*,0.4,*
   Simple assault,100,%,23.4,,32.3,,33,,6.8,,0.8,*,3.5,,0.2,*
Property crimes,100,%,10.8,%,17.9,%,46.7,%,16.7,%,1.9,%,5.8,%,0.1,%*
   Household burglary,100,%,11,,18.5,,48.4,,14.4,,1.5,*,6,,0.2,*
   Motor vehicle theft,100,%,12.3,,16.9,,51.1,,12,,0.9,*,6.3,,0.4,*
   Theft ,100,%,10.4,,17.9,,44.8,,19.1,,2.3,,5.6,,0,*
"Note: Many incident characteristics were unaffected or minimally affected by changes in methodology in the 2006 National Crime Victimization. However, caution should be used in comparing 2006 rates of individual variables, particularly those with small sample sizes, to previous years. See Criminal Victimization, 2006, at <http://www.ojp.usdoj.gov/bjs/abstract/cv06.htm>.",,,,,,,,,,,,,,,,
Detail may not add to total shown because of rounding.,,,,,,,,,,,,,,,,
*Estimate is based on about 10 or fewer sample cases.,,,,,,,,,,,,,,,,
"a/Crimes of violence includes data on rape and sexual assault, not shown separately.",,,,,,,,,,,,,,,,
