Bureau of Justice Statistics,,,,,,
filename:  cv0692.csv,,,,,,
"Table 92. Percent of victimizations reported to the police, by selected characteristics of victims and type of crime",,,,,,
"data source: National Criminal Victimization Survey, 2006  NCJ 223436",,,,,,
produced by:  Cathy Maston ,,,,,,
authors:  Patsy Klaus and Cathy Maston,,,,,,
refer questions to: askbjs@usdoj.gov  202-307-0765,,,,,,
data of version:  08/29/08,,,,,,

"Table 92. Personal crimes, 2006: Percent of victimizations reported to the police, by selected characteristics of victims and type of crime",,,,,,
,Percent of all victimizations reported to the police,,,,,
Characteristic,All personal crimes,,Crimes of violence/a,,Purse snatching/Pocket picking,
Gender,,,,,,
   Both genders,49,%,48.8,%,55.9,%
  Male ,46,,45.6,,60.8,
  Female,52.4,,52.5,,51,
Race/b,,,,,,
   White only,48.3,,48.1,,58.2,
   Black only,55,,54.7,,67.1,*
Ethnicity,,,,,,
   Hispanic,41.6,,41.3,,54.4,*
   Non-Hispanic,50.3,,50.1,,56.1,
"Note: Many incident characteristics were unaffected or minimally affected by changes in methodology in the 2006 National Crime Victimization. However, caution should be used in comparing 2006 rates of individual variables, particularly those with small sample sizes, to previous years. See Criminal Victimization, 2006, at <http://www.ojp.usdoj.gov/bjs/abstract/cv06.htm>.",,,,,,
*Estimate is based on about 10 or fewer sample cases.,,,,,,
"a/Crimes of violence includes data on rape, sexual assault, robbery, and both aggravated and simple assault, not shown separately.",,,,,,
"b/Excludes data on persons of ""Other"" races and persons indicating two or more races.",,,,,,
