Bureau of Justice Statistics,,,,,,,,,,
filename:  cv0696.csv,,,,,,,,,,
"Table 96. Percent of victimizations reported to the police, by type of crime and age of victims",,,,,,,,,,
"data source: National Criminal Victimization Survey, 2006  NCJ 223436",,,,,,,,,,
produced by:  Cathy Maston ,,,,,,,,,,
authors:  Patsy Klaus and Cathy Maston,,,,,,,,,,
refer questions to: askbjs@usdoj.gov  202-307-0765,,,,,,,,,,
data of version:  08/29/08,,,,,,,,,,

"Table 96. Personal crimes, 2006: Percent of victimizations reported to the police, by type of crime and age of victims",,,,,,,,,,
,Percent of victimizations reported to the police,,,,,,,,,
Type of crime, 12-19,,20-34,,35-49,,50-64,,65 and over,
All personal crimes,34.3,%,52.9,%,56,%,54.9,%,63.4,%
Crimes of violence,34.6,,52.6,,55.8,,54.5,,64.6,
   Completed violence,54.7,,62.7,,74.2,,61.3,,69.8,*
   Attempted/threatened violence,24.1,,47,,48.1,,51.5,,62.3,
   Rape/Sexual assault/a,33.9,*,51.6,,46.8,*,44.6,*,0,*
   Robbery,40.3,,58.8,,62.6,,60.9,,74.8,*
      Completed/property taken,46.9,,57.6,,68.5,,62.9,*,81.1,*
         With injury,58.2,*,58.3,,75.2,*,54.2,*,100,*
         Without injury,37.6,*,57.1,,65.2,,74.2,*,78.7,*
      Attempted to take property,31.5,*,61.3,,43.3,*,52.8,*,65.8,*
         With injury,100,*,54.2,*,0,*,0,*,100,*
         Without injury,26.2,*,64.3,,43.3,*,52.8,*,38.6,*
   Assault,34.1,,51.6,,55.3,,54.2,,59.6,
      Aggravated,47.3,,63.1,,63,,65.8,,73.3,*
         With injury,74.6,,79.4,,72.5,,65.1,*,100,*
         Threatened with weapon,32.2,,51.9,,59.3,,66.1,,69.3,*
      Simple,30.1,,46.9,,52.4,,51,,53.9,*
         With minor injury,49.7,,58.1,,83.8,,60.6,,34.7,*
         Without injury,22.4,,43.3,,44.6,,48.3,,58,*
Purse snatching/Pocket picking,17.1,*,72.2,*,60.2,*,68.8,*,56.6,*
"Note: Many incident characteristics were unaffected or minimally affected by changes in methodology in the 2006 National Crime Victimization. However, caution should be used in comparing 2006 rates of individual variables, particularly those with small sample sizes, to previous years. See Criminal Victimization, 2006, at <http://www.ojp.usdoj.gov/bjs/abstract/cv06.htm>."
*Estimate is based on about 10 or fewer sample cases.
a/Includes verbal threats of rape and threats of sexual assault.
