Bureau of Justice Statistics,,,,,,,,,,,,,,,,,,
filename:  cv0693.csv,,,,,,,,,,,,,,,,,,
"Table 93. Percent of victimizations reported to the police, by type of crime, victim-offender relationship and gender of victims",,,,,,,,,,,,,,,,,,
"data source: National Criminal Victimization Survey, 2006  NCJ 223436",,,,,,,,,,,,,,,,,,
produced by:  Cathy Maston ,,,,,,,,,,,,,,,,,,
authors:  Patsy Klaus and Cathy Maston,,,,,,,,,,,,,,,,,,
refer questions to: askbjs@usdoj.gov  202-307-0765,,,,,,,,,,,,,,,,,,
data of version:  08/29/08,,,,,,,,,,,,,,,,,,

"Table 93. Violent crimes, 2006: Percent of victimizations reported to the police, by type of crime, victim-offender relationship and gender of victims",,,,,,,,,,,,,,,,,,
,Percent of all victimizations reported to the police,,,,,,,,,,,,,,,,,
,All victimizations,,,,,,Involving strangers,,,,,,Involving nonstrangers,,,,,
Type of crime, Both genders,,  Male,,Female,, Both genders,,  Male,,Female,, Both genders,,  Male,,Female,
Crimes of violence,48.8,%,45.6,%,52.5,%,49.9,%,48.5,%,52.6,%,47.8,%,41.5,%,52.4,%
   Completed violence,62.6,,59.2,,65.8,,63.8,,63.6,,64.2,,61.6,,53,,66.6,
   Attempted/threatened violence,42,,39.5,,45,,43.7,,41.7,,47.3,,40.4,,36.5,,43.6,
   Rape/Sexual assault/a,43.4,,26.2,*,45.5,,55.1,,21,*,61.6,,36.2,,33.3,*,36.4,,,,,,,,,,,,,,,,,,,,,,,,,,,,,,,,,,
   Robbery,56.8,,57.5,,55.7,,58.5,,59.5,,55.5,,52.3,,46.9,*,55.9,,,,,,,,,,,,,,,,,,,,,,,,,,,,,,,,,,
      Completed/property taken,59.8,,60.9,,57.7,,64.2,,66.6,,56.4,,49.3,,35.1,*,58.8,,,,,,,,,,,,,,,,,,,,,,,,,,,,,,,,,,
         With injury,60.8,,57.5,,66.7,,60.6,,62.3,,53.6,*,61.2,,33.8,*,73.7,*,,,,,,,,,,,,,,,,,,,,,,,,,,,,,,,,,
         Without injury,58.9,,63.3,,50.1,,66.7,,69.8,,57.9,*,37.7,*,35.9,*,39.3,*,,,,,,,,,,,,,,,,,,,,,,,,,,,,,,,,,
      Attempted to take property,50.8,,50.2,,51.8,,48.1,,45.4,,54.3,*,62.3,*,84.6,*,46,*,,,,,,,,,,,,,,,,,,,,,,,,,,,,,,,,,
         With injury,66.3,*,76.5,*,54.2,*,45.4,*,64.4,*,19.4,*,100,*,100,*,100,*,,,,,,,,,,,,,,,,,,,,,,,,,,,,,,,,,
         Without injury,47.2,,45.3,,51,*,48.6,,42.9,,62.9,*,38.5,*,72.3,*,17.5,*,,,,,,,,,,,,,,,,,,,,,,,,,,,,,,,,,
   Assault,48,,43.7,,52.8,,47.7,,45.9,,51.1,,48.2,,41.3,,53.6,,,,,,,,,,,,,,,,,,,,,,,,,,,,,,,,,,
      Aggravated,59.6,,55.3,,65.2,,62.7,,62.7,,62.7,,56.7,,46.4,,66.8,,,,,,,,,,,,,,,,,,,,,,,,,,,,,,,,,,
         With injury,76,,73,,79.2,,80.5,,84.4,,73.2,,72.3,,58,,82.1,,,,,,,,,,,,,,,,,,,,,,,,,,,,,,,,,,
         Threatened with weapon,50.9,,47,,56.5,,54.1,,51.9,,57.9,,47.7,,41.3,,55.3,,,,,,,,,,,,,,,,,,,,,,,,,,,,,,,,,,
      Simple,43.9,,39.3,,48.8,,41.7,,39.2,,46.3,,45.5,,39.4,,49.9,,,,,,,,,,,,,,,,,,,,,,,,,,,,,,,,,,*
         With minor injury,59.9,,50.2,,68.6,,49.1,,43.9,,58.3,,64.9,,54.9,,71.4,,,,,,,,,,,,,,,,,,,,,,,,,,,,,,,,,,
         Attempted threat without weapon,38.8,,36.3,,41.8,,40,,38.2,,43.5,,37.8,,33.8,,40.9,,,,,,,,,,,,,,,,,,,,,,,,,,,,,,,,,,
"Note: Many incident characteristics were unaffected or minimally affected by changes in methodology in the 2006 National Crime Victimization. However, caution should be used in comparing 2006 rates of individual variables, particularly those with small sample sizes, to previous years. See Criminal Victimization, 2006, at <http://www.ojp.usdoj.gov/bjs/abstract/cv06.htm>.",,,,,,,,,,,,,,,,,,,,,,,,,,,,,,,,,,,,,,,,,,,,,,,,,,,
Detail may not add to total shown because of rounding.
*Estimate is based on about 10 or fewer sample cases.
a/Includes verbal threats of rape and threats of sexual assault.
