Bureau of Justice Statistics,,,,,,,,,,,,,,
filename:  cv0699.csv,,,,,,,,,,,,,,
"Table 99. Percent of victimizations reported to the police, by type of crime and annual family income",,,,,,,,,,,,,,
"data source: National Criminal Victimization Survey, 2006  NCJ 223436",,,,,,,,,,,,,,
produced by:  Cathy Maston ,,,,,,,,,,,,,,
authors:  Patsy Klaus and Cathy Maston,,,,,,,,,,,,,,
refer questions to: askbjs@usdoj.gov  202-307-0765,,,,,,,,,,,,,,
data of version:  08/29/08,,,,,,,,,,,,,,

"Table 99. Property crimes, 2006: Percent of victimizations reported to the police, by type of crime and annual family income",,,,,,,,,,,,,,
,Percent of victimizations reported to the police,,,,,,,,,,,,,
Type of crime,"Less than $7,500",,"$7,500-$14,999",,"$15,000-$24,999",,"$25,000-$34,999",,"$35,000-$49,999",,"$50,000-$74,999",,"$75,000 or more",
Property crimes,30.9,%,38.2,%,38.5,%,36.1,%,39.7,%,37.2,%,39.7,%
   Household burglary,40,,51.5,,51.3,,46.2,,51.8,,45.7,,61.1,
      Completed,39.7,,51.6,,51.9,,49.5,,53.2,,44.8,,58.6,
         Forcible entry,45.7,,70.2,,75.5,,77,,76.2,,75.1,,84.5,
         Unlawful entry without force,35.3,,39.6,,39.6,,34.5,,42.1,,26,,45.4,
      Attempted forcible entry,41.1,*,51,*,50,,35.3,*,44.4,*,48.9,,73.3,
   Motor vehicle theft,61.9,*,77.9,,69.1,,92.1,,83.8,,94.2,,83.2,
      Completed,75.8,*,92.6,,75.5,,98.5,,91.4,,98.2,,95.4,
      Attempted,0,*,35.7,*,48.8,*,49,*,66.6,*,70.9,*,33.2,
   Theft,25.2,,31.5,,31.3,,28.5,,33.4,,32.1,,34,*
      Completed,25.4,,31.8,,32.2,,28.8,,34,,32.3,,33.9,
         Less than $50,16,,15.6,,21.1,,13.6,,20.1,,17.3,,16.1,
         $50 - $249,21.7,,24,,20.2,,24.9,,28.7,,27.5,,28.4,
         $250 or more,51,,55.2,,60.1,,52,,60.9,,56.2,,55.1,
         Amount not available,17.4,*,34.7,*,29.7,,42.5,,31.3,,25.3,*,28.1,
      Attempted,19.6,*,24.5,*,0,*,24.1,*,19.6,*,27.4,*,36.7,
"Note: Many incident characteristics were unaffected or minimally affected by changes in methodology in the 2006 National Crime Victimization. However, caution should be used in comparing 2006 rates of individual variables, particularly those with small sample sizes, to previous years. See Criminal Victimization, 2006, at <http://www.ojp.usdoj.gov/bjs/abstract/cv06.htm>.",,,,,,,,,,,,,,
Excludes data on persons whose family income level was not ascertained.,,,,,,,,,,,,,,
*Estimate is based on about 10 or fewer sample cases.,,,,,,,,,,,,,,
