Bureau of Justice Statistics,,,,,,,,,,,,
filename:  cv0333.csv,,,,,,,,,,,,
"Table 33. Number of victimizations, by type of crime and relationship to offender",,,,,,,,,,,,
"data source: National Criminal Victimization Survey, 2003  NCJ  207811",,,,,,,,,,,,
produced by:  Cathy Maston ,,,,,,,,,,,,
authors:  Patsy Klaus and Cathy Maston,,,,,,,,,,,,
refer questions to: askbjs@usdoj.gov  202-307-0765,,,,,,,,,,,,
data of version:  06/01/05,,,,,,,,,,,,

"Table 33. Family violence, 2003: Number of victimizations, by type of crime and relationship to offender",,,,,,,,,,,,

,,,,,,Number of victimizations,,,,,,
,,,,,Related,,,,,,,
Type of crime,Total number of victimizations,     Total,, Spouse,,Ex-spouse,,Parent,,Own child,,Other relatives

Crimes of violence,"5,401,720","529,170",,"122,710",,"79,950",,"59,570",,"61,300",,"205,630"
   Completed violence,"1,654,990","249,560",,"69,490",,"34,140",,"23,240",*,"34,470",,"88,210",
   Attempted/threatened violence,"3,746,730","279,610",,"53,220",,"45,810",,"36,330",,"26,830",*,"117,420",
   Rape/Sexual assault/b,"198,850","19,740",*,"4,760",*,"3,500",*,"2,350",*,0,*,"9,130",*
   Robbery,"596,130","43,160",,"2,550",*,"15,510",*,"5,960",*,0,*,"19,130",*
      Completed/property taken,"377,870","35,270",,0,*,"12,410",*,"5,960",*,0,*,"16,900",*
      Attempted to take property,"218,270","7,890",*,"2,550",*,"3,100",*,0,*,0,*,"2,230",*
   Assault,"4,606,740","466,260",,"115,400",,"60,940",,"51,260",,"61,300",,"177,360",
      Aggravated,"1,101,110","90,320",,"24,340",*,"19,350",*,"9,000",*,"2,000",*,"35,630",
      Simple,"3,505,630","375,940",,"91,060",,"41,590",,"42,270",,"59,300",,"141,720",

,,,,Number of victimizations,,,,,,,,,
Type of crime,Well-known/a,Casual acquaintances,,Don't know ,,  Strangers,,Don't know number of offenders,,,,,

Crimes of violence,"1,315,570","751,850",,"253,380",,"2,404,090",,"147,650",,,,,
   Completed violence,"457,750","198,010",,"93,940",,"615,680",,"40,050",,,,,
   Attempted/threatened violence,"857,820","553,840",,"159,440",,"1,788,410",,"107,600",,,,,
   Rape/Sexual assault/b,"77,160","39,830",,"3,140",*,"58,980",,0,*
   Robbery,"87,280","33,640",,"64,880",,"329,750",,"37,420",
      Completed/property taken,"54,480","14,580",*,"46,830",,"198,880",,"27,820",*
      Attempted to take property,"32,800","19,060",*,"18,060",*,"130,860",,"9,590",*
   Assault,"1,151,130","678,380",,"185,360",,"2,015,360",,"110,240",
      Aggravated,"261,870","124,300",,"64,710",,"531,090",,"28,820",*
      Simple,"889,270","554,070",,"120,650",,"1,484,270",,"81,420",

Note: Detail may not add to total shown because of rounding.,,,,,,,,,
*Estimate is based on about 10 or fewer sample cases.,,,,,,,,,
a/Includes data on offenders well known to the victims whose relationship to the victim could not be ascertained.,,,,,,,,,
b/Includes verbal threats of rape and threats of sexual assault.,,,,,,,,,
