Bureau of Justice Statistics,,,,,,,,,,,,,,
filename:  cv0360.csv,,,,,,,,,,,,,,
"Table 60. Percent distribution of incidents, by type of crime, type of offender and time of occurrence",,,,,,,,,,,,,,
"data source: National Criminal Victimization Survey, 2003  NCJ  207811",,,,,,,,,,,,,,
produced by:  Cathy Maston ,,,,,,,,,,,,,,
authors:  Patsy Klaus and Cathy Maston,,,,,,,,,,,,,,
refer questions to: askbjs@usdoj.gov  202-307-0765,,,,,,,,,,,,,,
data of version:  06/01/05,,,,,,,,,,,,,,

"Table 60. Personal robbery and assault by armed or unarmed offenders, 2003: Percent distribution of incidents, by type of crime, type of offender and time of occurrence",,,,,,,,,,,,,,

,,,,,,,Percent of incidents,,,,,,,
,,,,,,Nighttime,,,,,,,,
Type of crime and offender,Number of incidents,Total,,Daytime 6 a.m.-6 p.m.,,  Total,,6 p.m.-midnight,,Midnight - 6 a.m.,,Not known,,Not known and not available

Robbery,,,,,,,,,,,,,,
By armed offenders,"246,820",100,%,34.5,%,65.5,%,42,%,20.4,%,3.1,%*,0,%*
By unarmed offenders,"223,620",100,%,48.2,,49.2,,35,,11.6,*,2.6,*,2.6,*
Assault,,,,,,,,,,,,,,,
By armed offenders,"899,070",100,%,48.3,,51.1,,38.6,,10.5,,2,*,0.7,*
By unarmed offenders,"3,013,450",100,%,59.3,,38.2,,27.4,,9.8,,1,*,2.5,

Note: Detail may not add to total shown because of rounding.  Excludes data in which the presence of a weapon was not ascertained.,,,,,,,,,,,,,,,
*Estimate is based on about 10 or fewer sample cases.,,,,,,,,,,,,,,,
