Bureau of Justice Statistics,,,,,,
filename:  cv0379.csv,,,,,,
"Table 79. Percent of victimizations in which victims received hospital care, by selected characteristics of victims and type of crime",,,,,,
"data source: National Criminal Victimization Survey, 2003  NCJ  207811",,,,,,
produced by:  Cathy Maston ,,,,,,
authors:  Patsy Klaus and Cathy Maston,,,,,,
refer questions to: askbjs@usdoj.gov  202-307-0765,,,,,,
data of version:  06/01/05,,,,,,

"Table 79. Personal crimes of violence, 2003: Percent of victimizations in which victims received hospital care, by selected characteristics of victims and type of crime",,,,,,

,Percent of victimizations,,,,,
Characteristic,Crimes of violence/a,,Robbery,,Assault,
Gender,,,,,,
Both genders,5.6,%,12.5,%,4.6,%
Male,5.9,,14.2,,4.6,
Female,5.3,,9.8,*,4.5,
Age,,,,,,
 12-19,3.4,,6.6,*,3.2,
20-34,8.2,,19,,6.4,
35-49,5.5,,12.8,*,4.7,
50-64,3,*,3.7,*,3,*
65 and over,10.4,*,16.5,*,0,*
Race/b,,,,,,
White only,4.8,,11.6,,4,
Black only,8.9,,13.7,*,7.5,
Victim-offender relationship,,,,,,
Strangers,5.7,,11.5,,4.5,
Nonstrangers,5.5,,15.3,*,4.6,

*Estimate is based on about 10 or fewer sample cases.,,,,,,
"a/Includes data on rape and sexual assault, not shown separately.",,,,,,
"b/Excludes data on persons of ""Other"" races and persons indicating two or more races."
