Bureau of Justice Statistics,,,,,,,,,,
filename:  cv0396.csv,,,,,,,,,,
"Table 96. Percent of victimizations reported to the police, by type of crime and age of victims",,,,,,,,,,
"data source: National Criminal Victimization Survey, 2003  NCJ  207811",,,,,,,,,,
produced by:  Cathy Maston ,,,,,,,,,,
authors:  Patsy Klaus and Cathy Maston,,,,,,,,,,
refer questions to: askbjs@usdoj.gov  202-307-0765,,,,,,,,,,
data of version:  06/01/05,,,,,,,,,,

"Table 96. Personal crimes, 2003: Percent of victimizations reported to the police, by type of crime and age of victims",,,,,,,,,,
       ,,,,,,,,,,
,,,Percent of victimizations reported to the police,,,,,,,
Type of crime, 12-19,,20-34,,35-49,,50-64,,65 and over,

All personal crimes,36.5,%,53.3,%,52.3,%,47.8,%,65.6,%
Crimes of violence,36.9,,53.6,,52.1,,47.5,,68,
   Completed violence,43.9,,67.5,,60.2,,56.5,,82.7,*
   Attempted/threatened violence,33.7,,46.9,,49,,44.3,,57.1,*
   Rape/Sexual assault/a,34,*,35.4,,49.8,*,26.9,*,100,*
   Robbery,49.8,,72.7,,49.7,,57,,79.6,*
      Completed/property taken,56.2,,84.6,,54.5,,70.6,*,75.4,*
         With injury,72.5,,100,,65.4,*,85.7,*,100,*
         Without injury,45.2,*,70.7,,50.3,*,60.1,*,34.4,*
      Attempted to take property,37.2,*,51,,43.9,*,37.4,*,100,*
         With injury,41,*,70.1,*,100,*,100,*,0,*
         Without injury,35.6,*,41.7,*,36.9,*,22.9,*,100,*
   Assault,35.5,,52,,52.5,,46.8,,58.5,*
      Aggravated,46.7,,65.7,,65.1,,66.7,,0,*
         With injury,41,,75.8,,66.1,,84,*,0,*
         Threatened with weapon,49,,60,,64.5,,62.5,,0,*
      Simple,32.3,,46.9,,48.6,,42.3,,65.6,*
         With minor injury,40.9,,64.5,,58.7,,44.7,*,100,*
         Without injury,29.4,,42.1,,46.1,,41.8,,59.3,*
Purse snatching/Pocket picking,22.6,*,44.8,,59.5,*,61.3,*,56.6,*

*Estimate is based on about 10 or fewer sample cases.,,,,,,,,,,
a/Includes verbal threats of rape and threats of sexual assault.,,,,,,,,,,
