Bureau of Justice Statistics,,,,,,,,,,,,,
filename:  cv0350.csv,,,,,,,,,,,,,
"Table 50. Victimization rates for persons age 12 and over, by type of crime and number of years lived at current residence",,,,,,,,,,,,,
"data source: National Criminal Victimization Survey, 2003  NCJ  207811",,,,,,,,,,,,,
produced by:  Cathy Maston ,,,,,,,,,,,,,
authors:  Patsy Klaus and Cathy Maston,,,,,,,,,,,,,
refer questions to: askbjs@usdoj.gov  202-307-0765,,,,,,,,,,,,,
data of version:  06/01/05,,,,,,,,,,,,,

"Table 50. Violent crimes, 2003: Victimization rates for persons age 12 and over, by type of crime and number of years lived at current residence",,,,,,,,,,,,,

       ,,,,,"Rate per 1,000 persons age 12 and over",,,,,,,,
Type of crime,Total,Less than 6 months/a,6 months to 1 year,,          1 year,,        2 years,,        3 years,,       4 years,,5 years or more

  Crimes of violence,22.7,62.4,37.2,,23.8,,26.2,,22.3,,20.6,,15
    Completed violence,6.9,24.9,11.5,,6.6,,8,,6.6,,5.9,,3.9
    Attempted/threatened violence,15.8,37.5,25.7,,17.2,,18.2,,15.7,,14.6,,11.1,
    Rape/Sexual assault/b,0.8,4.1,1.1,*,0.2,*,1,*,1.5,*,0.2,*,0.4,
    Robbery,2.5,9,4.1,,2.7,,2.9,,3.5,,0.9,*,1.3,
      Completed/property taken,1.6,6.3,2.5,,1.5,*,1.8,,2,,0.4,*,0.8,
      Attempted to take property,0.9,2.8,1.6,*,1.2,*,1.1,*,1.5,*,0.4,*,0.5,
    Assault,19.4,49.3,32,,21,,22.3,,17.3,,19.5,,13.3,
      Aggravated,4.6,16.1,7.6,,5.8,,3.8,,3.8,,2.7,,3,
        With injury,1.5,6.4,2.7,,1.9,*,0.9,*,1.1,*,0.4,*,0.9,
        Threatened with weapon,3.1,9.7,4.9,,3.9,,2.8,,2.7,,2.3,*,2,
      Simple,14.7,33.1,24.4,,15.2,,18.5,,13.5,,16.8,,10.4,
        With minor injury,3.2,8.9,5.4,,3.1,,4.7,,2.6,,4.9,,1.9,
        Without injury,11.5,24.2,19,,12.1,,13.8,,10.9,,11.9,,8.5,
,,,,,,,,,, ,, ,, 
Total population age 12 and over,"237,596,280","19,657,660","14,503,440",,"15,550,660",,"20,778,730",,"18,104,040",,"13,879,780",,"135,121,980",

Note:  Detail may not add to total shown because of rounding.  Excludes data on persons whose mobility was not ascertained.,,,,,,,,,,,,,,
*Estimate is based on about 10 or fewer sample cases.
a/These numbers are unbounded estimates.
b/Includes verbal threats of rape and threats of sexual assault.
