Bureau of Justice Statistics,,,,,,,,,,,,
filename:  cv0394.csv,,,,,,,,,,,,
"Table 94. Percent of victimizations reported to the police, by type of crime, victim-offender relationship and race of victims",,,,,,,,,,,,
"data source: National Criminal Victimization Survey, 2003  NCJ  207811",,,,,,,,,,,,
produced by:  Cathy Maston ,,,,,,,,,,,,
authors:  Patsy Klaus and Cathy Maston,,,,,,,,,,,,
refer questions to: askbjs@usdoj.gov  202-307-0765,,,,,,,,,,,,
data of version:  06/01/05,,,,,,,,,,,,

"Table 94. Violent crimes, 2003: Percent of victimizations reported to the police, by type of crime, victim-offender relationship and race of victims",,,,,,,,,,,,

,,,Percent of all victimizations reported to the police,,,,,,,,,
,All victimizations,,,,Involving strangers,,,,Involving nonstrangers,,,
Type of crime,White only,,Black only,,White only,,Black only,,White only,,Black only,

Crimes of violence,46.5,%,52.3,%,47.2,%,52.7,%,45.9,%,51.7,%
   Completed violence,53.1,,70.8,,60,,71.3,,48.1,,70.3,
   Attempted/threatened violence,43.9,,40.5,,43.1,,41.6,,44.8,,39,
   Rape/Sexual assault/a,39.5,,32.8,*,44,*,27.2,*,37.7,,36.3,*
   Robbery,61.7,,59.4,,64.8,,55.4,,54,,72.2,*
      Completed/property taken,69.3,,70,,72.5,,68.1,,60.1,,76.6,*
         With injury,90.8,,91.8,,88.3,,100,*,100,*,82.8,*
         Without injury,53.7,,58.3,,59.9,,58.3,,38.3,*,58.2,*
      Attempted to take property,51.2,,30.5,*,53.1,,19.5,*,47.3,*,62.1,*
         With injury,64.9,*,70.9,*,60.7,*,42.8,*,74.8,*,100,*
         Without injury,46.7,,10.8,*,50.5,,12.7,*,39,*,0,*
   Assault,45.3,,51.2,,44.6,,52.4,,45.9,,49.8,
      Aggravated,59.9,,61.1,,60.9,,73.3,,58.6,,42.5,*
         With injury,59.3,,77.5,,65.7,,100,*,54.7,,50.1,*
         Threatened with weapon,60.1,,53.1,,59.3,,61.9,,61.4,,37.9,*
      Simple,41.2,,47.5,,39.2,,43.4,,42.9,,52,
         With minor injury,47.5,,76.7,,49.7,,69.1,,46.4,,81.7,
         Attempted threat without weapon,39.5,,37.2,,37.3,,36.9,,41.7,,37.5

Note: Excludes data on persons with races other than White only and Black only.,,,,,,,,,,,
*Estimate is based on about 10 or fewer sample cases.,,,,,,,,,,,
a/Includes verbal threats of rape and threats of sexual assault.,,,,,,,,,,,
