Bureau of Justice Statistics,,,,,,
filename:  cv0398.csv,,,,,,
"Table 98. Percent of victimizations reported to the police, by type of crime and form of tenure",,,,,,
"data source: National Criminal Victimization Survey, 2003  NCJ  207811",,,,,,
produced by:  Cathy Maston ,,,,,,
authors:  Patsy Klaus and Cathy Maston,,,,,,
refer questions to: askbjs@usdoj.gov  202-307-0765,,,,,,
data of version:  06/01/05,,,,,,

"Table 98. Property crimes, 2003: Percent of victimizations reported to the police, by type of crime and form of tenure",,,,,,

,Percent of victimizations reported to the police,,,,,
Type of crime,Both forms,,Owned,,Rented,

Property crimes,38.4,%,38.9,%,37.5,%
   Household burglary,54.1,,54.4,,53.7,
      Completed,56.6,,57.1,,55.9
         Forcible entry,76.8,,77.7,,75.9
         Unlawful entry without force,45.1,,46.4,,43.2
      Attempted forcible entry,42.1,,41,,43.5
   Motor vehicle theft,76.8,,79,,74
      Completed,89.6,,90.9,,88.1
      Attempted,40.2,,47,,31.2
   Theft,31.8,,33,,30
      Completed,31.7,,32.6,,30.3
         Less than $50,18.4,,17.3,,20.5
         $50 - $249,26.2,,28.7,,22.8
         $250 or more,55.7,,57.7,,52.7
         Amount not available,32.4,,35.2,,27.2
      Attempted,35.6,,42.9,,23.2
