Bureau of Justice Statistics,,,,,,,,,,,,,
filename:  cv0303.csv,,,,,,,,,,,,,
"Table 3. Victimization rates for persons age 12 and over, by type of crime and age of victims",,,,,,,,,,,,,
"data source: National Criminal Victimization Survey, 2003  NCJ 207811",,,,,,,,,,,,,
produced by:  Cathy Maston ,,,,,,,,,,,,,
authors:  Patsy Klaus and Cathy Maston,,,,,,,,,,,,,
refer questions to: askbjs@usdoj.gov  202-307-0765,,,,,,,,,,,,,
data of version:  06/01/05,,,,,,,,,,,,,

"Table 3.  Personal crimes, 2003:  Victimization rates for persons age 12 and over, by type of crime and age of victims",,,,,,,,,,,,,
    ,,,,,,,,,,,,,
    ,,,,,,"Rate per 1,000 persons in each age group",,,,,,,
Type of crime         , 12-15,,16-19,,20-24,,25-34,,35-49,,50-64,,65 and over

All personal crimes,53.1,,54.4,,45,,27.4,,19,,10.5,,2.5
Crimes of violence,51.6,,53,,43.3,,26.4,,18.5,,10.3,,2
   Completed violence,16.2,,16.4,,15.2,,8.1,,5.2,,2.7,,0.8,*
   Attempted/threatened violence,35.5,,36.6,,28.2,,18.3,,13.3,,7.6,,1.1,
   Rape/Sexual assault,1.2,*,1.3,*,1.7,,1.6,,0.6,,0.4,*,0.1,*
      Rape/Attempted rape,0.8,*,0.7,*,1.2,*,1,,0.2,*,0.2,*,0.1,*
         Rape,0.6,*,0.6,*,0.7,*,0.7,*,0.1,*,0.1,*,0.1,*
         Attempted rape/a,0.2,*,0.2,*,0.4,*,0.3,*,0.2,*,0.1,*,0,*
      Sexual assault/b,0.3,*,0.6,*,0.5,*,0.6,*,0.4,*,0.2,*,0,*
   Robbery,5.2,,5.1,,6.4,,2.5,,1.7,,1.4,,0.7,*
      Completed/property taken,3.2,,3.7,,4.3,,1.5,,0.9,,0.8,,0.6,*
         With injury,1.5,*,1.3,*,1.9,,0.8,,0.3,*,0.3,*,0.4,*
         Without injury,1.7,*,2.4,,2.4,,0.7,*,0.7,,0.5,*,0.2,*
      Attempted to take property,2,,1.4,*,2.1,,1,,0.8,,0.6,*,0.1,*
         With injury,0.6,*,0.4,*,0.5,*,0.4,*,0.1,*,0.1,*,0,*
         Without injury,1.5,*,1,*,1.5,*,0.6,*,0.7,,0.5,*,0.1,*
   Assault,45.3,,46.6,,35.3,,22.3,,16.1,,8.5,,1.2,
      Aggravated,8.9,,11.9,,9.8,,6,,3.8,,1.6,,0.1,*
         With injury,2.7,,3.4,,3.4,,2.2,,1.4,,0.3,*,0,*
         Threatened with weapon,6.1,,8.5,,6.4,,3.8,,2.4,,1.2,,0.1,*
      Simple,36.4,,34.7,,25.5,,16.3,,12.3,,7,,1.1,
         With minor injury,9.5,,8.3,,6.2,,3.1,,2.5,,1.3,,0.2,*
         Without injury,26.9,,26.4,,19.3,,13.2,,9.9,,5.7,,0.9,*
Purse snatching/Pocket picking,1.5,*,1.4,*,1.6,,1,,0.5,,0.3,*,0.5,*
                                                                                          ,,,,,,,,,,,,,,
Population in each age group,"17,084,330",,"16,210,780",,"19,786,270",,"39,449,790",,"65,780,190",,"46,736,200",,"34,258,430",

Note: Detail may not add to total shown because of rounding.,,,,,,,,,,,,,,
*Estimate is based on about 10 or fewer sample cases.,,,,,,,,,,,,,,
a/Includes verbal threats of rape.,,,,,,,,,,,,,,
b/Includes threats.,,,,,,,,,,,,,,
