Bureau of Justice Statistics,,,,,,
filename:  cv0368.csv,,,,,,
"Table 68. Percent of victimizations in which victims took self-protective measures, by type of crime and victim-offender relationship",,,,,,
"data source: National Criminal Victimization Survey, 2003  NCJ  207811",,,,,,
produced by:  Cathy Maston ,,,,,,
authors:  Patsy Klaus and Cathy Maston,,,,,,
refer questions to: askbjs@usdoj.gov  202-307-0765,,,,,,
data of version:  06/01/05,,,,,,

"Table 68. Personal crimes of violence, 2003: Percent of victimizations in which victims took self-protective measures, by type of crime and victim-offender relationship",,,,,,

,,Percent of all victimizations,,,,
Type of crime,All victimizations,,Involving strangers,,Involving nonstrangers,

Crimes of violence,68.8,%,66.5,%,71.2,%
   Completed violence,68.3,,63.8,,71.9,
   Attempted/threatened violence,69,,67.5,,70.8,
   Rape/Sexual assault/a,87.8,,93.9,,85,
   Robbery,63.1,,58.7,,74.5,
      Completed/property taken,53.5,,48.9,,65.7,
         With injury,65.2,,62.7,,69.6,
         Without injury,44.9,,40.6,,60.8,*
      Attempted to take property,79.8,,76,,89.3,
         With injury,77.9,,78.2,*,77.3,*
         Without injury,80.4,,75.4,,94.5,
   Assault,68.7,,67.2,,70.2,
      Aggravated,70.8,,66.9,,75.5,
         With injury,74.2,,72.9,,75.2,
         Threatened with weapon,69.1,,64.8,,75.7,
      Simple,68.1,,67.3,,68.7,
         With minor injury,69.9,,69.6,,70,
         Without injury,67.6,,66.9,,68.3,

*Estimate is based on about 10 or fewer sample cases.
a/Includes verbal threats of rape and threats of sexual assault.
