Bureau of Justice Statistics,,,,,,,,,,,,,,,,,,
filename:  cv0361.csv,,,,,,,,,,,,,,,,,,
"Table 61. Percent distribution of incidents, by type of crime and place of occurrence",,,,,,,,,,,,,,,,,, 
"data source: National Criminal Victimization Survey, 2003  NCJ  207811",,,,,,,,,,,,,,,,,,
produced by:  Cathy Maston ,,,,,,,,,,,,,,,,,,
authors:  Patsy Klaus and Cathy Maston,,,,,,,,,,,,,,,,,,
refer questions to: askbjs@usdoj.gov  202-307-0765,,,,,,,,,,,,,,,,,,
data of version:  06/01/05,,,,,,,,,,,,,,,,,,

"Table 61. Selected personal and property crimes, 2003: Percent distribution of incidents, by type of crime and place of occurrence",,,,,,,,,,,,,,,,,, 
    ,,,,,,,,,,,,,,,,, ,
,,,,,Percent of incidents,,,,,,,,,,,,,
Type of crime,Number of incidents,,  Total,,At or in respondent's home,,Near home,,On the street near home,,"At, in, or near a friend's relative's or neighbor's home",,"Inside a restaurant, bar, or nightclub",,Other commercial building,,,

Crimes of violence,"4,949,380",,100,%,16.6,%,9.9,%,3.3,%,8.6,%,3.9,%,7.4,%,,
   Completed violence,"1,513,500",,100,,29.3,,6.8,,2.1,*,12.8,,4,,4.1,,,
   Attempted/threatened violence,"3,435,880",,100,,11,,11.3,,3.9,,6.7,,3.9,,8.9,
   Rape/Sexual assault/a,"191,350",,100,,31.8,,5.2,*,0,*,35.6,,4.4,*,6.1,*
   Robbery,"552,830",,100,,19.7,,8.8,,5,*,4,*,2.7,*,4.3,*
      Completed/property taken,"353,520",,100,,27,,8.4,*,5.4,*,5.7,*,1.2,*,3.8,*
         With injury,"158,770",,100,,33.2,,10.9,*,4.3,*,2.1,*,2.6,*,3,*
         Without injury,"194,750",,100,,21.8,,6.4,*,6.3,*,8.6,*,0,*,4.5,*
      Attempted to take property,"199,320",,100,,6.8,*,9.4,*,4.4,*,1.1,*,5.3,*,5.1,*
         With injury,"48,530",,100,,6.7,*,17.9,*,6.1,*,0,*,0,*,11,*
         Without injury,"150,790",,100,,6.9,*,6.7,*,3.9,*,1.5,*,7,*,3.2,*
   Assault,"4,205,190",,100,,15.5,,10.3,,3.3,,8,,4.1,,7.9,
      Aggravated,"947,780",,100,,13.2,,10.4,,3.1,*,10.1,,3.7,,7.3,
      Simple,"3,257,410",,100,,16.2,,10.3,,3.3,,7.3,,4.2,,8.1,
Purse snatching/Pocket picking,"182,110",,100,,0,*,1.5,*,1.3,*,2.3,*,8.7,*,21.4,
Motor vehicle theft,"1,032,470",,100,,1.4,*,30.4,,16.5,,4.3,,...,,...,
   Completed,"763,500",,100,,1.9,*,27.7,,15.1,,4.8,,...,,...,
   Attempted,"268,980",,100,,0,*,38.1,,20.5,,2.9,*,...,,...,
Theft,"14,198,290",,100,,8.9,,34.6,,6.7,,3.1,,1.5,*,5.5

,,,,,,Percent of incidents,,,,,,,,,
Type of crime,Parking lot or garage,,Inside school building/on school property,,"In apartment yard, park, field or playground",,On street other than near own home,,On public transportation or inside station,,   Other,,,,

Crimes of violence,7.6,%,14.1,%,2.4,%,16.9,%,0.7,%,8.5,%,,,
   Completed violence,7.4,,11.2,,2.5,,15.2,,0.7,*,4,,,,
   Attempted/threatened violence,7.7,,15.3,,2.3,,17.7,,0.7,*,10.5,,,,
   Rape/Sexual assault/a,0,*,2.1,*,0,*,5.1,*,0,*,9.8,*,,,
   Robbery,14.3,,7.4,,1.2,*,25.5,,1,*,6.1,,,,
      Completed/property taken,13.5,,6.5,*,0.7,*,26.1,,0.8,*,0.9,*,,,
         With injury,13.4,*,7.7,*,1.6,*,19.2,*,0,*,2,*,,,
         Without injury,13.6,*,5.5,*,0,*,31.8,,1.4,*,0,*,,,
      Attempted to take property,15.9,*,9,*,2,*,24.4,,1.3,*,15.3,*,,,
         With injury,35.8,*,15,*,0,*,5.8,*,0,*,1.8,*,,,
         Without injury,9.4,*,7,*,2.7,*,30.3,,1.7,*,19.6,*,,,
   Assault,7.1,,15.5,,2.6,,16.3,,0.7,*,8.7,
      Aggravated,9.4,,8.6,,4.4,,21.6,,0.6,*,7.6,
      Simple,6.4,,17.5,,2.1,,14.8,,0.7,*,9,
Purse snatching/Pocket picking,9,*,15.7,*,0,*,23.2,,14.4,*,2.3,*
Motor vehicle theft,34.6,,1.3,*,0.3,*,7.2,*,...,,3,*
   Completed,34.6,,1.4,*,0.4,*,8.6,*,...,,4.1,*
   Attempted,34.4,,0.9,*,0,*,3.2,*,...,,0,*
Theft,14.3,,11.9,,1.1,,4.1,*,1,,7.3,

Note: Detail may not add to total shown because of rounding.,,,,,,,,,,,,
*Estimate is based on about 10 or fewer sample cases.,,,,,,,,,,,,
... Not applicable.,,,,,,,,,,,,
a/Includes verbal threats of rape and threats of sexual assault.,,,,,,,,,,,,
