Bureau of Justice Statistics,,,,,,,,,,,
filename:  cv0353.csv,,,,,,,,,,,
Table 53. Victimization rates by type of crime and locality of residence,,,,,,,,,,,
"data source: National Criminal Victimization Survey, 2003  NECK  207811",,,,,,,,,,,
produced by:  Cathy Maston ,,,,,,,,,,,
authors:  Patsy Klaus and Cathy Maston,,,,,,,,,,,
refer questions to: askbjs@usdoj.gov  202-307-0765,,,,,,,,,,,
data of version:  06/01/05,,,,,,,,,,,

"Table 53. Property crimes, 2003: Victimization rates by type of crime and locality of residence",,,,,,,,,,,

                                                                                                      ,,,,,,,,,,,
,,Total,,,"50,000-249,999",,,,"250,000-499,999",,
Type of crime,All areas,Urban,,Suburban,Urban,,Suburban,,Urban,,Suburban

Property crimes,163.2,216.3,,144.8,218.5,,143.7,,252.5,,132.5
  Household burglary,29.8,38.7,,24,38.8,,27.9,,48.8,,22.4,
    Completed,24.6,30.8,,20.6,31.8,,23.4,,38,,20.2,
      Forcible entry,8.9,12.5,,7.2,9.8,,9.9,,16.5,,6.9,
      Unlawful entry without force,15.7,18.3,,13.4,21.9,,13.4,,21.5,,13.2,
    Attempted forcible entry,5.1,7.9,,3.4,7,,4.5,,10.8,,2.2,*
  Motor vehicle theft,9,13,,9.3,8.7,,6.7,,16.5,,9.8,
    Completed,6.7,9.5,,6.8,7.7,,4.6,,12.8,,7.5,
    Attempted,2.4,3.5,,2.5,1,*,2.2,,3.8,*,2.4,*
  Theft,124.4,164.7,,111.6,171.1,,109.1,,187.1,,100.3,
    Completed,120.2,158.3,,107.6,166.9,,105.7,,179.7,,96.4,
       Less than $50,36.7,46.9,,33,54.5,,34.1,,49.8,,26.1,
       $50 - $249,41.6,55,,36.3,57.2,,36.5,,68.8,,34.3,
       $250 or more,29.6,40.9,,26.5,39.6,,24.1,,44.6,,23.5,
       Amount not available,12.3,15.4,,11.8,15.6,,11,,16.6,,12.5,
     Attempted,4.2,6.4,,3.9,4.2,,3.4,,7.4,,3.8,

Total number of households,"114,136,930","32,515,050",,"53,701,950","9,436,910",,"16,047,710",,"5,096,380",,"13,258,750"

                                                                                                      ,,,,"Rates per 1,000 households",,,,,,,
,"500,000-999,999",,,"1,000,000 or more",,,,,,,
Type of crime,Urban,Suburban,,Urban,Suburban,,Rural,,,,

Property crimes,224.7,145,,191.4,162,,136.6,,,,
  Household burglary,41.8,19.5,,31.6,26,,30.5,,,,
    Completed,32.6,17.4,,25.1,21.3,,25.2,,,,
      Forcible entry,15.7,4.5,,10.6,6.9,,8.1,,,,
      Unlawful entry without force,16.8,13,,14.5,14.4,,17.1,,,,
    Attempted forcible entry,9.2,2,*,6.5,4.7,,5.3,,,,
  Motor vehicle theft,17.7,9.3,,11.8,12.6,,4,,,,
    Completed,11.5,6.9,,8.2,9.2,,3.2,,,,
    Attempted,6.3,2.4,,3.6,3.5,,0.8,*,,,
  Theft,165.2,116.3,,148,123.4,,102.1,,,,
    Completed,156.1,112.3,,142,118.6,,99.9
       Less than $50,46.7,39.3,,39.1,31.7,,31.9
       $50 - $249,54.3,33.8,,47,42.1,,36.3
       $250 or more,40.5,27.6,,40.7,32.6,,22.2
       Amount not available,14.6,11.7,,15.2,12.2,,9.6
     Attempted,9.1,4,,6,4.8,,2.2

Total number of households,"7,319,040","13,982,620",,"10,662,710","10,412,860",,"27,919,930"

"Note: Detail may not add to total shown because of rounding.  The term ""Urban"" is used to denote ""Central cities."" The term ""Suburban"" is used to denote ""Outside central cities.""",,,,,,,
"The term ""Rural"" is used to denote ""Nonmetropolitan areas.""  The population range categories shown for ""Urban"" and ""Suburban"" are based on the size of the core city of a Metropolitan Statistical Area (MSA) and do not reflect the population of the entire MSA.",,,,,,,
*Estimate is based on about 10 or fewer sample cases.,,,,,,,
