Bureau of Justice Statistics,,,,,,,,
filename:  cv0307.csv,,,,,,,,
"Table 7. Number of victimizations and victimization rates for persons age 12 and over, by type of crime and ethnicity of victims",,,,,,,,
"data source: National Criminal Victimization Survey, 2003  NCJ 207811",,,,,,,,
produced by:  Cathy Maston ,,,,,,,,
authors:  Patsy Klaus and Cathy Maston,,,,,,,,
refer questions to: askbjs@usdoj.gov  202-307-0765,,,,,,,,
data of version:  06/01/05,,,,,,,,

"Table 7. Personal crimes, 2003:  Number of victimizations and victimization rates for persons age 12 and over, by type of crime and ethnicity of victims",,,,,,,,

,,,"Rate per 1,000 persons age 12 and over",,,,,
,Total/a,,Hispanic,,,,Non-Hispanic,
Type of crime,Number,Rate,Number,,Rate,,Number,Rate

All personal crimes,"5,586,420",23.3,"765,270",,25.3,,"4,772,880",23
Crimes of violence,"5,401,720",22.6,"733,270",,24.2,,"4,620,190",22.3
   Completed violence,"1,654,990",6.9,"234,980",,7.8,,"1,405,980",6.8
   Attempted/threatened violence,"3,746,730",15.7,"498,290",,16.5,,"3,214,210",15.5
   Rape/Sexual assault,"198,850",0.8,"11,840",*,0.4,*,"187,010",0.9
      Rape/Attempted rape,"116,890",0.5,"9,060",*,0.3,*,"107,830",0.5
         Rape,"72,240",0.3,"2,430",*,0.1,*,"69,810",0.3
         Attempted rape/b,"44,650",0.2,"6,640",*,0.2,*,"38,020",0.2
      Sexual assault/c,"81,950",0.3,"2,780",*,0.1,*,"79,180",0.4
   Robbery,"596,130",2.5,"93,000",,3.1,,"499,030",2.4
      Completed/property taken,"377,870",1.6,"65,720",,2.2,,"308,040",1.5
         With injury,"160,200",0.7,"26,430",*,0.9,*,"129,660",0.6
         Without injury,"217,670",0.9,"39,290",,1.3,,"178,380",0.9
      Attempted to take property,"218,270",0.9,"27,280",*,0.9,*,"190,990",0.9
         With injury,"53,710",0.2,"2,590",*,0.1,*,"51,110",0.2
         Without injury,"164,560",0.7,"24,690",*,0.8,*,"139,870",0.7
   Assault,"4,606,740",19.3,"628,420",,20.8,,"3,934,150",19
      Aggravated,"1,101,110",4.6,"140,060",,4.6,,"950,770",4.6
         With injury,"361,600",1.5,"36,450",,1.2,,"321,920",1.6
         Threatened with weapon,"739,510",3.1,"103,610",,3.4,,"628,850",3
      Simple,"3,505,630",14.6,"488,360",,16.1,,"2,983,390",14.4
         With minor injury,"768,960",3.2,"127,600",,4.2,,"634,650",3.1
         Without injury,"2,736,670",11.4,"360,760",,11.9,,"2,348,730",11.3
  Purse snatching/Pocket picking,"184,700",0.8,"32,010",*,1.1,*,"152,690",0.7
                                                                                          ,,,,,,,,
Population age 12 and over,"239,305,990",...,"30,275,550",,...,,"207,263,340",...

Note: Detail may not add to total shown because of rounding.,,,,,,,,
*Estimate is based on about 10 or fewer sample cases.,,,,,,,,
...Not applicable.,,,,,,,,
"a/Includes data on persons whose ethnicity was not ascertained, which are not shown separately.",,,,,,,,
b/Includes verbal threats of rape.,,,,,,,,
c/Includes threats.,,,,,,,,




















































q
