Bureau of Justice Statistics,,,,,,,,,,,,,
filename:  cv0316.csv,,,,,,,,,,,,,
Table 16. Number of victimizations and victimization rates by type of crime and race of head of household,,,,,,,,,,,,,
"data source: National Criminal Victimization Survey, 2003  NCJ  207811",,,,,,,,,,,,,
produced by:  Cathy Maston ,,,,,,,,,,,,,
authors:  Patsy Klaus and Cathy Maston,,,,,,,,,,,,,
refer questions to: askbjs@usdoj.gov  202-307-0765,,,,,,,,,,,,,
data of version:  06/01/05,,,,,,,,,,,,,

"Table 16. Property crimes, 2003: Number of victimizations and victimization rates by type of crime and race of head of household",,,,,,,,,,,,,

,,,,"Rate per 1,000 households",,,,,,,,,
,         All Races,,White only,,Black only,,Other race only/a,,,,Two or more races/b,,
Type of crime,Number,Rate,Number,Rate,Number,Rate,Number,,Rate,,Number,,Rate

Property crimes,"18,626,380",163.2,"15,074,530",159.1,"2,657,150",190.2,"661,220",,141.7,,"233,480",,299.3
   Household burglary,"3,395,620",29.8,"2,689,010",28.4,"541,220",38.8,"133,240",,28.5,,"32,150",,41.2,
      Completed,"2,810,500",24.6,"2,248,830",23.7,"427,230",30.6,"109,230",,23.4,,"25,210",*,32.3,*
         Forcible entry,"1,016,320",8.9,"739,340",7.8,"213,060",15.3,"52,640",,11.3,,"11,280",*,14.5,*
         Unlawful entry without force,"1,794,180",15.7,"1,509,490",15.9,"214,170",15.3,"56,590",,12.1,,"13,930",*,17.9,*
      Attempted forcible entry,"585,120",5.1,"440,180",4.6,"113,990",8.2,"24,010",*,5.1,*,"6,940",*,8.9,*
   Motor vehicle theft,"1,032,470",9,"741,880",7.8,"214,190",15.3,"62,060",,13.3,,"14,340",*,18.4,*
      Completed,"763,500",6.7,"573,000",6,"133,480",9.6,"49,460",,10.6,,"7,550",*,9.7,*
      Attempted,"268,980",2.4,"168,880",1.8,"80,710",5.8,"12,600",*,2.7,*,"6,790",*,8.7,*
   Theft ,"14,198,290",124.4,"11,643,650",122.9,"1,901,740",136.2,"465,910",,99.8,,"186,990",,239.7,
      Completed,"13,718,840",120.2,"11,233,300",118.6,"1,850,710",132.5,"449,810",,96.4,,"185,030",,237.2,
         Less than $50,"4,190,320",36.7,"3,510,770",37.1,"509,940",36.5,"112,990",,24.2,,"56,630",,72.6,
         $50 - $249,"4,752,140",41.6,"3,847,710",40.6,"658,920",47.2,"167,780",,35.9,,"77,740",,99.6,
         $250 or more,"3,376,070",29.6,"2,813,150",29.7,"412,140",29.5,"115,880",,24.8,,"34,890",,44.7,
         Amount not available,"1,400,310",12.3,"1,061,670",11.2,"269,710",19.3,"53,160",,11.4,,"15,770",*,20.2,*
      Attempted,"479,450",4.2,"410,350",4.3,"51,030",3.7,"16,100",*,3.5,*,"1,960",*,2.5,*

Total number of households,"114,136,930",...,"94,722,920",...,"13,966,740",...,"4,667,120",,...,,"780,150",,...

Note: Detail may not add to total shown because of rounding.,,,,,,,,,,,,,
*Estimate is based on about 10 or fewer sample cases.,,,,,,,,,,,,,
... Not applicable.,,,,,,,,,,,,,
"a/Includes American Indian, Eskimo, Asian Pacific Islander if only one of these races is given.",,,,,,,,,,,,,
"b/Includes all persons of any race, indicating two or more races.",,,,,,,,,,,,,
