Bureau of Justice Statistics,,,,,
filename:  cv0326.csv,,,,,
"Table 26. Number of incidents and victimizations and ratio of victimizations to incidents, by type of crime",,,,,
"data source: National Criminal Victimization Survey, 2003  NCJ  207811",,,,,
produced by:  Cathy Maston ,,,,,
authors:  Patsy Klaus and Cathy Maston,,,,,
refer questions to: askbjs@usdoj.gov  202-307-0765,,,,,
data of version:  06/01/05,,,,,

"Table 26. Personal crimes, 2003: Number of incidents and victimizations and ratio of victimizations to incidents, by type of crime",,,,,
    ,,,,,
Type of crime         ,     Incidents,,Victimizations,, Ratio

Personal crimes,"5,131,480",,"5,586,420",,1.09
  Crimes of violence,"4,949,380",,"5,401,720",,1.09
    Completed violence,"1,513,500",,"1,654,990",,1.09
    Attempted/threatened violence,"3,435,880",,"3,746,730",,1.09
   Rape/Sexual assault,"191,350",,"198,850",,1.04
      Rape/Attempted rape,"112,340",,"116,890",,1.04
         Rape,"72,240",,"72,240",,1
         Attempted rape/a,"40,100",,"44,650",,1.11
      Sexual assault/b,"79,020",,"81,950",,1.04
    Robbery,"552,830",,"596,130",,1.08
      Completed/property taken,"353,520",,"377,870",,1.07
         With injury,"158,770",,"160,200",,1.01
         Without injury,"194,750",,"217,670",,1.12
      Attempted to take property,"199,320",,"218,270",,1.1
         With injury,"48,530",,"53,710",,1.11
         Without injury,"150,790",,"164,560",,1.09
    Assault,"4,205,190",,"4,606,740",,1.1
      Aggravated,"947,780",,"1,101,110",,1.16
         With injury,"300,350",,"361,600",,1.2
         Threatened with weapon,"647,430",,"739,510",,1.14
      Simple,"3,257,410",,"3,505,630",,1.08
         With minor injury,"714,250",,"768,960",,1.08
         Without injury,"2,543,160",,"2,736,670",,1.08
 Purse snatching/Pocket picking,"182,110",,"184,700",,1.01
    Completed purse snatching,"57,670",,"60,260",,1.05
    Attempted purse snatching,"4,480",*,"4,480",*,1
    Pocket picking,"119,960",,"119,960",,1

Note: Detail may not add to total shown because of rounding.,,,,,
*Estimate is based on about 10 or fewer sample cases.,,,,,
a/Includes verbal threats of rape.,,,,,
b/Includes threats.,,,,,
