Bureau of Justice Statistics,,,,,,,,,,
filename:  cv0328.csv,,,,,,,,,,
"Table 28. Number of victimizations and victimization rates for persons age 12 and over, by type of crime and victim-offender relationship",,,,,,,,,,
"data source: National Criminal Victimization Survey, 2003  NCJ  207811",,,,,,,,,,
produced by:  Cathy Maston ,,,,,,,,,,
authors:  Patsy Klaus and Cathy Maston,,,,,,,,,,
refer questions to: askbjs@usdoj.gov  202-307-0765,,,,,,,,,,
data of version:  06/01/05,,,,,,,,,,

"Table 28. Personal crimes of violence, 2003: Number of victimizations and victimization rates for persons age 12 and over, by type of crime and victim-offender relationship",,,,,,,,,,

    ,,,,"Rate per 1,000 persons age 12 and over",,,,,,
,,,,Involving strangers,,,,Involving nonstrangers,,
Type of crime,Total Population,Total Number,Rate,Number,,Rate,,Number,,Rate

Crimes of violence,"239,305,990","5,401,720",22.6,"2,771,320",,11.6,,"2,630,400",,11
Completed violence,,"1,654,990",6.9,"739,690",,3.1,,"915,290",,3.8,
Attempted/threatened violence,,"3,746,730",15.7,"2,031,620",,8.5,,"1,715,110",,7.2,
Rape/Sexual assault,,"198,850",0.8,"62,110",,0.3,,"136,730",,0.6,
      Rape/Attempted rape,,"116,890",0.5,"31,820",*,0.1,*,"85,080",,0.4,
         Rape,,"72,240",0.3,"12,170",*,0.1,*,"60,060",,0.3,
         Attempted rape/a,,"44,650",0.2,"19,640",*,0.1,*,"25,010",*,0.1,*
      Sexual assault/b,,"81,950",0.3,"30,300",*,0.1,*,"51,650",,0.2,
Robbery,,"596,130",2.5,"429,530",,1.8,,"166,610",,0.7,
      Completed/property taken,,"377,870",1.6,"273,530",,1.1,,"104,340",,0.4,
         With injury,,"160,200",0.7,"102,480",,0.4,,"57,720",,0.2,
         Without injury,,"217,670",0.9,"171,050",,0.7,,"46,610",,0.2,
Attempted to take property,,"218,270",0.9,"156,000",,0.7,,"62,270",,0.3,
         With injury,,"53,710",0.2,"34,730",,0.1,,"18,980",*,0.1,*
         Without injury,,"164,560",0.7,"121,270",,0.5,,"43,300",,0.2,
Assault,,"4,606,740",19.3,"2,279,670",,9.5,,"2,327,060",,9.7,
      Aggravated,,"1,101,110",4.6,"605,330",,2.5,,"495,780",,2.1,
         With injury,,"361,600",1.5,"159,380",,0.7,,"202,210",,0.8
         Threatened with weapon,,"739,510",3.1,"445,950",,1.9,,"293,560",,1.2
Simple,,"3,505,630",14.6,"1,674,340",,7,,"1,831,290",,7.7
         With minor injury,,"768,960",3.2,"266,960",,1.1,,"502,000",,2.1
         Without injury,,"2,736,670",11.4,"1,407,380",,5.9,,"1,329,290",,5.6

Note: Detail may not add to total shown because of rounding.,,,,,,,,,,
*Estimate is based on about 10 or fewer sample cases.,,,,,,,,,,
a/Includes verbal threats of rape.,,,,,,,,,,
b/Includes threats.,,,,,,,,,,
