Bureau of Justice Statistics,,,,,,,,,,,,
filename:  cv0320.csv,,,,,,,,,,,,
Table 20. Victimization rates by type of crime and annual family income,,,,,,,,,,,,
"data source: National Criminal Victimization Survey, 2003  NCJ  207811",,,,,,,,,,,,
produced by:  Cathy Maston ,,,,,,,,,,,,
authors:  Patsy Klaus and Cathy Maston,,,,,,,,,,,,
refer questions to: askbjs@usdoj.gov  202-307-0765,,,,,,,,,,,,
data of version:  06/01/05,,,,,,,,,,,,

"Table 20. Property crimes, 2003: Victimization rates by type of crime and annual family income",,,,,,,,,,,,

,,,,,,,"Rate per 1,000 households",,,,,
Type of crime,"Less than 7,500",,"$7,500-$14,999",,"$15,000-$24,999",,"$25,000-$34,999",,"$35,000-$49,999",,"$50,000-$74,999","$75,000 or more"

Property crimes,204.6,,167.7,,179.2,,180.7,,177.1,,168.1,176.4
  Household burglary,58,,42.2,,38.4,,35.3,,27.6,,24.9,20.8
    Completed,48.4,,34.9,,34.2,,28.2,,22.1,,20.6,17
      Forcible entry,17.9,,12.4,,14.9,,9.9,,8.8,,5.8,5.9
      Unlawful entry without force,30.5,,22.5,,19.3,,18.3,,13.2,,14.8,11.1
    Attempted forcible entry,9.7,,7.3,,4.3,,7.1,,5.6,,4.3,3.8
  Motor vehicle theft,6.3,,7.3,,8.9,,12.3,,9.5,,8.4,11.9
    Completed,5.8,*,3.9,,6.6,,9.7,,7.4,,5.4,8.7
    Attempted,0.5,*,3.4,*,2.3,*,2.6,*,2.1,*,3.1,3.3
  Theft,140.3,,118.3,,131.9,,133.1,,140,,134.7,143.7
    Completed,138.4,,115.7,,126.6,,128.7,,134,,130.1,139
       Less than $50,40.4,,28.2,,34.3,,42.9,,43,,43.5,45.2
       $50 - $249,49.4,,47.1,,45.6,,44.9,,46,,44.5,43.8
       $250 or more,35.3,,25.1,,35,,30,,32,,30.7,34.4
       Amount not available,13.3,,15.2,,11.7,,11,,13,,11.4,15.5
     Attempted,1.9,*,2.6,*,5.3,,4.4,,6,,4.6,4.7

Total number of households,"5,161,000",,"9,214,180",,"12,550,810",,"11,764,020",,"14,731,780",,"15,017,300","19,395,640"

Note: Detail may not add to total shown because of rounding.  Excludes data on families whose income level was not ascertained.
*Estimate is based on about 10 or fewer sample cases.
