Bureau of Justice Statistics,,,,
filename:  cv0391b.csv,,,,
"Table 91b. Percent of victimizations reported to the police, by type of crime and gender and race or ethnicity of victims",,,,
"data source: National Criminal Victimization Survey, 2003  NCJ  207811",,,,
produced by:  Cathy Maston ,,,,
authors:  Patsy Klaus and Cathy Maston,,,,
refer questions to: askbjs@usdoj.gov  202-307-0765,,,,
data of version:  06/01/05,,,,

"Table 91b. Violent crimes, 2003: Percent of victimizations reported to the police, by type of crime and gender and race or ethnicity of victims",,,,
       ,,,,
,Percent of all victimizations reported to the police,,,
Characteristic,Crimes of violence/a,,Property crimes,

Total,47.5,%,38.4,%
Male,45.7,,38.4,
White only,45.4,,38.1,
Black only,47.1,,43,
Other race only/b,53.6,,25.3,*
Two or more races/c,26.4,*,,
Female,49.9,,38.4,
White only,47.9,,38,
Black only,60.2,,40.3,
Other race only/b,59.6,,37.2,
Two or more races/c,47.1,,37,
Male,,,,
Hispanic,40,,37.6,
Non-Hispanic,46.5,,38.3,
Female,,,,
Hispanic,54.8,,34.9,
Non-Hispanic,49.3,,38.9,

Note:  Excludes data on persons with races other than White only and Black only.  Excludes data on persons whose ethnicity was not ascertained.
*Estimate is based on about 10 or fewer sample cases.
"a/Includes data on rape and sexual assault, not shown separately."
"b/Includes American Indian, Eskimo, Asian Pacific Islander if only one of these races is given."
"c/Includes all persons of any race, indicating two or more races."
