Bureau of Justice Statistics,,,,,,,,,,,
filename:  cv0325.csv,,,,,,,,,,,
Table 25. Victimization rates by type of crime and number of units in structure occupied by household,,,,,,,,,,,
"data source: National Criminal Victimization Survey, 2003  NCJ  207811",,,,,,,,,,,
produced by:  Cathy Maston ,,,,,,,,,,,
authors:  Patsy Klaus and Cathy Maston,,,,,,,,,,,
refer questions to: askbjs@usdoj.gov  202-307-0765,,,,,,,,,,,
data of version:  06/01/05,,,,,,,,,,,

"Table 25. Property crimes, 2003: Victimization rates by type of crime and number of units in structure occupied by household",,,,,,,,,,,

,,,,,,"Rate per 1,000 households",,,,,
Type of crime,One/a,Two,,Three,,Four,,     Five-nine,,    Ten or more,Other than housing unit  

Property crimes,156.6,211.5,,182.1,,188.7,,179,,158.4,354.4
  Household burglary,29.4,41.7,,26.5,,30.8,,29.1,,24.2,113
    Completed,24.6,31.2,,20.7,,22.1,,25,,19.9,113,
      Forcible entry,8.7,13.7,,5.8,*,7,*,11.1,,8.6,0,*
      Unlawful entry without force,15.9,17.5,,15,*,15.1,,13.9,,11.3,113,
    Attempted forcible entry,4.8,10.5,,5.8,*,8.7,*,4.1,*,4.3,0,*
  Motor vehicle theft,8,12.5,,13.9,*,13.7,,12,,11.2,0,*
    Completed,5.8,10.3,,11.4,*,10.9,,9.2,,7.8,0,*
    Attempted,2.1,2.2,*,2.5,*,2.9,*,2.8,*,3.4,0,*
  Theft,119.2,157.3,,141.7,,144.2,,137.9,,123,241.4,
    Completed,115.5,151.8,,126.6,,142.9,,133.6,,117.4,241.4,
       Less than $50,37.1,34.1,,50.9,,31.5,,40.6,,31.8,36,*
       $50 - $249,38.9,61.8,,35.4,,55.3,,46.9,,42.9,100.5,
       $250 or more,27.7,36.9,,30.8,,40.6,,28.9,,33,76,
       Amount not available,11.6,19,,9.5,*,15.5,,17.1,,9.8,29,*
     Attempted,3.8,5.5,*,15.1,*,1.3,*,4.3,*,5.5,0,*

Total number of households,"82,292,220","5,606,690",,"1,644,810",,"3,404,080",,"5,834,390",,"14,083,230","460,320",

Note: Detail may not add to total shown because of rounding. Excludes data on households for which the number of units in the structure was not ascertained.
*Estimate is based on about 10 or fewer sample cases.
"a/Includes data on mobile homes, not shown separately."
