Bureau of Justice Statistics,,,,,,,,,,,,,,
filename:  cv0343a.csv,,,,,,,,,,,,,,
"Table 43a. Percent distribution of victimizations, by characteristics of victims, type of crime, and victim/offender relationship",,,,,,,,,,,,,,
"data source: National Criminal Victimization Survey, 2003  NCJ  207811",,,,,,,,,,,,,,
produced by:  Cathy Maston ,,,,,,,,,,,,,,
authors:  Patsy Klaus and Cathy Maston,,,,,,,,,,,,,,
refer questions to: askbjs@usdoj.gov  202-307-0765,,,,,,,,,,,,,,
data of version:  06/01/05,,,,,,,,,,,,,,

"Table 43a. Personal crimes of violence, 2003: Percent distribution of victimizations, by characteristics of victims, type of crime, and victim/offender relationship",,,,,,,,,,,,,,

,,,,Percent of all victimizations,,,,,,,,,,
,,,,,,Nonstrangers,,,,,,,,
Characteristic,Total victimizations,,Total,,Intimate,,Other relative,,Friend or acquaintance,,Stranger,,Don't know relationship,

Both genders Crimes of violence,100,%,52.8,%,9.7,%,6.8,%,36.3,%,44.5,%,2.7,%
Rape/Sexual assault/a,100,,70.3,,13.8,*,7,*,49.6,,29.7,,0,*
    Robbery,100,,38.4,,6.2,,5.8,,26.4,,55.3,,6.3,
    Assault,100,,53.9,,9.9,,7,,37,,43.7,,2.4,
        Aggravated,100,,49.2,,11.2,,4.8,,33.2,,48.2,,2.6,*
        Simple,100,,55.3,,9.5,,7.6,,38.2,,42.3,,2.3,
Male Crimes of violence,100,,42.1,,2.7,,4.5,,34.9,,54.3,,3.6,
Rape/Sexual assault/a,100,*,73.7,*,30.2,*,0,*,43.5,*,26.3,*,0,*
    Robbery,100,,32.4,,1.7,*,4.7,*,26,,61.8,,5.8,*
    Assault,100,,43.3,,2.7,,4.5,,36,,53.4,,3.3,
        Aggravated,100,,38.8,,3.2,*,1.8,*,33.8,,58,,3.3,*
        Simple,100,,44.8,,2.5,,5.5,,36.8,,51.8,,3.4,
Female Crime of violence,100,,66.6,,18.7,,9.8,,38.1,,31.8,,1.6,
Rape/Sexual assault/a,100,,70,,12,*,7.8,*,50.2,,30,,0,*
    Robbery,100,,48,,13.4,*,7.6,*,27,,45,,7,*
    Assault,100,,68.5,,19.9,,10.3,,38.3,,30.4,,1.1,*
        Aggravated,100,,66.5,,24.6,,9.8,,32.2,,31.9,,1.6,*
        Simple,100,,69,,18.7,,10.5,,39.9,,30,,1,*
All Races Crime of violence,100,,52.8,,9.7,,6.8,,36.3,,44.5,,2.7,
Rape/Sexual assault/a,100,,70.3,,13.8,*,7,*,49.6,,29.7,,0,*
    Robbery,100,,38.4,,6.2,,5.8,,26.4,,55.3,,6.3,
    Assault,100,,53.9,,9.9,,7,,37,,43.7,,2.4,
        Aggravated,100,,49.2,,11.2,,4.8,,33.2,,48.2,,2.6,*
        Simple,100,,55.3,,9.5,,7.6,,38.2,,42.3,,2.3,
White only Crime of violence,100,,53.4,,9.7,,7.2,,36.5,,44.1,,2.5,
Rape/Sexual assault/a,100,,73.3,,11.2,*,7.2,*,54.9,,26.7,,0,*
    Robbery,100,,38.9,,6.5,*,4.8,*,27.7,,54.9,,6.2,*
    Assault,100,,54,,10,,7.4,,36.6,,43.8,,2.2,
        Aggravated,100,,48.3,,12.1,,4.1,,32.1,,48.2,,3.5,*
        Simple,100,,55.6,,9.4,,8.3,,37.9,,42.6,,1.8,
Black only Crime of violence,100,,47.6,,9.6,,4.2,,33.8,,48.1,,4.3,
Rape/Sexual assault/a,100,*,61.1,*,29.2,*,0,*,31.9,*,38.9,*,0,*
    Robbery,100,,35.9,,1.4,*,10,*,24.4,,58.2,,6,*
    Assault,100,,50.2,,11,,2.8,*,36.3,,45.8,,4,*
        Aggravated,100,,41.3,,6.8,*,5.1,*,29.4,,58.7,,0,*
        Simple,100,,53.5,,12.6,,2,*,38.9,,41,,5.5,*
Other race only/b Crime of violence,100,,41.2,,7.4,*,5.1,*,28.7,,57,,1.9,*
   Rape/Sexual assault/a,100,*,100,*,0,*,100,*,0,*,0,*,0,*
    Robbery,100,,36,*,21.1,*,0,*,14.9,*,64,*,0,*
    Assault,100,,41.6,,3.7,*,4.9,*,33,,56,,2.4,*
        Aggravated,100,,46.1,*,8.7,*,5.1,*,32.3,*,53.9,*,0,*
        Simple,100,,38.2,*,0,*,4.7,*,33.5,*,57.6,,4.2,*
Two or more races/c Crime of violence,100,,79.1,,11.1,*,14.6,*,53.3,,17.9,*,3.1,*
   Rape/Sexual assault/a,100,*,43.8,*,20.3,*,0,*,23.5,*,56.2,*,0,*
    Robbery,100,*,57.8,*,15.1,*,0,*,42.8,*,16.7,*,25.5,*
    Assault,100,,86.1,,9.5,*,18.5,*,58.2,,13.9,*,0,*
        Aggravated,100,,100,,14,*,16.1,*,69.9,*,0,*,0,*
        Simple,100,,77,,6.6,*,20,*,50.4,,23,*,0,*
Ethnicity Crime of violence,100,,52.8,,9.7,,6.8,,36.3,,44.5,,2.7,
   Rape/Sexual assault/a,100,,70.3,,13.8,*,7,*,49.6,,29.7,,0,*
    Robbery,100,,38.4,,6.2,,5.8,,26.4,,55.3,,6.3,
    Assault,100,,53.9,,9.9,,7,,37,,43.7,,2.4,
        Aggravated,100,,49.2,,11.2,,4.8,,33.2,,48.2,,2.6,*
        Simple,100,,55.3,,9.5,,7.6,,38.2,,42.3,,2.3,
Hispanic Crime of violence,100,,46.3,,7.5,,5.8,,32.9,,50.1,,3.6,*
Rape/Sexual assault/a,100,*,100,*,50.1,*,0,*,49.9,*,0,*,0,*
    Robbery,100,,18.8,*,0,*,0,*,18.8,*,74.3,,7,*
    Assault,100,,49.4,,7.9,,6.8,,34.7,,47.4,,3.2,*
        Aggravated,100,,43.5,,11.6,*,6.3,*,25.6,,51.5,,5,*
        Simple,100,,51.1,,6.8,,6.9,,37.3,,46.3,,2.7,*
Non-Hispanic Crime of violence,100,,53.7,,10,,7,,36.7,,43.7,,2.6,
Rape/Sexual assault/a,100,,68.5,,11.5,*,7.5,*,49.5,,31.5,,0,*
    Robbery,100,,41.6,,7.4,,6.1,*,28,,52.2,,6.2,*
    Assault,100,,54.5,,10.2,,7.1,,37.2,,43.2,,2.3,
        Aggravated,100,,49.4,,11.3,,4.6,,33.5,,48.3,,2.3,*
        Simple,100,,56.1,,9.9,,7.8,,38.4,,41.6,,2.3

Note:  Detail may not add to total shown because of rounding.,,,,,,,,,,,,,
*Estimate is based on about 10 or fewer sample cases.,,,,,,,,,,,,,
a/Includes verbal threats of rape and threats of sexual assault.,,,,,,,,,,,,,
"b/Includes American Indian, Eskimo, Asian Pacific Islander if only one of these races is given.",,,,,,,,,,,,,
"c/Includes all persons of any race, indicating two or more races.",,,,,,,,,,,,,
