Bureau of Justice Statistics,,,,,,,,,,,,,,,,,,,,
filename:  cv0369.csv,,,,,,,,,,,,,,,,,,,,
"Table 69. Percent of victimizations in which victims took self-protective measures, by characteristics of victims and type of crime",,,,,,,,,,,,,,,,,,,,
"data source: National Criminal Victimization Survey, 2003  NCJ  207811",,,,,,,,,,,,,,,,,,,,
produced by:  Cathy Maston ,,,,,,,,,,,,,,,,,,,,
authors:  Patsy Klaus and Cathy Maston,,,,,,,,,,,,,,,,,,,,
refer questions to: askbjs@usdoj.gov  202-307-0765,,,,,,,,,,,,,,,,,,,,
data of version:  06/01/05,,,,,,,,,,,,,,,,,,,,

"Table 69. Personal crimes of violence, 2003: Percent of victimizations in which victims took self-protective measures, by characteristics of victims and type of crime",,,,,,,,,,,,,,,,,,,,

,,,,,,Percent of all victimizations,,,,,,,,,,,,,,
,,,,,,,,,Robbery,,,,,,Assault,,,,,
Characteristic,Crime of violence,,Completed violence,,Attempted/threatened violence,,Rape/Sexual assault/a,, Total,,With injury,,Without injury,, Total,,Aggravated,,Simple,
Gender,,,,,,,,,,,,,,,,,,,,
Male,68.1,%,65.1,%,69.3,%,85.8,%*,65.5,%,66.7,%,64.7,%,68.4,%,70.8,%,67.5,%
Female,69.7,,71.7,,68.7,,88,,59.4,,71.6,,53.8,,69.2,,70.7,,68.8,
Race/b,,,,,,,,,,,,,,,,,,,,
White only,68.8,,69.8,,68.4,,88.1,,64.9,,74.7,,59.7,,68.4,,71.2,,67.6,
Black only,66.4,,58.5,,71.4,,90.3,*,52.6,,50.5,*,53.6,,69.2,,66.3,,70.2,
Age,,,,,,,,,,,,,,,,,,,,
 12-19,66.2,,69.5,,64.7,,100,,55.5,,60.1,,52.8,,66.5,,73.7,,64.4,
20-34,71.6,,66,,74.4,,83.9,,68.1,,77.5,,61.3,,71.4,,69.3,,72.2,
35-49,71.3,,72.7,,70.8,,88.7,,72.2,,61.2,*,74.9,,70.5,,74.3,,69.3,
50-64,59.5,,62.9,,58.3,,76,*,51.9,,50.3,*,52.6,*,60,,51.3,,61.9,
65 and over,79,,66.1,*,88.5,,100,*,60.2,*,83.1,*,35.7,*,88.9,,100,*,87.6,*

Note: Detail may not add to total shown because of rounding.,,,,,,,,,,,,,,,,,,,,
*Estimate is based on about 10 or fewer sample cases.,,,,,,,,,,,,,,,,,,,,
a/Includes verbal threats of rape and threats of sexual assault.,,,,,,,,,,,,,,,,,,,,
"b/Excludes data on persons of ""Other"" races and persons indicating two or more races.",,,,,,,,,,,,,,,,,,,,
