Bureau of Justice Statistics,,,,,,,,,
filename:  cv0393a.csv,,,,,,,,,
"Table 93a. Number and percent distribution of victimizations reported to the police, by type of crime, and gender of head of household",,,,,,,,,
"data source: National Criminal Victimization Survey, 2003  NCJ  207811",,,,,,,,,
produced by:  Cathy Maston ,,,,,,,,,
authors:  Patsy Klaus and Cathy Maston,,,,,,,,,
refer questions to: askbjs@usdoj.gov  202-307-0765,,,,,,,,,
data of version:  06/01/05,,,,,,,,,

"Table 93a. Property crimes, 2003: Number and percent distribution of victimizations reported to the police, by type of crime, and gender of head of household",,,,,,,,,

,,Percent of all victimizations reported to the police,,,,,,,
, Both Genders,,,Male,,,Female,,
Type of crime,Number,Percent,,Number,Percent,,Number,Percent,

Property crimes,"7,149,260",38.4,%,"3,790,560",38.4,%,"3,358,710",38.4,%
   Household burglary,"1,836,650",54.1,,"858,110",52.1,,"978,530",56
      Completed,"1,590,140",56.6,,"754,560",55.2,,"835,590",57.9
           Forcible entry,"780,740",76.8,,"355,510",75.2,,"425,230",78.2
           Unlawful entry/without force,"809,400",45.1,,"399,050",44.6,,"410,360",45.6
      Attempted forcible entry,"246,500",42.1,,"103,560",37,,"142,950",46.8
  Motor vehicle theft,"792,610",76.8,,"410,010",73.4,,"382,600",80.7
     Completed,"684,390",89.6,,"346,630",90.7,,"337,760",88.5
     Attempted,"108,220",40.2,,"63,380",35.9,,"44,840",48.5
   Theft,"4,520,010",31.8,,"2,522,430",32.9,,"1,997,570",30.6
    Completed,"4,349,180",31.7,,"2,425,200",32.8,,"1,923,980",30.4
          Less than $50,"769,970",18.4,,"376,490",17.4,,"393,480",19.4
          $50 - $249,"1,244,960",26.2,,"716,190",27.8,,"528,760",24.3
          $250 or more,"1,881,180",55.7,,"1,103,580",56.1,,"777,600",55.1
          Amount not available,"453,070",32.4,,"228,930",33.4,,"224,140",31.3
   Attempted,"170,830",35.6,,"97,230",34.5,,"73,590",37.2

Note: Detail may not add to total shown because of rounding.
