Bureau of Justice Statistics,,,,,,
filename:  cv0392.csv,,,,,,
"Table 92. Percent of victimizations reported to the police, by selected characteristics of victims and type of crime",,,,,,
"data source: National Criminal Victimization Survey, 2003  NCJ  207811",,,,,,
produced by:  Cathy Maston ,,,,,,
authors:  Patsy Klaus and Cathy Maston,,,,,,
refer questions to: askbjs@usdoj.gov  202-307-0765,,,,,,
data of version:  06/01/05,,,,,,

"Table 92. Personal crimes, 2003: Percent of victimizations reported to the police, by selected characteristics of victims and type of crime",,,,,,

,Percent of all victimizations reported to the police,,,,,
Characteristic,All personal crimes,,Crimes of violence/a,,Purse snatching/Pocket picking,
Gender,,,,,,
Both genders,47.4,%,47.5,%,43.9,%
Male,45.5,,45.7,,31.5,*
Female,49.8,,49.9,,47.9,
Race/b,,,,,,
 White only,46.5,,46.5,,47.4,
 Black only,51.6,,52.3,,38.2,*
Ethnicity,,,,,,
 Hispanic,46.1,,45.9,,51,*
 Non-Hispanic,47.6,,47.7,,42.4,

*Estimate is based on about 10 or fewer sample cases.,,,,,,
"a/Crimes of violence includes data on rape, sexual assault, robbery, and both aggravated and simple assault, not shown separately.",,,,,,
"b/Excludes data on persons of ""Other "" races and persons indicating two or more races.",,,,,,
