Bureau of Justice Statistics,,,,,,,,,
filename:  cv0302.csv,,,,,,,,,
"Table 2. Number of victimizations and victimization rates for persons age 12 and over, by type of crime and gender of victims",,,,,,,,,
"data source: National Criminal Victimization Survey, 2003  NCJ 207811",,,,,,,,,
produced by:  Cathy Maston ,,,,,,,,,
authors:  Patsy Klaus and Cathy Maston,,,,,,,,,
refer questions to: askbjs@usdoj.gov  202-307-0765,,,,,,,,,
data of version:  06/01/05,,,,,,,,,

"Table 2.  Personal crimes, 2003:  Number of victimizations and victimization rates for persons age 12 and over, by type of crime and gender of victims",,,,,,,,,

,"                       Rate per 1,000 persons age 12 and over",,,,,,,,
,Both genders,,      Male,,,,    Female,,
Type of crime         ,Number,Rate,Number,,Rate,,Number,,Rate

All personal crimes,"5,586,420",23.3,"3,101,090",,26.7,,"2,485,330",,20.2
Crimes of violence,"5,401,720",22.6,"3,056,160",,26.3,,"2,345,550",,19,
   Completed violence,"1,654,990",6.9,"848,590",,7.3,,"806,400",,6.5,
   Attempted/threatened violence,"3,746,730",15.7,"2,207,570",,19,,"1,539,160",,12.5,
   Rape/Sexual assault,"198,850",0.8,"19,670",*,0.2,*,"179,170",,1.5,
      Rape/Attempted rape,"116,890",0.5,"8,080",*,0.1,*,"108,810",,0.9,
         Rape,"72,240",0.3,"5,940",*,0.1,*,"66,290",,0.5,
         Attempted rape/a,"44,650",0.2,"2,130",*,0,*,"42,520",,0.3,
      Sexual assault/b,"81,950",0.3,"11,590",*,0.1,*,"70,360",,0.6,
   Robbery,"596,130",2.5,"365,590",,3.2,,"230,540",,1.9,
      Completed/property taken,"377,870",1.6,"205,460",,1.8,,"172,400",,1.4,
         With injury,"160,200",0.7,"93,300",,0.8,,"66,900",,0.5,
         Without injury,"217,670",0.9,"112,160",,1,,"105,500",,0.9,
      Attempted to take property,"218,270",0.9,"160,130",,1.4,,"58,140",,0.5,
         With injury,"53,710",0.2,"48,180",,0.4,,"5,530",*,0,*
         Without injury,"164,560",0.7,"111,950",,1,,"52,610",,0.4,
   Assault,"4,606,740",19.3,"2,670,900",,23,,"1,935,840",,15.7,
      Aggravated,"1,101,110",4.6,"688,420",,5.9,,"412,690",,3.3
         With injury,"361,600",1.5,"217,350",,1.9,,"144,240",,1.2
         Threatened with weapon,"739,510",3.1,"471,060",,4.1,,"268,440",,2.2
      Simple,"3,505,630",14.6,"1,982,480",,17.1,,"1,523,150",,12.4
         With minor injury,"768,960",3.2,"410,860",,3.5,,"358,100",,2.9
         Without injury,"2,736,670",11.4,"1,571,620",,13.5,,"1,165,050",,9.5
Purse snatching/Pocket picking,"184,700",0.8,"44,930",,0.4,,"139,770",,1.1

Population age 12 and over,"239,305,990",...,"116,041,090",,...,,"123,264,890",,...

Note: Detail may not add to total shown because of rounding.,,,,,,,,,
*Estimate is based on about 10 or fewer sample cases.,,,,,,,,,
...Not applicable.,,,,,,,,,
a/Includes verbal threats of rape.,,,,,,,,,
b/Includes threats.,,,,,,,,,



































25
25
25
