Name: “Table 1 of 1 on page 20 of 23”,Name: “Table 1 of 1 on page 20 of 23”,Name: “Table 1 of 1 on page 20 of 23”,Name: “Table 1 of 1 on page 20 of 23”,Name: “Table 1 of 1 on page 20 of 23”,Name: “Table 1 of 1 on page 20 of 23”,Name: “Table 1 of 1 on page 20 of 23”,Name: “Table 1 of 1 on page 20 of 23”,Name: “Table 1 of 1 on page 20 of 23”,Name: “Table 1 of 1 on page 20 of 23”,Name: “Table 1 of 1 on page 20 of 23”,Name: “Table 1 of 1 on page 20 of 23”
Table: 20,Table: 20,Table: 20,Table: 20,Table: 20,Table: 20,Table: 20,Table: 20,Table: 20,Table: 20,Table: 20,Table: 20
,,,,,,,,,,,
,,,,Noise Violations,Noise Violations,Noise Violations,Noise Violations,,,,
,,1021,,,,,,,,,
,,,875,873,,,,,,,
,,,,,,,176,,193,,
,,,,,,,,79,,,
,,Noise Complaints,Noise Complaints,Noise Complaints,,,Charges Placed,Charges Placed,Charges Placed,,
,,,2008,2008,2009,2009,,2010,,,
This,chart,illustrates,the,difference,in,the,number,of,noise,complaints,versus
"charges placed in 2008, 2009, and 2010. Though Noise Violations may seem to be a","charges placed in 2008, 2009, and 2010. Though Noise Violations may seem to be a","charges placed in 2008, 2009, and 2010. Though Noise Violations may seem to be a","charges placed in 2008, 2009, and 2010. Though Noise Violations may seem to be a","charges placed in 2008, 2009, and 2010. Though Noise Violations may seem to be a","charges placed in 2008, 2009, and 2010. Though Noise Violations may seem to be a","charges placed in 2008, 2009, and 2010. Though Noise Violations may seem to be a","charges placed in 2008, 2009, and 2010. Though Noise Violations may seem to be a","charges placed in 2008, 2009, and 2010. Though Noise Violations may seem to be a","charges placed in 2008, 2009, and 2010. Though Noise Violations may seem to be a","charges placed in 2008, 2009, and 2010. Though Noise Violations may seem to be a","charges placed in 2008, 2009, and 2010. Though Noise Violations may seem to be a"
"minor offense, they often lead to the discovery of more serious crimes such as drug","minor offense, they often lead to the discovery of more serious crimes such as drug","minor offense, they often lead to the discovery of more serious crimes such as drug","minor offense, they often lead to the discovery of more serious crimes such as drug","minor offense, they often lead to the discovery of more serious crimes such as drug","minor offense, they often lead to the discovery of more serious crimes such as drug","minor offense, they often lead to the discovery of more serious crimes such as drug","minor offense, they often lead to the discovery of more serious crimes such as drug","minor offense, they often lead to the discovery of more serious crimes such as drug","minor offense, they often lead to the discovery of more serious crimes such as drug","minor offense, they often lead to the discovery of more serious crimes such as drug","minor offense, they often lead to the discovery of more serious crimes such as drug"
and alcohol violations.,and alcohol violations.,and alcohol violations.,,,,,,,,,
,,,Alcohol Violations,Alcohol Violations,Alcohol Violations,Alcohol Violations,Alcohol Violations,Alcohol Violations,,,
,,,,,,,,,1130,1049,
,,,,,,,,,,748,
,663,,,,,,,,,,
,,586,,,,,,,,,
,,,,467,463,463,463,,,,
,,285,,,,,,,,,
,Citations,Citations,,Warrants,Warrants,Warrants,,,,Total,
,,2008,,,2009,2009,2009,,,2010,
Radford City Police Department has a strict policy on lowering alcohol violations in,Radford City Police Department has a strict policy on lowering alcohol violations in,Radford City Police Department has a strict policy on lowering alcohol violations in,Radford City Police Department has a strict policy on lowering alcohol violations in,Radford City Police Department has a strict policy on lowering alcohol violations in,Radford City Police Department has a strict policy on lowering alcohol violations in,Radford City Police Department has a strict policy on lowering alcohol violations in,Radford City Police Department has a strict policy on lowering alcohol violations in,Radford City Police Department has a strict policy on lowering alcohol violations in,Radford City Police Department has a strict policy on lowering alcohol violations in,Radford City Police Department has a strict policy on lowering alcohol violations in,Radford City Police Department has a strict policy on lowering alcohol violations in
the City.,Studies have shown that alcohol is one of the major contributing factors to,Studies have shown that alcohol is one of the major contributing factors to,Studies have shown that alcohol is one of the major contributing factors to,Studies have shown that alcohol is one of the major contributing factors to,Studies have shown that alcohol is one of the major contributing factors to,Studies have shown that alcohol is one of the major contributing factors to,Studies have shown that alcohol is one of the major contributing factors to,Studies have shown that alcohol is one of the major contributing factors to,Studies have shown that alcohol is one of the major contributing factors to,Studies have shown that alcohol is one of the major contributing factors to,Studies have shown that alcohol is one of the major contributing factors to
"other crimes, such as assaults, rapes, larcenies, and vandalisms.","other crimes, such as assaults, rapes, larcenies, and vandalisms.","other crimes, such as assaults, rapes, larcenies, and vandalisms.","other crimes, such as assaults, rapes, larcenies, and vandalisms.","other crimes, such as assaults, rapes, larcenies, and vandalisms.","other crimes, such as assaults, rapes, larcenies, and vandalisms.","other crimes, such as assaults, rapes, larcenies, and vandalisms.","other crimes, such as assaults, rapes, larcenies, and vandalisms.","other crimes, such as assaults, rapes, larcenies, and vandalisms.","other crimes, such as assaults, rapes, larcenies, and vandalisms.",,
,,,,,- 20-,,,,,,
