Name: “Table 1 of 1 on page 19 of 23”,Name: “Table 1 of 1 on page 19 of 23”,Name: “Table 1 of 1 on page 19 of 23”,Name: “Table 1 of 1 on page 19 of 23”,Name: “Table 1 of 1 on page 19 of 23”
Table: 19,Table: 19,Table: 19,Table: 19,Table: 19
,,,,
,Group “B” Offenses,Group “B” Offenses,,
We will now examine Group “B” offenses.,We will now examine Group “B” offenses.,These are crimes that are not “major” in,These are crimes that are not “major” in,These are crimes that are not “major” in
"nature, but are serious offenses that require as much manpower and attention as","nature, but are serious offenses that require as much manpower and attention as","nature, but are serious offenses that require as much manpower and attention as","nature, but are serious offenses that require as much manpower and attention as","nature, but are serious offenses that require as much manpower and attention as"
Group “A” offenses.,These are reportable to the state only when an arrest is made.,These are reportable to the state only when an arrest is made.,These are reportable to the state only when an arrest is made.,These are reportable to the state only when an arrest is made.
This list will not include Driving Under the Influence reports or Alcohol Violations,This list will not include Driving Under the Influence reports or Alcohol Violations,This list will not include Driving Under the Influence reports or Alcohol Violations,This list will not include Driving Under the Influence reports or Alcohol Violations,This list will not include Driving Under the Influence reports or Alcohol Violations
"reports, as these will be discussed in depth further in the report.","reports, as these will be discussed in depth further in the report.","reports, as these will be discussed in depth further in the report.",,
,,2009,2010,% change
Bad Checks,Bad Checks,21,10,-52%
Curfew/Loitering/Vagrancy Violation,Curfew/Loitering/Vagrancy Violation,2,-,-100%
Disorderly Conduct,Disorderly Conduct,19,19,N/C*
"Family Offenses, Non-Violent","Family Offenses, Non-Violent",19,56,195%
Peeping Tom,Peeping Tom,3,2,-33%
,Runaway,12,16,33%
Trespassing,Trespassing,32,28,-13%
Conspiracy to Commit a Group “A” offense,Conspiracy to Commit a Group “A” offense,9,17,89%
Conspiracy to Commit a Group “B” offense,Conspiracy to Commit a Group “B” offense,-,-,-
All Other Reportable Offenses,All Other Reportable Offenses,481,373,-22%
GRAND TOTALS,GRAND TOTALS,598,521,-13%
* The percentage is not calculable due to division by 0,* The percentage is not calculable due to division by 0,,,
,- 19-,,,
