Name: “Table 1 of 1 on page 21 of 23”,Name: “Table 1 of 1 on page 21 of 23”,Name: “Table 1 of 1 on page 21 of 23”,Name: “Table 1 of 1 on page 21 of 23”
Table: 21,Table: 21,Table: 21,Table: 21
,,,
,,DUI Arrests,
,144,,
,,,129
,,109,
,2008,2009,2010
This chart shows the level of consistency in the enforcement efforts of the Radford,This chart shows the level of consistency in the enforcement efforts of the Radford,This chart shows the level of consistency in the enforcement efforts of the Radford,This chart shows the level of consistency in the enforcement efforts of the Radford
Department of Police to get drunk drivers off the streets and behind bars.,Department of Police to get drunk drivers off the streets and behind bars.,Department of Police to get drunk drivers off the streets and behind bars.,Department of Police to get drunk drivers off the streets and behind bars.
,,Accidents,
,,Total Number of Accidents,
,348,,
,,335,
,,,325
,2008,2009,2010
The number of vehicular accidents in the City of Radford decreased 3% from 2009 to,The number of vehicular accidents in the City of Radford decreased 3% from 2009 to,The number of vehicular accidents in the City of Radford decreased 3% from 2009 to,The number of vehicular accidents in the City of Radford decreased 3% from 2009 to
2010.,This decrease may be attributed to proactive traffic law enforcement made,This decrease may be attributed to proactive traffic law enforcement made,This decrease may be attributed to proactive traffic law enforcement made
possible through grants provided by DMV.,possible through grants provided by DMV.,possible through grants provided by DMV.,
,,- 21-,
