Name: “Table 1 of 1 on page 17 of 23”,Name: “Table 1 of 1 on page 17 of 23”,Name: “Table 1 of 1 on page 17 of 23”,Name: “Table 1 of 1 on page 17 of 23”,Name: “Table 1 of 1 on page 17 of 23”
Table: 17,Table: 17,Table: 17,Table: 17,Table: 17
,,,,
,Group “A” Offenses,Group “A” Offenses,,
The following pages outline the Group “A” offenses for 2010 as compared to that of,The following pages outline the Group “A” offenses for 2010 as compared to that of,The following pages outline the Group “A” offenses for 2010 as compared to that of,The following pages outline the Group “A” offenses for 2010 as compared to that of,The following pages outline the Group “A” offenses for 2010 as compared to that of
2009.,Group “A” offenses are considered major crimes and are reported to the State,Group “A” offenses are considered major crimes and are reported to the State,Group “A” offenses are considered major crimes and are reported to the State,Group “A” offenses are considered major crimes and are reported to the State
as UCR Offenses.,,,,
,,2009,2010,% change
,HOMICIDE,1,1,-
,KIDNAPPING,4,4,-
,FORCIBLE SEX OFFENSES,,,
,Rape,17,6,-65%
,Forcible Sodomy,1,1,-
,Sexual Assault w/ object,4,2,-50%
,Forcible Fondling (child),13,9,-31%
,Total Forcible Sex Offenses,35,18,-49%
,ROBBERY,9,8,-11%
,ASSAULTS,,,
,Aggravated Assaults,48,36,-25%
,Simple Assaults,257,214,-17%
,Intimidation,26,9,-65%
,Total Assaults,331,259,-28%
,ARSON,5,7,40%
,EXTORTION,1,2,100%
BURGLARY / BREAKING AND ENTERING,BURGLARY / BREAKING AND ENTERING,171,106,-38%
,LARCENIES,,,
,Pocket Picking,-,-,-
,Purse Snatching,2,-,-100%
,Shoplifting,39,51,31%
,Theft from a building,16,13,-19%
,Theft from a coin operated machine,-,-,-
,Theft from a motor vehicle,65,68,5%
,Theft of motor vehicle parts and accessories,23,19,-17%
,All other larcenies,198,201,2%
,Total Larcenies,343,352,3%
,MOTOR VEHCILE THEFT,15,16,7%
,- 17-,,,
