Name: “Table 1 of 1 on page 8 of 23”,Name: “Table 1 of 1 on page 8 of 23”,Name: “Table 1 of 1 on page 8 of 23”,Name: “Table 1 of 1 on page 8 of 23”,Name: “Table 1 of 1 on page 8 of 23”,Name: “Table 1 of 1 on page 8 of 23”
Table: 8,Table: 8,Table: 8,Table: 8,Table: 8,Table: 8
,,,,,
,,Animal Control,Animal Control,,
inistrative,,,,,
Services Division,,,,,
1158,,,,,
,1094,,,,
,,,1057,,
,,,,,Animal Complaints
658,,,,,Animal Impounds
,,,,,Traps Set
,516,,,,
,,,436,,
,,,,,Wildlife Euthanized
288,,293,,,Bite Exposures
,,259,,,
,,,,233,
,,,,232,
189,,,,,
28,,38,,30,
2008,2009,,2010,,
The Radford City Police Department’s Animal Control is dedicated to serving and,The Radford City Police Department’s Animal Control is dedicated to serving and,The Radford City Police Department’s Animal Control is dedicated to serving and,The Radford City Police Department’s Animal Control is dedicated to serving and,The Radford City Police Department’s Animal Control is dedicated to serving and,The Radford City Police Department’s Animal Control is dedicated to serving and
responding to calls involving,responding to calls involving,domestic animals. In,domestic animals. In,"2010, the lead animal control","2010, the lead animal control"
officer left service due to health issues.,officer left service due to health issues.,officer left service due to health issues.,A full time Animal Control Officer and a,A full time Animal Control Officer and a,A full time Animal Control Officer and a
part-time kennel assistant maintained the unit until mid-2010 when the part-time,part-time kennel assistant maintained the unit until mid-2010 when the part-time,part-time kennel assistant maintained the unit until mid-2010 when the part-time,part-time kennel assistant maintained the unit until mid-2010 when the part-time,part-time kennel assistant maintained the unit until mid-2010 when the part-time,part-time kennel assistant maintained the unit until mid-2010 when the part-time
assistant left to pursue a career elsewhere.,assistant left to pursue a career elsewhere.,assistant left to pursue a career elsewhere.,"In December, the full time ACO also","In December, the full time ACO also","In December, the full time ACO also"
left to accept a full time position with Radford City Fire Department.,left to accept a full time position with Radford City Fire Department.,left to accept a full time position with Radford City Fire Department.,left to accept a full time position with Radford City Fire Department.,left to accept a full time position with Radford City Fire Department.,2011 began
with the addition of a new ACO and a new part-time kennel assistant taking over,with the addition of a new ACO and a new part-time kennel assistant taking over,with the addition of a new ACO and a new part-time kennel assistant taking over,with the addition of a new ACO and a new part-time kennel assistant taking over,with the addition of a new ACO and a new part-time kennel assistant taking over,with the addition of a new ACO and a new part-time kennel assistant taking over
the realm.,,,,,
,,- 8-,,,
