Name: “Table 1 of 1 on page 7 of 23”,Name: “Table 1 of 1 on page 7 of 23”,Name: “Table 1 of 1 on page 7 of 23”,Name: “Table 1 of 1 on page 7 of 23”,Name: “Table 1 of 1 on page 7 of 23”,Name: “Table 1 of 1 on page 7 of 23”,Name: “Table 1 of 1 on page 7 of 23”,Name: “Table 1 of 1 on page 7 of 23”,Name: “Table 1 of 1 on page 7 of 23”,Name: “Table 1 of 1 on page 7 of 23”,Name: “Table 1 of 1 on page 7 of 23”,Name: “Table 1 of 1 on page 7 of 23”,Name: “Table 1 of 1 on page 7 of 23”,Name: “Table 1 of 1 on page 7 of 23”,Name: “Table 1 of 1 on page 7 of 23”,Name: “Table 1 of 1 on page 7 of 23”
Table: 7,Table: 7,Table: 7,Table: 7,Table: 7,Table: 7,Table: 7,Table: 7,Table: 7,Table: 7,Table: 7,Table: 7,Table: 7,Table: 7,Table: 7,Table: 7
,,,,,,,,,,,,,,,
,,,,,Citizen Involvement,Citizen Involvement,Citizen Involvement,Citizen Involvement,Citizen Involvement,Citizen Involvement,,,,,
The,Radford,Radford,City,Police,Department,Department,Department,,,,,,,,
offers,a,Citizen,Citizen,Ride-Along,Ride-Along,Program.,Program.,,,Citizen Ride Alongs,Citizen Ride Alongs,Citizen Ride Alongs,Citizen Ride Alongs,,
The,program,program,allows,citizens,citizens,to,ride,,,,,,,,
,,,,,,,,,111,,,,,,
with and observe police officers while,with and observe police officers while,with and observe police officers while,with and observe police officers while,with and observe police officers while,with and observe police officers while,with and observe police officers while,with and observe police officers while,,,,,,,,
they,are,,performing,performing,their,duties.,duties.,,,,,,,,
,,,,,,,,,,,,,,,71
Those participating in the Ride Along,Those participating in the Ride Along,Those participating in the Ride Along,Those participating in the Ride Along,Those participating in the Ride Along,Those participating in the Ride Along,Those participating in the Ride Along,Those participating in the Ride Along,,,,69,,,,
Program,Program,during,during,2010,were:,potential,potential,,,,,,,,
department,department,department,"employees,","employees,","employees,",Radford,Radford,,,,,,,,
University and New River Community,University and New River Community,University and New River Community,University and New River Community,University and New River Community,University and New River Community,University and New River Community,University and New River Community,,,,,,,,
College,College,"students,","students,",local,,"merchants,","merchants,",,,,,,,,
fellow,law,,enforcement,enforcement,officers,officers,from,,2008,,2009,2009,,,2010
other,"jurisdictions,","jurisdictions,","jurisdictions,",employee,employee,family,family,,,,,,,,
"members,","members,",Citizens’,Citizens’,Police,Police,Academy,"participants,","participants,","participants,",and,interested,interested,citizens.,citizens.,citizens.
Above is a comparison,Above is a comparison,Above is a comparison,Above is a comparison,Above is a comparison,of,citizen,participation,participation,in,this program for the last,this program for the last,this program for the last,this program for the last,this program for the last,this program for the last
three years.,three years.,three years.,,,,,,,,,,,,,
The,Radford,Radford,City,Police,Police,Department,Department,held,its,Second,Annual,Annual,Citizen’s,Citizen’s,Citizen’s
Academy in 2010.,Academy in 2010.,Academy in 2010.,Academy in 2010.,The objects of the academy are as follows:,The objects of the academy are as follows:,The objects of the academy are as follows:,The objects of the academy are as follows:,The objects of the academy are as follows:,The objects of the academy are as follows:,The objects of the academy are as follows:,The objects of the academy are as follows:,,,,
,To,familiarize,familiarize,the,,citizens,of,Radford,with,the,organization,organization,organization,organization,and
,function of the Radford Department of Police.,function of the Radford Department of Police.,function of the Radford Department of Police.,function of the Radford Department of Police.,function of the Radford Department of Police.,function of the Radford Department of Police.,function of the Radford Department of Police.,function of the Radford Department of Police.,function of the Radford Department of Police.,,,,,,
,To give the citizens a better understanding of the parameters in which,To give the citizens a better understanding of the parameters in which,To give the citizens a better understanding of the parameters in which,To give the citizens a better understanding of the parameters in which,To give the citizens a better understanding of the parameters in which,To give the citizens a better understanding of the parameters in which,To give the citizens a better understanding of the parameters in which,To give the citizens a better understanding of the parameters in which,To give the citizens a better understanding of the parameters in which,To give the citizens a better understanding of the parameters in which,To give the citizens a better understanding of the parameters in which,To give the citizens a better understanding of the parameters in which,To give the citizens a better understanding of the parameters in which,To give the citizens a better understanding of the parameters in which,To give the citizens a better understanding of the parameters in which
,an officer functions and why officers handle situations as they do.,an officer functions and why officers handle situations as they do.,an officer functions and why officers handle situations as they do.,an officer functions and why officers handle situations as they do.,an officer functions and why officers handle situations as they do.,an officer functions and why officers handle situations as they do.,an officer functions and why officers handle situations as they do.,an officer functions and why officers handle situations as they do.,an officer functions and why officers handle situations as they do.,an officer functions and why officers handle situations as they do.,an officer functions and why officers handle situations as they do.,an officer functions and why officers handle situations as they do.,an officer functions and why officers handle situations as they do.,an officer functions and why officers handle situations as they do.,
,To,develop,develop,citizen,awareness,awareness,and,understanding,understanding,understanding,of,the,role,of,law
,enforcement.,enforcement.,enforcement.,,,,,,,,,,,,
,To promote a positive image and base of support among members of,To promote a positive image and base of support among members of,To promote a positive image and base of support among members of,To promote a positive image and base of support among members of,To promote a positive image and base of support among members of,To promote a positive image and base of support among members of,To promote a positive image and base of support among members of,To promote a positive image and base of support among members of,To promote a positive image and base of support among members of,To promote a positive image and base of support among members of,To promote a positive image and base of support among members of,To promote a positive image and base of support among members of,To promote a positive image and base of support among members of,To promote a positive image and base of support among members of,To promote a positive image and base of support among members of
,the Radford community.,the Radford community.,the Radford community.,the Radford community.,the Radford community.,,,,,,,,,,
,To develop a nucleus of well-informed citizens who can be a resource,To develop a nucleus of well-informed citizens who can be a resource,To develop a nucleus of well-informed citizens who can be a resource,To develop a nucleus of well-informed citizens who can be a resource,To develop a nucleus of well-informed citizens who can be a resource,To develop a nucleus of well-informed citizens who can be a resource,To develop a nucleus of well-informed citizens who can be a resource,To develop a nucleus of well-informed citizens who can be a resource,To develop a nucleus of well-informed citizens who can be a resource,To develop a nucleus of well-informed citizens who can be a resource,To develop a nucleus of well-informed citizens who can be a resource,To develop a nucleus of well-informed citizens who can be a resource,To develop a nucleus of well-informed citizens who can be a resource,To develop a nucleus of well-informed citizens who can be a resource,To develop a nucleus of well-informed citizens who can be a resource
,for,,the,community,community,in,promoting,promoting,understanding,understanding,understanding,between,between,between,the
,community and the Police Department,community and the Police Department,community and the Police Department,community and the Police Department,community and the Police Department,community and the Police Department,community and the Police Department,community and the Police Department,,,,,,,
We are honored to have as the graduates of the Second Annual Citizen’s Academy,We are honored to have as the graduates of the Second Annual Citizen’s Academy,We are honored to have as the graduates of the Second Annual Citizen’s Academy,We are honored to have as the graduates of the Second Annual Citizen’s Academy,We are honored to have as the graduates of the Second Annual Citizen’s Academy,We are honored to have as the graduates of the Second Annual Citizen’s Academy,We are honored to have as the graduates of the Second Annual Citizen’s Academy,We are honored to have as the graduates of the Second Annual Citizen’s Academy,We are honored to have as the graduates of the Second Annual Citizen’s Academy,We are honored to have as the graduates of the Second Annual Citizen’s Academy,We are honored to have as the graduates of the Second Annual Citizen’s Academy,We are honored to have as the graduates of the Second Annual Citizen’s Academy,We are honored to have as the graduates of the Second Annual Citizen’s Academy,We are honored to have as the graduates of the Second Annual Citizen’s Academy,We are honored to have as the graduates of the Second Annual Citizen’s Academy,We are honored to have as the graduates of the Second Annual Citizen’s Academy
the following outstanding citizens of the City of Radford:,the following outstanding citizens of the City of Radford:,the following outstanding citizens of the City of Radford:,the following outstanding citizens of the City of Radford:,the following outstanding citizens of the City of Radford:,the following outstanding citizens of the City of Radford:,the following outstanding citizens of the City of Radford:,the following outstanding citizens of the City of Radford:,the following outstanding citizens of the City of Radford:,the following outstanding citizens of the City of Radford:,the following outstanding citizens of the City of Radford:,,,,,
,,,Kyle Britton,Kyle Britton,,,,,Kenneth Carroll,Kenneth Carroll,Kenneth Carroll,,,,
,,,Carol Colby,Carol Colby,,,,,Ginger Dickerson,Ginger Dickerson,Ginger Dickerson,,,,
,,,James Graham,James Graham,James Graham,,,,Stephen Gregory,Stephen Gregory,Stephen Gregory,,,,
,,,George Harkrader,George Harkrader,George Harkrader,,,,Margaret Mayberry,Margaret Mayberry,Margaret Mayberry,Margaret Mayberry,,,
,,,Jeffery McPeake,Jeffery McPeake,Jeffery McPeake,,,,James Mitchell,James Mitchell,James Mitchell,,,,
,,,Tonia Moxley,Tonia Moxley,,,,,Michelle Mullins,Michelle Mullins,Michelle Mullins,,,,
,,,Charles Propps,Charles Propps,Charles Propps,,,,Fiona Rhodes,Fiona Rhodes,,,,,
,,,Tom Starnes,Tom Starnes,,,,,,,,,,,
,,,,,,,- 7-,,,,,,,,
