Name: “Table 1 of 1 on page 13 of 23”,Name: “Table 1 of 1 on page 13 of 23”,Name: “Table 1 of 1 on page 13 of 23”,Name: “Table 1 of 1 on page 13 of 23”,Name: “Table 1 of 1 on page 13 of 23”,Name: “Table 1 of 1 on page 13 of 23”,Name: “Table 1 of 1 on page 13 of 23”,Name: “Table 1 of 1 on page 13 of 23”,Name: “Table 1 of 1 on page 13 of 23”,Name: “Table 1 of 1 on page 13 of 23”,Name: “Table 1 of 1 on page 13 of 23”,Name: “Table 1 of 1 on page 13 of 23”,Name: “Table 1 of 1 on page 13 of 23”,Name: “Table 1 of 1 on page 13 of 23”
Table: 13,Table: 13,Table: 13,Table: 13,Table: 13,Table: 13,Table: 13,Table: 13,Table: 13,Table: 13,Table: 13,Table: 13,Table: 13,Table: 13
,,,,,,,,,,,,,
,,Claytor Lake Regional Task Force,Claytor Lake Regional Task Force,Claytor Lake Regional Task Force,Claytor Lake Regional Task Force,Claytor Lake Regional Task Force,Claytor Lake Regional Task Force,Claytor Lake Regional Task Force,Claytor Lake Regional Task Force,Claytor Lake Regional Task Force,Claytor Lake Regional Task Force,,
The,Radford,City,Police,Department,is,a,member,of,the,Claytor,Lake,Regional,Regional
Drug,Task,Force.,A,cooperative,venture,venture,between,the,Virginia,State,State,"Police,",the
"Town of Dublin Police Department, the Town of Pulaski Police Department, Pulaski","Town of Dublin Police Department, the Town of Pulaski Police Department, Pulaski","Town of Dublin Police Department, the Town of Pulaski Police Department, Pulaski","Town of Dublin Police Department, the Town of Pulaski Police Department, Pulaski","Town of Dublin Police Department, the Town of Pulaski Police Department, Pulaski","Town of Dublin Police Department, the Town of Pulaski Police Department, Pulaski","Town of Dublin Police Department, the Town of Pulaski Police Department, Pulaski","Town of Dublin Police Department, the Town of Pulaski Police Department, Pulaski","Town of Dublin Police Department, the Town of Pulaski Police Department, Pulaski","Town of Dublin Police Department, the Town of Pulaski Police Department, Pulaski","Town of Dublin Police Department, the Town of Pulaski Police Department, Pulaski","Town of Dublin Police Department, the Town of Pulaski Police Department, Pulaski","Town of Dublin Police Department, the Town of Pulaski Police Department, Pulaski","Town of Dublin Police Department, the Town of Pulaski Police Department, Pulaski"
County,Sheriff’s,"Office,","Office,",Wytheville,Sheriff’s,Sheriff’s,"Office,",and,the,Radford,Radford,City,Police
"Department, officers assigned to this task force have been successful in removing","Department, officers assigned to this task force have been successful in removing","Department, officers assigned to this task force have been successful in removing","Department, officers assigned to this task force have been successful in removing","Department, officers assigned to this task force have been successful in removing","Department, officers assigned to this task force have been successful in removing","Department, officers assigned to this task force have been successful in removing","Department, officers assigned to this task force have been successful in removing","Department, officers assigned to this task force have been successful in removing","Department, officers assigned to this task force have been successful in removing","Department, officers assigned to this task force have been successful in removing","Department, officers assigned to this task force have been successful in removing","Department, officers assigned to this task force have been successful in removing","Department, officers assigned to this task force have been successful in removing"
some of our more dangerous criminals from the street.,some of our more dangerous criminals from the street.,some of our more dangerous criminals from the street.,some of our more dangerous criminals from the street.,some of our more dangerous criminals from the street.,some of our more dangerous criminals from the street.,some of our more dangerous criminals from the street.,some of our more dangerous criminals from the street.,some of our more dangerous criminals from the street.,The following pages outline,The following pages outline,The following pages outline,The following pages outline,The following pages outline
their successes over the past year.,their successes over the past year.,their successes over the past year.,their successes over the past year.,their successes over the past year.,,,,,,,,,
,,,,Total Weight of Substances,Total Weight of Substances,Total Weight of Substances,Total Weight of Substances,,Total Weight of Substances,Total Weight of Substances,Total Weight of Substances,Total Weight of Substances,Total Weight of Substances
Controlled Substance,Controlled Substance,Controlled Substance,Controlled Substance,Purchased and/or Seized,Purchased and/or Seized,Purchased and/or Seized,Purchased and/or Seized,,Purchased and/or Seized,Purchased and/or Seized,Purchased and/or Seized,Purchased and/or Seized,Purchased and/or Seized
,,,,In All Areas,In All Areas,In All Areas,,,,In City of Radford,In City of Radford,In City of Radford,
Marijuana,Marijuana,,,"3,053 grams","3,053 grams","3,053 grams",,,,727 grams,727 grams,727 grams,
Marijuana plants,Marijuana plants,Marijuana plants,,,452,,,,,,15,,
Powder Cocaine,Powder Cocaine,,,314 grams,314 grams,314 grams,,,,5 grams,5 grams,,
Crack Cocaine,Crack Cocaine,,,116 grams,116 grams,116 grams,,,,10 grams,10 grams,10 grams,
Heroin,,,,,1 grams,1 grams,,,,0.125 grams,0.125 grams,0.125 grams,
Methamphetamine,Methamphetamine,Methamphetamine,Methamphetamine,,274.6 gm,274.6 gm,,,,2 grams,2 grams,,
Oxycontin,Oxycontin,,,,NP*,,,,,1 pills,1 pills,,
Lortab,,,,,NP*,,,,,587 pills,587 pills,587 pills,
Xanax,,,,,NP*,,,,,55 pills,55 pills,,
Methadone,Methadone,,,,NP*-,NP*-,,,,4 pills,4 pills,,
Morphine,Morphine,,,,NP*,,,,,26 pills,26 pills,,
Saboxin,Saboxin,,,,NP*,,,,,2 pills,2 pills,,
Oxycodone,Oxycodone,,,,NP*,,,,,4 pills,4 pills,,
Schedule II Narcotics,Schedule II Narcotics,Schedule II Narcotics,Schedule II Narcotics,,950 pills,950 pills,,,,NP*,NP*,,
Schedule III Narcotics,Schedule III Narcotics,Schedule III Narcotics,Schedule III Narcotics,"1,064 pills","1,064 pills","1,064 pills",,,,NP*,NP*,,
Schedule IV Narcotics,Schedule IV Narcotics,Schedule IV Narcotics,Schedule IV Narcotics,,882 pills,882 pills,,,,NP*,NP*,,
Other Narcotics,Other Narcotics,,,,38 doses,38 doses,,,,NP*,NP*,,
Hallucinogens,Hallucinogens,,,,1 doses,1 doses,,,,8 doses,8 doses,,
"*Due to variations in reporting, the agency did not provide that statistic","*Due to variations in reporting, the agency did not provide that statistic","*Due to variations in reporting, the agency did not provide that statistic","*Due to variations in reporting, the agency did not provide that statistic","*Due to variations in reporting, the agency did not provide that statistic","*Due to variations in reporting, the agency did not provide that statistic","*Due to variations in reporting, the agency did not provide that statistic","*Due to variations in reporting, the agency did not provide that statistic","*Due to variations in reporting, the agency did not provide that statistic","*Due to variations in reporting, the agency did not provide that statistic","*Due to variations in reporting, the agency did not provide that statistic","*Due to variations in reporting, the agency did not provide that statistic",,
The following table illustrates other statistics relative to the work of the task force,The following table illustrates other statistics relative to the work of the task force,The following table illustrates other statistics relative to the work of the task force,The following table illustrates other statistics relative to the work of the task force,The following table illustrates other statistics relative to the work of the task force,The following table illustrates other statistics relative to the work of the task force,The following table illustrates other statistics relative to the work of the task force,The following table illustrates other statistics relative to the work of the task force,The following table illustrates other statistics relative to the work of the task force,The following table illustrates other statistics relative to the work of the task force,The following table illustrates other statistics relative to the work of the task force,The following table illustrates other statistics relative to the work of the task force,The following table illustrates other statistics relative to the work of the task force,The following table illustrates other statistics relative to the work of the task force
in the City of Radford:,in the City of Radford:,in the City of Radford:,in the City of Radford:,,,,,,,,,,
Total number of guns seized by the Police Department,Total number of guns seized by the Police Department,Total number of guns seized by the Police Department,Total number of guns seized by the Police Department,Total number of guns seized by the Police Department,Total number of guns seized by the Police Department,Total number of guns seized by the Police Department,Total number of guns seized by the Police Department,Total number of guns seized by the Police Department,,,,1,
Total number of cases initiated by the Narcotics Unit,Total number of cases initiated by the Narcotics Unit,Total number of cases initiated by the Narcotics Unit,Total number of cases initiated by the Narcotics Unit,Total number of cases initiated by the Narcotics Unit,Total number of cases initiated by the Narcotics Unit,Total number of cases initiated by the Narcotics Unit,Total number of cases initiated by the Narcotics Unit,Total number of cases initiated by the Narcotics Unit,,,,49,
Total Charges pending or placed,Total Charges pending or placed,Total Charges pending or placed,Total Charges pending or placed,Total Charges pending or placed,,,,,,,,70,
Total number of search warrants executed,Total number of search warrants executed,Total number of search warrants executed,Total number of search warrants executed,Total number of search warrants executed,Total number of search warrants executed,Total number of search warrants executed,,,,,,4,
,,,,,- 13-,- 13-,,,,,,,
