Name: “Table 1 of 1 on page 10 of 23”,Name: “Table 1 of 1 on page 10 of 23”,Name: “Table 1 of 1 on page 10 of 23”,Name: “Table 1 of 1 on page 10 of 23”,Name: “Table 1 of 1 on page 10 of 23”,Name: “Table 1 of 1 on page 10 of 23”,Name: “Table 1 of 1 on page 10 of 23”,Name: “Table 1 of 1 on page 10 of 23”,Name: “Table 1 of 1 on page 10 of 23”
Table: 10,Table: 10,Table: 10,Table: 10,Table: 10,Table: 10,Table: 10,Table: 10,Table: 10
,,,,,,,,
,,Parking Enforcement,Parking Enforcement,Parking Enforcement,Parking Enforcement,,,
Parking Enforcement duties are shared by police officers and a part time parking,Parking Enforcement duties are shared by police officers and a part time parking,Parking Enforcement duties are shared by police officers and a part time parking,Parking Enforcement duties are shared by police officers and a part time parking,Parking Enforcement duties are shared by police officers and a part time parking,Parking Enforcement duties are shared by police officers and a part time parking,Parking Enforcement duties are shared by police officers and a part time parking,Parking Enforcement duties are shared by police officers and a part time parking,Parking Enforcement duties are shared by police officers and a part time parking
enforcement,officer.,Enforcement,of,parking,regulations,contributes,to,overall
public safety.,,,,,,,,
,,Parking Tickets Issued,Parking Tickets Issued,Parking Tickets Issued,,,,
,2822,,,,,,,
,,,,2064,,,,
,,,,,,1690,,
,2008,,2009,2009,,,,
,,,,,2010,2010,,
,,,- 10-,- 10-,,,,
