Name: “Table 1 of 1 on page 16 of 23”,Name: “Table 1 of 1 on page 16 of 23”,Name: “Table 1 of 1 on page 16 of 23”,Name: “Table 1 of 1 on page 16 of 23”,Name: “Table 1 of 1 on page 16 of 23”,Name: “Table 1 of 1 on page 16 of 23”,Name: “Table 1 of 1 on page 16 of 23”,Name: “Table 1 of 1 on page 16 of 23”,Name: “Table 1 of 1 on page 16 of 23”,Name: “Table 1 of 1 on page 16 of 23”,Name: “Table 1 of 1 on page 16 of 23”,Name: “Table 1 of 1 on page 16 of 23”,Name: “Table 1 of 1 on page 16 of 23”,Name: “Table 1 of 1 on page 16 of 23”
Table: 16,Table: 16,Table: 16,Table: 16,Table: 16,Table: 16,Table: 16,Table: 16,Table: 16,Table: 16,Table: 16,Table: 16,Table: 16,Table: 16
,,,,,,,,,,,,,
,,,,,K-K99 OUfNfiIcTer,K-K99 OUfNfiIcTer,K-K99 OUfNfiIcTer,K-K99 OUfNfiIcTer,,,,,
"In 2010, The Radford City Police Department continues the services provided by a","In 2010, The Radford City Police Department continues the services provided by a","In 2010, The Radford City Police Department continues the services provided by a","In 2010, The Radford City Police Department continues the services provided by a","In 2010, The Radford City Police Department continues the services provided by a","In 2010, The Radford City Police Department continues the services provided by a","In 2010, The Radford City Police Department continues the services provided by a","In 2010, The Radford City Police Department continues the services provided by a","In 2010, The Radford City Police Department continues the services provided by a","In 2010, The Radford City Police Department continues the services provided by a","In 2010, The Radford City Police Department continues the services provided by a","In 2010, The Radford City Police Department continues the services provided by a","In 2010, The Radford City Police Department continues the services provided by a","In 2010, The Radford City Police Department continues the services provided by a"
K-9,Unit.,The,Unit,responded,responded,to,numerous,numerous,regional,regional,requests,from,other
"jurisdictions for tracking, explosives detection, and narcotics detection.","jurisdictions for tracking, explosives detection, and narcotics detection.","jurisdictions for tracking, explosives detection, and narcotics detection.","jurisdictions for tracking, explosives detection, and narcotics detection.","jurisdictions for tracking, explosives detection, and narcotics detection.","jurisdictions for tracking, explosives detection, and narcotics detection.","jurisdictions for tracking, explosives detection, and narcotics detection.","jurisdictions for tracking, explosives detection, and narcotics detection.","jurisdictions for tracking, explosives detection, and narcotics detection.","jurisdictions for tracking, explosives detection, and narcotics detection.","jurisdictions for tracking, explosives detection, and narcotics detection.","jurisdictions for tracking, explosives detection, and narcotics detection.",In addition,In addition
"to aiding surrounding jurisdictions, the Unit is utilized by this agency on a regular","to aiding surrounding jurisdictions, the Unit is utilized by this agency on a regular","to aiding surrounding jurisdictions, the Unit is utilized by this agency on a regular","to aiding surrounding jurisdictions, the Unit is utilized by this agency on a regular","to aiding surrounding jurisdictions, the Unit is utilized by this agency on a regular","to aiding surrounding jurisdictions, the Unit is utilized by this agency on a regular","to aiding surrounding jurisdictions, the Unit is utilized by this agency on a regular","to aiding surrounding jurisdictions, the Unit is utilized by this agency on a regular","to aiding surrounding jurisdictions, the Unit is utilized by this agency on a regular","to aiding surrounding jurisdictions, the Unit is utilized by this agency on a regular","to aiding surrounding jurisdictions, the Unit is utilized by this agency on a regular","to aiding surrounding jurisdictions, the Unit is utilized by this agency on a regular","to aiding surrounding jurisdictions, the Unit is utilized by this agency on a regular","to aiding surrounding jurisdictions, the Unit is utilized by this agency on a regular"
basis,for,the,detection,of,narcotics,narcotics,and,"explosives,","explosives,",and,additionally,used,for
tracking,tracking,and,apprehension.,apprehension.,The,K-9,Unit,has,made,multiple,large,seizures,of
narcotics and recovered several weapons during the course of its work.,narcotics and recovered several weapons during the course of its work.,narcotics and recovered several weapons during the course of its work.,narcotics and recovered several weapons during the course of its work.,narcotics and recovered several weapons during the course of its work.,narcotics and recovered several weapons during the course of its work.,narcotics and recovered several weapons during the course of its work.,narcotics and recovered several weapons during the course of its work.,narcotics and recovered several weapons during the course of its work.,narcotics and recovered several weapons during the course of its work.,narcotics and recovered several weapons during the course of its work.,narcotics and recovered several weapons during the course of its work.,,
"Jake, the Yellow Labrador Retriever, who was partnered with Officer RM Stultz,","Jake, the Yellow Labrador Retriever, who was partnered with Officer RM Stultz,","Jake, the Yellow Labrador Retriever, who was partnered with Officer RM Stultz,","Jake, the Yellow Labrador Retriever, who was partnered with Officer RM Stultz,","Jake, the Yellow Labrador Retriever, who was partnered with Officer RM Stultz,","Jake, the Yellow Labrador Retriever, who was partnered with Officer RM Stultz,","Jake, the Yellow Labrador Retriever, who was partnered with Officer RM Stultz,","Jake, the Yellow Labrador Retriever, who was partnered with Officer RM Stultz,","Jake, the Yellow Labrador Retriever, who was partnered with Officer RM Stultz,","Jake, the Yellow Labrador Retriever, who was partnered with Officer RM Stultz,","Jake, the Yellow Labrador Retriever, who was partnered with Officer RM Stultz,","Jake, the Yellow Labrador Retriever, who was partnered with Officer RM Stultz,","Jake, the Yellow Labrador Retriever, who was partnered with Officer RM Stultz,","Jake, the Yellow Labrador Retriever, who was partnered with Officer RM Stultz,"
was retired to his handler in February 2010.,was retired to his handler in February 2010.,was retired to his handler in February 2010.,was retired to his handler in February 2010.,was retired to his handler in February 2010.,was retired to his handler in February 2010.,was retired to his handler in February 2010.,was retired to his handler in February 2010.,"He was replaced by Ruckus, a 4 year","He was replaced by Ruckus, a 4 year","He was replaced by Ruckus, a 4 year","He was replaced by Ruckus, a 4 year","He was replaced by Ruckus, a 4 year","He was replaced by Ruckus, a 4 year"
old certified in narcotics detection.,old certified in narcotics detection.,old certified in narcotics detection.,old certified in narcotics detection.,old certified in narcotics detection.,old certified in narcotics detection.,"In addition to Ruckus, the Unit still consists of","In addition to Ruckus, the Unit still consists of","In addition to Ruckus, the Unit still consists of","In addition to Ruckus, the Unit still consists of","In addition to Ruckus, the Unit still consists of","In addition to Ruckus, the Unit still consists of","In addition to Ruckus, the Unit still consists of","In addition to Ruckus, the Unit still consists of"
"Ares,",a,German,Shepherd,Shepherd,certified,certified,in,"tracking,","apprehension,","apprehension,",and,narcotics,narcotics
"detection, and Boom, certified in explosives detection.","detection, and Boom, certified in explosives detection.","detection, and Boom, certified in explosives detection.","detection, and Boom, certified in explosives detection.","detection, and Boom, certified in explosives detection.","detection, and Boom, certified in explosives detection.","detection, and Boom, certified in explosives detection.","detection, and Boom, certified in explosives detection.","detection, and Boom, certified in explosives detection.",,,,,
All three handlers and their canine partners attended the Virginia Police Work Dog,All three handlers and their canine partners attended the Virginia Police Work Dog,All three handlers and their canine partners attended the Virginia Police Work Dog,All three handlers and their canine partners attended the Virginia Police Work Dog,All three handlers and their canine partners attended the Virginia Police Work Dog,All three handlers and their canine partners attended the Virginia Police Work Dog,All three handlers and their canine partners attended the Virginia Police Work Dog,All three handlers and their canine partners attended the Virginia Police Work Dog,All three handlers and their canine partners attended the Virginia Police Work Dog,All three handlers and their canine partners attended the Virginia Police Work Dog,All three handlers and their canine partners attended the Virginia Police Work Dog,All three handlers and their canine partners attended the Virginia Police Work Dog,All three handlers and their canine partners attended the Virginia Police Work Dog,All three handlers and their canine partners attended the Virginia Police Work Dog
"Seminar in September, 2010.","Seminar in September, 2010.","Seminar in September, 2010.","Seminar in September, 2010.","Seminar in September, 2010.","During the seminar, the handlers and dogs received","During the seminar, the handlers and dogs received","During the seminar, the handlers and dogs received","During the seminar, the handlers and dogs received","During the seminar, the handlers and dogs received","During the seminar, the handlers and dogs received","During the seminar, the handlers and dogs received","During the seminar, the handlers and dogs received","During the seminar, the handlers and dogs received"
over 40 hours of training.,over 40 hours of training.,over 40 hours of training.,over 40 hours of training.,over 40 hours of training.,"As a whole, the K-9 Unit received over 800 hours of","As a whole, the K-9 Unit received over 800 hours of","As a whole, the K-9 Unit received over 800 hours of","As a whole, the K-9 Unit received over 800 hours of","As a whole, the K-9 Unit received over 800 hours of","As a whole, the K-9 Unit received over 800 hours of","As a whole, the K-9 Unit received over 800 hours of","As a whole, the K-9 Unit received over 800 hours of","As a whole, the K-9 Unit received over 800 hours of"
training in 2010.,training in 2010.,training in 2010.,,,,,,,,,,,
,,,,,,- 16-,- 16-,,,,,,
