Name: “Table 1 of 1 on page 15 of 23”,Name: “Table 1 of 1 on page 15 of 23”,Name: “Table 1 of 1 on page 15 of 23”,Name: “Table 1 of 1 on page 15 of 23”,Name: “Table 1 of 1 on page 15 of 23”,Name: “Table 1 of 1 on page 15 of 23”,Name: “Table 1 of 1 on page 15 of 23”,Name: “Table 1 of 1 on page 15 of 23”,Name: “Table 1 of 1 on page 15 of 23”,Name: “Table 1 of 1 on page 15 of 23”,Name: “Table 1 of 1 on page 15 of 23”,Name: “Table 1 of 1 on page 15 of 23”,Name: “Table 1 of 1 on page 15 of 23”,Name: “Table 1 of 1 on page 15 of 23”
Table: 15,Table: 15,Table: 15,Table: 15,Table: 15,Table: 15,Table: 15,Table: 15,Table: 15,Table: 15,Table: 15,Table: 15,Table: 15,Table: 15
,,,,,,,,,,,,,
,,,School Resource Officer,School Resource Officer,School Resource Officer,School Resource Officer,School Resource Officer,School Resource Officer,School Resource Officer,School Resource Officer,,,
,,,,Major Crimes in the Schools,Major Crimes in the Schools,Major Crimes in the Schools,Major Crimes in the Schools,Major Crimes in the Schools,Major Crimes in the Schools,,,,
,,,27,,,,,,,,,,
,,,,,,,25,,,25,,,
,,,2008,,,,2009,,,2010,,,
Our School Resource Officer is dedicated to providing safety and security in the four,Our School Resource Officer is dedicated to providing safety and security in the four,Our School Resource Officer is dedicated to providing safety and security in the four,Our School Resource Officer is dedicated to providing safety and security in the four,Our School Resource Officer is dedicated to providing safety and security in the four,Our School Resource Officer is dedicated to providing safety and security in the four,Our School Resource Officer is dedicated to providing safety and security in the four,Our School Resource Officer is dedicated to providing safety and security in the four,Our School Resource Officer is dedicated to providing safety and security in the four,Our School Resource Officer is dedicated to providing safety and security in the four,Our School Resource Officer is dedicated to providing safety and security in the four,Our School Resource Officer is dedicated to providing safety and security in the four,Our School Resource Officer is dedicated to providing safety and security in the four,Our School Resource Officer is dedicated to providing safety and security in the four
schools,located,in,the,City,of,Radford.,Some,of,the,duties,include,controlling,controlling
disruptive,"students,","students,","students,","parents,","parents,",and,"guardians,","truancy,","truancy,","instruction,","instruction,",and,the
investigation of crime that occurs in all four of the school in the school district. One,investigation of crime that occurs in all four of the school in the school district. One,investigation of crime that occurs in all four of the school in the school district. One,investigation of crime that occurs in all four of the school in the school district. One,investigation of crime that occurs in all four of the school in the school district. One,investigation of crime that occurs in all four of the school in the school district. One,investigation of crime that occurs in all four of the school in the school district. One,investigation of crime that occurs in all four of the school in the school district. One,investigation of crime that occurs in all four of the school in the school district. One,investigation of crime that occurs in all four of the school in the school district. One,investigation of crime that occurs in all four of the school in the school district. One,investigation of crime that occurs in all four of the school in the school district. One,investigation of crime that occurs in all four of the school in the school district. One,investigation of crime that occurs in all four of the school in the school district. One
School,Resource,,Officer,split,split,his,time,between,the,High,"School,",Dalton,Dalton
"Intermediate, and both of the elementary schools. Due to the increasing need for","Intermediate, and both of the elementary schools. Due to the increasing need for","Intermediate, and both of the elementary schools. Due to the increasing need for","Intermediate, and both of the elementary schools. Due to the increasing need for","Intermediate, and both of the elementary schools. Due to the increasing need for","Intermediate, and both of the elementary schools. Due to the increasing need for","Intermediate, and both of the elementary schools. Due to the increasing need for","Intermediate, and both of the elementary schools. Due to the increasing need for","Intermediate, and both of the elementary schools. Due to the increasing need for","Intermediate, and both of the elementary schools. Due to the increasing need for","Intermediate, and both of the elementary schools. Due to the increasing need for","Intermediate, and both of the elementary schools. Due to the increasing need for","Intermediate, and both of the elementary schools. Due to the increasing need for","Intermediate, and both of the elementary schools. Due to the increasing need for"
"services provided by a School Resource Officer, the city has elected to once again","services provided by a School Resource Officer, the city has elected to once again","services provided by a School Resource Officer, the city has elected to once again","services provided by a School Resource Officer, the city has elected to once again","services provided by a School Resource Officer, the city has elected to once again","services provided by a School Resource Officer, the city has elected to once again","services provided by a School Resource Officer, the city has elected to once again","services provided by a School Resource Officer, the city has elected to once again","services provided by a School Resource Officer, the city has elected to once again","services provided by a School Resource Officer, the city has elected to once again","services provided by a School Resource Officer, the city has elected to once again","services provided by a School Resource Officer, the city has elected to once again","services provided by a School Resource Officer, the city has elected to once again","services provided by a School Resource Officer, the city has elected to once again"
"add an additional officer to the school system beginning January, 2011.","add an additional officer to the school system beginning January, 2011.","add an additional officer to the school system beginning January, 2011.","add an additional officer to the school system beginning January, 2011.","add an additional officer to the school system beginning January, 2011.","add an additional officer to the school system beginning January, 2011.","add an additional officer to the school system beginning January, 2011.","add an additional officer to the school system beginning January, 2011.","add an additional officer to the school system beginning January, 2011.","add an additional officer to the school system beginning January, 2011.","add an additional officer to the school system beginning January, 2011.","add an additional officer to the school system beginning January, 2011.",,
,,,,,,,- 15-,,,,,,
