Name: “Table 1 of 1 on page 12 of 23”,Name: “Table 1 of 1 on page 12 of 23”,Name: “Table 1 of 1 on page 12 of 23”,Name: “Table 1 of 1 on page 12 of 23”,Name: “Table 1 of 1 on page 12 of 23”,Name: “Table 1 of 1 on page 12 of 23”,Name: “Table 1 of 1 on page 12 of 23”,Name: “Table 1 of 1 on page 12 of 23”,Name: “Table 1 of 1 on page 12 of 23”,Name: “Table 1 of 1 on page 12 of 23”,Name: “Table 1 of 1 on page 12 of 23”,Name: “Table 1 of 1 on page 12 of 23”,Name: “Table 1 of 1 on page 12 of 23”,Name: “Table 1 of 1 on page 12 of 23”,Name: “Table 1 of 1 on page 12 of 23”
Table: 12,Table: 12,Table: 12,Table: 12,Table: 12,Table: 12,Table: 12,Table: 12,Table: 12,Table: 12,Table: 12,Table: 12,Table: 12,Table: 12,Table: 12
,,,,,,,,,,,,,,
,,,Criminal Investigations Bureau,Criminal Investigations Bureau,Criminal Investigations Bureau,Criminal Investigations Bureau,Criminal Investigations Bureau,Criminal Investigations Bureau,Criminal Investigations Bureau,Criminal Investigations Bureau,Criminal Investigations Bureau,Criminal Investigations Bureau,,
The Criminal Investigations Bureau is supervised by Lieutenant Andy Wilburn and,The Criminal Investigations Bureau is supervised by Lieutenant Andy Wilburn and,The Criminal Investigations Bureau is supervised by Lieutenant Andy Wilburn and,The Criminal Investigations Bureau is supervised by Lieutenant Andy Wilburn and,The Criminal Investigations Bureau is supervised by Lieutenant Andy Wilburn and,The Criminal Investigations Bureau is supervised by Lieutenant Andy Wilburn and,The Criminal Investigations Bureau is supervised by Lieutenant Andy Wilburn and,The Criminal Investigations Bureau is supervised by Lieutenant Andy Wilburn and,The Criminal Investigations Bureau is supervised by Lieutenant Andy Wilburn and,The Criminal Investigations Bureau is supervised by Lieutenant Andy Wilburn and,The Criminal Investigations Bureau is supervised by Lieutenant Andy Wilburn and,The Criminal Investigations Bureau is supervised by Lieutenant Andy Wilburn and,The Criminal Investigations Bureau is supervised by Lieutenant Andy Wilburn and,The Criminal Investigations Bureau is supervised by Lieutenant Andy Wilburn and,The Criminal Investigations Bureau is supervised by Lieutenant Andy Wilburn and
Sergeant Chris Caldwell.,Sergeant Chris Caldwell.,Sergeant Chris Caldwell.,Sergeant Chris Caldwell.,"The Unit is comprised of four Detectives, one of which is","The Unit is comprised of four Detectives, one of which is","The Unit is comprised of four Detectives, one of which is","The Unit is comprised of four Detectives, one of which is","The Unit is comprised of four Detectives, one of which is","The Unit is comprised of four Detectives, one of which is","The Unit is comprised of four Detectives, one of which is","The Unit is comprised of four Detectives, one of which is","The Unit is comprised of four Detectives, one of which is","The Unit is comprised of four Detectives, one of which is","The Unit is comprised of four Detectives, one of which is"
assigned to the State Police Drug Task Force and two School Resource Officers.,assigned to the State Police Drug Task Force and two School Resource Officers.,assigned to the State Police Drug Task Force and two School Resource Officers.,assigned to the State Police Drug Task Force and two School Resource Officers.,assigned to the State Police Drug Task Force and two School Resource Officers.,assigned to the State Police Drug Task Force and two School Resource Officers.,assigned to the State Police Drug Task Force and two School Resource Officers.,assigned to the State Police Drug Task Force and two School Resource Officers.,assigned to the State Police Drug Task Force and two School Resource Officers.,assigned to the State Police Drug Task Force and two School Resource Officers.,assigned to the State Police Drug Task Force and two School Resource Officers.,assigned to the State Police Drug Task Force and two School Resource Officers.,assigned to the State Police Drug Task Force and two School Resource Officers.,assigned to the State Police Drug Task Force and two School Resource Officers.,assigned to the State Police Drug Task Force and two School Resource Officers.
"During 2010, one Detective position and one School Resource Officer position were","During 2010, one Detective position and one School Resource Officer position were","During 2010, one Detective position and one School Resource Officer position were","During 2010, one Detective position and one School Resource Officer position were","During 2010, one Detective position and one School Resource Officer position were","During 2010, one Detective position and one School Resource Officer position were","During 2010, one Detective position and one School Resource Officer position were","During 2010, one Detective position and one School Resource Officer position were","During 2010, one Detective position and one School Resource Officer position were","During 2010, one Detective position and one School Resource Officer position were","During 2010, one Detective position and one School Resource Officer position were","During 2010, one Detective position and one School Resource Officer position were","During 2010, one Detective position and one School Resource Officer position were","During 2010, one Detective position and one School Resource Officer position were","During 2010, one Detective position and one School Resource Officer position were"
added to the Criminal Investigations Bureau making up the current staff.,added to the Criminal Investigations Bureau making up the current staff.,added to the Criminal Investigations Bureau making up the current staff.,added to the Criminal Investigations Bureau making up the current staff.,added to the Criminal Investigations Bureau making up the current staff.,added to the Criminal Investigations Bureau making up the current staff.,added to the Criminal Investigations Bureau making up the current staff.,added to the Criminal Investigations Bureau making up the current staff.,added to the Criminal Investigations Bureau making up the current staff.,added to the Criminal Investigations Bureau making up the current staff.,added to the Criminal Investigations Bureau making up the current staff.,added to the Criminal Investigations Bureau making up the current staff.,added to the Criminal Investigations Bureau making up the current staff.,,
The Criminal Investigations Bureau worked 132 fewer cases then 2009; however,The Criminal Investigations Bureau worked 132 fewer cases then 2009; however,The Criminal Investigations Bureau worked 132 fewer cases then 2009; however,The Criminal Investigations Bureau worked 132 fewer cases then 2009; however,The Criminal Investigations Bureau worked 132 fewer cases then 2009; however,The Criminal Investigations Bureau worked 132 fewer cases then 2009; however,The Criminal Investigations Bureau worked 132 fewer cases then 2009; however,The Criminal Investigations Bureau worked 132 fewer cases then 2009; however,The Criminal Investigations Bureau worked 132 fewer cases then 2009; however,The Criminal Investigations Bureau worked 132 fewer cases then 2009; however,The Criminal Investigations Bureau worked 132 fewer cases then 2009; however,The Criminal Investigations Bureau worked 132 fewer cases then 2009; however,The Criminal Investigations Bureau worked 132 fewer cases then 2009; however,The Criminal Investigations Bureau worked 132 fewer cases then 2009; however,The Criminal Investigations Bureau worked 132 fewer cases then 2009; however
several of the cases involved multiple Detectives having to work the case.,several of the cases involved multiple Detectives having to work the case.,several of the cases involved multiple Detectives having to work the case.,several of the cases involved multiple Detectives having to work the case.,several of the cases involved multiple Detectives having to work the case.,several of the cases involved multiple Detectives having to work the case.,several of the cases involved multiple Detectives having to work the case.,several of the cases involved multiple Detectives having to work the case.,several of the cases involved multiple Detectives having to work the case.,several of the cases involved multiple Detectives having to work the case.,several of the cases involved multiple Detectives having to work the case.,several of the cases involved multiple Detectives having to work the case.,several of the cases involved multiple Detectives having to work the case.,several of the cases involved multiple Detectives having to work the case.,Those
cases,were,the,Papa,John’s,"Homicide,",Fraternity,Fraternity,Fraternity,hazing,"death,","death,",Wachovia,Wachovia,Bank
"Robbery, Child Pornography cases and ten stolen vehicles.","Robbery, Child Pornography cases and ten stolen vehicles.","Robbery, Child Pornography cases and ten stolen vehicles.","Robbery, Child Pornography cases and ten stolen vehicles.","Robbery, Child Pornography cases and ten stolen vehicles.","Robbery, Child Pornography cases and ten stolen vehicles.","Robbery, Child Pornography cases and ten stolen vehicles.","Robbery, Child Pornography cases and ten stolen vehicles.","Robbery, Child Pornography cases and ten stolen vehicles.","Robbery, Child Pornography cases and ten stolen vehicles.",,,,,
The Thanksgiving and Christmas breaks for Radford University are a traditionally,The Thanksgiving and Christmas breaks for Radford University are a traditionally,The Thanksgiving and Christmas breaks for Radford University are a traditionally,The Thanksgiving and Christmas breaks for Radford University are a traditionally,The Thanksgiving and Christmas breaks for Radford University are a traditionally,The Thanksgiving and Christmas breaks for Radford University are a traditionally,The Thanksgiving and Christmas breaks for Radford University are a traditionally,The Thanksgiving and Christmas breaks for Radford University are a traditionally,The Thanksgiving and Christmas breaks for Radford University are a traditionally,The Thanksgiving and Christmas breaks for Radford University are a traditionally,The Thanksgiving and Christmas breaks for Radford University are a traditionally,The Thanksgiving and Christmas breaks for Radford University are a traditionally,The Thanksgiving and Christmas breaks for Radford University are a traditionally,The Thanksgiving and Christmas breaks for Radford University are a traditionally,The Thanksgiving and Christmas breaks for Radford University are a traditionally
busy time for thieves.,busy time for thieves.,busy time for thieves.,busy time for thieves.,"During 2010, we worked with the Property managers and","During 2010, we worked with the Property managers and","During 2010, we worked with the Property managers and","During 2010, we worked with the Property managers and","During 2010, we worked with the Property managers and","During 2010, we worked with the Property managers and","During 2010, we worked with the Property managers and","During 2010, we worked with the Property managers and","During 2010, we worked with the Property managers and","During 2010, we worked with the Property managers and","During 2010, we worked with the Property managers and"
had them check ground floor windows and doors to insure they were locked.,had them check ground floor windows and doors to insure they were locked.,had them check ground floor windows and doors to insure they were locked.,had them check ground floor windows and doors to insure they were locked.,had them check ground floor windows and doors to insure they were locked.,had them check ground floor windows and doors to insure they were locked.,had them check ground floor windows and doors to insure they were locked.,had them check ground floor windows and doors to insure they were locked.,had them check ground floor windows and doors to insure they were locked.,had them check ground floor windows and doors to insure they were locked.,had them check ground floor windows and doors to insure they were locked.,had them check ground floor windows and doors to insure they were locked.,had them check ground floor windows and doors to insure they were locked.,,During
"the 2010 breaks, we had less than ten burglaries.","the 2010 breaks, we had less than ten burglaries.","the 2010 breaks, we had less than ten burglaries.","the 2010 breaks, we had less than ten burglaries.","the 2010 breaks, we had less than ten burglaries.","the 2010 breaks, we had less than ten burglaries.","the 2010 breaks, we had less than ten burglaries.","the 2010 breaks, we had less than ten burglaries.","the 2010 breaks, we had less than ten burglaries.",,,,,,
Sergeant,Caldwell,Caldwell,and,three,Detectives,Detectives,became,became,became,certified,,as,Crime,Scene
Technicians through the Roanoke City Police Academy.,Technicians through the Roanoke City Police Academy.,Technicians through the Roanoke City Police Academy.,Technicians through the Roanoke City Police Academy.,Technicians through the Roanoke City Police Academy.,Technicians through the Roanoke City Police Academy.,Technicians through the Roanoke City Police Academy.,Technicians through the Roanoke City Police Academy.,Technicians through the Roanoke City Police Academy.,Technicians through the Roanoke City Police Academy.,,,,,
The,Criminal,Criminal,Investigations,Investigations,Bureau,is,now,in,charge,of,the,the,Traffic,Crash
Reconstruction,Reconstruction,Reconstruction,Team.,Lieutenant,Lieutenant,Wilburn,Wilburn,is,in,charge,of,that,unit,which
investigates all fatal and officer involved collisions.,investigates all fatal and officer involved collisions.,investigates all fatal and officer involved collisions.,investigates all fatal and officer involved collisions.,investigates all fatal and officer involved collisions.,investigates all fatal and officer involved collisions.,investigates all fatal and officer involved collisions.,investigates all fatal and officer involved collisions.,investigates all fatal and officer involved collisions.,,,,,,
New equipment has arrived and will be utilized in the new Police Department’s Lab,New equipment has arrived and will be utilized in the new Police Department’s Lab,New equipment has arrived and will be utilized in the new Police Department’s Lab,New equipment has arrived and will be utilized in the new Police Department’s Lab,New equipment has arrived and will be utilized in the new Police Department’s Lab,New equipment has arrived and will be utilized in the new Police Department’s Lab,New equipment has arrived and will be utilized in the new Police Department’s Lab,New equipment has arrived and will be utilized in the new Police Department’s Lab,New equipment has arrived and will be utilized in the new Police Department’s Lab,New equipment has arrived and will be utilized in the new Police Department’s Lab,New equipment has arrived and will be utilized in the new Police Department’s Lab,New equipment has arrived and will be utilized in the new Police Department’s Lab,New equipment has arrived and will be utilized in the new Police Department’s Lab,New equipment has arrived and will be utilized in the new Police Department’s Lab,New equipment has arrived and will be utilized in the new Police Department’s Lab
which includes a fuming chamber for fingerprint development as well as a drying,which includes a fuming chamber for fingerprint development as well as a drying,which includes a fuming chamber for fingerprint development as well as a drying,which includes a fuming chamber for fingerprint development as well as a drying,which includes a fuming chamber for fingerprint development as well as a drying,which includes a fuming chamber for fingerprint development as well as a drying,which includes a fuming chamber for fingerprint development as well as a drying,which includes a fuming chamber for fingerprint development as well as a drying,which includes a fuming chamber for fingerprint development as well as a drying,which includes a fuming chamber for fingerprint development as well as a drying,which includes a fuming chamber for fingerprint development as well as a drying,which includes a fuming chamber for fingerprint development as well as a drying,which includes a fuming chamber for fingerprint development as well as a drying,which includes a fuming chamber for fingerprint development as well as a drying,which includes a fuming chamber for fingerprint development as well as a drying
chamber for wet or blood soaked clothing.,chamber for wet or blood soaked clothing.,chamber for wet or blood soaked clothing.,chamber for wet or blood soaked clothing.,chamber for wet or blood soaked clothing.,chamber for wet or blood soaked clothing.,chamber for wet or blood soaked clothing.,,,,,,,,
Arson,,,7,,Motor Vehicle Theft,Motor Vehicle Theft,,,10,,,,,
,,,,,,,,,,Clearance Rates,Clearance Rates,Clearance Rates,Clearance Rates,Clearance Rates
Assault -,,,,,,,,,,,,,,
,,,20,,Murder,,,,1,,,,,
,Aggravated,Aggravated,,,,,,,,,,,,
Assault - Sexual,Assault - Sexual,Assault - Sexual,14,,Other Offenses,Other Offenses,,,37,Case is Active,Case is Active,Case is Active,,13%
Assault - Simple,Assault - Simple,Assault - Simple,16,,Pornography,,,,5,Case is Inactive,Case is Inactive,Case is Inactive,,61%
Burglary,,,82,,Robbery,,,,5,Cleared by Arrest,Cleared by Arrest,Cleared by Arrest,,14%
,,,,,,,,,,Case is,Case is,,,
Death,,,9,,Runaway Juvenile,Runaway Juvenile,,,5,,,,,6%
,,,,,,,,,,,Unfounded,Unfounded,,
Drug Offenses,Drug Offenses,Drug Offenses,56,,Vandalism,,,102,102,Cleared by Other,Cleared by Other,Cleared by Other,,6%
Fraud,,,71,,Weapons Offense,Weapons Offense,,,6,,,,,
Larceny,,,197,,TOTAL,TOTAL,TOTAL,643,643,,,,,
,,,,,,- 12-,,,,,,,,
