Name: “Table 1 of 1 on page 11 of 23”,Name: “Table 1 of 1 on page 11 of 23”,Name: “Table 1 of 1 on page 11 of 23”,Name: “Table 1 of 1 on page 11 of 23”,Name: “Table 1 of 1 on page 11 of 23”,Name: “Table 1 of 1 on page 11 of 23”,Name: “Table 1 of 1 on page 11 of 23”,Name: “Table 1 of 1 on page 11 of 23”,Name: “Table 1 of 1 on page 11 of 23”,Name: “Table 1 of 1 on page 11 of 23”,Name: “Table 1 of 1 on page 11 of 23”,Name: “Table 1 of 1 on page 11 of 23”,Name: “Table 1 of 1 on page 11 of 23”,Name: “Table 1 of 1 on page 11 of 23”,Name: “Table 1 of 1 on page 11 of 23”,Name: “Table 1 of 1 on page 11 of 23”,Name: “Table 1 of 1 on page 11 of 23”,Name: “Table 1 of 1 on page 11 of 23”
Table: 11,Table: 11,Table: 11,Table: 11,Table: 11,Table: 11,Table: 11,Table: 11,Table: 11,Table: 11,Table: 11,Table: 11,Table: 11,Table: 11,Table: 11,Table: 11,Table: 11,Table: 11
,,,,,,,,,,,,,,,,,
,,,,Emergency Response Team,Emergency Response Team,Emergency Response Team,Emergency Response Team,Emergency Response Team,Emergency Response Team,Emergency Response Team,Emergency Response Team,Emergency Response Team,Emergency Response Team,,,,
The Radford Police Department formed an Emergency Response Team in 2008 after,The Radford Police Department formed an Emergency Response Team in 2008 after,The Radford Police Department formed an Emergency Response Team in 2008 after,The Radford Police Department formed an Emergency Response Team in 2008 after,The Radford Police Department formed an Emergency Response Team in 2008 after,The Radford Police Department formed an Emergency Response Team in 2008 after,The Radford Police Department formed an Emergency Response Team in 2008 after,The Radford Police Department formed an Emergency Response Team in 2008 after,The Radford Police Department formed an Emergency Response Team in 2008 after,The Radford Police Department formed an Emergency Response Team in 2008 after,The Radford Police Department formed an Emergency Response Team in 2008 after,The Radford Police Department formed an Emergency Response Team in 2008 after,The Radford Police Department formed an Emergency Response Team in 2008 after,The Radford Police Department formed an Emergency Response Team in 2008 after,The Radford Police Department formed an Emergency Response Team in 2008 after,The Radford Police Department formed an Emergency Response Team in 2008 after,The Radford Police Department formed an Emergency Response Team in 2008 after,The Radford Police Department formed an Emergency Response Team in 2008 after
identifying,identifying,a,need,to,be,better,able,to,respond,respond,to,critical,critical,"incidents,","incidents,",multi-,multi-
"jurisdictional events, and an increase in “high risk” warrant service. Three years","jurisdictional events, and an increase in “high risk” warrant service. Three years","jurisdictional events, and an increase in “high risk” warrant service. Three years","jurisdictional events, and an increase in “high risk” warrant service. Three years","jurisdictional events, and an increase in “high risk” warrant service. Three years","jurisdictional events, and an increase in “high risk” warrant service. Three years","jurisdictional events, and an increase in “high risk” warrant service. Three years","jurisdictional events, and an increase in “high risk” warrant service. Three years","jurisdictional events, and an increase in “high risk” warrant service. Three years","jurisdictional events, and an increase in “high risk” warrant service. Three years","jurisdictional events, and an increase in “high risk” warrant service. Three years","jurisdictional events, and an increase in “high risk” warrant service. Three years","jurisdictional events, and an increase in “high risk” warrant service. Three years","jurisdictional events, and an increase in “high risk” warrant service. Three years","jurisdictional events, and an increase in “high risk” warrant service. Three years","jurisdictional events, and an increase in “high risk” warrant service. Three years","jurisdictional events, and an increase in “high risk” warrant service. Three years","jurisdictional events, and an increase in “high risk” warrant service. Three years"
"later,",the,Team’s,Team’s,membership,membership,membership,remains,intact,as,,originally,originally,selected,selected,–,which,is
nearly unheard of in law enforcement. This speaks highly of the Team Members’,nearly unheard of in law enforcement. This speaks highly of the Team Members’,nearly unheard of in law enforcement. This speaks highly of the Team Members’,nearly unheard of in law enforcement. This speaks highly of the Team Members’,nearly unheard of in law enforcement. This speaks highly of the Team Members’,nearly unheard of in law enforcement. This speaks highly of the Team Members’,nearly unheard of in law enforcement. This speaks highly of the Team Members’,nearly unheard of in law enforcement. This speaks highly of the Team Members’,nearly unheard of in law enforcement. This speaks highly of the Team Members’,nearly unheard of in law enforcement. This speaks highly of the Team Members’,nearly unheard of in law enforcement. This speaks highly of the Team Members’,nearly unheard of in law enforcement. This speaks highly of the Team Members’,nearly unheard of in law enforcement. This speaks highly of the Team Members’,nearly unheard of in law enforcement. This speaks highly of the Team Members’,nearly unheard of in law enforcement. This speaks highly of the Team Members’,nearly unheard of in law enforcement. This speaks highly of the Team Members’,nearly unheard of in law enforcement. This speaks highly of the Team Members’,nearly unheard of in law enforcement. This speaks highly of the Team Members’
dedication to the SWAT element and taking on additional duties and training to,dedication to the SWAT element and taking on additional duties and training to,dedication to the SWAT element and taking on additional duties and training to,dedication to the SWAT element and taking on additional duties and training to,dedication to the SWAT element and taking on additional duties and training to,dedication to the SWAT element and taking on additional duties and training to,dedication to the SWAT element and taking on additional duties and training to,dedication to the SWAT element and taking on additional duties and training to,dedication to the SWAT element and taking on additional duties and training to,dedication to the SWAT element and taking on additional duties and training to,dedication to the SWAT element and taking on additional duties and training to,dedication to the SWAT element and taking on additional duties and training to,dedication to the SWAT element and taking on additional duties and training to,dedication to the SWAT element and taking on additional duties and training to,dedication to the SWAT element and taking on additional duties and training to,dedication to the SWAT element and taking on additional duties and training to,dedication to the SWAT element and taking on additional duties and training to,dedication to the SWAT element and taking on additional duties and training to
support the Department.,support the Department.,support the Department.,support the Department.,support the Department.,,,,,,,,,,,,,
The Team continues to utilize Storm Mountain Training Center Inc. as its SWAT,The Team continues to utilize Storm Mountain Training Center Inc. as its SWAT,The Team continues to utilize Storm Mountain Training Center Inc. as its SWAT,The Team continues to utilize Storm Mountain Training Center Inc. as its SWAT,The Team continues to utilize Storm Mountain Training Center Inc. as its SWAT,The Team continues to utilize Storm Mountain Training Center Inc. as its SWAT,The Team continues to utilize Storm Mountain Training Center Inc. as its SWAT,The Team continues to utilize Storm Mountain Training Center Inc. as its SWAT,The Team continues to utilize Storm Mountain Training Center Inc. as its SWAT,The Team continues to utilize Storm Mountain Training Center Inc. as its SWAT,The Team continues to utilize Storm Mountain Training Center Inc. as its SWAT,The Team continues to utilize Storm Mountain Training Center Inc. as its SWAT,The Team continues to utilize Storm Mountain Training Center Inc. as its SWAT,The Team continues to utilize Storm Mountain Training Center Inc. as its SWAT,The Team continues to utilize Storm Mountain Training Center Inc. as its SWAT,The Team continues to utilize Storm Mountain Training Center Inc. as its SWAT,The Team continues to utilize Storm Mountain Training Center Inc. as its SWAT,The Team continues to utilize Storm Mountain Training Center Inc. as its SWAT
"training provider. In 2010, Radford’s ERT was, once again, given the honor of being","training provider. In 2010, Radford’s ERT was, once again, given the honor of being","training provider. In 2010, Radford’s ERT was, once again, given the honor of being","training provider. In 2010, Radford’s ERT was, once again, given the honor of being","training provider. In 2010, Radford’s ERT was, once again, given the honor of being","training provider. In 2010, Radford’s ERT was, once again, given the honor of being","training provider. In 2010, Radford’s ERT was, once again, given the honor of being","training provider. In 2010, Radford’s ERT was, once again, given the honor of being","training provider. In 2010, Radford’s ERT was, once again, given the honor of being","training provider. In 2010, Radford’s ERT was, once again, given the honor of being","training provider. In 2010, Radford’s ERT was, once again, given the honor of being","training provider. In 2010, Radford’s ERT was, once again, given the honor of being","training provider. In 2010, Radford’s ERT was, once again, given the honor of being","training provider. In 2010, Radford’s ERT was, once again, given the honor of being","training provider. In 2010, Radford’s ERT was, once again, given the honor of being","training provider. In 2010, Radford’s ERT was, once again, given the honor of being","training provider. In 2010, Radford’s ERT was, once again, given the honor of being","training provider. In 2010, Radford’s ERT was, once again, given the honor of being"
"asked to participate as the SWAT Element in SMTC’s Sniper III live fire, end of","asked to participate as the SWAT Element in SMTC’s Sniper III live fire, end of","asked to participate as the SWAT Element in SMTC’s Sniper III live fire, end of","asked to participate as the SWAT Element in SMTC’s Sniper III live fire, end of","asked to participate as the SWAT Element in SMTC’s Sniper III live fire, end of","asked to participate as the SWAT Element in SMTC’s Sniper III live fire, end of","asked to participate as the SWAT Element in SMTC’s Sniper III live fire, end of","asked to participate as the SWAT Element in SMTC’s Sniper III live fire, end of","asked to participate as the SWAT Element in SMTC’s Sniper III live fire, end of","asked to participate as the SWAT Element in SMTC’s Sniper III live fire, end of","asked to participate as the SWAT Element in SMTC’s Sniper III live fire, end of","asked to participate as the SWAT Element in SMTC’s Sniper III live fire, end of","asked to participate as the SWAT Element in SMTC’s Sniper III live fire, end of","asked to participate as the SWAT Element in SMTC’s Sniper III live fire, end of","asked to participate as the SWAT Element in SMTC’s Sniper III live fire, end of","asked to participate as the SWAT Element in SMTC’s Sniper III live fire, end of","asked to participate as the SWAT Element in SMTC’s Sniper III live fire, end of","asked to participate as the SWAT Element in SMTC’s Sniper III live fire, end of"
training exercises and testing. This furthered the Team’s training and enhanced the,training exercises and testing. This furthered the Team’s training and enhanced the,training exercises and testing. This furthered the Team’s training and enhanced the,training exercises and testing. This furthered the Team’s training and enhanced the,training exercises and testing. This furthered the Team’s training and enhanced the,training exercises and testing. This furthered the Team’s training and enhanced the,training exercises and testing. This furthered the Team’s training and enhanced the,training exercises and testing. This furthered the Team’s training and enhanced the,training exercises and testing. This furthered the Team’s training and enhanced the,training exercises and testing. This furthered the Team’s training and enhanced the,training exercises and testing. This furthered the Team’s training and enhanced the,training exercises and testing. This furthered the Team’s training and enhanced the,training exercises and testing. This furthered the Team’s training and enhanced the,training exercises and testing. This furthered the Team’s training and enhanced the,training exercises and testing. This furthered the Team’s training and enhanced the,training exercises and testing. This furthered the Team’s training and enhanced the,training exercises and testing. This furthered the Team’s training and enhanced the,training exercises and testing. This furthered the Team’s training and enhanced the
department’s reputation,department’s reputation,department’s reputation,department’s reputation,department’s reputation,by being asked to participate in,by being asked to participate in,by being asked to participate in,by being asked to participate in,by being asked to participate in,by being asked to participate in,by being asked to participate in,,a nationally recognized,a nationally recognized,a nationally recognized,a nationally recognized,a nationally recognized
program. The Team continues to train not less than one day a month. Radford ERT,program. The Team continues to train not less than one day a month. Radford ERT,program. The Team continues to train not less than one day a month. Radford ERT,program. The Team continues to train not less than one day a month. Radford ERT,program. The Team continues to train not less than one day a month. Radford ERT,program. The Team continues to train not less than one day a month. Radford ERT,program. The Team continues to train not less than one day a month. Radford ERT,program. The Team continues to train not less than one day a month. Radford ERT,program. The Team continues to train not less than one day a month. Radford ERT,program. The Team continues to train not less than one day a month. Radford ERT,program. The Team continues to train not less than one day a month. Radford ERT,program. The Team continues to train not less than one day a month. Radford ERT,program. The Team continues to train not less than one day a month. Radford ERT,program. The Team continues to train not less than one day a month. Radford ERT,program. The Team continues to train not less than one day a month. Radford ERT,program. The Team continues to train not less than one day a month. Radford ERT,program. The Team continues to train not less than one day a month. Radford ERT,program. The Team continues to train not less than one day a month. Radford ERT
continues to utilize Boy Scout Camp Powhatan as its “SWAT Home.”,continues to utilize Boy Scout Camp Powhatan as its “SWAT Home.”,continues to utilize Boy Scout Camp Powhatan as its “SWAT Home.”,continues to utilize Boy Scout Camp Powhatan as its “SWAT Home.”,continues to utilize Boy Scout Camp Powhatan as its “SWAT Home.”,continues to utilize Boy Scout Camp Powhatan as its “SWAT Home.”,continues to utilize Boy Scout Camp Powhatan as its “SWAT Home.”,continues to utilize Boy Scout Camp Powhatan as its “SWAT Home.”,continues to utilize Boy Scout Camp Powhatan as its “SWAT Home.”,continues to utilize Boy Scout Camp Powhatan as its “SWAT Home.”,continues to utilize Boy Scout Camp Powhatan as its “SWAT Home.”,continues to utilize Boy Scout Camp Powhatan as its “SWAT Home.”,continues to utilize Boy Scout Camp Powhatan as its “SWAT Home.”,continues to utilize Boy Scout Camp Powhatan as its “SWAT Home.”,,,,
"During 2010, outside of training operations, ERT has been","During 2010, outside of training operations, ERT has been","During 2010, outside of training operations, ERT has been","During 2010, outside of training operations, ERT has been","During 2010, outside of training operations, ERT has been","During 2010, outside of training operations, ERT has been","During 2010, outside of training operations, ERT has been","During 2010, outside of training operations, ERT has been","During 2010, outside of training operations, ERT has been","During 2010, outside of training operations, ERT has been","During 2010, outside of training operations, ERT has been","During 2010, outside of training operations, ERT has been","During 2010, outside of training operations, ERT has been",utilized in,utilized in,numerous,numerous,numerous
"missions that include high risk narcotics search warrants, unknown risk arrest and","missions that include high risk narcotics search warrants, unknown risk arrest and","missions that include high risk narcotics search warrants, unknown risk arrest and","missions that include high risk narcotics search warrants, unknown risk arrest and","missions that include high risk narcotics search warrants, unknown risk arrest and","missions that include high risk narcotics search warrants, unknown risk arrest and","missions that include high risk narcotics search warrants, unknown risk arrest and","missions that include high risk narcotics search warrants, unknown risk arrest and","missions that include high risk narcotics search warrants, unknown risk arrest and","missions that include high risk narcotics search warrants, unknown risk arrest and","missions that include high risk narcotics search warrants, unknown risk arrest and","missions that include high risk narcotics search warrants, unknown risk arrest and","missions that include high risk narcotics search warrants, unknown risk arrest and","missions that include high risk narcotics search warrants, unknown risk arrest and","missions that include high risk narcotics search warrants, unknown risk arrest and","missions that include high risk narcotics search warrants, unknown risk arrest and","missions that include high risk narcotics search warrants, unknown risk arrest and","missions that include high risk narcotics search warrants, unknown risk arrest and"
search,warrants,warrants,for,the,the,Criminal,Criminal,Investigations,Investigations,"Bureau,","Bureau,","Bureau,",fugitive,apprehension,apprehension,apprehension,apprehension
(both,in,the City,,and,regionally) and a,regionally) and a,regionally) and a,Homicide,Homicide,,arrest,,and,search,warrant.,warrant.,In
"addition,","addition,",Radford,,ERT,has,for,the,second,year,in,a,row,assisted,Virginia,Virginia,Tech,Tech
Police at all home football games by providing sniper/observer elements and anti-,Police at all home football games by providing sniper/observer elements and anti-,Police at all home football games by providing sniper/observer elements and anti-,Police at all home football games by providing sniper/observer elements and anti-,Police at all home football games by providing sniper/observer elements and anti-,Police at all home football games by providing sniper/observer elements and anti-,Police at all home football games by providing sniper/observer elements and anti-,Police at all home football games by providing sniper/observer elements and anti-,Police at all home football games by providing sniper/observer elements and anti-,Police at all home football games by providing sniper/observer elements and anti-,Police at all home football games by providing sniper/observer elements and anti-,Police at all home football games by providing sniper/observer elements and anti-,Police at all home football games by providing sniper/observer elements and anti-,Police at all home football games by providing sniper/observer elements and anti-,Police at all home football games by providing sniper/observer elements and anti-,Police at all home football games by providing sniper/observer elements and anti-,Police at all home football games by providing sniper/observer elements and anti-,Police at all home football games by providing sniper/observer elements and anti-
terrorism,terrorism,patrols.,patrols.,The,Team,continues,continues,to,assist,patrol,patrol,officers,officers,(ERT’s,(ERT’s,primary,primary
mission) by providing personnel for reconnaissance and surveillance operations.,mission) by providing personnel for reconnaissance and surveillance operations.,mission) by providing personnel for reconnaissance and surveillance operations.,mission) by providing personnel for reconnaissance and surveillance operations.,mission) by providing personnel for reconnaissance and surveillance operations.,mission) by providing personnel for reconnaissance and surveillance operations.,mission) by providing personnel for reconnaissance and surveillance operations.,mission) by providing personnel for reconnaissance and surveillance operations.,mission) by providing personnel for reconnaissance and surveillance operations.,mission) by providing personnel for reconnaissance and surveillance operations.,mission) by providing personnel for reconnaissance and surveillance operations.,mission) by providing personnel for reconnaissance and surveillance operations.,mission) by providing personnel for reconnaissance and surveillance operations.,mission) by providing personnel for reconnaissance and surveillance operations.,mission) by providing personnel for reconnaissance and surveillance operations.,mission) by providing personnel for reconnaissance and surveillance operations.,mission) by providing personnel for reconnaissance and surveillance operations.,
The,Team,has,plans,plans,in,2011,to,continue,their,,rigorous,rigorous,training,training,regimen.,regimen.,A
continuing,continuing,goal,is,to,return,the,efforts,made,by,the,the,Boy,Scouts,on,the,Team’s,Team’s
behalf. A volunteer spring work day of service is being planned. ERT will assist in,behalf. A volunteer spring work day of service is being planned. ERT will assist in,behalf. A volunteer spring work day of service is being planned. ERT will assist in,behalf. A volunteer spring work day of service is being planned. ERT will assist in,behalf. A volunteer spring work day of service is being planned. ERT will assist in,behalf. A volunteer spring work day of service is being planned. ERT will assist in,behalf. A volunteer spring work day of service is being planned. ERT will assist in,behalf. A volunteer spring work day of service is being planned. ERT will assist in,behalf. A volunteer spring work day of service is being planned. ERT will assist in,behalf. A volunteer spring work day of service is being planned. ERT will assist in,behalf. A volunteer spring work day of service is being planned. ERT will assist in,behalf. A volunteer spring work day of service is being planned. ERT will assist in,behalf. A volunteer spring work day of service is being planned. ERT will assist in,behalf. A volunteer spring work day of service is being planned. ERT will assist in,behalf. A volunteer spring work day of service is being planned. ERT will assist in,behalf. A volunteer spring work day of service is being planned. ERT will assist in,behalf. A volunteer spring work day of service is being planned. ERT will assist in,behalf. A volunteer spring work day of service is being planned. ERT will assist in
the Pulaski County Kids’ Fishing Day at Camp Powhatan. Construction on the joint,the Pulaski County Kids’ Fishing Day at Camp Powhatan. Construction on the joint,the Pulaski County Kids’ Fishing Day at Camp Powhatan. Construction on the joint,the Pulaski County Kids’ Fishing Day at Camp Powhatan. Construction on the joint,the Pulaski County Kids’ Fishing Day at Camp Powhatan. Construction on the joint,the Pulaski County Kids’ Fishing Day at Camp Powhatan. Construction on the joint,the Pulaski County Kids’ Fishing Day at Camp Powhatan. Construction on the joint,the Pulaski County Kids’ Fishing Day at Camp Powhatan. Construction on the joint,the Pulaski County Kids’ Fishing Day at Camp Powhatan. Construction on the joint,the Pulaski County Kids’ Fishing Day at Camp Powhatan. Construction on the joint,the Pulaski County Kids’ Fishing Day at Camp Powhatan. Construction on the joint,the Pulaski County Kids’ Fishing Day at Camp Powhatan. Construction on the joint,the Pulaski County Kids’ Fishing Day at Camp Powhatan. Construction on the joint,the Pulaski County Kids’ Fishing Day at Camp Powhatan. Construction on the joint,the Pulaski County Kids’ Fishing Day at Camp Powhatan. Construction on the joint,the Pulaski County Kids’ Fishing Day at Camp Powhatan. Construction on the joint,the Pulaski County Kids’ Fishing Day at Camp Powhatan. Construction on the joint,the Pulaski County Kids’ Fishing Day at Camp Powhatan. Construction on the joint
BSA/RPD project Creekside Pistol Range at camp continues and is nearly complete.,BSA/RPD project Creekside Pistol Range at camp continues and is nearly complete.,BSA/RPD project Creekside Pistol Range at camp continues and is nearly complete.,BSA/RPD project Creekside Pistol Range at camp continues and is nearly complete.,BSA/RPD project Creekside Pistol Range at camp continues and is nearly complete.,BSA/RPD project Creekside Pistol Range at camp continues and is nearly complete.,BSA/RPD project Creekside Pistol Range at camp continues and is nearly complete.,BSA/RPD project Creekside Pistol Range at camp continues and is nearly complete.,BSA/RPD project Creekside Pistol Range at camp continues and is nearly complete.,BSA/RPD project Creekside Pistol Range at camp continues and is nearly complete.,BSA/RPD project Creekside Pistol Range at camp continues and is nearly complete.,BSA/RPD project Creekside Pistol Range at camp continues and is nearly complete.,BSA/RPD project Creekside Pistol Range at camp continues and is nearly complete.,BSA/RPD project Creekside Pistol Range at camp continues and is nearly complete.,BSA/RPD project Creekside Pistol Range at camp continues and is nearly complete.,BSA/RPD project Creekside Pistol Range at camp continues and is nearly complete.,BSA/RPD project Creekside Pistol Range at camp continues and is nearly complete.,BSA/RPD project Creekside Pistol Range at camp continues and is nearly complete.
Restarting the “regional” training and operations effort is an additional goal and,Restarting the “regional” training and operations effort is an additional goal and,Restarting the “regional” training and operations effort is an additional goal and,Restarting the “regional” training and operations effort is an additional goal and,Restarting the “regional” training and operations effort is an additional goal and,Restarting the “regional” training and operations effort is an additional goal and,Restarting the “regional” training and operations effort is an additional goal and,Restarting the “regional” training and operations effort is an additional goal and,Restarting the “regional” training and operations effort is an additional goal and,Restarting the “regional” training and operations effort is an additional goal and,Restarting the “regional” training and operations effort is an additional goal and,Restarting the “regional” training and operations effort is an additional goal and,Restarting the “regional” training and operations effort is an additional goal and,Restarting the “regional” training and operations effort is an additional goal and,Restarting the “regional” training and operations effort is an additional goal and,Restarting the “regional” training and operations effort is an additional goal and,Restarting the “regional” training and operations effort is an additional goal and,Restarting the “regional” training and operations effort is an additional goal and
plans are in place to facilitate this project. Research for grant funding continues to,plans are in place to facilitate this project. Research for grant funding continues to,plans are in place to facilitate this project. Research for grant funding continues to,plans are in place to facilitate this project. Research for grant funding continues to,plans are in place to facilitate this project. Research for grant funding continues to,plans are in place to facilitate this project. Research for grant funding continues to,plans are in place to facilitate this project. Research for grant funding continues to,plans are in place to facilitate this project. Research for grant funding continues to,plans are in place to facilitate this project. Research for grant funding continues to,plans are in place to facilitate this project. Research for grant funding continues to,plans are in place to facilitate this project. Research for grant funding continues to,plans are in place to facilitate this project. Research for grant funding continues to,plans are in place to facilitate this project. Research for grant funding continues to,plans are in place to facilitate this project. Research for grant funding continues to,plans are in place to facilitate this project. Research for grant funding continues to,plans are in place to facilitate this project. Research for grant funding continues to,plans are in place to facilitate this project. Research for grant funding continues to,plans are in place to facilitate this project. Research for grant funding continues to
upgrade,upgrade,"equipment,","equipment,","vehicles,","vehicles,",and,operational,operational,capability.,capability.,capability.,The primary,The primary,The primary,ERT,2011,2011
goal is to add a medical element (“SWAT Medic”) to the Team to better insure safety,goal is to add a medical element (“SWAT Medic”) to the Team to better insure safety,goal is to add a medical element (“SWAT Medic”) to the Team to better insure safety,goal is to add a medical element (“SWAT Medic”) to the Team to better insure safety,goal is to add a medical element (“SWAT Medic”) to the Team to better insure safety,goal is to add a medical element (“SWAT Medic”) to the Team to better insure safety,goal is to add a medical element (“SWAT Medic”) to the Team to better insure safety,goal is to add a medical element (“SWAT Medic”) to the Team to better insure safety,goal is to add a medical element (“SWAT Medic”) to the Team to better insure safety,goal is to add a medical element (“SWAT Medic”) to the Team to better insure safety,goal is to add a medical element (“SWAT Medic”) to the Team to better insure safety,goal is to add a medical element (“SWAT Medic”) to the Team to better insure safety,goal is to add a medical element (“SWAT Medic”) to the Team to better insure safety,goal is to add a medical element (“SWAT Medic”) to the Team to better insure safety,goal is to add a medical element (“SWAT Medic”) to the Team to better insure safety,goal is to add a medical element (“SWAT Medic”) to the Team to better insure safety,goal is to add a medical element (“SWAT Medic”) to the Team to better insure safety,goal is to add a medical element (“SWAT Medic”) to the Team to better insure safety
"of operators, civilians, and suspects.","of operators, civilians, and suspects.","of operators, civilians, and suspects.","of operators, civilians, and suspects.","of operators, civilians, and suspects.","of operators, civilians, and suspects.","of operators, civilians, and suspects.","of operators, civilians, and suspects.",,,,,,,,,,
ERT continues to have a large impact in assisting patrol officers by providing an,ERT continues to have a large impact in assisting patrol officers by providing an,ERT continues to have a large impact in assisting patrol officers by providing an,ERT continues to have a large impact in assisting patrol officers by providing an,ERT continues to have a large impact in assisting patrol officers by providing an,ERT continues to have a large impact in assisting patrol officers by providing an,ERT continues to have a large impact in assisting patrol officers by providing an,ERT continues to have a large impact in assisting patrol officers by providing an,ERT continues to have a large impact in assisting patrol officers by providing an,ERT continues to have a large impact in assisting patrol officers by providing an,ERT continues to have a large impact in assisting patrol officers by providing an,ERT continues to have a large impact in assisting patrol officers by providing an,ERT continues to have a large impact in assisting patrol officers by providing an,ERT continues to have a large impact in assisting patrol officers by providing an,ERT continues to have a large impact in assisting patrol officers by providing an,ERT continues to have a large impact in assisting patrol officers by providing an,ERT continues to have a large impact in assisting patrol officers by providing an,ERT continues to have a large impact in assisting patrol officers by providing an
additional level of response and safety for citizens. The team members continue to,additional level of response and safety for citizens. The team members continue to,additional level of response and safety for citizens. The team members continue to,additional level of response and safety for citizens. The team members continue to,additional level of response and safety for citizens. The team members continue to,additional level of response and safety for citizens. The team members continue to,additional level of response and safety for citizens. The team members continue to,additional level of response and safety for citizens. The team members continue to,additional level of response and safety for citizens. The team members continue to,additional level of response and safety for citizens. The team members continue to,additional level of response and safety for citizens. The team members continue to,additional level of response and safety for citizens. The team members continue to,additional level of response and safety for citizens. The team members continue to,additional level of response and safety for citizens. The team members continue to,additional level of response and safety for citizens. The team members continue to,additional level of response and safety for citizens. The team members continue to,additional level of response and safety for citizens. The team members continue to,additional level of response and safety for citizens. The team members continue to
strive for new levels of operational capability.,strive for new levels of operational capability.,strive for new levels of operational capability.,strive for new levels of operational capability.,strive for new levels of operational capability.,strive for new levels of operational capability.,strive for new levels of operational capability.,strive for new levels of operational capability.,strive for new levels of operational capability.,,,,,,,,,
,,,,,,,,- 11-,,,,,,,,,
