Name: “Table 1 of 1 on page 9 of 23”,Name: “Table 1 of 1 on page 9 of 23”,Name: “Table 1 of 1 on page 9 of 23”,Name: “Table 1 of 1 on page 9 of 23”,Name: “Table 1 of 1 on page 9 of 23”,Name: “Table 1 of 1 on page 9 of 23”,Name: “Table 1 of 1 on page 9 of 23”,Name: “Table 1 of 1 on page 9 of 23”,Name: “Table 1 of 1 on page 9 of 23”,Name: “Table 1 of 1 on page 9 of 23”,Name: “Table 1 of 1 on page 9 of 23”
Table: 9,Table: 9,Table: 9,Table: 9,Table: 9,Table: 9,Table: 9,Table: 9,Table: 9,Table: 9,Table: 9
,,,,,,,,,,
,,,,Citizen Complaints,Citizen Complaints,Citizen Complaints,,,,
During,the,year,2010,the,Department,investigated,four,citizen,complaints,of
misconduct by police officers.,misconduct by police officers.,misconduct by police officers.,misconduct by police officers.,misconduct by police officers.,"Of those four complaints, only one was founded.","Of those four complaints, only one was founded.","Of those four complaints, only one was founded.","Of those four complaints, only one was founded.",This,This
incident was corrected through appropriate disciplinary action.,incident was corrected through appropriate disciplinary action.,incident was corrected through appropriate disciplinary action.,incident was corrected through appropriate disciplinary action.,incident was corrected through appropriate disciplinary action.,incident was corrected through appropriate disciplinary action.,incident was corrected through appropriate disciplinary action.,incident was corrected through appropriate disciplinary action.,incident was corrected through appropriate disciplinary action.,,
,,,,,Citizen Complaints,Citizen Complaints,,,,
,,10,,,,,,,,
,,,8,,,,,,,
,,,,,,,,,2008,2008
,,,,,,,,,2009,2009
,,,,4,,,,,,
,,,,,,,,,2010,2010
,,,,,,3,,,,
,,,,,,1,1,1,,
,,Complaints,Complaints,Complaints,,Founded,,,,
,,,,,- 9-,,,,,
