Name: “Table 1 of 1 on page 22 of 23”,Name: “Table 1 of 1 on page 22 of 23”,Name: “Table 1 of 1 on page 22 of 23”,Name: “Table 1 of 1 on page 22 of 23”,Name: “Table 1 of 1 on page 22 of 23”,Name: “Table 1 of 1 on page 22 of 23”,Name: “Table 1 of 1 on page 22 of 23”,Name: “Table 1 of 1 on page 22 of 23”,Name: “Table 1 of 1 on page 22 of 23”,Name: “Table 1 of 1 on page 22 of 23”,Name: “Table 1 of 1 on page 22 of 23”,Name: “Table 1 of 1 on page 22 of 23”,Name: “Table 1 of 1 on page 22 of 23”
Table: 22,Table: 22,Table: 22,Table: 22,Table: 22,Table: 22,Table: 22,Table: 22,Table: 22,Table: 22,Table: 22,Table: 22,Table: 22
,,,,,,,,,,,,
,,,,Arrest Totals,Arrest Totals,Arrest Totals,Arrest Totals,,,,,
The,Radford,City,Police,Department,Department,makes,arrests,via,two,(2),main,avenues.
These are: citations issued for minor criminal offenses and for infractions of traffic,These are: citations issued for minor criminal offenses and for infractions of traffic,These are: citations issued for minor criminal offenses and for infractions of traffic,These are: citations issued for minor criminal offenses and for infractions of traffic,These are: citations issued for minor criminal offenses and for infractions of traffic,These are: citations issued for minor criminal offenses and for infractions of traffic,These are: citations issued for minor criminal offenses and for infractions of traffic,These are: citations issued for minor criminal offenses and for infractions of traffic,These are: citations issued for minor criminal offenses and for infractions of traffic,These are: citations issued for minor criminal offenses and for infractions of traffic,These are: citations issued for minor criminal offenses and for infractions of traffic,These are: citations issued for minor criminal offenses and for infractions of traffic,These are: citations issued for minor criminal offenses and for infractions of traffic
and local laws and arrests or service made on warrants issued by the magistrate,and local laws and arrests or service made on warrants issued by the magistrate,and local laws and arrests or service made on warrants issued by the magistrate,and local laws and arrests or service made on warrants issued by the magistrate,and local laws and arrests or service made on warrants issued by the magistrate,and local laws and arrests or service made on warrants issued by the magistrate,and local laws and arrests or service made on warrants issued by the magistrate,and local laws and arrests or service made on warrants issued by the magistrate,and local laws and arrests or service made on warrants issued by the magistrate,and local laws and arrests or service made on warrants issued by the magistrate,and local laws and arrests or service made on warrants issued by the magistrate,and local laws and arrests or service made on warrants issued by the magistrate,and local laws and arrests or service made on warrants issued by the magistrate
"and indictments handed down from Circuit Court. Civil papers, which include the","and indictments handed down from Circuit Court. Civil papers, which include the","and indictments handed down from Circuit Court. Civil papers, which include the","and indictments handed down from Circuit Court. Civil papers, which include the","and indictments handed down from Circuit Court. Civil papers, which include the","and indictments handed down from Circuit Court. Civil papers, which include the","and indictments handed down from Circuit Court. Civil papers, which include the","and indictments handed down from Circuit Court. Civil papers, which include the","and indictments handed down from Circuit Court. Civil papers, which include the","and indictments handed down from Circuit Court. Civil papers, which include the","and indictments handed down from Circuit Court. Civil papers, which include the","and indictments handed down from Circuit Court. Civil papers, which include the","and indictments handed down from Circuit Court. Civil papers, which include the"
"detention of mental subjects, no trespassing notices given to citizens, and protective","detention of mental subjects, no trespassing notices given to citizens, and protective","detention of mental subjects, no trespassing notices given to citizens, and protective","detention of mental subjects, no trespassing notices given to citizens, and protective","detention of mental subjects, no trespassing notices given to citizens, and protective","detention of mental subjects, no trespassing notices given to citizens, and protective","detention of mental subjects, no trespassing notices given to citizens, and protective","detention of mental subjects, no trespassing notices given to citizens, and protective","detention of mental subjects, no trespassing notices given to citizens, and protective","detention of mental subjects, no trespassing notices given to citizens, and protective","detention of mental subjects, no trespassing notices given to citizens, and protective","detention of mental subjects, no trespassing notices given to citizens, and protective","detention of mental subjects, no trespassing notices given to citizens, and protective"
"orders, are also served by sworn personnel but not counted as arrests.","orders, are also served by sworn personnel but not counted as arrests.","orders, are also served by sworn personnel but not counted as arrests.","orders, are also served by sworn personnel but not counted as arrests.","orders, are also served by sworn personnel but not counted as arrests.","orders, are also served by sworn personnel but not counted as arrests.","orders, are also served by sworn personnel but not counted as arrests.","orders, are also served by sworn personnel but not counted as arrests.","orders, are also served by sworn personnel but not counted as arrests.","orders, are also served by sworn personnel but not counted as arrests.","orders, are also served by sworn personnel but not counted as arrests.",,
,,,,6413,,,,,,,,
,,,,,,,5278,5278,,,,
,,,,,,4588,,,,,,
,Total Arrests,Total Arrests,,,,,,,,,,
,,,2008,2008,2009,2009,2010,2010,,,,
,,,,Calls for Service,Calls for Service,Calls for Service,Calls for Service,,,,,
,,,,Total Calls for Service,Total Calls for Service,Total Calls for Service,Total Calls for Service,,,,,
,,,,"30,105",,,,,,,,
,,,,,,,,"29,245","29,245",,,
,,,,,,"27,571",,,,,,
,,,2008,2008,2009,2009,2010,2010,,,,
"The total number of calls for service includes Police, Fire, EMS, and Public Works","The total number of calls for service includes Police, Fire, EMS, and Public Works","The total number of calls for service includes Police, Fire, EMS, and Public Works","The total number of calls for service includes Police, Fire, EMS, and Public Works","The total number of calls for service includes Police, Fire, EMS, and Public Works","The total number of calls for service includes Police, Fire, EMS, and Public Works","The total number of calls for service includes Police, Fire, EMS, and Public Works","The total number of calls for service includes Police, Fire, EMS, and Public Works","The total number of calls for service includes Police, Fire, EMS, and Public Works","The total number of calls for service includes Police, Fire, EMS, and Public Works","The total number of calls for service includes Police, Fire, EMS, and Public Works","The total number of calls for service includes Police, Fire, EMS, and Public Works","The total number of calls for service includes Police, Fire, EMS, and Public Works"
calls,that,are,dispatched,through,the,Emergency,Communications,Communications,Communications,Communications,Center.,The
number of calls increased 6% from 2009 to 2010.,number of calls increased 6% from 2009 to 2010.,number of calls increased 6% from 2009 to 2010.,number of calls increased 6% from 2009 to 2010.,number of calls increased 6% from 2009 to 2010.,number of calls increased 6% from 2009 to 2010.,number of calls increased 6% from 2009 to 2010.,,,,,,
,,,,,- 22-,- 22-,,,,,,
