Name: “Table 1 of 1 on page 4 of 23”,Name: “Table 1 of 1 on page 4 of 23”,Name: “Table 1 of 1 on page 4 of 23”,Name: “Table 1 of 1 on page 4 of 23”,Name: “Table 1 of 1 on page 4 of 23”,Name: “Table 1 of 1 on page 4 of 23”,Name: “Table 1 of 1 on page 4 of 23”,Name: “Table 1 of 1 on page 4 of 23”,Name: “Table 1 of 1 on page 4 of 23”,Name: “Table 1 of 1 on page 4 of 23”,Name: “Table 1 of 1 on page 4 of 23”,Name: “Table 1 of 1 on page 4 of 23”,Name: “Table 1 of 1 on page 4 of 23”,Name: “Table 1 of 1 on page 4 of 23”,Name: “Table 1 of 1 on page 4 of 23”,Name: “Table 1 of 1 on page 4 of 23”,Name: “Table 1 of 1 on page 4 of 23”,Name: “Table 1 of 1 on page 4 of 23”
Table: 4,Table: 4,Table: 4,Table: 4,Table: 4,Table: 4,Table: 4,Table: 4,Table: 4,Table: 4,Table: 4,Table: 4,Table: 4,Table: 4,Table: 4,Table: 4,Table: 4,Table: 4
,,,,,,,,,,,,,,,,,
,,,,Letter from Chief Don Goodman,Letter from Chief Don Goodman,Letter from Chief Don Goodman,Letter from Chief Don Goodman,Letter from Chief Don Goodman,Letter from Chief Don Goodman,Letter from Chief Don Goodman,Letter from Chief Don Goodman,Letter from Chief Don Goodman,Letter from Chief Don Goodman,Letter from Chief Don Goodman,,,
To Mayor Brown and City Council Members:,To Mayor Brown and City Council Members:,To Mayor Brown and City Council Members:,To Mayor Brown and City Council Members:,To Mayor Brown and City Council Members:,To Mayor Brown and City Council Members:,To Mayor Brown and City Council Members:,To Mayor Brown and City Council Members:,To Mayor Brown and City Council Members:,To Mayor Brown and City Council Members:,,,,,,,,
"On behalf of the Radford City Police Department, I am pleased to provide you with","On behalf of the Radford City Police Department, I am pleased to provide you with","On behalf of the Radford City Police Department, I am pleased to provide you with","On behalf of the Radford City Police Department, I am pleased to provide you with","On behalf of the Radford City Police Department, I am pleased to provide you with","On behalf of the Radford City Police Department, I am pleased to provide you with","On behalf of the Radford City Police Department, I am pleased to provide you with","On behalf of the Radford City Police Department, I am pleased to provide you with","On behalf of the Radford City Police Department, I am pleased to provide you with","On behalf of the Radford City Police Department, I am pleased to provide you with","On behalf of the Radford City Police Department, I am pleased to provide you with","On behalf of the Radford City Police Department, I am pleased to provide you with","On behalf of the Radford City Police Department, I am pleased to provide you with","On behalf of the Radford City Police Department, I am pleased to provide you with","On behalf of the Radford City Police Department, I am pleased to provide you with","On behalf of the Radford City Police Department, I am pleased to provide you with","On behalf of the Radford City Police Department, I am pleased to provide you with","On behalf of the Radford City Police Department, I am pleased to provide you with"
a copy of our 2010 Annual Report.,a copy of our 2010 Annual Report.,a copy of our 2010 Annual Report.,a copy of our 2010 Annual Report.,a copy of our 2010 Annual Report.,a copy of our 2010 Annual Report.,a copy of our 2010 Annual Report.,,This report provides statistical information on,This report provides statistical information on,This report provides statistical information on,This report provides statistical information on,This report provides statistical information on,This report provides statistical information on,This report provides statistical information on,This report provides statistical information on,This report provides statistical information on,This report provides statistical information on
the activities of the Department and highlights some of our accomplishments.,the activities of the Department and highlights some of our accomplishments.,the activities of the Department and highlights some of our accomplishments.,the activities of the Department and highlights some of our accomplishments.,the activities of the Department and highlights some of our accomplishments.,the activities of the Department and highlights some of our accomplishments.,the activities of the Department and highlights some of our accomplishments.,the activities of the Department and highlights some of our accomplishments.,the activities of the Department and highlights some of our accomplishments.,the activities of the Department and highlights some of our accomplishments.,the activities of the Department and highlights some of our accomplishments.,the activities of the Department and highlights some of our accomplishments.,the activities of the Department and highlights some of our accomplishments.,the activities of the Department and highlights some of our accomplishments.,the activities of the Department and highlights some of our accomplishments.,the activities of the Department and highlights some of our accomplishments.,,
"We have experienced a demanding year highlighted by staffing changes, a building","We have experienced a demanding year highlighted by staffing changes, a building","We have experienced a demanding year highlighted by staffing changes, a building","We have experienced a demanding year highlighted by staffing changes, a building","We have experienced a demanding year highlighted by staffing changes, a building","We have experienced a demanding year highlighted by staffing changes, a building","We have experienced a demanding year highlighted by staffing changes, a building","We have experienced a demanding year highlighted by staffing changes, a building","We have experienced a demanding year highlighted by staffing changes, a building","We have experienced a demanding year highlighted by staffing changes, a building","We have experienced a demanding year highlighted by staffing changes, a building","We have experienced a demanding year highlighted by staffing changes, a building","We have experienced a demanding year highlighted by staffing changes, a building","We have experienced a demanding year highlighted by staffing changes, a building","We have experienced a demanding year highlighted by staffing changes, a building","We have experienced a demanding year highlighted by staffing changes, a building","We have experienced a demanding year highlighted by staffing changes, a building","We have experienced a demanding year highlighted by staffing changes, a building"
"project, and challenging public safety and police issues.","project, and challenging public safety and police issues.","project, and challenging public safety and police issues.","project, and challenging public safety and police issues.","project, and challenging public safety and police issues.","project, and challenging public safety and police issues.","project, and challenging public safety and police issues.","project, and challenging public safety and police issues.","project, and challenging public safety and police issues.","project, and challenging public safety and police issues.","project, and challenging public safety and police issues.","project, and challenging public safety and police issues.","Even with these demands,","Even with these demands,","Even with these demands,","Even with these demands,","Even with these demands,","Even with these demands,"
we continue to move forward as an agency.,we continue to move forward as an agency.,we continue to move forward as an agency.,we continue to move forward as an agency.,we continue to move forward as an agency.,we continue to move forward as an agency.,we continue to move forward as an agency.,we continue to move forward as an agency.,we continue to move forward as an agency.,Our level of service and commitment to,Our level of service and commitment to,Our level of service and commitment to,Our level of service and commitment to,Our level of service and commitment to,Our level of service and commitment to,Our level of service and commitment to,Our level of service and commitment to,Our level of service and commitment to
public safety and the community remain strong as evidenced by our Agency’s third,public safety and the community remain strong as evidenced by our Agency’s third,public safety and the community remain strong as evidenced by our Agency’s third,public safety and the community remain strong as evidenced by our Agency’s third,public safety and the community remain strong as evidenced by our Agency’s third,public safety and the community remain strong as evidenced by our Agency’s third,public safety and the community remain strong as evidenced by our Agency’s third,public safety and the community remain strong as evidenced by our Agency’s third,public safety and the community remain strong as evidenced by our Agency’s third,public safety and the community remain strong as evidenced by our Agency’s third,public safety and the community remain strong as evidenced by our Agency’s third,public safety and the community remain strong as evidenced by our Agency’s third,public safety and the community remain strong as evidenced by our Agency’s third,public safety and the community remain strong as evidenced by our Agency’s third,public safety and the community remain strong as evidenced by our Agency’s third,public safety and the community remain strong as evidenced by our Agency’s third,public safety and the community remain strong as evidenced by our Agency’s third,public safety and the community remain strong as evidenced by our Agency’s third
"VALEAC Accreditation Award, our growing Citizen’s Police Academy, participation","VALEAC Accreditation Award, our growing Citizen’s Police Academy, participation","VALEAC Accreditation Award, our growing Citizen’s Police Academy, participation","VALEAC Accreditation Award, our growing Citizen’s Police Academy, participation","VALEAC Accreditation Award, our growing Citizen’s Police Academy, participation","VALEAC Accreditation Award, our growing Citizen’s Police Academy, participation","VALEAC Accreditation Award, our growing Citizen’s Police Academy, participation","VALEAC Accreditation Award, our growing Citizen’s Police Academy, participation","VALEAC Accreditation Award, our growing Citizen’s Police Academy, participation","VALEAC Accreditation Award, our growing Citizen’s Police Academy, participation","VALEAC Accreditation Award, our growing Citizen’s Police Academy, participation","VALEAC Accreditation Award, our growing Citizen’s Police Academy, participation","VALEAC Accreditation Award, our growing Citizen’s Police Academy, participation","VALEAC Accreditation Award, our growing Citizen’s Police Academy, participation","VALEAC Accreditation Award, our growing Citizen’s Police Academy, participation","VALEAC Accreditation Award, our growing Citizen’s Police Academy, participation","VALEAC Accreditation Award, our growing Citizen’s Police Academy, participation","VALEAC Accreditation Award, our growing Citizen’s Police Academy, participation"
in,the,City/University,City/University,City/University,"Commission,","Commission,","Commission,",the,greater,greater,RU,Alcohol,Alcohol,Task,"Force,",and,the
Radford Youth/Adult Partnership.,Radford Youth/Adult Partnership.,Radford Youth/Adult Partnership.,Radford Youth/Adult Partnership.,Radford Youth/Adult Partnership.,Radford Youth/Adult Partnership.,Radford Youth/Adult Partnership.,,,,,,,,,,,
Our,Our,City,and,University,University,community,community,have directly,have directly,have directly,benefited,benefited,benefited,from,updated,grant,grant
funded equipment that increases our ability to effectively receive E-911 calls.,funded equipment that increases our ability to effectively receive E-911 calls.,funded equipment that increases our ability to effectively receive E-911 calls.,funded equipment that increases our ability to effectively receive E-911 calls.,funded equipment that increases our ability to effectively receive E-911 calls.,funded equipment that increases our ability to effectively receive E-911 calls.,funded equipment that increases our ability to effectively receive E-911 calls.,funded equipment that increases our ability to effectively receive E-911 calls.,funded equipment that increases our ability to effectively receive E-911 calls.,funded equipment that increases our ability to effectively receive E-911 calls.,funded equipment that increases our ability to effectively receive E-911 calls.,funded equipment that increases our ability to effectively receive E-911 calls.,funded equipment that increases our ability to effectively receive E-911 calls.,funded equipment that increases our ability to effectively receive E-911 calls.,funded equipment that increases our ability to effectively receive E-911 calls.,funded equipment that increases our ability to effectively receive E-911 calls.,,
"In partnership with the Radford City Schools, The City Police have been able to","In partnership with the Radford City Schools, The City Police have been able to","In partnership with the Radford City Schools, The City Police have been able to","In partnership with the Radford City Schools, The City Police have been able to","In partnership with the Radford City Schools, The City Police have been able to","In partnership with the Radford City Schools, The City Police have been able to","In partnership with the Radford City Schools, The City Police have been able to","In partnership with the Radford City Schools, The City Police have been able to","In partnership with the Radford City Schools, The City Police have been able to","In partnership with the Radford City Schools, The City Police have been able to","In partnership with the Radford City Schools, The City Police have been able to","In partnership with the Radford City Schools, The City Police have been able to","In partnership with the Radford City Schools, The City Police have been able to","In partnership with the Radford City Schools, The City Police have been able to","In partnership with the Radford City Schools, The City Police have been able to","In partnership with the Radford City Schools, The City Police have been able to","In partnership with the Radford City Schools, The City Police have been able to","In partnership with the Radford City Schools, The City Police have been able to"
expand,expand,expand,the,School,Resource,Officer,Officer,program,program,program,with,the,addition,of,Officer,Thad,Thad
Beasley.,Beasley.,Beasley.,Coupled with,Coupled with,"Officer Jerry Hendricks, our presence in","Officer Jerry Hendricks, our presence in","Officer Jerry Hendricks, our presence in","Officer Jerry Hendricks, our presence in","Officer Jerry Hendricks, our presence in","Officer Jerry Hendricks, our presence in","Officer Jerry Hendricks, our presence in","Officer Jerry Hendricks, our presence in","Officer Jerry Hendricks, our presence in",our schools has,our schools has,our schools has,our schools has
been nothing but positive in that we have been able to provide an increased level of,been nothing but positive in that we have been able to provide an increased level of,been nothing but positive in that we have been able to provide an increased level of,been nothing but positive in that we have been able to provide an increased level of,been nothing but positive in that we have been able to provide an increased level of,been nothing but positive in that we have been able to provide an increased level of,been nothing but positive in that we have been able to provide an increased level of,been nothing but positive in that we have been able to provide an increased level of,been nothing but positive in that we have been able to provide an increased level of,been nothing but positive in that we have been able to provide an increased level of,been nothing but positive in that we have been able to provide an increased level of,been nothing but positive in that we have been able to provide an increased level of,been nothing but positive in that we have been able to provide an increased level of,been nothing but positive in that we have been able to provide an increased level of,been nothing but positive in that we have been able to provide an increased level of,been nothing but positive in that we have been able to provide an increased level of,been nothing but positive in that we have been able to provide an increased level of,been nothing but positive in that we have been able to provide an increased level of
security while still interacting positively with the faculty and students.,security while still interacting positively with the faculty and students.,security while still interacting positively with the faculty and students.,security while still interacting positively with the faculty and students.,security while still interacting positively with the faculty and students.,security while still interacting positively with the faculty and students.,security while still interacting positively with the faculty and students.,security while still interacting positively with the faculty and students.,security while still interacting positively with the faculty and students.,security while still interacting positively with the faculty and students.,security while still interacting positively with the faculty and students.,security while still interacting positively with the faculty and students.,security while still interacting positively with the faculty and students.,security while still interacting positively with the faculty and students.,security while still interacting positively with the faculty and students.,,,
"As this report is being completed, construction is nearing completion on the Public","As this report is being completed, construction is nearing completion on the Public","As this report is being completed, construction is nearing completion on the Public","As this report is being completed, construction is nearing completion on the Public","As this report is being completed, construction is nearing completion on the Public","As this report is being completed, construction is nearing completion on the Public","As this report is being completed, construction is nearing completion on the Public","As this report is being completed, construction is nearing completion on the Public","As this report is being completed, construction is nearing completion on the Public","As this report is being completed, construction is nearing completion on the Public","As this report is being completed, construction is nearing completion on the Public","As this report is being completed, construction is nearing completion on the Public","As this report is being completed, construction is nearing completion on the Public","As this report is being completed, construction is nearing completion on the Public","As this report is being completed, construction is nearing completion on the Public","As this report is being completed, construction is nearing completion on the Public","As this report is being completed, construction is nearing completion on the Public","As this report is being completed, construction is nearing completion on the Public"
Safety Building.,Safety Building.,Safety Building.,Safety Building.,Move in is scheduled for April 2011.,Move in is scheduled for April 2011.,Move in is scheduled for April 2011.,Move in is scheduled for April 2011.,Move in is scheduled for April 2011.,Move in is scheduled for April 2011.,Move in is scheduled for April 2011.,Move in is scheduled for April 2011.,Words cannot express the,Words cannot express the,Words cannot express the,Words cannot express the,Words cannot express the,Words cannot express the
gratitude and sense of excitement throughout the department as our move in date,gratitude and sense of excitement throughout the department as our move in date,gratitude and sense of excitement throughout the department as our move in date,gratitude and sense of excitement throughout the department as our move in date,gratitude and sense of excitement throughout the department as our move in date,gratitude and sense of excitement throughout the department as our move in date,gratitude and sense of excitement throughout the department as our move in date,gratitude and sense of excitement throughout the department as our move in date,gratitude and sense of excitement throughout the department as our move in date,gratitude and sense of excitement throughout the department as our move in date,gratitude and sense of excitement throughout the department as our move in date,gratitude and sense of excitement throughout the department as our move in date,gratitude and sense of excitement throughout the department as our move in date,gratitude and sense of excitement throughout the department as our move in date,gratitude and sense of excitement throughout the department as our move in date,gratitude and sense of excitement throughout the department as our move in date,gratitude and sense of excitement throughout the department as our move in date,gratitude and sense of excitement throughout the department as our move in date
nears.,nears.,"As beneficial as the new facility will be to police department employees, it is","As beneficial as the new facility will be to police department employees, it is","As beneficial as the new facility will be to police department employees, it is","As beneficial as the new facility will be to police department employees, it is","As beneficial as the new facility will be to police department employees, it is","As beneficial as the new facility will be to police department employees, it is","As beneficial as the new facility will be to police department employees, it is","As beneficial as the new facility will be to police department employees, it is","As beneficial as the new facility will be to police department employees, it is","As beneficial as the new facility will be to police department employees, it is","As beneficial as the new facility will be to police department employees, it is","As beneficial as the new facility will be to police department employees, it is","As beneficial as the new facility will be to police department employees, it is","As beneficial as the new facility will be to police department employees, it is","As beneficial as the new facility will be to police department employees, it is","As beneficial as the new facility will be to police department employees, it is"
the increased level of service to our community that is truly thrilling.,the increased level of service to our community that is truly thrilling.,the increased level of service to our community that is truly thrilling.,the increased level of service to our community that is truly thrilling.,the increased level of service to our community that is truly thrilling.,the increased level of service to our community that is truly thrilling.,the increased level of service to our community that is truly thrilling.,the increased level of service to our community that is truly thrilling.,the increased level of service to our community that is truly thrilling.,the increased level of service to our community that is truly thrilling.,the increased level of service to our community that is truly thrilling.,the increased level of service to our community that is truly thrilling.,the increased level of service to our community that is truly thrilling.,the increased level of service to our community that is truly thrilling.,the increased level of service to our community that is truly thrilling.,,,
It,is,an,exciting,time,to,serve,the,city,as,a,member,of,the,Radford,City,Police,Police
Department.,Department.,Department.,Department.,I am proud of our accomplishments.,I am proud of our accomplishments.,I am proud of our accomplishments.,I am proud of our accomplishments.,I am proud of our accomplishments.,I am proud of our accomplishments.,I am proud of our accomplishments.,,"However, it is the day to day","However, it is the day to day","However, it is the day to day","However, it is the day to day","However, it is the day to day","However, it is the day to day"
problem solving and innovation by dedicated,problem solving and innovation by dedicated,problem solving and innovation by dedicated,problem solving and innovation by dedicated,problem solving and innovation by dedicated,problem solving and innovation by dedicated,problem solving and innovation by dedicated,problem solving and innovation by dedicated,problem solving and innovation by dedicated,problem solving and innovation by dedicated,problem solving and innovation by dedicated,employees that brings me the most,employees that brings me the most,employees that brings me the most,employees that brings me the most,employees that brings me the most,employees that brings me the most,employees that brings me the most
satisfaction.,satisfaction.,satisfaction.,satisfaction.,Employees,Employees,and,officers,officers,go,above,and,,beyond,daily,to,provide,provide
exceptional service to the City.,exceptional service to the City.,exceptional service to the City.,exceptional service to the City.,exceptional service to the City.,exceptional service to the City.,exceptional service to the City.,They continue to earn my respect as their Chief and,They continue to earn my respect as their Chief and,They continue to earn my respect as their Chief and,They continue to earn my respect as their Chief and,They continue to earn my respect as their Chief and,They continue to earn my respect as their Chief and,They continue to earn my respect as their Chief and,They continue to earn my respect as their Chief and,They continue to earn my respect as their Chief and,They continue to earn my respect as their Chief and,They continue to earn my respect as their Chief and
as a City resident.,as a City resident.,as a City resident.,as a City resident.,as a City resident.,,,,,,,,,,,,,
We invite you to review the pages of this report to share in our success.,We invite you to review the pages of this report to share in our success.,We invite you to review the pages of this report to share in our success.,We invite you to review the pages of this report to share in our success.,We invite you to review the pages of this report to share in our success.,We invite you to review the pages of this report to share in our success.,We invite you to review the pages of this report to share in our success.,We invite you to review the pages of this report to share in our success.,We invite you to review the pages of this report to share in our success.,We invite you to review the pages of this report to share in our success.,We invite you to review the pages of this report to share in our success.,We invite you to review the pages of this report to share in our success.,We invite you to review the pages of this report to share in our success.,We invite you to review the pages of this report to share in our success.,We invite you to review the pages of this report to share in our success.,,,
"Sincerely,","Sincerely,","Sincerely,","Sincerely,",,,,,,,,,,,,,,
Don Goodman,Don Goodman,Don Goodman,Don Goodman,,,,,,,,,,,,,,
Chief of Police,Chief of Police,Chief of Police,Chief of Police,,,,,,,,,,,,,,
,,,,,,,,- 4-,,,,,,,,,
