Name: “Table 1 of 1 on page 14 of 23”,Name: “Table 1 of 1 on page 14 of 23”,Name: “Table 1 of 1 on page 14 of 23”,Name: “Table 1 of 1 on page 14 of 23”,Name: “Table 1 of 1 on page 14 of 23”,Name: “Table 1 of 1 on page 14 of 23”,Name: “Table 1 of 1 on page 14 of 23”,Name: “Table 1 of 1 on page 14 of 23”,Name: “Table 1 of 1 on page 14 of 23”,Name: “Table 1 of 1 on page 14 of 23”,Name: “Table 1 of 1 on page 14 of 23”,Name: “Table 1 of 1 on page 14 of 23”,Name: “Table 1 of 1 on page 14 of 23”,Name: “Table 1 of 1 on page 14 of 23”,Name: “Table 1 of 1 on page 14 of 23”,Name: “Table 1 of 1 on page 14 of 23”,Name: “Table 1 of 1 on page 14 of 23”
Table: 14,Table: 14,Table: 14,Table: 14,Table: 14,Table: 14,Table: 14,Table: 14,Table: 14,Table: 14,Table: 14,Table: 14,Table: 14,Table: 14,Table: 14,Table: 14,Table: 14
,,,,,,,,,,,,,,,,
,,Claytor Lake Regional Task Force,Claytor Lake Regional Task Force,Claytor Lake Regional Task Force,Claytor Lake Regional Task Force,Claytor Lake Regional Task Force,Claytor Lake Regional Task Force,Claytor Lake Regional Task Force,Claytor Lake Regional Task Force,Claytor Lake Regional Task Force,Claytor Lake Regional Task Force,Claytor Lake Regional Task Force,Claytor Lake Regional Task Force,,,
,,,,,,(continued),(continued),(continued),(continued),,,,,,,
The following table illustrates other statistics relative to the work of the task force,The following table illustrates other statistics relative to the work of the task force,The following table illustrates other statistics relative to the work of the task force,The following table illustrates other statistics relative to the work of the task force,The following table illustrates other statistics relative to the work of the task force,The following table illustrates other statistics relative to the work of the task force,The following table illustrates other statistics relative to the work of the task force,The following table illustrates other statistics relative to the work of the task force,The following table illustrates other statistics relative to the work of the task force,The following table illustrates other statistics relative to the work of the task force,The following table illustrates other statistics relative to the work of the task force,The following table illustrates other statistics relative to the work of the task force,The following table illustrates other statistics relative to the work of the task force,The following table illustrates other statistics relative to the work of the task force,The following table illustrates other statistics relative to the work of the task force,The following table illustrates other statistics relative to the work of the task force,The following table illustrates other statistics relative to the work of the task force
as a whole.,as a whole.,,,,,,,,,,,,,,,
,,,,,,,,,,2008,2008,,2009,2009,2009,2009
Total amount of money seized by the Task Force,Total amount of money seized by the Task Force,Total amount of money seized by the Task Force,Total amount of money seized by the Task Force,Total amount of money seized by the Task Force,Total amount of money seized by the Task Force,Total amount of money seized by the Task Force,Total amount of money seized by the Task Force,Total amount of money seized by the Task Force,,"$17,540","$17,540","$17,540","$14,776","$27,552","$27,552","$27,552"
Total,street,value,of,seized,illegal,,or,controlled,controlled,,,,,,,
,,,,,,,,,,"$545,768","$545,768","$545,768","$885,956","$1,483, 100","$1,483, 100","$1,483, 100"
substances,,,,,,,,,,,,,,,,
Total number of weapons seized by the Task Force,Total number of weapons seized by the Task Force,Total number of weapons seized by the Task Force,Total number of weapons seized by the Task Force,Total number of weapons seized by the Task Force,Total number of weapons seized by the Task Force,Total number of weapons seized by the Task Force,Total number of weapons seized by the Task Force,Total number of weapons seized by the Task Force,Total number of weapons seized by the Task Force,,7,,47,,67,67
Vehicles,seized,involved,involved,in,the,sale,of,illegal,or,,,,,,,
,,,,,,,,,,,0,,4,,3,
controlled substances,controlled substances,controlled substances,,,,,,,,,,,,,,
Total number of cases initiated by the Task Force,Total number of cases initiated by the Task Force,Total number of cases initiated by the Task Force,Total number of cases initiated by the Task Force,Total number of cases initiated by the Task Force,Total number of cases initiated by the Task Force,Total number of cases initiated by the Task Force,Total number of cases initiated by the Task Force,Total number of cases initiated by the Task Force,,,199,,263,,266,266
Total number of search warrants executed,Total number of search warrants executed,Total number of search warrants executed,Total number of search warrants executed,Total number of search warrants executed,Total number of search warrants executed,Total number of search warrants executed,Total number of search warrants executed,,,,45,,69,,75,75
Methamphetamine:,Methamphetamine:,Methamphetamine:,,,,,,,,,,,,,,
In,"2010,",the,Radford,Radford,City,Police,Police,Department,Department,,uncovered,uncovered,two,(2),active,active
Methamphetamine,Methamphetamine,Methamphetamine,labs.,labs.,In,"2009,",Police,found,found,no,labs,within,the,City.,This,This
increase can be attributed to the growing abuse of this powerful drug and the ease,increase can be attributed to the growing abuse of this powerful drug and the ease,increase can be attributed to the growing abuse of this powerful drug and the ease,increase can be attributed to the growing abuse of this powerful drug and the ease,increase can be attributed to the growing abuse of this powerful drug and the ease,increase can be attributed to the growing abuse of this powerful drug and the ease,increase can be attributed to the growing abuse of this powerful drug and the ease,increase can be attributed to the growing abuse of this powerful drug and the ease,increase can be attributed to the growing abuse of this powerful drug and the ease,increase can be attributed to the growing abuse of this powerful drug and the ease,increase can be attributed to the growing abuse of this powerful drug and the ease,increase can be attributed to the growing abuse of this powerful drug and the ease,increase can be attributed to the growing abuse of this powerful drug and the ease,increase can be attributed to the growing abuse of this powerful drug and the ease,increase can be attributed to the growing abuse of this powerful drug and the ease,increase can be attributed to the growing abuse of this powerful drug and the ease,increase can be attributed to the growing abuse of this powerful drug and the ease
in which it can be produced in dangerous home labs.,in which it can be produced in dangerous home labs.,in which it can be produced in dangerous home labs.,in which it can be produced in dangerous home labs.,in which it can be produced in dangerous home labs.,in which it can be produced in dangerous home labs.,in which it can be produced in dangerous home labs.,in which it can be produced in dangerous home labs.,in which it can be produced in dangerous home labs.,in which it can be produced in dangerous home labs.,,,,,,,
Charges,associated,associated,associated,with,each,of,these,labs,labs,ranges,ranges,from:,Manufacture,Manufacture,Manufacture,of
"Methamphetamine (Class 5 Felony), Possession","Methamphetamine (Class 5 Felony), Possession","Methamphetamine (Class 5 Felony), Possession","Methamphetamine (Class 5 Felony), Possession","Methamphetamine (Class 5 Felony), Possession","Methamphetamine (Class 5 Felony), Possession","Methamphetamine (Class 5 Felony), Possession","Methamphetamine (Class 5 Felony), Possession","Methamphetamine (Class 5 Felony), Possession","Methamphetamine (Class 5 Felony), Possession",of 2 or more precursors (Class 6,of 2 or more precursors (Class 6,of 2 or more precursors (Class 6,of 2 or more precursors (Class 6,of 2 or more precursors (Class 6,of 2 or more precursors (Class 6,of 2 or more precursors (Class 6
"Felony),",Possession,Possession,Possession,of,Methamphetamine,Methamphetamine,Methamphetamine,Methamphetamine,(Class,(Class,5,"Felony),","Felony),",Conspire,Conspire,to
"Manufacture of Methamphetamine (Class 5 Felony),","Manufacture of Methamphetamine (Class 5 Felony),","Manufacture of Methamphetamine (Class 5 Felony),","Manufacture of Methamphetamine (Class 5 Felony),","Manufacture of Methamphetamine (Class 5 Felony),","Manufacture of Methamphetamine (Class 5 Felony),","Manufacture of Methamphetamine (Class 5 Felony),","Manufacture of Methamphetamine (Class 5 Felony),","Manufacture of Methamphetamine (Class 5 Felony),","Manufacture of Methamphetamine (Class 5 Felony),",Child Endangerment (Class 6,Child Endangerment (Class 6,Child Endangerment (Class 6,Child Endangerment (Class 6,Child Endangerment (Class 6,Child Endangerment (Class 6,Child Endangerment (Class 6
"Felony), Felony Destruction of Property (Class 6 Felony, PWID/Methamphetamine","Felony), Felony Destruction of Property (Class 6 Felony, PWID/Methamphetamine","Felony), Felony Destruction of Property (Class 6 Felony, PWID/Methamphetamine","Felony), Felony Destruction of Property (Class 6 Felony, PWID/Methamphetamine","Felony), Felony Destruction of Property (Class 6 Felony, PWID/Methamphetamine","Felony), Felony Destruction of Property (Class 6 Felony, PWID/Methamphetamine","Felony), Felony Destruction of Property (Class 6 Felony, PWID/Methamphetamine","Felony), Felony Destruction of Property (Class 6 Felony, PWID/Methamphetamine","Felony), Felony Destruction of Property (Class 6 Felony, PWID/Methamphetamine","Felony), Felony Destruction of Property (Class 6 Felony, PWID/Methamphetamine","Felony), Felony Destruction of Property (Class 6 Felony, PWID/Methamphetamine","Felony), Felony Destruction of Property (Class 6 Felony, PWID/Methamphetamine","Felony), Felony Destruction of Property (Class 6 Felony, PWID/Methamphetamine","Felony), Felony Destruction of Property (Class 6 Felony, PWID/Methamphetamine","Felony), Felony Destruction of Property (Class 6 Felony, PWID/Methamphetamine","Felony), Felony Destruction of Property (Class 6 Felony, PWID/Methamphetamine","Felony), Felony Destruction of Property (Class 6 Felony, PWID/Methamphetamine"
"(Class 5 Felony), and Allowing Children to be present during the Manufacture of","(Class 5 Felony), and Allowing Children to be present during the Manufacture of","(Class 5 Felony), and Allowing Children to be present during the Manufacture of","(Class 5 Felony), and Allowing Children to be present during the Manufacture of","(Class 5 Felony), and Allowing Children to be present during the Manufacture of","(Class 5 Felony), and Allowing Children to be present during the Manufacture of","(Class 5 Felony), and Allowing Children to be present during the Manufacture of","(Class 5 Felony), and Allowing Children to be present during the Manufacture of","(Class 5 Felony), and Allowing Children to be present during the Manufacture of","(Class 5 Felony), and Allowing Children to be present during the Manufacture of","(Class 5 Felony), and Allowing Children to be present during the Manufacture of","(Class 5 Felony), and Allowing Children to be present during the Manufacture of","(Class 5 Felony), and Allowing Children to be present during the Manufacture of","(Class 5 Felony), and Allowing Children to be present during the Manufacture of","(Class 5 Felony), and Allowing Children to be present during the Manufacture of","(Class 5 Felony), and Allowing Children to be present during the Manufacture of","(Class 5 Felony), and Allowing Children to be present during the Manufacture of"
Methamphetamine (Felony less than 10 not more than more 40years),Methamphetamine (Felony less than 10 not more than more 40years),Methamphetamine (Felony less than 10 not more than more 40years),Methamphetamine (Felony less than 10 not more than more 40years),Methamphetamine (Felony less than 10 not more than more 40years),Methamphetamine (Felony less than 10 not more than more 40years),Methamphetamine (Felony less than 10 not more than more 40years),Methamphetamine (Felony less than 10 not more than more 40years),Methamphetamine (Felony less than 10 not more than more 40years),Methamphetamine (Felony less than 10 not more than more 40years),Methamphetamine (Felony less than 10 not more than more 40years),Methamphetamine (Felony less than 10 not more than more 40years),Methamphetamine (Felony less than 10 not more than more 40years),Methamphetamine (Felony less than 10 not more than more 40years),,,
Danger to officers and others exposed to an active methamphetamine lab are that,Danger to officers and others exposed to an active methamphetamine lab are that,Danger to officers and others exposed to an active methamphetamine lab are that,Danger to officers and others exposed to an active methamphetamine lab are that,Danger to officers and others exposed to an active methamphetamine lab are that,Danger to officers and others exposed to an active methamphetamine lab are that,Danger to officers and others exposed to an active methamphetamine lab are that,Danger to officers and others exposed to an active methamphetamine lab are that,Danger to officers and others exposed to an active methamphetamine lab are that,Danger to officers and others exposed to an active methamphetamine lab are that,Danger to officers and others exposed to an active methamphetamine lab are that,Danger to officers and others exposed to an active methamphetamine lab are that,Danger to officers and others exposed to an active methamphetamine lab are that,Danger to officers and others exposed to an active methamphetamine lab are that,Danger to officers and others exposed to an active methamphetamine lab are that,Danger to officers and others exposed to an active methamphetamine lab are that,Danger to officers and others exposed to an active methamphetamine lab are that
the gases created from the fusion of the chemicals together not only presents a fire,the gases created from the fusion of the chemicals together not only presents a fire,the gases created from the fusion of the chemicals together not only presents a fire,the gases created from the fusion of the chemicals together not only presents a fire,the gases created from the fusion of the chemicals together not only presents a fire,the gases created from the fusion of the chemicals together not only presents a fire,the gases created from the fusion of the chemicals together not only presents a fire,the gases created from the fusion of the chemicals together not only presents a fire,the gases created from the fusion of the chemicals together not only presents a fire,the gases created from the fusion of the chemicals together not only presents a fire,the gases created from the fusion of the chemicals together not only presents a fire,the gases created from the fusion of the chemicals together not only presents a fire,the gases created from the fusion of the chemicals together not only presents a fire,the gases created from the fusion of the chemicals together not only presents a fire,the gases created from the fusion of the chemicals together not only presents a fire,the gases created from the fusion of the chemicals together not only presents a fire,the gases created from the fusion of the chemicals together not only presents a fire
and,explosive,"hazard,","hazard,",but,can,lead,to,the,development,development,development,of,chemical,pneumonia,pneumonia,pneumonia
which can have long term effects and possibly lead to kidney and liver cancer.,which can have long term effects and possibly lead to kidney and liver cancer.,which can have long term effects and possibly lead to kidney and liver cancer.,which can have long term effects and possibly lead to kidney and liver cancer.,which can have long term effects and possibly lead to kidney and liver cancer.,which can have long term effects and possibly lead to kidney and liver cancer.,which can have long term effects and possibly lead to kidney and liver cancer.,which can have long term effects and possibly lead to kidney and liver cancer.,which can have long term effects and possibly lead to kidney and liver cancer.,which can have long term effects and possibly lead to kidney and liver cancer.,which can have long term effects and possibly lead to kidney and liver cancer.,which can have long term effects and possibly lead to kidney and liver cancer.,which can have long term effects and possibly lead to kidney and liver cancer.,which can have long term effects and possibly lead to kidney and liver cancer.,which can have long term effects and possibly lead to kidney and liver cancer.,,
The cost for one clean-up ranges from $4000.00-$6000.00.,The cost for one clean-up ranges from $4000.00-$6000.00.,The cost for one clean-up ranges from $4000.00-$6000.00.,The cost for one clean-up ranges from $4000.00-$6000.00.,The cost for one clean-up ranges from $4000.00-$6000.00.,The cost for one clean-up ranges from $4000.00-$6000.00.,The cost for one clean-up ranges from $4000.00-$6000.00.,The cost for one clean-up ranges from $4000.00-$6000.00.,The cost for one clean-up ranges from $4000.00-$6000.00.,The cost for one clean-up ranges from $4000.00-$6000.00.,The cost for one clean-up ranges from $4000.00-$6000.00.,The cost for one clean-up ranges from $4000.00-$6000.00.,,,,,
,,,,,,,- 14-,,,,,,,,,
