Name: “Table 1 of 1 on page 3 of 23”,Name: “Table 1 of 1 on page 3 of 23”,Name: “Table 1 of 1 on page 3 of 23”
Table: 3,Table: 3,Table: 3
,,
Table of Contents,Table of Contents,
Letter from Chief Don Goodman,4,
Budget,5,
,,MAYOR
Organizational Flow Chart,6,Bruce Brown
Citizen Involvement,7,
Animal Control,8,CITY MANAGER
Citizen Complaints,9,David Ridpath
Parking Enforcement,10,
Emergency Response Team,11,CHIEF OF
,,POLICE
Criminal Investigations Bureau,12,Don Goodman
Claytor Lake Regional Task Force,13,
School Resource Officer,15,
K-9 Officer,16,
Group A Offenses,17,
Group B Offenses,19,
,,PREPARED BY
Noise Violations,20,THE POLICE
Alcohol Violations,20,DEPARTMENT-
,,OFFICE OF
DUI Arrests,21,RECORDS
Accidents,21,MANAGEMENT-
,,"Sonia Ramsey,"
Arrest Totals,22,Records Manager
Calls for Service,22,
Conclusion,23,
- 3-,,
