Name: “Table 1 of 1 on page 18 of 23”,Name: “Table 1 of 1 on page 18 of 23”,Name: “Table 1 of 1 on page 18 of 23”,Name: “Table 1 of 1 on page 18 of 23”
Table: 18,Table: 18,Table: 18,Table: 18
,,,
Group “A” Offenses,Group “A” Offenses,,
(continued),,,
,2009,2010,% change
COUNTERFEITING / FORGERY,19,44,132%
FRAUD,,,
False pretenses / Swindle / Confidence Game,42,65,35%
Credit Card / ATM Fraud,20,36,80%
Impersonation,24,18,-25%
Welfare Fraud,-,-,-
Wire Fraud,1,-,-100%
Total Fraud,87,137,57%
EMBEZZLEMENT,4,1,-75%
STOLEN PROPERTY OFFENSES,4,5,25%
DESTRUCTION / DAMAGE / VANDALISM,321,249,-22%
NARCOTICS OFFENSES,,,
Drug / Narcotic Offenses,238,217,-9%
Drug Equipment Violations,14,67,379%**
Total Narcotic Violations,252,284,127%
NON-FORCIBLE SEX OFFENSES,,,
Incest,-,-,-
Statutory Rape,-,-,-
Total Non-Forcible sex offenses,-,-,-
PORNOGRAPHY / OBSCENE MATERIALS,3,6,100%
GAMBLING OFFENSES,,,
Betting / Wagering,-,-,-
Operating / Promoting / Assisting Gambling,-,-,-
Gambling Equipment Offenses,-,-,-
Sports Tampering,-,-,-
Total Gambling Offenses,-,-,-
PROSTITUITON OFFENSES,,,
Prostitution,1,-,-100%
Assisting or Promoting Prostitution,-,-,-
Total Prostitution Offenses,1,-,-100%
BRIBERY,-,-,-
WEAPONS LAW VIOLATIONS,24,18,-25%
GRAND TOTALS,1630,1517,-7%
** The high percentage is due to reporting changes by Virginia in drug equipment cases.,** The high percentage is due to reporting changes by Virginia in drug equipment cases.,** The high percentage is due to reporting changes by Virginia in drug equipment cases.,
- 18-,,,
