Bureau of Justice Statistics,,,,,,
filename:  cv0468.csv,,,,,,
"Table 68. Percent of victimizations in which victims took self-protective measures, by type of crime and victim-offender relationship",,,,,,
"data source: National Criminal Victimization Survey, 2004  NCJ 213257",,,,,,
produced by:  Cathy Maston ,,,,,,
authors:  Patsy Klaus and Cathy Maston,,,,,,
refer questions to: askbjs@usdoj.gov  202-307-0765,,,,,,
data of version:  05/01/06,,,,,,

"Table 68. Personal crimes of violence, 2004:  Percent of victimizations in which victims took self-protective measures, by type of crime and victim-offender relationship",,,,,,
,Percent of all victimizations,,,,,
Type of crime,All victimizations,,Involving strangers,,Involving nonstrangers,
Crimes of violence,66.9,%,64.7,%,68.9,%
Completed violence,68.8,,63.4,,72.8,
Attempted/threatened violence,65.9,,65.2,,66.6,
Rape/Sexual assault/a,73.7,,66.7,,78.6,
Robbery,61.2,,54.4,,72.3,
Completed/property taken,48.4,,34.8,,66.1,
With injury,55.5,,45.1,*,62.8,
Without injury,44.3,,31,,69.2,
Attempted to take property,80,,77.5,,86.1,
With injury,91.6,,100,,80,*
Without injury,73.8,,68.4,,92.1,*
   Assault,67.2,,66.1,,68.1,
Aggravated,73.7,,66.7,,81.7,
With injury,73.4,,66.1,,78.8,
Threatened with weapon,73.9,,66.9,,84,
Simple,65.2,,66,,64.6,
With minor injury,72.5,,76.1,,70.2,
Without injury,62.7,,63.1,,62.3,
*Estimate is based on about 10 or fewer sample cases.,,,,,,
a/Includes verbal threats of rape and threats of sexual assault.,,,,,,
