Bureau of Justice Statistics,,,,,,,,,,,,,,,,
filename:  cv0445.csv,,,,,,,,,,,,,,,,
"Table 45. Percent distribution of multiple-offender victimizations, by type of crime and perceived age of offenders",,,,,,,,,,,,,,,,
"data source: National Criminal Victimization Survey, 2004  NCJ 213257",,,,,,,,,,,,,,,,
produced by:  Cathy Maston ,,,,,,,,,,,,,,,,
authors:  Patsy Klaus and Cathy Maston,,,,,,,,,,,,,,,,
refer questions to: askbjs@usdoj.gov  202-307-0765,,,,,,,,,,,,,,,,
data of version:  05/01/06,,,,,,,,,,,,,,,,

"Table 45. Personal crimes of violence, 2004:  Percent distribution of multiple-offender victimizations, by type of crime and perceived age of offenders",,,,,,,,,,,,,,,,
,,,Percent of all multiple-offender victimizations,,,,,,,,,,,,,
,,,,,Perceived age of offenders,,,,,,,,,,,
Type of crime,Number of multiple-offender victimizations,,Total,,All under 12,,All 12-20,,All 21-29,,All 30 and over,,Mixed ages,,Not known and not available,
Crimes of violence,"941,990",,100,%,0.6,%*,34.5,%,13.2,%,9.6,%,28.4,%,13.8,%
Completed violence,"392,380",,100,,0,*,37.5,,12.5,,10.3,,25.3,,14.3,
Attempted/threatened violence,"549,600",,100,,1,*,32.3,,13.6,,9.1,,30.5,,13.4,
Rape/Sexual assault/a,"22,390",*,100,*,0,*,33.1,*,0,*,0,*,27.7,*,39.2,*
Robbery,"200,750",,100,,0,*,35.8,,26.4,,4,*,19.3,,14.4,*
Completed/property taken,"111,660",,100,,0,*,38.2,,17.3,*,7.2,*,17.5,*,19.9,*
With injury,"42,530",,100,,0,*,31.5,*,14.6,*,6.4,*,12.6,*,34.9,*
Without injury,"69,130",,100,,0,*,42.3,*,18.9,*,7.8,*,20.4,*,10.7,*
Attempted to take property,"89,080",,100,,0,*,32.9,*,37.9,,0,*,21.6,*,7.6,*
With injury,"29,490",*,100,*,0,*,37.2,*,16.8,*,0,*,46,*,0,*
Without injury,"59,580",,100,,0,*,30.8,*,48.3,*,0,*,9.6,*,11.3,*
Assault,"718,840",,100,,0.8,*,34.2,,9.9,,11.5,,30.9,,12.8,
Aggravated,"222,560",,100,,1.3,*,28,,11.6,*,15.2,,32.1,,11.8,*
Simple,"496,270",,100,,0.6,*,36.9,,9.1,,9.8,,30.4,,13.2,
Note: Detail may not add to total shown because of rounding.,,,,,,,,,,,,,,,,
*Estimate is based on about 10 or fewer sample cases.,,,,,,,,,,,,,,,,
a/Includes verbal threats of rape and threats of sexual assault.,,,,,,,,,,,,,,,,
