Bureau of Justice Statistics,,,,,,
filename:  cv0477.csv,,,,,,
"Table 77. Percent of victimizations in which victims incurred medical expenses, by selected characteristics of victims and type of crime",,,,,,
"data source: National Criminal Victimization Survey, 2004  NCJ 213257",,,,,,
produced by:  Cathy Maston ,,,,,,
authors:  Patsy Klaus and Cathy Maston,,,,,,
refer questions to: askbjs@usdoj.gov  202-307-0765,,,,,,
data of version:  05/01/06,,,,,,

"Table 77. Personal crimes of violence, 2004:  Percent of victimizations in which victims incurred medical expenses, by selected characteristics of victims and type of crime",,,,,,
,Percent of victimizations,,,,,
Characteristic,Crime of violence/a,,  Robbery,,  Assault,
Race,,,,,,
All races/b,7.5,%,11.7,%,6.8,%
White only,7.3,,12.3,,6.4,
Black only,9.6,,11.7,*,10.1,
Victim-offender relationship,,,,,
Strangers,6.8,,11.9,,5.8
Nonstrangers,8.1,,11.4,*,7.6
Note: Data includes victimizations in which the amount of medical expenses incurred was not ascertained.,,,,,
*Estimate is based on about 10 or fewer sample cases.,,,,,
"a/Includes data on rape and sexual assault, not shown separately.",,,,,
"b/Includes data on persons of ""Other"" races and persons indicating two or more races, not shown separately.",,,,,
