Bureau of Justice Statistics,,,,,,,,,,,,,
filename:  cv0425.csv,,,,,,,,,,,,,
Table 25. Victimization rates by type of crime and number of units in structure occupied by household,,,,,,,,,,,,,
"data source: National Criminal Victimization Survey, 2004  NCJ 213257",,,,,,,,,,,,,
produced by:  Cathy Maston ,,,,,,,,,,,,,
authors:  Patsy Klaus and Cathy Maston,,,,,,,,,,,,,
refer questions to: askbjs@usdoj.gov  202-307-0765,,,,,,,,,,,,,
data of version:  05/01/06,,,,,,,,,,,,,

"Table 25. Property crimes, 2004:  Victimization rates by type of crime and number of units in structure occupied by household",,,,,,,,,,,,,
                                                                                                      ,"Rate per 1,000 households",,,,,,,,,,,,
Type of crime,One/a,Two,,Three,,Four,,     Five-nine,,    Ten or more,, Other than housing unit  ,
Property crimes,152.4,196.2,,182.9,,218.4,,207.5,,156.4,,219,
Household burglary,28.4,41,,37.5,,29.7,,41.8,,25.1,,64.5,*
Completed,24.6,35.2,,32.5,,21.5,,32.6,,19.6,,64.5,*
Forcible entry,9.1,15,,18.5,*,9,*,12.7,,7.5,,0,*
Unlawful entry without force,15.6,20.2,,14,*,12.5,,19.9,,12,,64.5,*
Attempted forcible entry,3.8,5.8,,5,*,8.2,*,9.2,,5.6,,0,*
Motor vehicle theft,7.8,9.8,,14.9,*,14.2,,11.5,,11.7,,0,*
Completed,5.7,6.6,,13.3,*,12.8,,10.3,,9.6,,0,*
Attempted,2.1,3.2,*,1.6,*,1.4,*,1.2,*,2.2,*,0,*
Theft,116.3,145.3,,130.5,,174.5,,154.2,,119.5,,154.5,
Completed,110.6,141,,126.2,,163,,148.2,,116.4,,154.5,
Less than $50,33.8,41.3,,39.2,,47.6,,47.4,,33.9,,40.5,*
$50 - $249,39.4,60,,42.6,,54.5,,49.9,,39.2,,69,*
$250 or more,25.5,27.9,,35.9,,47.1,,40.2,,32.2,,26.5,*
Amount not available,11.8,11.9,,8.4,*,13.8,,10.7,,11.1,,18.6,*
Attempted,5.6,4.3,*,4.3,*,11.5,,6,,3.2,,0,*
Total number of households,"82,901,650","5,890,330",,"1,561,210",,"3,443,570",,"6,009,450",,"14,266,340",,"465,640",
Note: Detail may not add to total shown because of rounding.,,,,,,,,,,,,,
Excludes data on households for which the number of units in the structure was not ascertained.,,,,,,,,,,,,,
*Estimate is based on about 10 or fewer sample cases.,,,,,,,,,,,,,
"a/Includes data on mobile homes, not shown separately."
