Bureau of Justice Statistics,,,,,,
filename:  cv0493a.csv,,,,,,
"Table 93a.  Number and percent distribution of victimizations reported to the police, by type of crime, and gender of head of household",,,,,,
"data source: National Criminal Victimization Survey, 2004  NCJ 213257",,,,,,
produced by:  Cathy Maston ,,,,,,
authors:  Patsy Klaus and Cathy Maston,,,,,,
refer questions to: askbjs@usdoj.gov  202-307-0765,,,,,,
data of version:  05/01/06,,,,,,

"Table 93a. Property crimes, 2004:  Number and percent distribution of victimizations reported to the police, by type of crime, and gender of head of household",,,,,,
,Percent of all victimizations reported to the police,,,,,
, Both Genders,,Male,,Female,
Type of crime,Number,Percent,Number,Percent,Number,Percent
Property crimes,"7,275,010",39,"3,756,790",38.7,"3,518,220",39.3
Household burglary,"1,817,980",53,"906,160",50.9,"911,820",55.4
Completed,"1,587,720",54.6,"805,090",53.3,"782,630",56
Forcible entry,"833,380",76.1,"405,070",72.8,"428,310",79.4
Unlawful entry/without force,"754,340",41.6,"400,020",41.9,"354,320",41.3
Attempted forcible entry,"230,250",44.4,"101,060",37.6,"129,190",51.7
Motor vehicle theft,"860,400",84.8,"450,570",86.9,"409,820",82.6
Completed,"738,470",94.8,"369,450",96.4,"369,010",93.2
Attempted,"121,930",51.8,"81,120",59.8,"40,810",40.8
Theft,"4,596,630",32.3,"2,400,060",32.4,"2,196,580",32.3
Completed,"4,363,230",32.1,"2,267,340",32.2,"2,095,890",32
Less than $50,"771,760",18.8,"407,900",19.5,"363,850",18
$50 - $249,"1,326,120",27.4,"678,910",26.8,"647,200",27.9
$250 or more,"1,790,020",54.9,"964,360",55,"825,670",54.8
Amount not available,"475,340",34.9,"216,170",32.8,"259,170",36.8
Attempted,"233,400",37.2,"132,710",36.3,"100,690",38.4
Note: Detail may not add to total shown because of rounding.,,,,,,
