Bureau of Justice Statistics,,,,,,
filename:  cv0417.csv,,,,,,
Table 17. Number of victimizations and victimization rates by type of crime and ethnicity of head of household,,,,,,
"data source: National Criminal Victimization Survey, 2004  NCJ 213257",,,,,,
produced by:  Cathy Maston ,,,,,,
authors:  Patsy Klaus and Cathy Maston,,,,,,
refer questions to: askbjs@usdoj.gov  202-307-0765,,,,,,
data of version:  05/01/06,,,,,,

"Table 17. Property crimes, 2004: Number of victimizations and victimization rates by type of crime and ethnicity of head of household",,,,,,
                                                                                           ,,,"Rate per 1,000 households",,,
,         Total/a,,Hispanic,,Non-Hispanic,
Type of crime,Number,Rate,Number,Rate,Number,Rate
Property crimes,"18,654,400",161.1,"2,454,050",203.8,"16,112,460",156.4
Household burglary,"3,427,690",29.6,"439,110",36.5,"2,975,430",28.9
Completed,"2,909,160",25.1,"375,550",31.2,"2,520,460",24.5
Forcible entry,"1,095,560",9.5,"165,520",13.7,"927,760",9
Unlawful entry without force,"1,813,600",15.7,"210,040",17.4,"1,592,700",15.5
Attempted forcible entry,"518,530",4.5,"63,560",5.3,"454,970",4.4
Motor vehicle theft,"1,014,770",8.8,"234,390",19.5,"772,780",7.5
Completed,"779,220",6.7,"176,420",14.6,"595,190",5.8
Attempted,"235,560",2,"57,960",4.8,"177,590",1.7
Theft ,"14,211,940",122.8,"1,780,550",147.9,"12,364,250",120
Completed,"13,583,940",117.3,"1,710,380",142,"11,816,440",114.7
Less than $50,"4,114,020",35.5,"374,450",31.1,"3,724,130",36.2
$50 - $249,"4,846,570",41.9,"683,030",56.7,"4,148,060",40.3
$250 or more,"3,259,970",28.2,"503,520",41.8,"2,732,520",26.5
Amount not available,"1,363,380",11.8,"149,380",12.4,"1,211,720",11.8
Attempted,"628,000",5.4,"70,170",5.8,"547,810",5.3
Total number of households,"115,775,570",...,"12,042,540",...,"102,993,730",...
Note: Detail may not add to total shown because of rounding.,,,,,,
...Not applicable.,,,,,,
"a/Includes data on persons whose ethnicity was not ascertained, which is not shown separately."
