Bureau of Justice Statistics,,,,,,
filename:  cv0419.csv,,,,,,
Table 19. Victimization rates by type of crime and age of head of household,,,,,,
"data source: National Criminal Victimization Survey, 2004  NCJ 213257",,,,,,
produced by:  Cathy Maston ,,,,,,
authors:  Patsy Klaus and Cathy Maston,,,,,,
refer questions to: askbjs@usdoj.gov  202-307-0765,,,,,,
data of version:  05/01/06,,,,,,

"Table 19. Property crimes, 2004:  Victimization rates by type of crime and age of head of household",,,,,,
,,,"Rate per 1,000 households",,,
Type of crime, 12-19,,20-34,35-49,50-64,     65 and over
Property crimes,381.8,,210.9,192.6,141.7,68.2
Household burglary,76.9,,29.6,29.6,24.9,17.8
Completed,64.9,,29.2,29.7,22.1,15
Forcible entry,24.4,*,12.5,11.3,8.1,4.1
Unlawful entry without force,40.5,,16.7,18.5,14,10.9,
Attempted forcible entry,12,*,7.2,4.7,2.7,2.8,
Motor vehicle theft,15.2,*,15,9.5,6.3,3.1,
Completed,12.4,*,12.1,6.9,4.8,2.4,
Attempted,2.8,*,2.9,2.7,1.4,0.8,*
Theft ,289.7,,159.5,148.6,110.5,47.2,
Completed,276,,153.7,141.8,105.2,44.7,
Less than $50,79,,41.6,43.8,34.8,14.5,
$50 - $249,120.8,,59.3,51.1,33,14.4,
$250 or more,67.8,,41.4,32.3,24.9,8.6,
Amount not available,8.4,*,11.3,14.7,12.4,7.1,
Attempted,13.7,*,5.8,6.8,5.3,2.5,
Total number of households,"1,111,860",,"26,665,540","36,328,930","28,405,620","23,263,610",
Note: Detail may not add to total shown because of rounding.,,,,,,,
*Estimate is based on about 10 or fewer sample cases.,,,,,,,
