Bureau of Justice Statistics,,,,,,,,,,,,,,,,
filename:  cv0449.csv,,,,,,,,,,,,,,,,
"Table 49. Percent distribution of multiple-offender victimizations, by type of crime and detailed victim-offender relationship",,,,,,,,,,,,,,,,
"data source: National Criminal Victimization Survey, 2004  NCJ 213257",,,,,,,,,,,,,,,,
produced by:  Cathy Maston ,,,,,,,,,,,,,,,,
authors:  Patsy Klaus and Cathy Maston,,,,,,,,,,,,,,,,
refer questions to: askbjs@usdoj.gov  202-307-0765,,,,,,,,,,,,,,,,
data of version:  05/01/06,,,,,,,,,,,,,,,,

"Table 49. Personal crimes of violence, 2004: Percent distribution of multiple-offender victimizations, by type of crime and detailed victim-offender relationship",,,,,,,,,,,,,,,,
,,,Percent of multiple-offender victimizations,,,,,,,,,,,,,
,,,,,Some or all related,,,,,,,,,,,
Type of crime,Number of multiple-offender victimizations,,Total,,Total,,Spouses and ex-spouses,,Parents,,Own children,,Brothers and sisters,,Other relatives,
Crimes of violence,"942,000",,100,%,4.2,%,0.9,%*,1.1,%*,0,%*,0,%*,2.2,%*
Completed violence,"392,390",,100,,6.1,*,0.7,*,2.8,*,0,*,0,*,2.7,*
Attempted/threatened violence,"549,610",,100,,2.9,*,1.1,*,0,*,0,*,0,*,1.8,*
Rape/Sexual assault/b,"22,400",*,100,*,0,*,0,*,0,*,0,*,0,*,0,*
Robbery,"200,760",,100,,2.9,*,1.3,*,0,*,0,*,0,*,1.6,*
Completed/property taken,"111,670",,100,,2.4,*,2.4,*,0,*,0,*,0,*,0,*
Attempted to take property,"89,090",,100,,3.5,*,0,*,0,*,0,*,0,*,3.5,*
Assault,"718,840",,100,,4.7,,0.8,*,1.5,*,0,*,0,*,2.4,*
Aggravated,"222,560",,100,,3.5,*,0,*,3.5,*,0,*,0,*,0,*
Simple,"496,280",,100,,5.3,*,1.2,*,0.6,*,0,*,0,*,3.5,*
Type of crime,"Some or all well known, not related/a",,Some or all casual acquaintances,,Don't know,,Stranger,,,,,,,,,
Crimes of violence,8.3,%,14.2,%,2.3,%*,71,%,,,,,,,,
Completed violence,10.9,,14.6,,0,*,68.5,,,,,,,,,
Attempted/threatened violence,6.4,,14,,4,*,72.7,,,,,,,,,
Rape/Sexual assault/b,0,*,28.2,*,0,*,71.8,*,,,,,,,,
Robbery,1.5,*,11.1,*,0,*,84.5,,,,,,,,,
Completed/property taken,2.7,*,19.9,*,0,*,74.9,,,,,,,,,
Attempted to take property,0,*,0,*,0,*,96.5,,,,,,,,,
Assault,10.4,,14.7,,3,*,67.2,,,,,,,,,
Aggravated,10.3,*,15.4,,0,*,70.8
Simple,10.4,,14.4,,4.4,*,65.5
Note: Detail may not add to total shown because of rounding.,,,,,,,
*Estimate is based on about 10 or fewer sample cases.,,,,,,,
a/Includes data on offenders well known to the victim whose relationship to the victim was not ascertained.,,,,,,,
b/Includes verbal threats of rape and threats of sexual assault.,,,,,,,
