Bureau of Justice Statistics,,,,,,,,
filename:  cv04100.csv,,,,,,,,
"Table 100. Percent of victimizations reported to the police, by value of loss and type of crime",,,,,,,,
"data source: National Criminal Victimization Survey, 2004  NCJ 213257",,,,,,,,
produced by:  Cathy Maston ,,,,,,,,
authors:  Patsy Klaus and Cathy Maston,,,,,,,,
refer questions to: askbjs@usdoj.gov  202-307-0765,,,,,,,,
data of version:  05/01/06,,,,,,,,

"Table 100. Property crimes, 2004:  Percent of victimizations reported to the police, by value of loss and type of crime",,,,,,,,
,Percent of all victimizations reported to the police,,,,,,,
Value of loss/a,All property crimes,,Household burglary,,Motor vehicle theft ,,Theft,
All losses/b,38.3,%,54.5,%,94.8,%,32.1,%
Less than $10/c,24.7,,24.8,*,100,*,24.6,
$10 -$49,16.7,,25.8,,0,*,16.1,
$50-$99,23.7,,25,,100,*,23.4,
$100-$249,31.3,,40.3,,0,*,29.9
$250-$499,49.6,,54.6,,44.2,*,48.5
$500-$999,56.8,,66,,100,*,52.8
"$1,000 or more",79.7,,79.5,,96,,67.2
*Estimate is based on about 10 or fewer sample cases.,,,,,,,
"a/The proportions refer only to losses of cash and/or property, and exclude the value of property damage.",,,,,,,
b/Includes data for victims who did not provide a specific value for their losses.,,,,,,,
c/Includes items that had no value.,,,,,,,
