Bureau of Justice Statistics,,,,,,,
filename: cv0408.csv,,,,,,,
"Table 8. Victimization rates for persons age 12 and over, by type of crime and ethnicity and gender of victims",,,,,,,
"data source: National Criminal Victimization Survey, 2004  NCJ 213257",,,,,,,
produced by:  Cathy Maston ,,,,,,,
authors:  Patsy Klaus and Cathy Maston,,,,,,,
refer questions to: askbjs@usdoj.gov  202-307-0765,,,,,,,
data of version:  05/01/06,,,,,,,

"Table 8. Personal crimes, 2004:  Victimization rates for persons age 12 and over, by type of crime and ethnicity and gender of victims",,,,,,,
                                                                                                                   ,,"Rate per 1,000 persons age 12 and over",,,,,
,         Hispanic,,,,         Non-Hispanic,,
Type of crime,Male,,         Female,,Male,,         Female
Crimes of violence,18.1,,18.4,,26,,18.2
Completed violence,4.8,,8,,7.8,,6.9
Attempted violence,13.3,,10.4,,18.2,,11.3
Rape/Sexual assault/a,0,*,1.2,*,0.1,*,1.7,
Robbery,2.7,,2.8,,2.9,,1.1,
Completed/property taken,0.8,*,2.1,,1.5,,0.9,
With injury,0.4,*,1,*,0.4,,0.5,
Without injury,0.4,*,1.2,*,1.1,,0.5,
Attempted to take property,1.9,*,0.6,*,1.4,,0.2,*
With injury,0.5,*,0.1,*,0.5,,0.1,*
Without injury,1.4,*,0.5,*,0.9,,0.1,*
Assault,15.3,,14.4,,23.1,,15.3,
Aggravated,3.9,,2.4,,6.1,,2.9,
With injury,1.2,*,0.6,*,2.2,,1.2,
Threatened with weapon,2.7,,1.8,*,3.9,,1.7,
Simple,11.4,,12,,17,,12.4,
With minor injury,2.8,,4.3,,4.2,,3.4,
Without injury,8.7,,7.7,,12.8,,9,
Purse snatching/Pocket picking,0.2,*,1.2,*,1.1,,0.8,
Total population age 12 and over,"15,551,930",,"15,326,220",,"101,252,530",,"108,162,770"
Note: Detail may not add to total shown because of rounding.,,,,,,,
Excludes data on persons whose ethnicity was not ascertained.,,,,,,,
*Estimate is based on about 10 or fewer sample cases.,,,,,,,
a/Includes verbal threats of rape and threats of sexual assault.,,,,,,,
