Bureau of Justice Statistics,,,
filename:  cv04mpar.csv,,,
2004 Parameter Set,,,
"data source: National Criminal Victimization Survey, 2004  NCJ 213257",,,
produced by:  Cathy Maston ,,,
authors:  Patsy Klaus and Cathy Maston,,,
refer questions to: askbjs@usdoj.gov  202-307-0765,,,
data of version:  05/01/06,,,

2004 Parameter Set,a,b,               c

1.  Overall Person Crime Estimates,-0.0001442,"3,358",2.026
2.  Person Crime Domain Estimates,-0.00024972,"3,445",2.389
3.  Overall Property Crime Estimates,-0.00018465,"2,429",1.761
4.  Property Crime Domain Estimates,-0.00067069,"2,932",1.758
