Bureau of Justice Statistics,,,,,,,,,,,,,,,,,,,,
filename:  cv0441.csv,,,,,,,,,,,,,,,,,,,,
"Table 41. Percent distribution of single-offender victimizations, by type of crime, age of victims and perceived age of offender",,,,,,,,,,,,,,,,,,,,
"data source: National Criminal Victimization Survey, 2004  NCJ 213257",,,,,,,,,,,,,,,,,,,,
produced by:  Cathy Maston ,,,,,,,,,,,,,,,,,,,,
authors:  Patsy Klaus and Cathy Maston,,,,,,,,,,,,,,,,,,,,
refer questions to: askbjs@usdoj.gov  202-307-0765,,,,,,,,,,,,,,,,,,,,
data of version:  05/01/06,,,,,,,,,,,,,,,,,,,,

"Table 41. Personal crimes of violence, 2004:  Percent distribution of single-offender victimizations, by type of crime, age of victims and perceived age of offender",,,,,,,,,,,,,,,,,,,,
,,,Percent of single-offender victimizations,,,,,,,,,,,,,,,,,
,,,,,Perceived age of offender,,,,,,,,,,,,,,,
,,,,,,, 12-20,,,,,,,,,,,,,
Type of crime and age of victim,Number of single-offender victimizations,,Total,,Under 12,,Total,, 12-14,,15-17,,18-20,,21-29,,30 and over,,Not known and not available,
Crimes of violence/a,,,,,,,,,,,,,,,,,,,,
 12-19,"1,216,180",,100,%,1.9,%*,65.8,%,21.6,%,29.5,%,14.7,%,11.4,%,13.2,%,7.7,%
20-34,"1,460,040",,100,%,0.7,*,12.5,,0,*,3.9,,8.5,,48.4,,34.5,,4,
35-49,"960,940",,100,%,1,*,16,,3.9,,8.5,,3.5,,15.2,,63.3,,4.5,
50-64,"459,530",,100,%,3.6,*,9.1,,1.3,*,4.1,*,3.7,*,14.9,,66.8,,5.7,*
65 and over,"60,070",,100,%,0,*,3.3,*,0,*,0,*,3.3,*,17.5,*,75,,4.1,*
Robbery,,,,,,,,,,,,,,,,,,,,
 12-19,"81,630",,100,%,0,*,79.2,,35.2,*,7.6,*,36.3,*,8.7,*,8.5,*,3.7,*
20-34,"80,180",,100,%,0,*,22.3,*,0,*,3.8,*,18.5,*,32.8,*,36.4,*,8.6,*
35-49,"84,090",,100,%,0,*,13.1,*,3.1,*,3.7,*,6.3,*,14.8,*,72.1,,0,*
50-64,"35,560",,100,%,0,*,20.7,*,0,*,0,*,20.7,*,27.7,*,51.6,*,0,*
65 and over,"6,530",*,100,%*,0,*,30.7,*,0,*,0,*,30.7,*,0,*,69.3,*,0,*
Assault,,,,,,,,,,,,,,,,,,,,
 12-19,"1,075,210",,100,%,2.2,*,65.1,,21.5,,31.6,,12,,11.7,,12.7,,8.4,
20-34,"1,307,680",,100,%,0.8,*,11.8,,0,*,4.1,,7.7,,50.3,,34.2,,2.9,
35-49,"841,000",,100,%,1.2,*,16.9,,4.2,,9.3,,3.4,*,15.3,,61.4,,5.1,
50-64,"409,670",,100,%,4.1,*,8.4,,1.4,*,4.6,*,2.4,*,14.3,,66.9,,6.4,*
65 and over,"50,820",,100,%,0,*,0,*,0,*,0,*,0,*,20.7,*,74.4,,4.9,*
Note: Detail may not add to total shown because of rounding.
*Estimate is based on about 10 or fewer sample cases.
"a/Includes data on rape and sexual assault, not shown separately."
