Bureau of Justice Statistics,,,,,,,,,,,,,
filename:  cv0416.csv,,,,,,,,,,,,,
Table 16. Number of victimizations and victimization rates by type of crime and race of head of household,,,,,,,,,,,,,
"data source: National Criminal Victimization Survey, 2004  NCJ 213257",,,,,,,,,,,,,
produced by:  Cathy Maston ,,,,,,,,,,,,,
authors:  Patsy Klaus and Cathy Maston,,,,,,,,,,,,,
refer questions to: askbjs@usdoj.gov  202-307-0765,,,,,,,,,,,,,
data of version:  05/01/06,,,,,,,,,,,,,

"Table 16. Property crimes, 2004:  Number of victimizations and victimization rates by type of crime and race of head of household",,,,,,,,,,,,,
,,,,,,,"Rate per 1,000 households",,,,,,
,         All Races,,White only,,Black only,,Other race only/a,,,,Two or more races/b,,
Type of crime,Number,Rate,Number,Rate,Number,Rate,Number,,Rate,,Number,,Rate
Property crimes,"18,654,400",161.1,"14,993,560",156.8,"2,739,910",190.6,"683,580",,137.9,,"237,340",,284.5
Household burglary,"3,427,690",29.6,"2,637,710",27.6,"637,560",44.3,"112,930",,22.8,,"39,490",,47.3
Completed,"2,909,160",25.1,"2,254,450",23.6,"526,720",36.6,"92,280",,18.6,,"35,700",,42.8
Forcible entry,"1,095,560",9.5,"785,800",8.2,"263,100",18.3,"28,490",*,5.7,*,"18,180",*,21.8,*
Unlawful entry without force,"1,813,600",15.7,"1,468,650",15.4,"263,620",18.3,"63,790",,12.9,,"17,530",*,21,*
Attempted forcible entry,"518,530",4.5,"383,260",4,"110,840",7.7,"20,650",*,4.2,*,"3,790",*,4.5,*
Motor vehicle theft,"1,014,770",8.8,"727,340",7.6,"224,250",15.6,"56,350",,11.4,,"6,830",*,8.2,*
Completed,"779,220",6.7,"543,380",5.7,"182,150",12.7,"49,130",,9.9,,"4,560",*,5.5,*
Attempted,"235,560",2,"183,960",1.9,"42,100",2.9,"7,220",*,1.5,*,"2,270",*,2.7,*
Theft ,"14,211,940",122.8,"11,628,520",121.6,"1,878,100",130.6,"514,300",,103.7,,"191,020",,229,
Completed,"13,583,940",117.3,"11,110,090",116.2,"1,792,580",124.7,"498,150",,100.5,,"183,130",,219.5,
Less than $50,"4,114,020",35.5,"3,401,370",35.6,"524,340",36.5,"134,540",,27.1,,"53,770",,64.5,
$50 - $249,"4,846,570",41.9,"3,914,440",40.9,"655,160",45.6,"204,040",,41.1,,"72,930",,87.4,
$250 or more,"3,259,970",28.2,"2,696,600",28.2,"414,030",28.8,"108,690",,21.9,,"40,650",,48.7,
Amount not available,"1,363,380",11.8,"1,097,680",11.5,"199,050",13.8,"50,880",,10.3,,"15,770",*,18.9,*
Attempted,"628,000",5.4,"518,430",5.4,"85,520",5.9,"16,160",*,3.3,*,"7,890",*,9.5,*
Total number of households,"115,775,570",...,"95,605,550",...,"14,376,980",...,"4,958,890",,...,,"834,140",,...,
Note: Detail may not add to total shown because of rounding.,,,,,,,,,,,,,,
*Estimate is based on about 10 or fewer sample cases.,,,,,,,,,,,,,,
... Not applicable.
"a/Includes American Indian, Eskimo, Asian Pacific Islander if only one of these races is given."
"b/Includes all persons of any race, indicating two or more races."
