Bureau of Justice Statistics,,,,,,,
filename:  cv0411.csv,,,,,,,
"Table 11. Victimization rates for persons age 12 and over, by type of crime and marital status of victims",,,,,,,
"data source: National Criminal Victimization Survey, 2004  NCJ 213257",,,,,,,
produced by:  Cathy Maston ,,,,,,,
authors:  Patsy Klaus and Cathy Maston,,,,,,,
refer questions to: askbjs@usdoj.gov  202-307-0765,,,,,,,
data of version:  05/01/06,,,,,,,

"Table 11. Personal crimes, 2004: Victimization rates for persons age 12 and over, by type of crime and marital status of victims",,,,,,,
,,,"Rate per 1,000 persons age 12 and over",,,,
Type of crime,        Never married,,           Married,,         Widowed,,     Divorced or separated
All personal crimes,40.9,,10.2,,4.7,,34
Crimes of violence,39.4,,9.7,,4,,33
Completed violence,14,,2.1,,0.7,*,14.5
Attempted/threatened violence,25.4,,7.6,,3.3,,18.5
Rape/Sexual assault,1.6,,0.2,*,0,*,2.3,
Rape/Attempted rape,0.7,,0.1,*,0,*,1.1,*
Rape,0.5,,0,*,0,*,0.7,*
Attempted rape/a,0.3,*,0.1,*,0,*,0.4,*
Sexual assault/b,0.9,,0.1,*,0,*,1.2,*
Robbery,4,,0.8,,0.6,*,3,
Completed/property taken,2.3,,0.5,,0.1,*,2.2,
With injury,0.7,,0.2,*,0.1,*,1.2,*
Without injury,1.5,,0.4,,0,*,1,*
Attempted to take property,1.8,,0.3,,0.5,*,0.9,*
With injury,0.6,,0.1,*,0.2,*,0.4,*
Without injury,1.1,,0.2,*,0.3,*,0.4,*
Assault,33.8,,8.7,,3.3,,27.6,
Aggravated,7.9,,1.9,,1.2,*,6.6,
With injury,3,,0.4,,0.2,*,3.5,
Threatened with weapon,4.9,,1.4,,1,*,3.2,
Simple,25.9,,6.8,,2.1,*,21,
With minor injury,7.4,,1,,0.4,*,7,
Without injury,18.4,,5.8,,1.8,*,14,
Purse snatching/Pocket picking,1.5,,0.6,,0.8,*,1.1,*
Population age 12 and over,"77,809,950",,"121,607,250",,"14,356,700",,"26,046,520",
Note: Detail may not add to total shown because of rounding.,,,,,,,,
Excludes data on persons whose marital status was not ascertained.,,,,,,,,
*Estimate is based on about 10 or fewer sample cases.,,,,,,,,
a/Includes verbal threats of rape.,,,,,,,,
b/Includes threats.,,,,,,,,
