Bureau of Justice Statistics,,,,,,,,,,,,,,
filename:  cv04103.csv,,,,,,,,,,,,,,
"Table 103. Percent of reasons for not reporting victimizations to the police, by race of victims and type of crime",,,,,,,,,,,,,,
"data source: National Criminal Victimization Survey, 2004  NCJ 213257",,,,,,,,,,,,,,
produced by:  Cathy Maston ,,,,,,,,,,,,,,
authors:  Patsy Klaus and Cathy Maston,,,,,,,,,,,,,,
refer questions to: askbjs@usdoj.gov  202-307-0765,,,,,,,,,,,,,,
data of version:  05/01/06,,,,,,,,,,,,,,

"Table 103. Personal crimes, 2004:  Percent of reasons for not reporting victimizations to the police, by race of victims and type of crime",,,,,,,,,,,,,,
,Percent of reasons for not reporting,,,,,,,,,,,,,
Race and type of crime,Total,,Reported to another official,,Private or personal matter,,Object recovered; offender unsuccessful,,Not important enough,,Insurance would not cover,,Not aware crime occurred until later,
White only,,,,,,,,,,,,,,
All Personal crimes                                                                         ,100,%,13.8,%,18.9,%,21.2,%,6.9,%,0,%*,0.5,%*
Crimes of violence                                                                                 ,100,,13.9,,18.5,,20.8,,6.9,,0,*,0.4,*
Rape/Sexual assault/a,100,,11.1,*,14,*,8.6,*,1.9,*,0,*,4.7,*
Robbery                                                                                          ,100,,5.8,*,8.2,*,17.4,*,10.6,*,0,*,2.1,*
Assault                                                                                         ,100,,14.6,,19.6,,21.8,,7,,0,*,0,*
Purse snatching/Pocket Picking,100,,11.9,*,26.5,*,27.9,,5.6,*,0,*,2.1,*
Black only,,,,,,,,,,,,,,
All personal crimes,100,%,13.8,%,23.5,%,13.8,%,5.2,%*,0.7,%*,0.7,%*
Crimes of violence                                                                                  ,100,,13.9,,25.2,,13.7,,4.5,*,0.8,*,0.8,*
Rape/Sexual assault/a,100,,0,*,34.9,*,8.6,*,0,*,8.9,*,8.9,*
Robbery,100,,0,*,10,*,9.5,*,0,*,0,*,0,*
Assault,100,,18.7,,27.5,,15.2,,6.1,*,0,*,0,*
Purse snatching/Pocket Picking,100,,11.6,*,0,*,15,*,15,*,0,*,0,*
,Percent of reasons for not reporting,,,,,,,,,,,,,
Race and type of crime,Unable to recover property; no ID no.,,Lack of proof,,Police would not want to be bothered,,"Police inefficient, ineffective, or biased",, Fear of reprisal,,Too inconvenient or time consuming,,Other reasons,
White only,,,,,,,,,,,,,,
All Personal crimes                                                                         ,0.1,%*,1.9,%,4.9,%,2.7,%,4.6,%,4.2,%,20.5,%
Crimes of violence                                                                                 ,0.1,*,1.5,,4.9,,2.8,,4.6,,4.4,,21.2,
Rape/Sexual assault/a,0,*,0,*,6.8,*,5.3,*,12.3,*,7.2,*,28.1,
Robbery                                                                                          ,1.4,*,6.7,*,5.8,*,6.8,*,9.7,*,11.3,*,14.3,*
Assault                                                                                         ,0,*,1.2,*,4.7,,2.4,,3.7,,3.7,,21.3,
Purse snatching/Pocket Picking,0,*,10.3,*,5,*,0,*,4.3,*,0,*,6.5,*
Black only,,,,,,,,,,,,,,
All personal crimes,2.3,%*,3.8,%*,3,%*,4.3,%*,5.7,%*,3.5,%*,19.8,%
Crimes of violence                                                                                  ,1.1,*,1.9,*,3.2,*,4.6,*,6.1,*,3.8,*,20.6,
Rape/Sexual assault/a,0,*,0,*,0,*,0,*,11.4,*,0,*,27.3,*
Robbery,6.5,*,6.5,*,12.7,*,12.4,*,11.3,*,5.4,*,25.6,*
Assault,0,*,1,*,1.3,*,3.3,*,4.3,*,3.8,*,18.7,
Purse snatching/Pocket Picking,18.6,*,30.7,*,0,*,0,*,0,*,0,*,9,*
Note: Detail may not add to total shown because of rounding.,,,,,,,,,,,,,,
"Excludes data on persons of ""Other"" races and persons indicating two or more races.",,,,,,,,,,,,,,
Some respondents may have cited more than one reason for not reporting victimizations to the police.,,,,,,,,,,,,,,
*Estimate is based on about 10 or fewer sample cases.,,,,,,,,,,,,,,
a/Includes verbal threats of rape and threats of sexual assault.,,,,,,,,,,,,,,
