Bureau of Justice Statistics,,,,,,,,,,,,,,,
filename:  cv0443a.csv,,,,,,,,,,,,,,,
"Table 43a. Percent distribution of victimizations, by characteristics of victims, type of crime, and victim/offender relationship ",,,,,,,,,,,,,,,
"data source: National Criminal Victimization Survey, 2004  NCJ 213257",,,,,,,,,,,,,,,
produced by:  Cathy Maston ,,,,,,,,,,,,,,,
authors:  Patsy Klaus and Cathy Maston,,,,,,,,,,,,,,,
refer questions to: askbjs@usdoj.gov  202-307-0765,,,,,,,,,,,,,,,
data of version:  05/01/06,,,,,,,,,,,,,,,

"Table 43a. Personal crimes of violence, 2004: Percent distribution of victimizations, by characteristics of victims, type of crime, and victim/offender relationship ",,,,,,,,,,,,,,,
,,,,Percent of all victimizations,,,,,,,,,,,
,,,,,,,Nonstrangers,,,,,,,,
Characteristic,,Total victimizations,,Total,,Intimate,,Other relative,,Friend or acquaintance,,Stranger,,Don't know relationship,
Both genders,Crimes of violence,100,%,55,%,11.2,%,7,%,36.9,%,43.3,%,1.6,%
Rape/Sexual assault/a,,100,,65.1,,16.8,,2.7,*,45.6,,33.5,,1.5,*
Robbery,,100,,41,,13.4,,2.6,*,25,,56.4,,2.6,*
Assault,,100,,56.1,,10.6,,7.7,,37.8,,42.3,,1.5,
Aggravated,,100,,49.9,,8.1,,8.7,,33.1,,47.5,,2.6,*
Simple,,100,,58,,11.4,,7.4,,39.2,,40.8,,1.2,
Male,Crimes of violence,100,,48.1,,3.8,,5.6,,38.7,,50.2,,1.7,
Rape/Sexual assault/a,,100,*,0,*,0,*,0,*,0,*,100,*,0,*
Robbery,,100,,34.8,,5,*,1.7,*,28,,62,,3.2,*
Assault,,100,,49.9,,3.7,,6.1,,40.2,,48.6,,1.5,
Aggravated,,100,,44.2,,2.9,*,6.5,,34.7,,53.8,,2,*
Simple,,100,,52,,3.9,,5.9,,42.2,,46.7,,1.3,*
Female,Crimes of violence,100,,64.1,,20.8,,8.8,,34.5,,34.3,,1.5,
Rape/Sexual assault/a,,100,,67,,17.4,,2.7,*,46.9,,31.4,,1.5,*
Robbery,,100,,53.6,,30.3,,4.5,*,18.8,*,45,,1.4,*
Assault,,100,,64.7,,20.3,,9.9,,34.5,,33.7,,1.6,*
Aggravated,,100,,61.2,,18.2,,13.1,,29.8,,35,,3.9,*
Simple,,100,,65.5,,20.8,,9.2,,35.6,,33.4,,1,*
All Races,Crimes of violence,100,,55,,11.2,,7,,36.9,,43.3,,1.6,
Rape/Sexual assault/a,,100,,65.1,,16.8,,2.7,*,45.6,,33.5,,1.5,*
Robbery,,100,,41,,13.4,,2.6,*,25,,56.4,,2.6,*
Assault,,100,,56.1,,10.6,,7.7,,37.8,,42.3,,1.5,
Aggravated,,100,,49.9,,8.1,,8.7,,33.1,,47.5,,2.6,*
Simple,,100,,58,,11.4,,7.4,,39.2,,40.8,,1.2,
White only,Crimes of violence,100,,54.3,,10.8,,7.1,,36.4,,44.5,,1.2,
Rape/Sexual assault/a,,100,,69.4,,22.7,,3.6,*,43.1,,28.6,,2,*
Robbery,,100,,37.2,,11.9,,3.7,*,21.6,,61.2,,1.6,*
Assault,,100,,55.3,,10.2,,7.6,,37.5,,43.6,,1.1,
Aggravated,,100,,49.3,,8.2,,8.4,,32.6,,47.7,,3,*
Simple,,100,,57,,10.7,,7.4,,38.9,,42.4,,0.6,*
Black only,Crimes of violence,100,,59.4,,13.7,,5,,40.7,,37,,3.7,*
Rape/Sexual assault/a,,100,,58.2,*,0,*,0,*,58.2,*,41.8,*,0,*
Robbery,,100,,58.7,,18.9,*,0,*,39.8,,34.6,,6.8,*
Assault,,100,,59.6,,13.9,,6.2,,39.5,,37,,3.4,*
Aggravated,,100,,53.8,,9,*,8.1,*,36.7,,44.6,,1.6,*
Simple,,100,,62.4,,16.2,,5.3,*,40.8,,33.3,,4.3,*
Other race only/b,Crimes of violence,100,,47.8,,4,*,6.2,*,37.7,,48.2,,3.9,*
Rape/Sexual assault/a,,0,*,0,*,0,*,0,*,0,*,0,*,0,*
Robbery,,100,*,8.1,*,8.1,*,0,*,0,*,91.9,*,0,*
Assault,,100,,58.1,,3,*,7.8,*,47.3,,37,,4.9,*
Aggravated,,100,*,25.6,*,0,*,15.4,*,10.3,*,74.4,*,0,*
Simple,,100,,65.2,,3.6,*,6.1,*,55.5,,28.8,*,6,*
Two or more races/c,Crimes of violence,100,,64.2,,17.8,*,17.1,*,29.3,,35.8,,0,*
Rape/Sexual assault/a,,100,*,0,*,0,*,0,*,0,*,100,*,0,*
Robbery,,100,*,100,*,26.6,*,0,*,73.4,*,0,*,0,*
Assault,,100,,64.6,,18,*,19.4,*,27.2,*,35.4,,0,*
Aggravated,,100,*,72.7,*,0,*,26.4,*,46.2,*,27.3,*,0,*
Simple,,100,,63.5,,20.5,*,18.5,*,24.6,*,36.5,*,0,*
Ethnicity,Crimes of violence,100,,55,,11.2,,7,,36.9,,43.3,,1.6,
Rape/Sexual assault/a,,100,,65.1,,16.8,,2.7,*,45.6,,33.5,,1.5,*
Robbery,,100,,41,,13.4,,2.6,*,25,,56.4,,2.6,*
Assault,,100,,56.1,,10.6,,7.7,,37.8,,42.3,,1.5,
Aggravated,,100,,49.9,,8.1,,8.7,,33.1,,47.5,,2.6,*
Simple,,100,,58,,11.4,,7.4,,39.2,,40.8,,1.2,
Hispanic,Crimes of violence,100,,51.5,,16.4,,5.6,*,29.5,,47.7,,0.8,*
Rape/Sexual assault/a,,100,*,39.7,*,12,*,0,*,27.6,*,60.3,*,0,*
Robbery,,100,,29.4,*,15.8,*,0,*,13.6,*,70.6,,0,*
Assault,,100,,56.1,,16.6,,6.9,*,32.6,,42.9,,1,*
Aggravated,,100,,40.7,,5.6,*,0,*,35.1,,54.5,,4.8,*
Simple,,100,,60.3,,19.6,,8.8,*,31.9,,39.7,,0,*
Non-Hispanic,Crimes of violence,100,,55.7,,10.6,,7.2,,37.9,,42.7,,1.6,
Rape/Sexual assault/a,,100,,67.6,,17.3,,2.9,*,47.3,,30.8,,1.6,*
Robbery,,100,,42.9,,13,,3.2,*,26.7,,53.9,,3.2,*
Assault,,100,,56.4,,10,,7.8,,38.6,,42.1,,1.4,
Aggravated,,100,,51.3,,8.4,,9.7,,33.1,,46.3,,2.4,*
Simple,,100,,58,,10.5,,7.2,,40.3,,40.9,,1.1,
Note:  Detail may not add to total shown because of rounding.,,,,,,,,,,,,,,,
*Estimate is based on about 10 or fewer sample cases.
a/Includes verbal threats of rape and threats of sexual assault.
"b/Includes American Indian, Eskimo, Asian Pacific Island if only one of these races is given."
"c/Includes all persons of any race, indicating two or more races."
