Bureau of Justice Statistics,,,,,,,,,,,,
filename:  cv0495.csv,,,,,,,,,,,,
"Table 95.  Percent of victimizations reported to the police, by type of crime, victim-offender relationship and ethnicity of victims",,,,,,,,,,,,
"data source: National Criminal Victimization Survey, 2004  NCJ 213257",,,,,,,,,,,,
produced by:  Cathy Maston ,,,,,,,,,,,,
authors:  Patsy Klaus and Cathy Maston,,,,,,,,,,,,
refer questions to: askbjs@usdoj.gov  202-307-0765,,,,,,,,,,,,
data of version:  05/01/06,,,,,,,,,,,,

"Table 95. Violent crimes, 2004:  Percent of victimizations reported to the police, by type of crime, victim-offender relationship and ethnicity of victims",,,,,,,,,,,,
,Percent of all victimizations reported to the police,,,,,,,,,,,
                                                                                               ,All victimizations,,,,Involving strangers,,,,Involving nonstrangers,,,
Type of crime,Hispanic,,Non-Hispanic,,Hispanic,,Non-Hispanic,,Hispanic,,Non-Hispanic,
Crimes of violence,53.4,%,49.5,%,52.6,%,52.4,%,54.2,%,46.8,%
Completed violence,69.9,,60.9,,72.7,,69.1,,67.4,,55.1,
Attempted/threatened violence,44.5,,43.8,,43.6,,45.7,,45.7,,41.7,
Rape/Sexual assault/a,46.2,*,34.7,,52.5,*,36.9,*,0,*,33.5,
Robbery,71.7,,58.5,,65.6,,59.4,,88.6,*,57.1,
Completed/property taken,77.6,,71.8,,63.1,*,77.9,,100,*,63.9,
With injury,100,*,62.8,,100,*,82.7,,100,*,45.3,*
Without injury,58.7,*,76.5,,53.3,*,76,,100,*,77.3,
Attempted to take property,65,*,38.1,,67.5,*,35.2,,47.4,*,43.7,*
With injury,59.4,*,56.5,,59.4,*,59.5,*,0,*,53.5,*
Without injury,67,*,27.3,*,71,*,25.7,*,47.4,*,32.1,*
Assault,50.3,,49.3,,49,,52.1,,51.5,,46.7,
Aggravated,62,,64.1,,64.4,,71.4,,57.2,*,56.4,
With injury,69.2,*,70.4,,85.3,*,88.9,,46,*,57.6,
Threatened with weapon,59,,60.4,,56.9,*,64,,63.7,*,55.4,
Simple,47.1,,44.8,,42.5,,45.6,,50.6,,44.1,
With minor injury,69.9,,58.1,,79.5,*,60,,64.9,,56.9,
Without injury,37.3,,40.2,,30.9,,41.6,,42.9,,38.8,
Note: Excludes data on persons whose ethnicity was not ascertained.,,,,,,,,,,,,
*Estimate is based on about 10 or fewer sample cases.
a/Includes verbal threats of rape and threats of sexual assault.
