Bureau of Justice Statistics,,,,,,,,,,,,,,
filename:  cv0451.csv,,,,,,,,,,,,,,
Table 51. Victimization rates by type of crime and number of years lived at current residence,,,,,,,,,,,,,,
"data source: National Criminal Victimization Survey, 2004  NCJ 213257",,,,,,,,,,,,,,
produced by:  Cathy Maston ,,,,,,,,,,,,,,
authors:  Patsy Klaus and Cathy Maston,,,,,,,,,,,,,,
refer questions to: askbjs@usdoj.gov  202-307-0765,,,,,,,,,,,,,,
data of version:  05/01/06,,,,,,,,,,,,,,

"Table 51. Property crimes, 2004: Victimization rates by type of crime and number of years lived at current residence",,,,,,,,,,,,,,
,"Rate per 1,000 households",,,,,,,,,,,,,
Type of crime,Total, Less than 6 months/a,,6 months to 1 year,,1 year,,2 years,,3 years,,4 years,,5 years or more
Property crimes,174,324.3,,273,,212.7,,199.9,,165.8,,176.3,,133.2
Household burglary,31.9,63.7,,41.5,,39.1,,33.8,,29.1,,24,,26.1
Completed,27.1,53.9,,33.6,,31.9,,27.6,,23.1,,20.9,,22.8
Forcible entry,10.2,23.7,,13.6,,13.9,,11.5,,9.9,,8,,7.5
Unlawful entry without force,16.8,30.2,,20,,18.1,,16.1,,13.2,,13,,15.3
Attempted forcible entry,4.9,9.8,,7.8,,7.2,,6.2,,6,,3.1,*,3.4
Motor vehicle theft,9.5,21,,18.2,,11,,11.5,,7.6,,11.5,,6.3
Completed,7.3,17.6,,14,,9,,9,,5.3,,7.2,,4.8
Attempted,2.2,3.4,*,4.2,*,2,*,2.5,*,2.2,*,4.3,*,1.5
Theft,132.6,239.6,,213.3,,162.6,,154.6,,129.1,,140.8,,100.7
Completed,126.8,233.6,,206.2,,156.3,,147.3,,123.9,,134.5,,95.3
Less than $50,38.5,60.6,,62.3,,47.6,,47.1,,42.5,,39.1,,29.6
$50 - $249,45.3,96.3,,74,,54.3,,49.2,,44.5,,51.7,,32.4
$250 or more,30.4,68.7,,55.6,,37.8,,33.1,,23.3,,28,,21.7
 Amount not available,12.7,8.1,,14.3,,16.6,,17.9,,13.7,,15.7,,11.5
Attempted,5.8,6,,7,,6.2,,7.3,,5.2,,6.4,,5.4
Total number of households,"106,761,660","8,963,040",,"6,718,950",,"7,595,120",,"8,969,930",,"7,511,300",,"6,041,320",,"60,962,010"
Note: Detail may not add to total shown because of rounding.,,,,,,,,,,,,,,
Excludes data on persons whose mobility was not ascertained.,,,,,,,,,,,,,,
*Estimate is based on about 10 or fewer sample cases.,,,,,,,,,,,,,,
a/These numbers are unbounded estimates.
