Bureau of Justice Statistics,,,,
filename:  cv0491b.csv,,,,
"Table 91b.  Percent of victimizations reported to the police, by type of crime and gender and race or ethnicity of victims",,,,
"data source: National Criminal Victimization Survey, 2004  NCJ 213257",,,,
produced by:  Cathy Maston ,,,,
authors:  Patsy Klaus and Cathy Maston,,,,
refer questions to: askbjs@usdoj.gov  202-307-0765,,,,
data of version:  05/01/06,,,,

"Table 91b. Violent crimes, 2004:  Percent of victimizations reported to the police, by type of crime and gender and race or ethnicity of victims",,,,
,Percent of all victimizations reported to the police,,,
Characteristic,Crimes of violence/a,,Property crimes,
Total,49.9,%,39,%
Male,,,,
White only,45.8,,38.6,
Black only,45.1,,42.9,
Other race only/b,49.9,,31.8,
Two or more races/c,49.3,,26.5,*
Female,,,,
White only,52.1,,38.8,
Black only,66.9,,42.6,
Other race only/b,71.9,,35.2,
Two or more races/c,67.9,*,37.6,
Male,,,,
Hispanic,41.6,,39.2,
Non-Hispanic,46.3,,38.7,
Female,,,,
Hispanic,65.1,,34.4,
Non-Hispanic,53.8,,40.1,
*Estimate is based on about 10 or fewer sample cases.,,,,
Excludes data on persons whose ethnicity was not ascertained.,,,,
"a/Includes data on rape and sexual assault, not shown separately.",,,,
"b/Includes American Indian, Eskimo, Asian Pacific Islander if only one of these races is given."
"c/Includes all persons of any race, indicating two or more races."
