Bureau of Justice Statistics,,,,,,,,,,,,,,,
filename:  cv0434.csv,,,,,,,,,,,,,,,
"Table 34. Percent distribution of victimizations, by type of crime and relationship to offender",,,,,,,,,,,,,,,
"data source: National Criminal Victimization Survey, 2004  NCJ 213257",,,,,,,,,,,,,,,
produced by:  Cathy Maston ,,,,,,,,,,,,,,,
authors:  Patsy Klaus and Cathy Maston,,,,,,,,,,,,,,,
refer questions to: askbjs@usdoj.gov  202-307-0765,,,,,,,,,,,,,,,
data of version:  05/01/06,,,,,,,,,,,,,,,

"Table 34. Family violence, 2004:  Percent distribution of victimizations, by type of crime and relationship to offender",,,,,,,,,,,,,,,
,,Percent of victimizations,,,,,,,,,,,,,
,,,,Related,,,,,,,,,,,
Type of crime,Total number of victimizations,Total crimes,,Total,, Spouse,,Ex-spouse,,Parent,,Own child,,Other relatives,
Crimes of violence,"5,182,670",100,%,11.1,%,3.2,%,1.6,%,1.5,%,1.1,%,3.7,%
Completed violence,"1,737,000",100,,15.4,,5.7,,2.2,,2.3,,1.2,*,4.1,
Attempted/threatened violence,"3,445,670",100,,8.9,,1.9,,1.3,,1.1,,1.1,,3.4,
Rape/Sexual assault/b,"209,880",100,,3.6,*,2.3,*,0,*,0,*,0,*,1.3,*
Robbery,"501,820",100,,7.6,,4.2,*,1.1,*,0.6,*,1,*,0.6,*
Completed/property taken,"299,240",100,,7,*,3.3,*,1.8,*,1,*,0.9,*,0,*
Attempted to take property,"202,580",100,,8.4,*,5.6,*,0,*,0,*,1.3,*,1.6,*
Assault,"4,470,960",100,,11.8,,3.1,,1.7,,1.7,,1.2,,4.1,
Aggravated,"1,030,080",100,,13.2,,3.4,,1,*,3.6,,0.8,*,4.4,
Simple,"3,440,880",100,,11.4,,3,,2,,1.1,,1.3,,4,
,,Percent of victimizations,,,,,,,,,,,,,
Type of crime,Well-known/a,,Casual acquaintances,,Don't know relationship,,Strangers,,Don't know number of offenders,,,,,,
Crimes of violence,23.5,%,15.6,%,4.8,%,43.3,%,1.6,%,,,,,
Completed violence,26.2,,15.1,,4,,37.9,,1.4,*,,,,,
Attempted/threatened violence,22.2,,15.9,,5.3,,46.1,,1.7,,,,,,
Rape/Sexual assault/b,27.1,,26.1,,8.2,*,33.5,,1.5,*,,,,,
Robbery,23.2,,6.2,*,4,*,56.4,,2.6,*,,,,,
Completed/property taken,29.3,,7.3,*,4.5,*,48.3,,3.6,*,,,,,
Attempted to take property,14.2,*,4.7,*,3.3,*,68.3,,1.2,*,,,,,
Assault,23.4,,16.2,,4.8,,42.3,,1.5,
Aggravated,22.6,,10.6,,3.6,,47.5,,2.6,*
Simple,23.6,,17.9,,5.1,,40.8,,1.2,
Note: Detail may not add to total shown because of rounding.,,,,,,,,,,
*Estimate is based on about 10 or fewer sample cases.,,,,,,,,,,
a/Includes data on offenders well known to the victim whose relationship to the victim could not be ascertained.,,,,,,,,,,
b/Includes verbal threats of rape and threats of sexual assault.,,,,,,,,,,
