Bureau of Justice Statistics,,,,,,,,,,,,,,,,,
filename:  cv0663csv,,,,,,,,,,,,,,,,,
"Table 63. Percent distribution of incidents, by victim-offender relationship, type of crime and place of occurrence",,,,,,,,,,,,,,,,,
"data source: National Criminal Victimization Survey, 2006  NCJ 223436",,,,,,,,,,,,,,,,,
produced by:  Cathy Maston ,,,,,,,,,,,,,,,,,
authors:  Patsy Klaus and Cathy Maston,,,,,,,,,,,,,,,,,
refer questions to: askbjs@usdoj.gov  202-307-0765,,,,,,,,,,,,,,,,,
data of version:  08/29/08,,,,,,,,,,,,,,,,,

"Table 63. Personal crimes of violence, 2006: Percent distribution of incidents, by victim-offender relationship, type of crime and place of occurrence",,,,,,,,,,,,,,,,,
,,Percent of incidents,,,,,,,,,,,,,,,
Relationship and type of crime,,Number of incidents,,         Total,,At or in respondent's home,,Near home,,On the street near home,,"At, in, or near a friend's relative's or neighbor's home",,"Inside a restaurant, bar, or nightclub",,Other commercial building,
Involving strangers,,,,,,,,,,,,,,,,,
,Crimes of violence,"2,683,500",,100,%,6.1,%,10.9,%,7.6,%,4.4,%,0,%,8.3,%
,   Rape/Sexual assault/a,"99,910",,100,%,27.6,*,17.5,*,3.2,*,11.8,*,0,*,5.4,*
,   Robbery,"487,440",,100,%,7.4,*,8.6,,16,,1.2,*,0,*,2.8,*
,   Assault,"2,096,150",,100,%,4.8,,11.1,,5.9,,4.8,,0,,9.7,
Involving nonstrangers,,,,,,,,,,,,,,,,,
,Crimes of violence,"3,002,120",,100,%,32.4,,13.1,,3.3,,11,,0,,9,
,   Rape/Sexual assault/a,"155,720",,100,%,36.8,,6.3,*,0,*,22.9,*,0,*,8.2,*
,   Robbery,"158,500",,100,%,50,,8.8,*,8.6,*,16.7,*,0,*,3,*
,   Assault,"2,687,890",,100,%,31.1,,13.8,,3.2,,10,,0,,9.4,
,,Percent of incidents,,,,,,,,,,,,,,,
Relationship and type of crime,,Parking lot or garage,,Inside school building/on school property,,"In apartment yard, park, field, or playground",,On street other than near own home,,On public transportation or inside station,,   Other,,,,,
Involving strangers,,,,,,,,,,,,,,,,,
,Crimes of violence,11,%,8.9,%,1.6,%,26.5,%,1.8,%,7.2,%,,,,
,   Rape/Sexual assault/a,3.4,*,3.3,*,3.4,*,12.2,*,0,*,7.7,*,,,,
,   Robbery,16.8,,6.1,*,1.2,*,31.2,,1.4,*,7.2,*,,,,
,   Assault,10,,9.8,,1.6,*,26.1,,2,,7.2,,,,,
Involving nonstrangers,,,,,,,,,,,,,,,,,
,Crimes of violence,3.3,,13.6,,2.2,,5.6,,0.2,*,4.1,,,,,
,   Rape/Sexual assault/a,5.7,*,2,*,5.5,*,4,*,1.9,*,3.3,*,,,,
,   Robbery,2,*,6.5,*,2.7,*,0.6,*,0,*,1.1,*
,   Assault,3.3,,14.7,,2,,5.9,,0.1,*,4.3,
"Note: Many incident characteristics were unaffected or minimally affected by changes in methodology in the 2006 National Crime Victimization. However, caution should be used in comparing 2006 rates of individual variables, particularly those with small sample sizes, to previous years. See Criminal Victimization, 2006, at <http://www.ojp.usdoj.gov/bjs/abstract/cv06.htm>.",,,,,,,,,,,,,
Detail may not add to total shown because of rounding.,,,,,,,,,,,,,
*Estimate is based on about 10 or fewer sample cases.,,,,,,,,,,,,,
a/Includes verbal threats of rape and threats of sexual assault.,,,,,,,,,,,,,
