Bureau of Justice Statistics,,,,,,,,,,,,,,,,,,,
filename:  cv0686.csv,,,,,,,,,,,,,,,,,,,
"Table 86. Percent distribution of victimizations resulting in theft loss, by race of victims, type of crime and proportion of loss recovered",,,,,,,,,,,,,,,,,,,
"data source: National Criminal Victimization Survey, 2006  NCJ 223436",,,,,,,,,,,,,,,,,,,
produced by:  Cathy Maston ,,,,,,,,,,,,,,,,,,,
authors:  Patsy Klaus and Cathy Maston,,,,,,,,,,,,,,,,,,,
refer questions to: askbjs@usdoj.gov  202-307-0765,,,,,,,,,,,,,,,,,,,
data of version:  08/29/08,,,,,,,,,,,,,,,,,,,

"Table 86. Selected personal and property crimes, 2006: Percent distribution of victimizations resulting in theft loss, by race of victims, type of crime and proportion of loss recovered",,,,,,,,,,,,,,,,,,,
,,,Percent of victimizations resulting in theft loss,,,,,,,,,,,,,,,,
,,,,,,,,Some recovered,,,,,,,,,,,
Race and type of crime,,Number of victimizations,, Total,,None recovered/a,,Total,,Less than half,,Half or more,,Proportion unknown/b,,All recovered,,Not available,
All races/c,,,,,,,,,,,,,,,,,,,
,All personal crimes/d,"666,620",,100,%,82.9,%,7.7,%,3.1,%*,2.8,%*,1.7,%*,6,%,3.5,%*
,   Robbery,"482,290",,100,%,83.7,,5.7,*,3,*,0.9,*,1.7,*,6.5,*,4.1,*
,   Purse snatching/Pocket picking,"166,360",,100,%,82.6,,12.1,*,3.7,*,6.6,*,1.9,*,3.3,*,2,*
,All property crimes,"16,964,190",,100,%,85.8,%,4.3,%,1.4,%,1.5,%,1.4,%,6.7,%,3.2,%
,   Household burglary,"2,381,320",,100,%,88.3,,4.3,,1.8,,1.5,*,1,*,4.7,,2.6,
                           crimes                                                                                            ,   Motor vehicle theft,"791,840",,100,%,30,,21.8,,6.8,,8.2,,6.8,,45.9,,2.2,*
,   Theft,"13,791,020",,100,%,88.6,,3.3,,1.1,,1.1,,1.1,,4.8,,3.3,
White only,,,,,,,,,,,,,,,,,,,
,All personal crimes/d,"494,480",,100,%,84.4,%,7.3,%*,3,%*,1.9,%*,2.3,%*,4.3,%*,4.1,%*
,   Robbery,"367,050",,100,%,85.7,,4.7,*,2.4,*,0,*,2.3,*,5,*,4.7,*
,   Purse snatching/Pocket picking,"109,460",,100,%,83.1,,13.9,*,5.6,*,5.4,*,2.9,*,0,*,3,*
,All property crimes,"13,570,200",,100,%,85.7,%,4.3,%,1.5,%,1.4,%,1.4,%,6.8,%,3.3,%
,   Household burglary,"1,833,590",,100,%,87.7,,4.5,,2.1,,1.4,*,1,*,5,,2.8,
,   Motor vehicle theft,"576,960",,100,%,27.6,,20.1,,7.5,,7.9,,4.7,*,49.2,,3,*
,   Theft,"11,159,650",,100,%,88.3,,3.4,,1.1,,1.1,,1.2,,4.9,,3.4,
Black only,,,,,,,,,,,,,,,,,,,
,All personal crimes/d,"107,470",,100,%,75.4,%,9.5,%*,5.3,%*,4.1,%*,0,%*,15.1,%*,0,%*
,   Robbery,"83,610",,100,%,74.9,,12.2,*,6.8,*,5.3,*,0,*,12.9,*,0,*
,   Purse snatching/Pocket picking,"23,860",*,100,%*,77.1,*,0,*,0,*,0,*,0,*,22.9,*,0,*
,All property crimes,"2,441,390",,100,%,86.7,%,4.3,%,0.9,%*,1.9,%,1.5,%,6.5,%,2.5,%
,   Household burglary,"432,360",,100,%,90.4,,3.6,*,0,*,2.2,*,1.4,*,4.3,*,1.7,*
,   Motor vehicle theft,"170,490",,100,%,36.6,,23.9,,1.3,*,8.6,*,14,*,39.5,,0,*
,   Theft,"1,838,530",,100,%,90.4,,2.7,,1.1,*,1.2,*,0.4,*,3.9,,2.9,
"Note: Many incident characteristics were unaffected or minimally affected by changes in methodology in the 2006 National Crime Victimization. However, caution should be used in comparing 2006 rates of individual variables, particularly those with small sample sizes, to previous years. See Criminal Victimization, 2006, at <http://www.ojp.usdoj.gov/bjs/abstract/cv06.htm>.",,,,,,,,,,,,,,,,,,,
Detail may not add to total shown because of rounding.,,,,,,,,,,,,,,,,,,,
*Estimate is based on about 10 or fewer sample cases.,,,,,,,,,,,,,,,,,,,
a/Includes items that were taken that had no value.,,,,,,,,,,,,,,,,,,,
b/Includes items that were recovered that had no value.,,,,,,,,,,,,,,,,,,,
"c/Includes data on persons of ""Other"" races and persons indicating two or more races.",,,,,,,,,,,,,,,,,,,
"d/Includes data on rape and sexual assault, not shown separately, but excludes data on assault, which by definition does not involve theft.",,,,,,,,,,,,,,,,,,,













































,,,,,,, 
