Bureau of Justice Statistics,,,,,,,,,,,,,,,,,,
filename:  cv0676.csv,,,,,,,,,,,,,,,,,,
"Table 76. Percent distribution of victims receiving medical care, by type of crime and where care was received",,,,,,,,,,,,,,,,,,
"data source: National Criminal Victimization Survey, 2006  NCJ 223436",,,,,,,,,,,,,,,,,,
produced by:  Cathy Maston ,,,,,,,,,,,,,,,,,,
authors:  Patsy Klaus and Cathy Maston,,,,,,,,,,,,,,,,,,
refer questions to: askbjs@usdoj.gov  202-307-0765,,,,,,,,,,,,,,,,,,
data of version:  08/29/08,,,,,,,,,,,,,,,,,,

"Table 76. Personal crimes of violence, 2006: Percent distribution of victims receiving medical care, by type of crime and where care was received",,,,,,,,,,,,,,,,,,
,,,Percent distribution of where care was received,,,,,,,,,,,,,,,
Type of crime,Number of victims receiving medical care,, Total,,At the scene,,At home or neighbor's or friend's home,,Health unit at work or first-aid station,,Doctor's office or health clinic,,Emergency room at hospital; emergency clinic,,  Hospital,,Other,
Crimes of violence,"876,080",,100,%,13.3,%,26,%,1.3,%*,14.3,%,30.9,%,12,%,1.9,%*
   Completed violence,"843,180",,100,%,13.3,,26.7,,0.8,*,14.2,,31.6,,11.2,,1.9,*
   Attempted/threatened violence,"32,900",*,100,%*,14,*,9.1,*,14.1,*,16.3,*,14,*,32.5,*,0,*
   Rape/Sexual assault/a,"62,120",,100,%,0,*,11.9,*,7.4,*,29.9,*,31.9,*,14,*,4.8,*
   Robbery,"138,000",,100,%,11.9,*,24.6,*,0,*,18.6,*,28.9,,16,*,0,*
      Completed/property taken,"109,730",,100,%,10.7,*,28.2,*,0,*,18.6,*,32.2,*,10.3,*,0,*
      Attempted to take property,"28,280",*,100,%*,16.3,*,10.6,*,0,*,18.9,*,16.3,*,37.9,*,0,*
   Assault,"675,960",,100,%,14.9,,27.6,,1,*,11.9,,31.2,,11,,2,*
      Aggravated,"368,370",,100,%,16,,17,,1,*,7.4,*,39.6,,18.3,,0.7,*
      Simple,"307,590",,100,%,13.4,,40.2,,1,*,17.4,,21.2,,2.4,*,3.6,*
"Note: Many incident characteristics were unaffected or minimally affected by changes in methodology in the 2006 National Crime Victimization. However, caution should be used in comparing 2006 rates of individual variables, particularly those with small sample sizes, to previous years. See Criminal Victimization, 2006, at <http://www.ojp.usdoj.gov/bjs/abstract/cv06.htm>.",,,,,,,,,,,,,,,,,,
Detail may not add to total shown because of rounding.,,,,,,,,,,,,,,,,,,
Some respondents may have received medical attention at more than one location.,,,,,,,,,,,,,,,,,,
*Estimate is based on about 10 or fewer sample cases.,,,,,,,,,,,,,,,,,,
a/Includes verbal threats of rape and threats of sexual assault.,,,,,,,,,,,,,,,,,,
