Bureau of Justice Statistics,,,,,,,,,,,,,,,,
filename:  cv0659.csv,,,,,,,,,,,,,,,,
"Table 59. Percent distribution of incidents, by type of crime and time of occurrence",,,,,,,,,,,,,,,,
"data source: National Criminal Victimization Survey, 2006  NCJ 223436",,,,,,,,,,,,,,,,
produced by:  Cathy Maston ,,,,,,,,,,,,,,,,
authors:  Patsy Klaus and Cathy Maston,,,,,,,,,,,,,,,,
refer questions to: askbjs@usdoj.gov  202-307-0765,,,,,,,,,,,,,,,,
data of version:  08/29/08,,,,,,,,,,,,,,,,

"Table 59. Personal and property crimes, 2006: Percent distribution of incidents, by type of crime and time of occurrence",,,,,,,,,,,,,,,,
                                                                                      ,,Percent of incidents,,,,,,,,,,,,,,
,,,,,,Nighttime,,,,,,,,,,
Type of crime, Number of incidents,,Total,,Daytime 6 a.m.- 6 p.m.,,  Total,,6 p.m. - midnight,,Midnight - 6 a.m.,,Not known,,Not known and not available,
Crimes of violence,"5,685,620",,100,%,52.4,%,44.7,%,32.8,%,10.9,%,1.1,%,2.8,%
   Completed violence,"1,877,320",,100,%,45.3,,53,,37.8,,14.5,,0.8,*,1.7,*
   Attempted/threatened violence,"3,808,300",,100,%,55.9,,40.7,,30.4,,9.1,,1.2,,3.4,
   Rape/Sexual assault/a,"255,630",,100,%,30.1,,67.9,,33.3,,34.5,,0,*,2,*
   Robbery,"645,950",,100,%,39.5,,57.5,,42.5,,14.2,,0.8,*,3,*
      Completed/property taken,"455,530",,100,%,36.4,,59.3,,44,,14.2,,1.1,*,4.3,*
         With injury,"201,430",,100,%,32.9,,59,,46.2,,12.8,*,0,*,8.1,*
         Without injury,"254,110",,100,%,39.1,,59.6,,42.3,,15.3,,2,*,1.3,*
      Attempted to take property,"190,410",,100,%,46.9,,53.1,,38.9,,14.2,*,0,*,0,*
         With injury,"30,950",*,100,%*,56.5,*,43.5,*,25.7,*,17.8,*,0,*,0,*
         Without injury,"159,460",,100,%,45.1,,54.9,,41.4,,13.5,*,0,*,0,*
   Assault,"4,784,040",,100,%,55.3,,41.8,,31.5,,9.2,,1.2,,2.9,
      Aggravated,"1,209,730",,100,%,52.4,,43.7,,31.8,,11.3,,0.5,*,3.9,
      Simple,"3,574,320",,100,%,56.3,,41.1,,31.3,,8.4,,1.4,,2.5,
Purse snatching/Pocket picking,"173,220",,100,%,51.2,,41.4,,30.3,,8.9,*,2.2,*,7.4,*
Property crimes,"18,915,740",,100,%,37.1,%,44,%,12.9,%,17.9,%,13.2,%,18.9,%
   Household burglary,"3,560,920",,100,%,40.4,,33.8,,13.1,,12.1,,8.6,,25.8,
      Completed,"2,848,210",,100,%,43,,32.5,,12.6,,10.9,,9,,24.5,
         Forcible entry,"1,024,030",,100,%,44.5,,36.5,,13.1,,13.7,,9.7,,19,
         Unlawful entry without force,"1,824,180",,100,%,42.2,,30.3,,12.3,,9.4,,8.6,,27.5,
      Attempted forcible entry,"712,710",,100,%,30,,39,,15.4,,16.8,,6.9,,30.9,
   Motor vehicle theft,"992,260",,100,%,23,,70.3,,14.7,,42.2,,13.3,,6.7,
      Completed,"791,840",,100,%,24,,68.6,,14.2,,43,,11.4,,7.4,
      Attempted,"200,410",,100,%,19.1,,76.8,,16.8,*,39.1,,20.9,,4.1,*
   Theft,"14,362,570",,100,%,37.2,,44.7,,12.7,,17.6,,14.3,,18.1,
      Completed,"13,791,020",,100,%,37.5,,44.2,,12.7,,17.1,,14.3,,18.3,
         Less than $50,"3,822,200",,100,%,39.7,,40.2,,11.1,,14.3,,14.9,,20.1,
         $50 - $249,"4,940,790",,100,%,38.7,,45,,13.6,,16.3,,15,,16.3,
         $250 or more,"3,718,530",,100,%,33.8,,49.3,,13.5,,22.3,,13.5,,17,
         Amount not available,"1,309,500",,100,%,37.1,,38,,12.1,,13.8,,12,,25,
      Attempted,"571,550",,100,%,31,,56.8,,12.4,,28.9,,15.5,,12.2,
"Note: Many incident characteristics were unaffected or minimally affected by changes in methodology in the 2006 National Crime Victimization. However, caution should be used in comparing 2006 rates of individual variables, particularly those with small sample sizes, to previous years. See Criminal Victimization, 2006, at <http://www.ojp.usdoj.gov/bjs/abstract/cv06.htm>.",,,,,,,,,,,,,,,,
Detail may not add to total shown because of rounding.,,,,,,,,,,,,,,,,
*Estimate is based on about 10 or fewer sample cases.,,,,,,,,,,,,,,,,
a/Includes verbal threats of rape and threats of sexual assault.,,,,,,,,,,,,,,,,
