Bureau of Justice Statistics,,,,,,,,,,,,,,,
filename:  cv0660.csv,,,,,,,,,,,,,,,
"Table 60. Percent distribution of incidents, by type of crime, type of offender and time of occurrence",,,,,,,,,,,,,,,
"data source: National Criminal Victimization Survey, 2006  NCJ 223436",,,,,,,,,,,,,,,
produced by:  Cathy Maston ,,,,,,,,,,,,,,,
authors:  Patsy Klaus and Cathy Maston,,,,,,,,,,,,,,,
refer questions to: askbjs@usdoj.gov  202-307-0765,,,,,,,,,,,,,,,
data of version:  08/29/08,,,,,,,,,,,,,,,

"Table 60. Personal robbery and assault by armed or unarmed offenders, 2006: Percent distribution of incidents, by type of crime, type of offender and time of occurrence",,,,,,,,,,,,,,,
,,Percent of incidents,,,,,,,,,,,,,
,,,,Daytime,,Nighttime,,,,,,,,,
Type of crime and offender, Number of incidents,Total,,6 a.m. - 6 p.m.,,  Total,,6 p.m.- midnight,,Midnight - 6 a.m.,,Not known,,Not known and not available,
Robbery,,,,,,,,,,,,,,,
By armed offenders,"287,620",100,%,28,%,68.8,%,48.4,%,18.6,%,1.8,%*,3.2,%*
By unarmed offenders,"262,110",100,%,50.2,,45.8,,34.9,,10.9,*,0,*,4,*
Assault,,,,,,,,,,,,,,
By armed offenders,"1,088,900",100,%,52.7,,43,,31.3,,11,,0.6,*,4.4
By unarmed offenders,"3,385,840",100,%,57.5,,40,,30.4,,8.4,,1.2,,2.5
"Note: Many incident characteristics were unaffected or minimally affected by changes in methodology in the 2006 National Crime Victimization. However, caution should be used in comparing 2006 rates of individual variables, particularly those with small sample sizes, to previous years. See Criminal Victimization, 2006, at <http://www.ojp.usdoj.gov/bjs/abstract/cv06.htm>.",,,,,,,,,,,,,,
Detail may not add to total shown because of rounding.,,,,,,,,,,,,,,
Excludes data in which the presence of a weapon was not ascertained.,,,,,,,,,,,,,,
*Estimate is based on about 10 or fewer sample cases.,,,,,,,,,,,,,,
