Bureau of Justice Statistics,,,,,,,,,,,,
filename:  cv0667.csv,,,,,,,,,,,,
Table 67. Percent distribution of violent crime victimizations by who was first to use or threaten to use physical force,,,,,,,,,,,,
"data source: National Criminal Victimization Survey, 2006  NCJ 223436",,,,,,,,,,,,
produced by:  Cathy Maston ,,,,,,,,,,,,
authors:  Patsy Klaus and Cathy Maston,,,,,,,,,,,,
refer questions to: askbjs@usdoj.gov  202-307-0765,,,,,,,,,,,,
data of version:  08/29/08,,,,,,,,,,,,

"Table 67. Personal crimes of violence, 2006: Percent distribution of violent crime victimizations by who was first to use or threaten to use physical force",,,,,,,,,,,,
,Percent of victimizations,,,,,,,,,,,
Type of crime,Total crimes using force,,Respondent was first to use force,,Offender was first to use force,,Someone else was first to use force,,Don't know who was first to use force,, Not available,
Crimes of violence,100,%,4.8,%*,81.9,%,1.6,%*,0.8,%*,10.9,%
   Rape/Sexual assault/a,100,*,16.5,*,70.6,*,0,*,0,*,12.9,*
   Robbery,100,,0,*,70,,0,*,0,*,30,*
   Assault,100,,5,*,84.5,,2,*,0.9,*,7.6,
      Aggravated,100,,3.4,*,83.1,,0,*,1.3,*,12.1,*
      Simple,100,,5.6,*,85.1,,2.8,*,0.8,*,5.8,*
"Note: Many incident characteristics were unaffected or minimally affected by changes in methodology in the 2006 National Crime Victimization. However, caution should be used in comparing 2006 rates of individual variables, particularly those with small sample sizes, to previous years. See Criminal Victimization, 2006, at <http://www.ojp.usdoj.gov/bjs/abstract/cv06.htm>.",,,,,,,,,,,,
Detail may not add to total shown because of rounding.,,,,,,,,,,,,
*Estimate is based on about 10 or fewer sample cases.,,,,,,,,,,,,
a/Includes verbal threats of rape and threats of sexual assault.,,,,,,,,,,,,
