Bureau of Justice Statistics,,,,,,,,,,,,,,,,,,
filename:  cv0661.csv,,,,,,,,,,,,,,,,,,
"Table 61. Percent distribution of incidents, by type of crime and place of occurrence",,,,,,,,,,,,,,,,,,
"data source: National Criminal Victimization Survey, 2006  NCJ 223436",,,,,,,,,,,,,,,,,,
produced by:  Cathy Maston ,,,,,,,,,,,,,,,,,,
authors:  Patsy Klaus and Cathy Maston,,,,,,,,,,,,,,,,,,
refer questions to: askbjs@usdoj.gov  202-307-0765,,,,,,,,,,,,,,,,,,
data of version:  08/29/08,,,,,,,,,,,,,,,,,,

"Table 61. Selected personal and property crimes, 2006: Percent distribution of incidents, by type of crime and place of occurrence",,,,,,,,,,,,,,,,,, 
,,,Percent of incidents,,,,,,,,,,,,,,,
Type of crime,Number of incidents,,  Total,,At or in respondent's home,,Near home,,On the street near home,,"At, in, or near a friend's relative's or neighbor's home",,"Inside a restaurant, bar, or nightclub",,Other commercial building,,,
Crimes of violence,"5,685,620",,100,%,20,%,12.1,%,5.4,%,7.9,%,3.8,%,8.7,%,,
   Completed violence,"1,877,320",,100,%,29.6,,8.7,,5.3,,10.7,,2.1,,5.7,,,
   Attempted/threatened violence,"3,808,300",,100,%,15.3,,13.7,,5.4,,6.5,,4.6,,10.2,,,
   Rape/Sexual assault/a,"255,630",,100,%,33.2,,10.7,*,1.2,*,18.6,,3.8,*,7.1,*,,
   Robbery,"645,950",,100,%,17.8,,8.6,,14.2,,5,*,0,*,2.8,*
      Completed/property taken,"455,530",,100,%,22.4,,10.4,,12.1,,5.9,*,0,*,1.3,*
         With injury,"201,430",,100,%,27,,11.3,*,19.2,,5.2,*,0,*,0,*
         Without injury,"254,110",,100,%,18.7,,9.8,*,6.5,*,6.4,*,0,*,2.4,*
      Attempted to take property,"190,410",,100,%,7,*,4.2,*,19.3,,3,*,0,*,6.5,*
         With injury,"30,950",*,100,%*,19.4,*,3.6,*,9.7,*,5,*,0,*,7.1,*
         Without injury,"159,460",,100,%,4.6,*,4.4,*,21.1,*,2.7,*,0,*,6.3,*
   Assault,"4,784,040",,100,%,19.6,,12.6,,4.4,,7.7,,4.3,,9.5,
      Aggravated,"1,209,730",,100,%,25,,11.7,,4.7,,7.2,,3.6,,7.5,
      Simple,"3,574,320",,100,%,17.8,,12.9,,4.2,,7.9,,4.5,,10.2,
Purse snatching/Pocket picking,"173,220",,100,%,0,*,0,*,6.2,*,0,*,23.6,,27.4,
Motor vehicle theft,"992,260",,100,%,1.9,*,39.1,,17.8,,5.4,,0,,1.9,*
   Completed,"791,840",,100,%,2.4,*,38.8,,16.1,,6.4,,0,,2.4,*
   Attempted,"200,410",,100,%,0,*,40.2,,24.5,,1.1,*,0,,0,*
Theft,"14,362,570",,100,%,10.1,,38.5,,6.6,,3.4,,1.8,,5.2,
Type of crime,Parking lot or garage,,Inside school building/on school property,,"In apartment yard, park, field, or playground",,On street other than near own home,,On public transportation or inside station,,Other,,,,,
Crimes of violence,7,%,11.4,%,1.9,%,15.4,%,1,%,5.6,%
   Completed violence,7,,8.4,,2.4,,13.7,,0.6,*,5.9,
   Attempted/threatened violence,6.9,,12.9,,1.6,,16.3,,1.2,,5.4,
   Rape/Sexual assault/a,4.8,*,2.5,*,4.7,*,7.2,*,1.1,*,5,*
   Robbery,13.2,,6.2,,1.6,*,23.7,,1.1,*,5.7,
      Completed/property taken,11.2,,6.4,*,2.2,*,19.9,,0,*,8.1,
         With injury,4.1,*,8.6,*,1.2,*,16.3,*,0,*,7,*
         Without injury,16.8,,4.7,*,3,*,22.7,,0,*,9,*
      Attempted to take property,17.9,*,5.5,*,0,*,32.9,,3.6,*,0,*
         With injury,37.9,*,0,*,0,*,17.3,*,0,*,0,*
         Without injury,14,*,6.6,*,0,*,36,,4.3,*,0,*
   Assault,6.2,,12.6,,1.8,,14.8,,0.9,,5.6,
      Aggravated,7.7,,6.5,,1.2,*,19,,0.6,*,5.3,
      Simple,5.7,,14.6,,2,,13.3,,1.1,,5.7,
Purse snatching/Pocket picking,14.2,*,5.3,*,0,*,10.2,*,7.9,*,5.1,*
Motor vehicle theft,25,,0.9,*,0,*,7.3,,0,,0.7,*
   Completed,24.6,,1.2,*,0,*,7.2,,0,,0.9,*
   Attempted,26.5,,0,*,0,*,7.7,*,0,,0,*
Theft,12.7,,8.8,,1.2,,3.7,,1.3,,6.8,
"Note: Many incident characteristics were unaffected or minimally affected by changes in methodology in the 2006 National Crime Victimization. However, caution should be used in comparing 2006 rates of individual variables, particularly those with small sample sizes, to previous years. See Criminal Victimization, 2006, at <http://www.ojp.usdoj.gov/bjs/abstract/cv06.htm>.",,,,,,,,,,,,
Detail may not add to total shown because of rounding.,,,,,,,,,,,,
*Estimate is based on about 10 or fewer sample cases.,,,,,,,,,,,,
...Not applicable.,,,,,,,,,,,,
a/Includes verbal threats of rape and threats of sexual assault.,,,,,,,,,,,,
