Bureau of Justice Statistics,,,,,,,
filename:  cv0679.csv,,,,,,,
"Table 79. Percent of victimizations in which victims received hospital care, by selected characteristics of victims and type of crime",,,,,,,
"data source: National Criminal Victimization Survey, 2006  NCJ 223436",,,,,,,
produced by:  Cathy Maston ,,,,,,,
authors:  Patsy Klaus and Cathy Maston,,,,,,,
refer questions to: askbjs@usdoj.gov  202-307-0765,,,,,,,
data of version:  08/29/08,,,,,,,

"Table 79. Personal crimes of violence, 2006: Percent of victimizations in which victims received hospital care, by selected characteristics of victims and type of crime",,,,,,,
,,Percent of victimizations,,,,,
Characteristic,,Crime of violence/a,,Robbery,,Assault,
Gender,,,,,,,
                                                                                      ,Both genders,5.1,%,7.4,%,4.7,%
,Male,4.7,,6.8,*,4.4,
,Female,5.6,,8.7,*,5,
Age,,,,,,,
, 12-19,4.3,,10.4,*,3.7,
,20-34,5.3,,4.9,*,5.2,
,35-49,6.2,,8.2,*,5.8,
,50-64,4.8,*,10.1,*,3.9,*
,65 and over,3.6,*,11,*,0,*
Race/b,,,,,,,
,White only,4.7,,5.8,*,4.3,
,Black only,7.2,,18.1,*,6,
Victim-offender relationship,,,,,,,
,Strangers,5.4,,6.6,*,5.1,
,Nonstrangers,4.9,,9.9,*,4.4,
"Note: Many incident characteristics were unaffected or minimally affected by changes in methodology in the 2006 National Crime Victimization. However, caution should be used in comparing 2006 rates of individual variables, particularly those with small sample sizes, to previous years. See Criminal Victimization, 2006, at <http://www.ojp.usdoj.gov/bjs/abstract/cv06.htm>.",,,,,,,
*Estimate is based on about 10 or fewer sample cases.,,,,,,,
"a/Includes data on rape and sexual assault, not shown separately.",,,,,,,
"b/Excludes data on persons of ""Other"" races and persons indicating two or more races.",,,,,,,
