Name: “Table 1 of 1 on page 1 of 1”,Name: “Table 1 of 1 on page 1 of 1”
Table: 1,Table: 1
,
Warsaw Police Department,Warsaw Police Department
MONTHLY COUNCIL REPORT,MONTHLY COUNCIL REPORT
September 2013,
Civic Programs Presented & Community Events,
September 8th thru 15 th – Triad/AARP Community Food Drive,September 8th thru 15 th – Triad/AARP Community Food Drive
September 14th – Warsaw Farmer’s Market (Officer Scholes),September 14th – Warsaw Farmer’s Market (Officer Scholes)
September 18th – Westmoreland Triad Signing (Chief Spare),September 18th – Westmoreland Triad Signing (Chief Spare)
September 28th – YMCA Auction (Officer Scholes and Auxiliary Officer Thompson),September 28th – YMCA Auction (Officer Scholes and Auxiliary Officer Thompson)
Calls for Service,25
Directed Patrols,116
Property & Business Checks Conducted,307
Follow Ups,4
Arrest,0
Uniform Traffic Summons,23
Defective Equipment,4
Expired Inspection,1
Expired Registration,1
Fail to Yield Right of Way,1
Failure to Stop before Turning on Red,2
No Valid Driver’s License,1
Speeding,12
______________________________________,
Chandra O. Johnson - Administrative Assistant,
"""When The Community And Police Work Together We Can Make A Difference!"" – Chief C. Spare","""When The Community And Police Work Together We Can Make A Difference!"" – Chief C. Spare"
10/4/2013,
