Name: “Table 1 of 1 on page 10 of 19”,Name: “Table 1 of 1 on page 10 of 19”
Table: 10,Table: 10
,
C OURT S ERVICES D IVISION,
The Augusta County Sheriff’s Office Court Services Division consists of Sgt.,The Augusta County Sheriff’s Office Court Services Division consists of Sgt.
"Michael Painter, Corporal Jerry Shifflett and 5 Bailiff’s. The Division provides court","Michael Painter, Corporal Jerry Shifflett and 5 Bailiff’s. The Division provides court"
security in three county courts and is responsible for transporting prisoners to and from,security in three county courts and is responsible for transporting prisoners to and from
"the court complex. In 2011 the Division screened 88,628 court complex visitors, served","the court complex. In 2011 the Division screened 88,628 court complex visitors, served"
"1120 civil papers, completed 188 jail transports and they handled 748 inmates.","1120 civil papers, completed 188 jail transports and they handled 748 inmates."
C IVIL P ROCESS D IVISION,
The Augusta County Sheriff’s Office Civil Process Division consists of Sgt. James,The Augusta County Sheriff’s Office Civil Process Division consists of Sgt. James
“Monty” Sellers and 5 fulltime deputies. In 2011 the Civil Process Division,“Monty” Sellers and 5 fulltime deputies. In 2011 the Civil Process Division
"served 23,295 pieces of civil process of all types.",
TRAFFIC D IVISION,
The Augusta County Sheriff’s Office has a small but active Traffic Division.,The Augusta County Sheriff’s Office has a small but active Traffic Division.
Lieutenant James Mader has been serving as the Department’s Traffic Officer for,Lieutenant James Mader has been serving as the Department’s Traffic Officer for
several years and he is the most active traffic enforcer in the Department. In 2011,several years and he is the most active traffic enforcer in the Department. In 2011
Lt. Mader issued 1046 Virginia Uniform Summonses.,
INVESTIGATIVE D IVISION,
The Augusta County Sheriff’s Office Criminal Investigations Division is commanded,The Augusta County Sheriff’s Office Criminal Investigations Division is commanded
by Lt. A.C. Powers and consists of Sgt. Aaron Leveck and four investigators in,by Lt. A.C. Powers and consists of Sgt. Aaron Leveck and four investigators in
General Investigations. These investigators are on call for all manner of criminal,General Investigations. These investigators are on call for all manner of criminal
investigations and in 2011 they wrote 211 initial reports and handled 473 cases.,investigations and in 2011 they wrote 211 initial reports and handled 473 cases.
Investigators can also be found in specialized units such as the Drug Task Force,Investigators can also be found in specialized units such as the Drug Task Force
which has a Sergeant and two investigators and the Regional Gang Task Force,which has a Sergeant and two investigators and the Regional Gang Task Force
which has one investigator.,
S UPPORT S ERVICES,
"In 2011, Lt. Back processed 47 post arrest DNA samples and 747 concealed weapons","In 2011, Lt. Back processed 47 post arrest DNA samples and 747 concealed weapons"
permit applications and renewals. Sgt. Tony Heflin was promoted in 2011 and filled a,permit applications and renewals. Sgt. Tony Heflin was promoted in 2011 and filled a
new role as the Sheriff’s Office first Desk Sergeant.,
Augusta County Sheriff’s Office 2011 Annual Report,Page 9
