Name: “Table 1 of 1 on page 14 of 19”,Name: “Table 1 of 1 on page 14 of 19”
Table: 14,Table: 14
,
P ROP ANE V E HI CLE S,
"With the help of a $46,000 federal grant, the Sheriff’s Office has outfitted eight of its 65","With the help of a $46,000 federal grant, the Sheriff’s Office has outfitted eight of its 65"
police cruisers to run on propane Autogas.,
"The switch is expected to reduce maintenance costs, fuel costs and greenhouse gas","The switch is expected to reduce maintenance costs, fuel costs and greenhouse gas"
emissions. The conversions are part of the Southeast Propane Autogas Development,emissions. The conversions are part of the Southeast Propane Autogas Development
"Program, funded by stimulus money and the Department of Energy’s Clean Cities","Program, funded by stimulus money and the Department of Energy’s Clean Cities"
Program.,
"The program has converted more than 1,000 vehicles in public and private fleets,","The program has converted more than 1,000 vehicles in public and private fleets,"
"including those of the Georgia State Patrol and James Madison University, and installed","including those of the Georgia State Patrol and James Madison University, and installed"
more than 20 fueling stations throughout the Southeast.,
The vehicles work by consuming regular gasoline when the car engine is started and,The vehicles work by consuming regular gasoline when the car engine is started and
"during the first few minutes of use, then it switches to propane. The vehicles use 10","during the first few minutes of use, then it switches to propane. The vehicles use 10"
percent less fuel and the white cylindrical propane tanks installed in car trunks hold 27,percent less fuel and the white cylindrical propane tanks installed in car trunks hold 27
gallons.,
"Oil changes also will be required only every 8,000 miles, as the propane runs cleaner","Oil changes also will be required only every 8,000 miles, as the propane runs cleaner"
than gasoline.,
"All told, the conversion is expected to save $15,000 per year.",
Augusta County Sheriff’s Office 2011 Annual Report,Page 13
