Name: “Table 1 of 1 on page 13 of 19”,Name: “Table 1 of 1 on page 13 of 19”
Table: 13,Table: 13
,
2 0 1 1 M I L E S T O N E S,2 0 1 1 M I L E S T O N E S
V ALE AC R E -A CC RE DI TATI ON,V ALE AC R E -A CC RE DI TATI ON
In 2011 the Augusta County Sheriff’s Office underwent its second VALEAC,In 2011 the Augusta County Sheriff’s Office underwent its second VALEAC
Reaccreditation. Accreditation is the on-going process whereby agencies evaluate,Reaccreditation. Accreditation is the on-going process whereby agencies evaluate
"policy and procedure against established criteria, and have compliance with that criteria","policy and procedure against established criteria, and have compliance with that criteria"
"verified by an independent and authoritative body. The criteria, or standards, are policy","verified by an independent and authoritative body. The criteria, or standards, are policy"
development guidelines that represent a level of quality service delivery. The true,development guidelines that represent a level of quality service delivery. The true
"indicator of compliance, however, lies with an evaluation by trained, independent","indicator of compliance, however, lies with an evaluation by trained, independent"
professional peers. The Augusta County Sheriff’s Office underwent the on-site visit in,professional peers. The Augusta County Sheriff’s Office underwent the on-site visit in
February of 2011 that reviewed The 187 standards are divided into four general subject,February of 2011 that reviewed The 187 standards are divided into four general subject
"areas: Administration, Operations, Personnel, and Training. In September of 2011, the","areas: Administration, Operations, Personnel, and Training. In September of 2011, the"
Accreditation team was presented the re accreditation award at a regular County Board,Accreditation team was presented the re accreditation award at a regular County Board
of Supervisor’s Meeting.,
Augusta County Sheriff’s Office 2011 Annual Report,Page 12
