Name: “Table 1 of 1 on page 3 of 19”,Name: “Table 1 of 1 on page 3 of 19”,Name: “Table 1 of 1 on page 3 of 19”,Name: “Table 1 of 1 on page 3 of 19”,Name: “Table 1 of 1 on page 3 of 19”,Name: “Table 1 of 1 on page 3 of 19”,Name: “Table 1 of 1 on page 3 of 19”
Table: 3,Table: 3,Table: 3,Table: 3,Table: 3,Table: 3,Table: 3
,,,,,,
I N T R O D U C T I O N,I N T R O D U C T I O N,I N T R O D U C T I O N,I N T R O D U C T I O N,I N T R O D U C T I O N,,
The Augus ta County S he r i ff’ s Offi c e r e s pe c tful l y s ubmi ts the,The Augus ta County S he r i ff’ s Offi c e r e s pe c tful l y s ubmi ts the,The Augus ta County S he r i ff’ s Offi c e r e s pe c tful l y s ubmi ts the,The Augus ta County S he r i ff’ s Offi c e r e s pe c tful l y s ubmi ts the,The Augus ta County S he r i ff’ s Offi c e r e s pe c tful l y s ubmi ts the,The Augus ta County S he r i ff’ s Offi c e r e s pe c tful l y s ubmi ts the,The Augus ta County S he r i ff’ s Offi c e r e s pe c tful l y s ubmi ts the
fol l ow i ng i nfor m a ti on a s i ts 2 0 1 0 Annua l Re por t. Thr oughout,fol l ow i ng i nfor m a ti on a s i ts 2 0 1 0 Annua l Re por t. Thr oughout,fol l ow i ng i nfor m a ti on a s i ts 2 0 1 0 Annua l Re por t. Thr oughout,fol l ow i ng i nfor m a ti on a s i ts 2 0 1 0 Annua l Re por t. Thr oughout,fol l ow i ng i nfor m a ti on a s i ts 2 0 1 0 Annua l Re por t. Thr oughout,fol l ow i ng i nfor m a ti on a s i ts 2 0 1 0 Annua l Re por t. Thr oughout,fol l ow i ng i nfor m a ti on a s i ts 2 0 1 0 Annua l Re por t. Thr oughout
"2 0 1 1 , the Augus ta County S he r i ff’ s Offi c e ha s c onti nue d i ts","2 0 1 1 , the Augus ta County S he r i ff’ s Offi c e ha s c onti nue d i ts","2 0 1 1 , the Augus ta County S he r i ff’ s Offi c e ha s c onti nue d i ts","2 0 1 1 , the Augus ta County S he r i ff’ s Offi c e ha s c onti nue d i ts","2 0 1 1 , the Augus ta County S he r i ff’ s Offi c e ha s c onti nue d i ts","2 0 1 1 , the Augus ta County S he r i ff’ s Offi c e ha s c onti nue d i ts","2 0 1 1 , the Augus ta County S he r i ff’ s Offi c e ha s c onti nue d i ts"
de di c a te d e ffor ts to k e e p the s tr e e ts of Augusta County safe for,de di c a te d e ffor ts to k e e p the s tr e e ts of Augusta County safe for,de di c a te d e ffor ts to k e e p the s tr e e ts of Augusta County safe for,de di c a te d e ffor ts to k e e p the s tr e e ts of Augusta County safe for,de di c a te d e ffor ts to k e e p the s tr e e ts of Augusta County safe for,de di c a te d e ffor ts to k e e p the s tr e e ts of Augusta County safe for,de di c a te d e ffor ts to k e e p the s tr e e ts of Augusta County safe for
a l l c i ti z e n’ s a nd vi s i tor s . 2 0 1 1 w a s a ga i n a ve r y bus y ye a r for,a l l c i ti z e n’ s a nd vi s i tor s . 2 0 1 1 w a s a ga i n a ve r y bus y ye a r for,a l l c i ti z e n’ s a nd vi s i tor s . 2 0 1 1 w a s a ga i n a ve r y bus y ye a r for,a l l c i ti z e n’ s a nd vi s i tor s . 2 0 1 1 w a s a ga i n a ve r y bus y ye a r for,a l l c i ti z e n’ s a nd vi s i tor s . 2 0 1 1 w a s a ga i n a ve r y bus y ye a r for,a l l c i ti z e n’ s a nd vi s i tor s . 2 0 1 1 w a s a ga i n a ve r y bus y ye a r for,a l l c i ti z e n’ s a nd vi s i tor s . 2 0 1 1 w a s a ga i n a ve r y bus y ye a r for
the me mbe r s of the S he r i ff’ s Offi c e a nd w e a r e pr oud of our,the me mbe r s of the S he r i ff’ s Offi c e a nd w e a r e pr oud of our,the me mbe r s of the S he r i ff’ s Offi c e a nd w e a r e pr oud of our,the me mbe r s of the S he r i ff’ s Offi c e a nd w e a r e pr oud of our,the me mbe r s of the S he r i ff’ s Offi c e a nd w e a r e pr oud of our,the me mbe r s of the S he r i ff’ s Offi c e a nd w e a r e pr oud of our,the me mbe r s of the S he r i ff’ s Offi c e a nd w e a r e pr oud of our
e ffor ts a nd a c c ompl i s hme nts thr oughout the ye a r .,e ffor ts a nd a c c ompl i s hme nts thr oughout the ye a r .,e ffor ts a nd a c c ompl i s hme nts thr oughout the ye a r .,e ffor ts a nd a c c ompl i s hme nts thr oughout the ye a r .,e ffor ts a nd a c c ompl i s hme nts thr oughout the ye a r .,,
W e a r e a l s o ve r y pr oud of our fi s c a l ma na ge me nt pol i c i e s tha t,W e a r e a l s o ve r y pr oud of our fi s c a l ma na ge me nt pol i c i e s tha t,W e a r e a l s o ve r y pr oud of our fi s c a l ma na ge me nt pol i c i e s tha t,W e a r e a l s o ve r y pr oud of our fi s c a l ma na ge me nt pol i c i e s tha t,W e a r e a l s o ve r y pr oud of our fi s c a l ma na ge me nt pol i c i e s tha t,W e a r e a l s o ve r y pr oud of our fi s c a l ma na ge me nt pol i c i e s tha t,W e a r e a l s o ve r y pr oud of our fi s c a l ma na ge me nt pol i c i e s tha t
ha ve a l l ow e d us to c onti nue to pr ovi de a w a r d w i nni ng a nd,ha ve a l l ow e d us to c onti nue to pr ovi de a w a r d w i nni ng a nd,ha ve a l l ow e d us to c onti nue to pr ovi de a w a r d w i nni ng a nd,ha ve a l l ow e d us to c onti nue to pr ovi de a w a r d w i nni ng a nd,ha ve a l l ow e d us to c onti nue to pr ovi de a w a r d w i nni ng a nd,ha ve a l l ow e d us to c onti nue to pr ovi de a w a r d w i nni ng a nd,ha ve a l l ow e d us to c onti nue to pr ovi de a w a r d w i nni ng a nd
de mons tr a te d,"e x c e l l e nc e ,",de s pi te,a,s l ow,e c onomy,a nd
dr a s ti c a l l y c ut fundi ng a nd ma npow e r .,dr a s ti c a l l y c ut fundi ng a nd ma npow e r .,dr a s ti c a l l y c ut fundi ng a nd ma npow e r .,dr a s ti c a l l y c ut fundi ng a nd ma npow e r .,,,
"De s pi te he a vy ope r a ti ng, e qui pme nt a nd pe r s onne l c uts a nd a","De s pi te he a vy ope r a ti ng, e qui pme nt a nd pe r s onne l c uts a nd a","De s pi te he a vy ope r a ti ng, e qui pme nt a nd pe r s onne l c uts a nd a","De s pi te he a vy ope r a ti ng, e qui pme nt a nd pe r s onne l c uts a nd a","De s pi te he a vy ope r a ti ng, e qui pme nt a nd pe r s onne l c uts a nd a","De s pi te he a vy ope r a ti ng, e qui pme nt a nd pe r s onne l c uts a nd a","De s pi te he a vy ope r a ti ng, e qui pme nt a nd pe r s onne l c uts a nd a"
the fi fth a nni ve r s a r y of no c os t of l i vi ng or me r i t r a i s e s for,the fi fth a nni ve r s a r y of no c os t of l i vi ng or me r i t r a i s e s for,the fi fth a nni ve r s a r y of no c os t of l i vi ng or me r i t r a i s e s for,the fi fth a nni ve r s a r y of no c os t of l i vi ng or me r i t r a i s e s for,the fi fth a nni ve r s a r y of no c os t of l i vi ng or me r i t r a i s e s for,the fi fth a nni ve r s a r y of no c os t of l i vi ng or me r i t r a i s e s for,the fi fth a nni ve r s a r y of no c os t of l i vi ng or me r i t r a i s e s for
"De puti e s , w e c ontinue to get the job done and fulfill our mission","De puti e s , w e c ontinue to get the job done and fulfill our mission","De puti e s , w e c ontinue to get the job done and fulfill our mission","De puti e s , w e c ontinue to get the job done and fulfill our mission","De puti e s , w e c ontinue to get the job done and fulfill our mission","De puti e s , w e c ontinue to get the job done and fulfill our mission","De puti e s , w e c ontinue to get the job done and fulfill our mission"
for the County of Augus ta a nd the c i ti z e n’ s w e s e r ve .,for the County of Augus ta a nd the c i ti z e n’ s w e s e r ve .,for the County of Augus ta a nd the c i ti z e n’ s w e s e r ve .,for the County of Augus ta a nd the c i ti z e n’ s w e s e r ve .,for the County of Augus ta a nd the c i ti z e n’ s w e s e r ve .,,
AUG UST A CO UNT Y SH ERI F F ’ S O F F I C E,AUG UST A CO UNT Y SH ERI F F ’ S O F F I C E,AUG UST A CO UNT Y SH ERI F F ’ S O F F I C E,AUG UST A CO UNT Y SH ERI F F ’ S O F F I C E,AUG UST A CO UNT Y SH ERI F F ’ S O F F I C E,,
,Ra n d a l l D. F i s h e r,Ra n d a l l D. F i s h e r,Ra n d a l l D. F i s h e r,Ra n d a l l D. F i s h e r,,
,S h e ri f f,S h e ri f f,,,,
Augusta County Sheriff’s Office 2011 Annual Report,Augusta County Sheriff’s Office 2011 Annual Report,Augusta County Sheriff’s Office 2011 Annual Report,,,,Page 2
