Name: “Table 1 of 1 on page 7 of 19”,Name: “Table 1 of 1 on page 7 of 19”,Name: “Table 1 of 1 on page 7 of 19”,Name: “Table 1 of 1 on page 7 of 19”,Name: “Table 1 of 1 on page 7 of 19”,Name: “Table 1 of 1 on page 7 of 19”,Name: “Table 1 of 1 on page 7 of 19”,Name: “Table 1 of 1 on page 7 of 19”,Name: “Table 1 of 1 on page 7 of 19”,Name: “Table 1 of 1 on page 7 of 19”,Name: “Table 1 of 1 on page 7 of 19”,Name: “Table 1 of 1 on page 7 of 19”
Table: 7,Table: 7,Table: 7,Table: 7,Table: 7,Table: 7,Table: 7,Table: 7,Table: 7,Table: 7,Table: 7,Table: 7
,,,,,,,,,,,
,,A U G U S T A C O U N T Y,A U G U S T A C O U N T Y,A U G U S T A C O U N T Y,A U G U S T A C O U N T Y,A U G U S T A C O U N T Y,A U G U S T A C O U N T Y,A U G U S T A C O U N T Y,A U G U S T A C O U N T Y,,
,,S H E R I F F ’ S O F F I C E,S H E R I F F ’ S O F F I C E,S H E R I F F ’ S O F F I C E,S H E R I F F ’ S O F F I C E,S H E R I F F ’ S O F F I C E,S H E R I F F ’ S O F F I C E,S H E R I F F ’ S O F F I C E,S H E R I F F ’ S O F F I C E,,
The,Augus ta,Augus ta,County,County,S he r i ff’ s,S he r i ff’ s,Offi c e,c ons i s ts,of,6 4,s w or n
de puti e s . Thos e 6 4 Ful l ti me a nd 2 pa r t-ti me County funde d,de puti e s . Thos e 6 4 Ful l ti me a nd 2 pa r t-ti me County funde d,de puti e s . Thos e 6 4 Ful l ti me a nd 2 pa r t-ti me County funde d,de puti e s . Thos e 6 4 Ful l ti me a nd 2 pa r t-ti me County funde d,de puti e s . Thos e 6 4 Ful l ti me a nd 2 pa r t-ti me County funde d,de puti e s . Thos e 6 4 Ful l ti me a nd 2 pa r t-ti me County funde d,de puti e s . Thos e 6 4 Ful l ti me a nd 2 pa r t-ti me County funde d,de puti e s . Thos e 6 4 Ful l ti me a nd 2 pa r t-ti me County funde d,de puti e s . Thos e 6 4 Ful l ti me a nd 2 pa r t-ti me County funde d,de puti e s . Thos e 6 4 Ful l ti me a nd 2 pa r t-ti me County funde d,de puti e s . Thos e 6 4 Ful l ti me a nd 2 pa r t-ti me County funde d,de puti e s . Thos e 6 4 Ful l ti me a nd 2 pa r t-ti me County funde d
"s w or n offi c e r s s e r ve i n the P a tr ol , Tr a ffi c , I nve s ti ga ti ons , Ci vi l","s w or n offi c e r s s e r ve i n the P a tr ol , Tr a ffi c , I nve s ti ga ti ons , Ci vi l","s w or n offi c e r s s e r ve i n the P a tr ol , Tr a ffi c , I nve s ti ga ti ons , Ci vi l","s w or n offi c e r s s e r ve i n the P a tr ol , Tr a ffi c , I nve s ti ga ti ons , Ci vi l","s w or n offi c e r s s e r ve i n the P a tr ol , Tr a ffi c , I nve s ti ga ti ons , Ci vi l","s w or n offi c e r s s e r ve i n the P a tr ol , Tr a ffi c , I nve s ti ga ti ons , Ci vi l","s w or n offi c e r s s e r ve i n the P a tr ol , Tr a ffi c , I nve s ti ga ti ons , Ci vi l","s w or n offi c e r s s e r ve i n the P a tr ol , Tr a ffi c , I nve s ti ga ti ons , Ci vi l","s w or n offi c e r s s e r ve i n the P a tr ol , Tr a ffi c , I nve s ti ga ti ons , Ci vi l","s w or n offi c e r s s e r ve i n the P a tr ol , Tr a ffi c , I nve s ti ga ti ons , Ci vi l","s w or n offi c e r s s e r ve i n the P a tr ol , Tr a ffi c , I nve s ti ga ti ons , Ci vi l","s w or n offi c e r s s e r ve i n the P a tr ol , Tr a ffi c , I nve s ti ga ti ons , Ci vi l"
"P r oc e s s ,","P r oc e s s ,","Cour ts ,","Cour ts ,",Cr i me,Cr i me,pr e ve nti on,pr e ve nti on,a nd,Adm i ni s tr a ti ve,Adm i ni s tr a ti ve,Adm i ni s tr a ti ve
Di vis i ons .,Di vis i ons .,S he r i ff’ s,S he r i ff’ s,S he r i ff’ s,Offi c e,S uppor t,S uppor t,s ta ff,i nc l ude s,i nc l ude s,a n
Admi ni s tr a ti ve,Admi ni s tr a ti ve,Admi ni s tr a ti ve,"As s i s ta nt,","As s i s ta nt,","As s i s ta nt,",I nfor ma ti on,I nfor ma ti on,a nd,Te c hnol ogy,Te c hnol ogy,Te c hnol ogy
"Coor di na tor , a n Offi c e M a na ge r a nd s e ve n s e r vi c e s s uppor t","Coor di na tor , a n Offi c e M a na ge r a nd s e ve n s e r vi c e s s uppor t","Coor di na tor , a n Offi c e M a na ge r a nd s e ve n s e r vi c e s s uppor t","Coor di na tor , a n Offi c e M a na ge r a nd s e ve n s e r vi c e s s uppor t","Coor di na tor , a n Offi c e M a na ge r a nd s e ve n s e r vi c e s s uppor t","Coor di na tor , a n Offi c e M a na ge r a nd s e ve n s e r vi c e s s uppor t","Coor di na tor , a n Offi c e M a na ge r a nd s e ve n s e r vi c e s s uppor t","Coor di na tor , a n Offi c e M a na ge r a nd s e ve n s e r vi c e s s uppor t","Coor di na tor , a n Offi c e M a na ge r a nd s e ve n s e r vi c e s s uppor t","Coor di na tor , a n Offi c e M a na ge r a nd s e ve n s e r vi c e s s uppor t","Coor di na tor , a n Offi c e M a na ge r a nd s e ve n s e r vi c e s s uppor t","Coor di na tor , a n Offi c e M a na ge r a nd s e ve n s e r vi c e s s uppor t"
pe r s onne l .,pe r s onne l .,pe r s onne l .,,,,,,,,,
"Dur ing 2 0 1 1 our a ge nc y r e s ponde d to 1 2 , 9 9 2 c a l l s for s e r vi c e","Dur ing 2 0 1 1 our a ge nc y r e s ponde d to 1 2 , 9 9 2 c a l l s for s e r vi c e","Dur ing 2 0 1 1 our a ge nc y r e s ponde d to 1 2 , 9 9 2 c a l l s for s e r vi c e","Dur ing 2 0 1 1 our a ge nc y r e s ponde d to 1 2 , 9 9 2 c a l l s for s e r vi c e","Dur ing 2 0 1 1 our a ge nc y r e s ponde d to 1 2 , 9 9 2 c a l l s for s e r vi c e","Dur ing 2 0 1 1 our a ge nc y r e s ponde d to 1 2 , 9 9 2 c a l l s for s e r vi c e","Dur ing 2 0 1 1 our a ge nc y r e s ponde d to 1 2 , 9 9 2 c a l l s for s e r vi c e","Dur ing 2 0 1 1 our a ge nc y r e s ponde d to 1 2 , 9 9 2 c a l l s for s e r vi c e","Dur ing 2 0 1 1 our a ge nc y r e s ponde d to 1 2 , 9 9 2 c a l l s for s e r vi c e","Dur ing 2 0 1 1 our a ge nc y r e s ponde d to 1 2 , 9 9 2 c a l l s for s e r vi c e","Dur ing 2 0 1 1 our a ge nc y r e s ponde d to 1 2 , 9 9 2 c a l l s for s e r vi c e","Dur ing 2 0 1 1 our a ge nc y r e s ponde d to 1 2 , 9 9 2 c a l l s for s e r vi c e"
"a nd w e ha d 1 5 , 8 1 9 s e l f-i ni ti a te d i nc i de nts for a c om bi ne d tota l","a nd w e ha d 1 5 , 8 1 9 s e l f-i ni ti a te d i nc i de nts for a c om bi ne d tota l","a nd w e ha d 1 5 , 8 1 9 s e l f-i ni ti a te d i nc i de nts for a c om bi ne d tota l","a nd w e ha d 1 5 , 8 1 9 s e l f-i ni ti a te d i nc i de nts for a c om bi ne d tota l","a nd w e ha d 1 5 , 8 1 9 s e l f-i ni ti a te d i nc i de nts for a c om bi ne d tota l","a nd w e ha d 1 5 , 8 1 9 s e l f-i ni ti a te d i nc i de nts for a c om bi ne d tota l","a nd w e ha d 1 5 , 8 1 9 s e l f-i ni ti a te d i nc i de nts for a c om bi ne d tota l","a nd w e ha d 1 5 , 8 1 9 s e l f-i ni ti a te d i nc i de nts for a c om bi ne d tota l","a nd w e ha d 1 5 , 8 1 9 s e l f-i ni ti a te d i nc i de nts for a c om bi ne d tota l","a nd w e ha d 1 5 , 8 1 9 s e l f-i ni ti a te d i nc i de nts for a c om bi ne d tota l","a nd w e ha d 1 5 , 8 1 9 s e l f-i ni ti a te d i nc i de nts for a c om bi ne d tota l","a nd w e ha d 1 5 , 8 1 9 s e l f-i ni ti a te d i nc i de nts for a c om bi ne d tota l"
"of 2 9 , 4 5 4 i nc i de nts .","of 2 9 , 4 5 4 i nc i de nts .","of 2 9 , 4 5 4 i nc i de nts .","of 2 9 , 4 5 4 i nc i de nts .","of 2 9 , 4 5 4 i nc i de nts .",,,,,,,
,,66 TOTAL SWORN PERSONNEL,66 TOTAL SWORN PERSONNEL,66 TOTAL SWORN PERSONNEL,66 TOTAL SWORN PERSONNEL,66 TOTAL SWORN PERSONNEL,66 TOTAL SWORN PERSONNEL,66 TOTAL SWORN PERSONNEL,,,
30,,,,,,,,,,,
25,,,,,,,,,Patrol,Patrol,
,,,,,,,,,Investigations,Investigations,Investigations
20,,,,,,,,,Civil Process,Civil Process,Civil Process
,,,,,,,,,Courts,Courts,
15,,,,,,,,,,,
,,,,,,,,,SRO/DARE/K9,SRO/DARE/K9,SRO/DARE/K9
,,,,,,,,,Admin,Admin,
10,,,,,,,,,,,
,,,,,,,,,Traffic,Traffic,
,,,,,,,,,Part-time,Part-time,
5,,,,,,,,,,,
0,,,,,,,,,,,
,30,10,7,7,6,3,1,2,,,
Augusta County Sheriff’s Office 2011 Annual Report,Augusta County Sheriff’s Office 2011 Annual Report,Augusta County Sheriff’s Office 2011 Annual Report,Augusta County Sheriff’s Office 2011 Annual Report,Augusta County Sheriff’s Office 2011 Annual Report,Augusta County Sheriff’s Office 2011 Annual Report,Augusta County Sheriff’s Office 2011 Annual Report,,,,,Page 6
