Name: “Table 1 of 1 on page 19 of 19”,Name: “Table 1 of 1 on page 19 of 19”,Name: “Table 1 of 1 on page 19 of 19”
Table: 19,Table: 19,Table: 19
,,
,0,0
Bribery,,
,23,0
Weapon Law Violations,,
TOTAL GROUP A,503,2
ARRESTS BY,ADULT,JUVENILE
OFFENSE,,
,24,0
Bad Checks,,
,0,0
Curfew/Loitering/Vagrancy,,
,23,0
Disorderly Conduct,,
,156,3
Driving Under Influence,,
,171,1
Drunkenness,,
,16,0
Family Offense Non-forcible,,
,35,6
Liquor Law Violations,,
,0,0
Peeping Tom,,
,0,0
Runaway,,
,37,0
Trespass of Real Property,,
,0,0
Conspiracy,,
,638,9
All Other except Traffic,,
,1100,19
TOTAL GROUP B,,
,1603,21
GRAND TOTAL,,
Augusta County Sheriff’s Office 2011 Annual Report,Augusta County Sheriff’s Office 2011 Annual Report,Page 18
