Name: “Table 1 of 1 on page 8 of 19”,Name: “Table 1 of 1 on page 8 of 19”,Name: “Table 1 of 1 on page 8 of 19”
Table: 8,Table: 8,Table: 8
,,
A C S O S T A F F O F F I C E R S,A C S O S T A F F O F F I C E R S,A C S O S T A F F O F F I C E R S
,C AP TAI N GLE N N H ANGE R,
,CH IEF DEP U T Y,
PATR OL,I N VESTIGATION S,T R AFFIC
L T. DE NNI S B A CK,L T. A . C. P OW E RS,L T. J A ME S MA DE R
Augusta County Sheriff’s Office 2011 Annual Report,Augusta County Sheriff’s Office 2011 Annual Report,Page 7
