Name: “Table 1 of 1 on page 15 of 19”,Name: “Table 1 of 1 on page 15 of 19”
Table: 15,Table: 15
,
2 0 1 1 A W A R D S,
In 2 0 1 1 t h e Au g u s t a C o u n t y Sh e rif f ’s Of f ic e re c e ive d s e ve r a l,In 2 0 1 1 t h e Au g u s t a C o u n t y Sh e rif f ’s Of f ic e re c e ive d s e ve r a l
"D e p a rt me n t a l Aw a r d s , in c lu d in g t h e f o llo w in g :",
2011 Virginia Department of Motor Vehicles Seatbelt Usage Rate Award,2011 Virginia Department of Motor Vehicles Seatbelt Usage Rate Award
1st Place in the 2010 National Law Enforcement Challenge,
1st Place in the 2010 Virginia Law Enforcement Challenge,
In d ivid u a l o f f ic e rs a n d u n it s a ls o re c e ive d t h e f o llo w in g re c o g n it io n :,In d ivid u a l o f f ic e rs a n d u n it s a ls o re c e ive d t h e f o llo w in g re c o g n it io n :
2010 Deputy of the Year - Captain Glenn Hanger,
Distinguished Service Medal - Investigator Brian Jenkins,
Sheriff’s Medal - Corporal Michael Roane,
Deputy J.W. Weiger,
Sheriff’s Commendation - Sergeant G. Tony Heflin,
Deputy Doug Cole,
Sheriff’s Unit Commendation - Patrol A Shift,
Supervisors Commendation - Sergeant Rick Modlin,
Wendy Thompson,
Tra f f ic Sa f e t y En f o rc e me n t Aw a rd s,
2011 Occupant Protection Award - Lt. James Mader (152),
2011 DUI Enforcement Award - Deputy Caleb Spence (10),
2011 Speed Enforcement Award - Lt. James Mader (656),
Augusta County Sheriff’s Office 2011 Annual Report,Page 14
