Name: “Table 1 of 1 on page 9 of 19”,Name: “Table 1 of 1 on page 9 of 19”,Name: “Table 1 of 1 on page 9 of 19”,Name: “Table 1 of 1 on page 9 of 19”,Name: “Table 1 of 1 on page 9 of 19”,Name: “Table 1 of 1 on page 9 of 19”,Name: “Table 1 of 1 on page 9 of 19”,Name: “Table 1 of 1 on page 9 of 19”,Name: “Table 1 of 1 on page 9 of 19”,Name: “Table 1 of 1 on page 9 of 19”,Name: “Table 1 of 1 on page 9 of 19”,Name: “Table 1 of 1 on page 9 of 19”
Table: 9,Table: 9,Table: 9,Table: 9,Table: 9,Table: 9,Table: 9,Table: 9,Table: 9,Table: 9,Table: 9,Table: 9
,,,,,,,,,,,
S H E R I F F ’ S O F F I C E U N I T S,S H E R I F F ’ S O F F I C E U N I T S,S H E R I F F ’ S O F F I C E U N I T S,S H E R I F F ’ S O F F I C E U N I T S,S H E R I F F ’ S O F F I C E U N I T S,S H E R I F F ’ S O F F I C E U N I T S,S H E R I F F ’ S O F F I C E U N I T S,S H E R I F F ’ S O F F I C E U N I T S,S H E R I F F ’ S O F F I C E U N I T S,S H E R I F F ’ S O F F I C E U N I T S,S H E R I F F ’ S O F F I C E U N I T S,
,,,,P ATROL D I V I S I ON,P ATROL D I V I S I ON,P ATROL D I V I S I ON,P ATROL D I V I S I ON,P ATROL D I V I S I ON,,,
Th e,Pa t ro l,D ivis io n,is,t h e,b a c k b o n e,b a c k b o n e,o f,t h e,D e p a rt m e n t ’s,t ra f f ic,t ra f f ic
e n f o rc e me n t,e n f o rc e me n t,e f f o r t s,a n d,w it h,o n ly,2 8,a s s ig n e d,a s s ig n e d,p e rs o n n e l,a n d,2
"a d min is t ra t ive p e rs o n n e l, t h e d ivis io n n o t o n ly a n s w e rs c a l ls f o r s e rvic e","a d min is t ra t ive p e rs o n n e l, t h e d ivis io n n o t o n ly a n s w e rs c a l ls f o r s e rvic e","a d min is t ra t ive p e rs o n n e l, t h e d ivis io n n o t o n ly a n s w e rs c a l ls f o r s e rvic e","a d min is t ra t ive p e rs o n n e l, t h e d ivis io n n o t o n ly a n s w e rs c a l ls f o r s e rvic e","a d min is t ra t ive p e rs o n n e l, t h e d ivis io n n o t o n ly a n s w e rs c a l ls f o r s e rvic e","a d min is t ra t ive p e rs o n n e l, t h e d ivis io n n o t o n ly a n s w e rs c a l ls f o r s e rvic e","a d min is t ra t ive p e rs o n n e l, t h e d ivis io n n o t o n ly a n s w e rs c a l ls f o r s e rvic e","a d min is t ra t ive p e rs o n n e l, t h e d ivis io n n o t o n ly a n s w e rs c a l ls f o r s e rvic e","a d min is t ra t ive p e rs o n n e l, t h e d ivis io n n o t o n ly a n s w e rs c a l ls f o r s e rvic e","a d min is t ra t ive p e rs o n n e l, t h e d ivis io n n o t o n ly a n s w e rs c a l ls f o r s e rvic e","a d min is t ra t ive p e rs o n n e l, t h e d ivis io n n o t o n ly a n s w e rs c a l ls f o r s e rvic e","a d min is t ra t ive p e rs o n n e l, t h e d ivis io n n o t o n ly a n s w e rs c a l ls f o r s e rvic e"
"a n d in ve s t ig a t e s a l l ma n n e r o f c rimin a l c o mp la in t s , t h e y a ls o c o n t rib u t e","a n d in ve s t ig a t e s a l l ma n n e r o f c rimin a l c o mp la in t s , t h e y a ls o c o n t rib u t e","a n d in ve s t ig a t e s a l l ma n n e r o f c rimin a l c o mp la in t s , t h e y a ls o c o n t rib u t e","a n d in ve s t ig a t e s a l l ma n n e r o f c rimin a l c o mp la in t s , t h e y a ls o c o n t rib u t e","a n d in ve s t ig a t e s a l l ma n n e r o f c rimin a l c o mp la in t s , t h e y a ls o c o n t rib u t e","a n d in ve s t ig a t e s a l l ma n n e r o f c rimin a l c o mp la in t s , t h e y a ls o c o n t rib u t e","a n d in ve s t ig a t e s a l l ma n n e r o f c rimin a l c o mp la in t s , t h e y a ls o c o n t rib u t e","a n d in ve s t ig a t e s a l l ma n n e r o f c rimin a l c o mp la in t s , t h e y a ls o c o n t rib u t e","a n d in ve s t ig a t e s a l l ma n n e r o f c rimin a l c o mp la in t s , t h e y a ls o c o n t rib u t e","a n d in ve s t ig a t e s a l l ma n n e r o f c rimin a l c o mp la in t s , t h e y a ls o c o n t rib u t e","a n d in ve s t ig a t e s a l l ma n n e r o f c rimin a l c o mp la in t s , t h e y a ls o c o n t rib u t e","a n d in ve s t ig a t e s a l l ma n n e r o f c rimin a l c o mp la in t s , t h e y a ls o c o n t rib u t e"
t h e lio n ' s s h a re o f e f f o rt t h a t is d ire c t e d b y t h e D e p a rt me n t in t h e a re a o f,t h e lio n ' s s h a re o f e f f o rt t h a t is d ire c t e d b y t h e D e p a rt me n t in t h e a re a o f,t h e lio n ' s s h a re o f e f f o rt t h a t is d ire c t e d b y t h e D e p a rt me n t in t h e a re a o f,t h e lio n ' s s h a re o f e f f o rt t h a t is d ire c t e d b y t h e D e p a rt me n t in t h e a re a o f,t h e lio n ' s s h a re o f e f f o rt t h a t is d ire c t e d b y t h e D e p a rt me n t in t h e a re a o f,t h e lio n ' s s h a re o f e f f o rt t h a t is d ire c t e d b y t h e D e p a rt me n t in t h e a re a o f,t h e lio n ' s s h a re o f e f f o rt t h a t is d ire c t e d b y t h e D e p a rt me n t in t h e a re a o f,t h e lio n ' s s h a re o f e f f o rt t h a t is d ire c t e d b y t h e D e p a rt me n t in t h e a re a o f,t h e lio n ' s s h a re o f e f f o rt t h a t is d ire c t e d b y t h e D e p a rt me n t in t h e a re a o f,t h e lio n ' s s h a re o f e f f o rt t h a t is d ire c t e d b y t h e D e p a rt me n t in t h e a re a o f,t h e lio n ' s s h a re o f e f f o rt t h a t is d ire c t e d b y t h e D e p a rt me n t in t h e a re a o f,t h e lio n ' s s h a re o f e f f o rt t h a t is d ire c t e d b y t h e D e p a rt me n t in t h e a re a o f
"t ra f f ic e n f o rc e me n t . Ea c h ye a r, ma n p o w e r f lu c t u a t e s a n d t h e d e ma n d s","t ra f f ic e n f o rc e me n t . Ea c h ye a r, ma n p o w e r f lu c t u a t e s a n d t h e d e ma n d s","t ra f f ic e n f o rc e me n t . Ea c h ye a r, ma n p o w e r f lu c t u a t e s a n d t h e d e ma n d s","t ra f f ic e n f o rc e me n t . Ea c h ye a r, ma n p o w e r f lu c t u a t e s a n d t h e d e ma n d s","t ra f f ic e n f o rc e me n t . Ea c h ye a r, ma n p o w e r f lu c t u a t e s a n d t h e d e ma n d s","t ra f f ic e n f o rc e me n t . Ea c h ye a r, ma n p o w e r f lu c t u a t e s a n d t h e d e ma n d s","t ra f f ic e n f o rc e me n t . Ea c h ye a r, ma n p o w e r f lu c t u a t e s a n d t h e d e ma n d s","t ra f f ic e n f o rc e me n t . Ea c h ye a r, ma n p o w e r f lu c t u a t e s a n d t h e d e ma n d s","t ra f f ic e n f o rc e me n t . Ea c h ye a r, ma n p o w e r f lu c t u a t e s a n d t h e d e ma n d s","t ra f f ic e n f o rc e me n t . Ea c h ye a r, ma n p o w e r f lu c t u a t e s a n d t h e d e ma n d s","t ra f f ic e n f o rc e me n t . Ea c h ye a r, ma n p o w e r f lu c t u a t e s a n d t h e d e ma n d s","t ra f f ic e n f o rc e me n t . Ea c h ye a r, ma n p o w e r f lu c t u a t e s a n d t h e d e ma n d s"
"o n t h e d ivis io n ’s re s o u rc e s a re s t re t c h e d , b u t t h e d ivis io n ma n a g e s t o","o n t h e d ivis io n ’s re s o u rc e s a re s t re t c h e d , b u t t h e d ivis io n ma n a g e s t o","o n t h e d ivis io n ’s re s o u rc e s a re s t re t c h e d , b u t t h e d ivis io n ma n a g e s t o","o n t h e d ivis io n ’s re s o u rc e s a re s t re t c h e d , b u t t h e d ivis io n ma n a g e s t o","o n t h e d ivis io n ’s re s o u rc e s a re s t re t c h e d , b u t t h e d ivis io n ma n a g e s t o","o n t h e d ivis io n ’s re s o u rc e s a re s t re t c h e d , b u t t h e d ivis io n ma n a g e s t o","o n t h e d ivis io n ’s re s o u rc e s a re s t re t c h e d , b u t t h e d ivis io n ma n a g e s t o","o n t h e d ivis io n ’s re s o u rc e s a re s t re t c h e d , b u t t h e d ivis io n ma n a g e s t o","o n t h e d ivis io n ’s re s o u rc e s a re s t re t c h e d , b u t t h e d ivis io n ma n a g e s t o","o n t h e d ivis io n ’s re s o u rc e s a re s t re t c h e d , b u t t h e d ivis io n ma n a g e s t o","o n t h e d ivis io n ’s re s o u rc e s a re s t re t c h e d , b u t t h e d ivis io n ma n a g e s t o","o n t h e d ivis io n ’s re s o u rc e s a re s t re t c h e d , b u t t h e d ivis io n ma n a g e s t o"
s u c c e s s f u lly c o mb a t a ll t yp e s o f vio la t io n s .,s u c c e s s f u lly c o mb a t a ll t yp e s o f vio la t io n s .,s u c c e s s f u lly c o mb a t a ll t yp e s o f vio la t io n s .,s u c c e s s f u lly c o mb a t a ll t yp e s o f vio la t io n s .,s u c c e s s f u lly c o mb a t a ll t yp e s o f vio la t io n s .,s u c c e s s f u lly c o mb a t a ll t yp e s o f vio la t io n s .,s u c c e s s f u lly c o mb a t a ll t yp e s o f vio la t io n s .,s u c c e s s f u lly c o mb a t a ll t yp e s o f vio la t io n s .,,,,
Th e D ivis io n is d ivi d e d in t o 4 ro t a t in g s h if t s t h a t w o rk 1 2 H o u r t o u rs o f,Th e D ivis io n is d ivi d e d in t o 4 ro t a t in g s h if t s t h a t w o rk 1 2 H o u r t o u rs o f,Th e D ivis io n is d ivi d e d in t o 4 ro t a t in g s h if t s t h a t w o rk 1 2 H o u r t o u rs o f,Th e D ivis io n is d ivi d e d in t o 4 ro t a t in g s h if t s t h a t w o rk 1 2 H o u r t o u rs o f,Th e D ivis io n is d ivi d e d in t o 4 ro t a t in g s h if t s t h a t w o rk 1 2 H o u r t o u rs o f,Th e D ivis io n is d ivi d e d in t o 4 ro t a t in g s h if t s t h a t w o rk 1 2 H o u r t o u rs o f,Th e D ivis io n is d ivi d e d in t o 4 ro t a t in g s h if t s t h a t w o rk 1 2 H o u r t o u rs o f,Th e D ivis io n is d ivi d e d in t o 4 ro t a t in g s h if t s t h a t w o rk 1 2 H o u r t o u rs o f,Th e D ivis io n is d ivi d e d in t o 4 ro t a t in g s h if t s t h a t w o rk 1 2 H o u r t o u rs o f,Th e D ivis io n is d ivi d e d in t o 4 ro t a t in g s h if t s t h a t w o rk 1 2 H o u r t o u rs o f,Th e D ivis io n is d ivi d e d in t o 4 ro t a t in g s h if t s t h a t w o rk 1 2 H o u r t o u rs o f,Th e D ivis io n is d ivi d e d in t o 4 ro t a t in g s h if t s t h a t w o rk 1 2 H o u r t o u rs o f
d u t y.,Th e s e,s h if t s,a re,c o mma n d e d,c o mma n d e d,b y,Se rg e a n t s .,Se rg e a n t s .,Th e,D ivis io n,is
c o mma n d e d b y L ie u t e n a n t D e n n is B a c k a n d in 2 0 1 1 t h e D ivis io n w ro t e,c o mma n d e d b y L ie u t e n a n t D e n n is B a c k a n d in 2 0 1 1 t h e D ivis io n w ro t e,c o mma n d e d b y L ie u t e n a n t D e n n is B a c k a n d in 2 0 1 1 t h e D ivis io n w ro t e,c o mma n d e d b y L ie u t e n a n t D e n n is B a c k a n d in 2 0 1 1 t h e D ivis io n w ro t e,c o mma n d e d b y L ie u t e n a n t D e n n is B a c k a n d in 2 0 1 1 t h e D ivis io n w ro t e,c o mma n d e d b y L ie u t e n a n t D e n n is B a c k a n d in 2 0 1 1 t h e D ivis io n w ro t e,c o mma n d e d b y L ie u t e n a n t D e n n is B a c k a n d in 2 0 1 1 t h e D ivis io n w ro t e,c o mma n d e d b y L ie u t e n a n t D e n n is B a c k a n d in 2 0 1 1 t h e D ivis io n w ro t e,c o mma n d e d b y L ie u t e n a n t D e n n is B a c k a n d in 2 0 1 1 t h e D ivis io n w ro t e,c o mma n d e d b y L ie u t e n a n t D e n n is B a c k a n d in 2 0 1 1 t h e D ivis io n w ro t e,c o mma n d e d b y L ie u t e n a n t D e n n is B a c k a n d in 2 0 1 1 t h e D ivis io n w ro t e,c o mma n d e d b y L ie u t e n a n t D e n n is B a c k a n d in 2 0 1 1 t h e D ivis io n w ro t e
"2 ,8 6 0 C rime In c id e n t R e p o rt s .","2 ,8 6 0 C rime In c id e n t R e p o rt s .","2 ,8 6 0 C rime In c id e n t R e p o rt s .","2 ,8 6 0 C rime In c id e n t R e p o rt s .","2 ,8 6 0 C rime In c id e n t R e p o rt s .",,,,,,,
,,ACSO PATROL DIVISION,ACSO PATROL DIVISION,ACSO PATROL DIVISION,ACSO PATROL DIVISION,ACSO PATROL DIVISION,ACSO PATROL DIVISION,ACSO PATROL DIVISION,,,
8,,,,,,,,,,,
7,,,,,,,,,,,
6,,,,,,,,,,A Shift,
5,,,,,,,,,,B Shift,B Shift
,,,,,,,,,,C Shift,C Shift
4,,,,,,,,,,,
,,,,,,,,,,D Shift,D Shift
3,,,,,,,,,,,
,,,,,,,,,,Admin,
2,,,,,,,,,,,
1,,,,,,,,,,,
0,,,,,,,,,,,
,7 Deputies,7 Deputies,,7 Deputies,7 Deputies,7 Deputies,,Lieutenant,,,
Augusta County Sheriff’s Office 2011 Annual Report,Augusta County Sheriff’s Office 2011 Annual Report,Augusta County Sheriff’s Office 2011 Annual Report,Augusta County Sheriff’s Office 2011 Annual Report,Augusta County Sheriff’s Office 2011 Annual Report,Augusta County Sheriff’s Office 2011 Annual Report,Augusta County Sheriff’s Office 2011 Annual Report,,,,Page 8,Page 8
