Name: “Table 1 of 1 on page 2 of 19”,Name: “Table 1 of 1 on page 2 of 19”,Name: “Table 1 of 1 on page 2 of 19”
Table: 2,Table: 2,Table: 2
,,
,Table of Contents,
1.,INTRODUCTION,PAGE 2
2.,COUNTY OF AUGUSTA,PAGE 3
3.,SHERIFF,PAGE 4
4.,MISSION STATEMENT,PAGE 5
5.,THE AUGUSTA COUNTY SHERIFF’S OFFICE,PAGE 6
6.,STAFF OFFICERS,PAGE 7
7.,UNITS,PAGES 8-10
8.,ORGANIZATIONAL CHART,PAGE 11
9.,2011 MILESTONES,PAGE 12-13
10.,2011 AWARDS,PAGE 14
11.,2011 STATISTICS,PAGE 15-18
Augusta County Sheriff’s Office 2011 Annual Report,Augusta County Sheriff’s Office 2011 Annual Report,Page 1
