Warsaw Police Department,Warsaw Police Department
MONTHLY COUNCIL REPORT,
March 2013,
Civic Programs Presented & Community Events,
None,
Calls for Service,61
Directed Patrols,302
Property & Business Checks Conducted,605
Follow Ups,6
Arrest,4
Domestic Assault & Battery,1
Drunk in Public,1
Probation Violation,1
Temporary Detention Order,1
Uniform Traffic Summons,39
Expired Inspection,3
Expired Registration,1
Following too Close,1
Highway Sign-Fail Obey,2
No Safety Belt,2
No Valid Driver’s License,1
Speeding,29
Submitted by:,
_____________________________________________,
Chandra O. Johnson – W. P. D. Administrative Assistant,
"""When The Community And Police Work Together We Can Make A Difference!"" – Chief C. Spare","""When The Community And Police Work Together We Can Make A Difference!"" – Chief C. Spare"
4/8/2013,
