Name: “Table 1 of 1 on page 3 of 16”,Name: “Table 1 of 1 on page 3 of 16”,Name: “Table 1 of 1 on page 3 of 16”,Name: “Table 1 of 1 on page 3 of 16”,Name: “Table 1 of 1 on page 3 of 16”,Name: “Table 1 of 1 on page 3 of 16”,Name: “Table 1 of 1 on page 3 of 16”,Name: “Table 1 of 1 on page 3 of 16”,Name: “Table 1 of 1 on page 3 of 16”,Name: “Table 1 of 1 on page 3 of 16”,Name: “Table 1 of 1 on page 3 of 16”
Table: 3,Table: 3,Table: 3,Table: 3,Table: 3,Table: 3,Table: 3,Table: 3,Table: 3,Table: 3,Table: 3
,,,,,,,,,,
,,INTRODUCTION,INTRODUCTION,INTRODUCTION,INTRODUCTION,INTRODUCTION,INTRODUCTION,INTRODUCTION,,
The,Augusta,Augusta,County,County,Sheriff’s,Sheriff’s,Office,,respectfully,respectfully
submits the following information as its 2009 Annual,submits the following information as its 2009 Annual,submits the following information as its 2009 Annual,submits the following information as its 2009 Annual,submits the following information as its 2009 Annual,submits the following information as its 2009 Annual,submits the following information as its 2009 Annual,submits the following information as its 2009 Annual,submits the following information as its 2009 Annual,submits the following information as its 2009 Annual,submits the following information as its 2009 Annual
Report.,Throughout,Throughout,Throughout,"2009,","2009,",the,Augusta,Augusta,County,County
Sheriff’s Office has continued its dedicated efforts to,Sheriff’s Office has continued its dedicated efforts to,Sheriff’s Office has continued its dedicated efforts to,Sheriff’s Office has continued its dedicated efforts to,Sheriff’s Office has continued its dedicated efforts to,Sheriff’s Office has continued its dedicated efforts to,Sheriff’s Office has continued its dedicated efforts to,Sheriff’s Office has continued its dedicated efforts to,Sheriff’s Office has continued its dedicated efforts to,Sheriff’s Office has continued its dedicated efforts to,Sheriff’s Office has continued its dedicated efforts to
keep Augusta County safe for all citizen’s and visitors.,keep Augusta County safe for all citizen’s and visitors.,keep Augusta County safe for all citizen’s and visitors.,keep Augusta County safe for all citizen’s and visitors.,keep Augusta County safe for all citizen’s and visitors.,keep Augusta County safe for all citizen’s and visitors.,keep Augusta County safe for all citizen’s and visitors.,keep Augusta County safe for all citizen’s and visitors.,keep Augusta County safe for all citizen’s and visitors.,keep Augusta County safe for all citizen’s and visitors.,keep Augusta County safe for all citizen’s and visitors.
2009,was,a,very,busy,year,for,the,members,of,the
Sheriff’s,Office,Office,and,we,are,proud,of,our,efforts,and
accomplishments throughout the year.,accomplishments throughout the year.,accomplishments throughout the year.,accomplishments throughout the year.,accomplishments throughout the year.,accomplishments throughout the year.,accomplishments throughout the year.,accomplishments throughout the year.,,,
,A UGUSTA C OUNTY SHERIFF ’S OFFICE,A UGUSTA C OUNTY SHERIFF ’S OFFICE,A UGUSTA C OUNTY SHERIFF ’S OFFICE,A UGUSTA C OUNTY SHERIFF ’S OFFICE,A UGUSTA C OUNTY SHERIFF ’S OFFICE,A UGUSTA C OUNTY SHERIFF ’S OFFICE,A UGUSTA C OUNTY SHERIFF ’S OFFICE,A UGUSTA C OUNTY SHERIFF ’S OFFICE,,
,,,Randall D. Fisher,Randall D. Fisher,Randall D. Fisher,Randall D. Fisher,,,,
,,,,,,,,,,3
