Name: “Table 1 of 1 on page 14 of 16”,Name: “Table 1 of 1 on page 14 of 16”,Name: “Table 1 of 1 on page 14 of 16”,Name: “Table 1 of 1 on page 14 of 16”,Name: “Table 1 of 1 on page 14 of 16”,Name: “Table 1 of 1 on page 14 of 16”
Table: 14,Table: 14,Table: 14,Table: 14,Table: 14,Table: 14
,,,,,
,2009 Adult and Juvenile Arrests,2009 Adult and Juvenile Arrests,2009 Adult and Juvenile Arrests,,
ARRESTS BY,,,ARRESTS BY,,
OFFENSE,ADULT,JUVENILE,OFFENSE,ADULT,JUVENILE
Murder,6,0,Bad Checks,52,0
Negligent Manslaughter,0,0,Curfew/Loitering/Vagrancy,0,0
Kidnapping,3,0,Disorderly Conduct,23,0
Sex Offenses,26,0,Driving Under Influence,94,1
Forcible,2,0,Drunkenness,204,1
Robbery,,,,,
Aggravated Assault,31,0,"Family Offenses,",110,0
,,,Nonforcible,,
Simple,101,0,Liquor Laws Violations,58,19
Assault/Intimidation,,,,,
Arson,3,0,Peeping Tom,1,0
Extortion/Blackmail,0,0,Runaway,0,0
Burglary,32,0,Trespass of Real Property,41,1
,,,Conspiracy,,
Larceny,96,3,All Other (except Traffic),772,15
Motor Vehicle Theft,0,0,TOTAL GROUP B,1360,37
Counterfeiting/Forgery,7,0,,,
,,,GRAND TOTAL,1856,47
Fraud,18,1,,,
Embezzlement,8,0,,,
Stolen Property,5,0,,,
Vandalism,30,3,,,
Drug/Narcotic Offenses,101,3,,,
"Sex Offenses,",5,0,,,
Nonforcible,,,,,
Pornography,2,0,,,
Gambling,0,0,,,
Prostitution,0,0,,,
Bribery,0,0,,,
Weapon Law Violations,20,0,,,
TOTAL GROUP A,496,10,,,
,,,14,,
