Name: “Table 1 of 1 on page 16 of 16”,Name: “Table 1 of 1 on page 16 of 16”,Name: “Table 1 of 1 on page 16 of 16”,Name: “Table 1 of 1 on page 16 of 16”
Table: 16,Table: 16,Table: 16,Table: 16
,,,
,,2009 ACTIVITIES,
,,Augusta County Sheriff’s Office,
,,2009 Public Meetings and Forums,
,,,
,,,
01/21/2009,,,Brittney Knoll N.W.G Meeting
02/05/2009,,,WWRC Security Threat Assessment
02/09/2009,,,Broadmoore Plaza Apartments N.W.G. Meeting
02/16/2009,,,Career Fair – Stuarts Draft High School
02/20/2009,,,Crime Stoppers Meeting
03/20/2009,,,Crime Stoppers Meeting
04/06/2009,,,The Hamptons N.W.G. Meeting
04/17/2009,,,Crime Stoppers Meeting
05/14/2009,,,Mint Springs Ruritan Club
05/15/2009,,,Crime Stoppers Meeting
05/18/2009,,,Verona N.W.G. Meeting
05/21/2009,,,Plaza Apartments N.W.G. Meeting
06/19/2009,,,Crime Stoppers Meeting
06/22/2009,,,Ridgeview Baptist Church
06/23/2009,,,Manchester Apartments N.W.G. Meeting
06/22/2009,,,Plaza Apartments N.W.G. Meeting
07/18/2009,,,Crime Stoppers Meeting
07/26/2009,,,Sweet Dreams – Stuarts Draft
08/04/2009,,,National Night Out
08/18/2009,,,Marcus Memorial United Methodist Church – Identity Theft
08/21/2009,,,Crime Stoppers Meeting
09/18/2009,,,Crime Stoppers Meeting
10/01/2009,,,Augusta Retired Educators Association
10/16/2009,,,Crime Stoppers Meeting
11/11/2009,,,Middlebrook Ruritan Club
11/16/2009,,,First Citizens Bank – Robbery Program
11/20/2009,,,Crime Stoppers Meeting
12/05/2009,,,Boy Scouts – Staunton Mall
12/18/2009,,,Crime Stoppers Meeting
12/19-20/2009,12/19-20/2009,,Boy Scouts – Staunton Mall
,,,
,,,
,,,
,,,
,,,16
