Name: “Table 1 of 1 on page 7 of 16”,Name: “Table 1 of 1 on page 7 of 16”,Name: “Table 1 of 1 on page 7 of 16”,Name: “Table 1 of 1 on page 7 of 16”,Name: “Table 1 of 1 on page 7 of 16”,Name: “Table 1 of 1 on page 7 of 16”,Name: “Table 1 of 1 on page 7 of 16”,Name: “Table 1 of 1 on page 7 of 16”,Name: “Table 1 of 1 on page 7 of 16”,Name: “Table 1 of 1 on page 7 of 16”,Name: “Table 1 of 1 on page 7 of 16”,Name: “Table 1 of 1 on page 7 of 16”,Name: “Table 1 of 1 on page 7 of 16”,Name: “Table 1 of 1 on page 7 of 16”,Name: “Table 1 of 1 on page 7 of 16”,Name: “Table 1 of 1 on page 7 of 16”
Table: 7,Table: 7,Table: 7,Table: 7,Table: 7,Table: 7,Table: 7,Table: 7,Table: 7,Table: 7,Table: 7,Table: 7,Table: 7,Table: 7,Table: 7,Table: 7
,,,,,,,,,,,,,,,
,,A U GU STA C OUN TY,A U GU STA C OUN TY,A U GU STA C OUN TY,A U GU STA C OUN TY,A U GU STA C OUN TY,A U GU STA C OUN TY,A U GU STA C OUN TY,A U GU STA C OUN TY,A U GU STA C OUN TY,A U GU STA C OUN TY,A U GU STA C OUN TY,A U GU STA C OUN TY,A U GU STA C OUN TY,
,,S HERIFF ’S OFFIC E,S HERIFF ’S OFFIC E,S HERIFF ’S OFFIC E,S HERIFF ’S OFFIC E,S HERIFF ’S OFFIC E,S HERIFF ’S OFFIC E,S HERIFF ’S OFFIC E,S HERIFF ’S OFFIC E,S HERIFF ’S OFFIC E,S HERIFF ’S OFFIC E,S HERIFF ’S OFFIC E,S HERIFF ’S OFFIC E,,
The A ugust a C ount y Sher if f ’s O f f ice is an or ganiz at ion of highly,The A ugust a C ount y Sher if f ’s O f f ice is an or ganiz at ion of highly,The A ugust a C ount y Sher if f ’s O f f ice is an or ganiz at ion of highly,The A ugust a C ount y Sher if f ’s O f f ice is an or ganiz at ion of highly,The A ugust a C ount y Sher if f ’s O f f ice is an or ganiz at ion of highly,The A ugust a C ount y Sher if f ’s O f f ice is an or ganiz at ion of highly,The A ugust a C ount y Sher if f ’s O f f ice is an or ganiz at ion of highly,The A ugust a C ount y Sher if f ’s O f f ice is an or ganiz at ion of highly,The A ugust a C ount y Sher if f ’s O f f ice is an or ganiz at ion of highly,The A ugust a C ount y Sher if f ’s O f f ice is an or ganiz at ion of highly,The A ugust a C ount y Sher if f ’s O f f ice is an or ganiz at ion of highly,The A ugust a C ount y Sher if f ’s O f f ice is an or ganiz at ion of highly,The A ugust a C ount y Sher if f ’s O f f ice is an or ganiz at ion of highly,The A ugust a C ount y Sher if f ’s O f f ice is an or ganiz at ion of highly,The A ugust a C ount y Sher if f ’s O f f ice is an or ganiz at ion of highly,The A ugust a C ount y Sher if f ’s O f f ice is an or ganiz at ion of highly
mot ivat ed,mot ivat ed,mot ivat ed,public,public,ser v ant s,ser v ant s,ser v ant s,w ho,ar e,dedicat ed,dedicat ed,t o,impr oving,impr oving,t he
saf et y,saf et y,and,qualit y,qualit y,of,life,of,of,count y,r eside nt s,r eside nt s,and,visit or s.,visit or s.,The
A ugusta C ount y Sher if f ’s O f fice consist s of 66 sw or n deput ies.,A ugusta C ount y Sher if f ’s O f fice consist s of 66 sw or n deput ies.,A ugusta C ount y Sher if f ’s O f fice consist s of 66 sw or n deput ies.,A ugusta C ount y Sher if f ’s O f fice consist s of 66 sw or n deput ies.,A ugusta C ount y Sher if f ’s O f fice consist s of 66 sw or n deput ies.,A ugusta C ount y Sher if f ’s O f fice consist s of 66 sw or n deput ies.,A ugusta C ount y Sher if f ’s O f fice consist s of 66 sw or n deput ies.,A ugusta C ount y Sher if f ’s O f fice consist s of 66 sw or n deput ies.,A ugusta C ount y Sher if f ’s O f fice consist s of 66 sw or n deput ies.,A ugusta C ount y Sher if f ’s O f fice consist s of 66 sw or n deput ies.,A ugusta C ount y Sher if f ’s O f fice consist s of 66 sw or n deput ies.,A ugusta C ount y Sher if f ’s O f fice consist s of 66 sw or n deput ies.,A ugusta C ount y Sher if f ’s O f fice consist s of 66 sw or n deput ies.,A ugusta C ount y Sher if f ’s O f fice consist s of 66 sw or n deput ies.,A ugusta C ount y Sher if f ’s O f fice consist s of 66 sw or n deput ies.,A ugusta C ount y Sher if f ’s O f fice consist s of 66 sw or n deput ies.
Those,Those,64,Full,t ime,and,and,2,par t - t ime,par t - t ime,of f icer s,ser ve,ser ve,i n,t he,"Pat r ol,"
"Tr af f ic,","Tr af f ic,","Invest i gat ions,","Invest i gat ions,","Invest i gat ions,","Invest i gat ions,","Invest i gat ions,",C ivil,C ivil,"Pr ocess,","C our t s,","C our t s,",C r ime,C r ime,pr e vent ion,pr e vent ion
and,Administ r at ive,Administ r at ive,Administ r at ive,Administ r at ive,D ivisions.,D ivisions.,D ivisions.,D ivisions.,Sher if f ’s,Sher if f ’s,O f f ice,O f f ice,Suppor t,Suppor t,st af f
includes,includes,includes,an,A dminist r at ive,A dminist r at ive,A dminist r at ive,A dminist r at ive,A dminist r at ive,"A s sist ant ,","A s sist ant ,",,Inf or mat ion,Inf or mat ion,Inf or mat ion,and
"Technology C oor dinat or , an O f f ice Manage r and seven se r vice s","Technology C oor dinat or , an O f f ice Manage r and seven se r vice s","Technology C oor dinat or , an O f f ice Manage r and seven se r vice s","Technology C oor dinat or , an O f f ice Manage r and seven se r vice s","Technology C oor dinat or , an O f f ice Manage r and seven se r vice s","Technology C oor dinat or , an O f f ice Manage r and seven se r vice s","Technology C oor dinat or , an O f f ice Manage r and seven se r vice s","Technology C oor dinat or , an O f f ice Manage r and seven se r vice s","Technology C oor dinat or , an O f f ice Manage r and seven se r vice s","Technology C oor dinat or , an O f f ice Manage r and seven se r vice s","Technology C oor dinat or , an O f f ice Manage r and seven se r vice s","Technology C oor dinat or , an O f f ice Manage r and seven se r vice s","Technology C oor dinat or , an O f f ice Manage r and seven se r vice s","Technology C oor dinat or , an O f f ice Manage r and seven se r vice s","Technology C oor dinat or , an O f f ice Manage r and seven se r vice s","Technology C oor dinat or , an O f f ice Manage r and seven se r vice s"
suppor t per sonnel.,suppor t per sonnel.,suppor t per sonnel.,suppor t per sonnel.,suppor t per sonnel.,,,,,,,,,,,
"D ur ing 2009 our agenc y r espo nded t o 16,8 44 calls f o r ser vic e an d","D ur ing 2009 our agenc y r espo nded t o 16,8 44 calls f o r ser vic e an d","D ur ing 2009 our agenc y r espo nded t o 16,8 44 calls f o r ser vic e an d","D ur ing 2009 our agenc y r espo nded t o 16,8 44 calls f o r ser vic e an d","D ur ing 2009 our agenc y r espo nded t o 16,8 44 calls f o r ser vic e an d","D ur ing 2009 our agenc y r espo nded t o 16,8 44 calls f o r ser vic e an d","D ur ing 2009 our agenc y r espo nded t o 16,8 44 calls f o r ser vic e an d","D ur ing 2009 our agenc y r espo nded t o 16,8 44 calls f o r ser vic e an d","D ur ing 2009 our agenc y r espo nded t o 16,8 44 calls f o r ser vic e an d","D ur ing 2009 our agenc y r espo nded t o 16,8 44 calls f o r ser vic e an d","D ur ing 2009 our agenc y r espo nded t o 16,8 44 calls f o r ser vic e an d","D ur ing 2009 our agenc y r espo nded t o 16,8 44 calls f o r ser vic e an d","D ur ing 2009 our agenc y r espo nded t o 16,8 44 calls f o r ser vic e an d","D ur ing 2009 our agenc y r espo nded t o 16,8 44 calls f o r ser vic e an d","D ur ing 2009 our agenc y r espo nded t o 16,8 44 calls f o r ser vic e an d","D ur ing 2009 our agenc y r espo nded t o 16,8 44 calls f o r ser vic e an d"
w e,had,"14,62 5","14,62 5",self,in it iat ed,in it iat ed,in it iat ed,in it iat ed,incident s,f or,a,combined,combined,t ot al,of
"31,46 9 i ncident s.","31,46 9 i ncident s.","31,46 9 i ncident s.","31,46 9 i ncident s.","31,46 9 i ncident s.",,,,,,,,,,,
,,,64 TOTAL SWORN PERSONNEL,64 TOTAL SWORN PERSONNEL,64 TOTAL SWORN PERSONNEL,64 TOTAL SWORN PERSONNEL,64 TOTAL SWORN PERSONNEL,64 TOTAL SWORN PERSONNEL,64 TOTAL SWORN PERSONNEL,64 TOTAL SWORN PERSONNEL,64 TOTAL SWORN PERSONNEL,64 TOTAL SWORN PERSONNEL,64 TOTAL SWORN PERSONNEL,,
30,,,,,,,,,,,,,,,
25,,,,,,,,,,,,,,,
,,,,,,,,,,,,,,Patrol,
,,,,,,,,,,,,,,Investigations,Investigations
20,,,,,,,,,,,,,,,
,,,,,,,,,,,,,,Civil Process,Civil Process
,,,,,,,,,,,,,,Courts,
15,,,,,,,,,,,,,,,
,,,,,,,,,,,,,,SRO/DARE/K9,SRO/DARE/K9
,,,,,,,,,,,,,,Admin,
10,,,,,,,,,,,,,,,
,,,,,,,,,,,,,,Traffic,
,,,,,,,,,,,,,,Part-time,
5,,,,,,,,,,,,,,,
0,,,,,,,,,,,,,,,
,30,,10,7,,7,,6,3,1,2,,,,
,,,,,,,,,,,,,,,7
