Name: “Table 1 of 1 on page 13 of 16”,Name: “Table 1 of 1 on page 13 of 16”,Name: “Table 1 of 1 on page 13 of 16”,Name: “Table 1 of 1 on page 13 of 16”,Name: “Table 1 of 1 on page 13 of 16”,Name: “Table 1 of 1 on page 13 of 16”,Name: “Table 1 of 1 on page 13 of 16”,Name: “Table 1 of 1 on page 13 of 16”,Name: “Table 1 of 1 on page 13 of 16”,Name: “Table 1 of 1 on page 13 of 16”,Name: “Table 1 of 1 on page 13 of 16”,Name: “Table 1 of 1 on page 13 of 16”
Table: 13,Table: 13,Table: 13,Table: 13,Table: 13,Table: 13,Table: 13,Table: 13,Table: 13,Table: 13,Table: 13,Table: 13
,,,,,,,,,,,
,,STATISTICS FOR 2009,STATISTICS FOR 2009,STATISTICS FOR 2009,STATISTICS FOR 2009,STATISTICS FOR 2009,STATISTICS FOR 2009,,,,
"Civil Process Served: 21,708","Civil Process Served: 21,708","Civil Process Served: 21,708","Civil Process Served: 21,708","Civil Process Served: 21,708",,,,,,,
"Crime Incident Reports: 3,668","Crime Incident Reports: 3,668","Crime Incident Reports: 3,668","Crime Incident Reports: 3,668","Crime Incident Reports: 3,668",,,,,,,
"Criminal Warrants Served: 3,587","Criminal Warrants Served: 3,587","Criminal Warrants Served: 3,587","Criminal Warrants Served: 3,587","Criminal Warrants Served: 3,587",,,,,,,
Protective Orders Served: 801,Protective Orders Served: 801,Protective Orders Served: 801,Protective Orders Served: 801,Protective Orders Served: 801,,,,,,,
"Traffic Charges: 6,052","Traffic Charges: 6,052","Traffic Charges: 6,052","Traffic Charges: 6,052",,,,,,,,
DUI Arrests: 94,DUI Arrests: 94,DUI Arrests: 94,,,,,,,,,
,,,2009 Group A Offenses,2009 Group A Offenses,2009 Group A Offenses,2009 Group A Offenses,2009 Group A Offenses,,,,
Population,Incident,Total,Murder,Kidnapping/,Forcible,Other,Robbery,Aggravated,Simple,Arson,Extortion/
,rate per,incidents,and,Abduction,Rape,Forcible,,Assault,Assault/,,Blackmail
,"100,000",,Nonnegligent,,,Sex,,,Intimidation,,
,,,Manslaughter,,,Offenses,,,,,
72114,2064.78,1489,1,2,8,20,5,71,182,2,0
,,10,0,0,0,0,0,0,1,2,0
,,,,,,,,,,,13
