Name: “Table 1 of 1 on page 10 of 16”,Name: “Table 1 of 1 on page 10 of 16”,Name: “Table 1 of 1 on page 10 of 16”,Name: “Table 1 of 1 on page 10 of 16”,Name: “Table 1 of 1 on page 10 of 16”,Name: “Table 1 of 1 on page 10 of 16”,Name: “Table 1 of 1 on page 10 of 16”,Name: “Table 1 of 1 on page 10 of 16”,Name: “Table 1 of 1 on page 10 of 16”,Name: “Table 1 of 1 on page 10 of 16”,Name: “Table 1 of 1 on page 10 of 16”,Name: “Table 1 of 1 on page 10 of 16”,Name: “Table 1 of 1 on page 10 of 16”,Name: “Table 1 of 1 on page 10 of 16”,Name: “Table 1 of 1 on page 10 of 16”,Name: “Table 1 of 1 on page 10 of 16”
Table: 10,Table: 10,Table: 10,Table: 10,Table: 10,Table: 10,Table: 10,Table: 10,Table: 10,Table: 10,Table: 10,Table: 10,Table: 10,Table: 10,Table: 10,Table: 10
,,,,,,,,,,,,,,,
,,,COURT SERVICES DIVISION,COURT SERVICES DIVISION,COURT SERVICES DIVISION,COURT SERVICES DIVISION,COURT SERVICES DIVISION,COURT SERVICES DIVISION,COURT SERVICES DIVISION,COURT SERVICES DIVISION,COURT SERVICES DIVISION,COURT SERVICES DIVISION,COURT SERVICES DIVISION,,
The,Augusta,Augusta,County,Sheriff’s,,Office,Court,Court,Services,Services,Division,Division,consists,of,Sgt.
Michael,Michael,"Painter,",Corporal,Corporal,Jerry,Shifflett,Shifflett,and,7,fulltime,and,1,part,deputy.,The
Division,Division,provides,court,court,security,in,three,county,county,courts,and,and,is,responsible,for
transporting prisoners to and from the court complex.,transporting prisoners to and from the court complex.,transporting prisoners to and from the court complex.,transporting prisoners to and from the court complex.,transporting prisoners to and from the court complex.,transporting prisoners to and from the court complex.,transporting prisoners to and from the court complex.,transporting prisoners to and from the court complex.,transporting prisoners to and from the court complex.,transporting prisoners to and from the court complex.,,,,,,
,,,CIVIL PROCESS DIVISION,CIVIL PROCESS DIVISION,CIVIL PROCESS DIVISION,CIVIL PROCESS DIVISION,CIVIL PROCESS DIVISION,CIVIL PROCESS DIVISION,CIVIL PROCESS DIVISION,CIVIL PROCESS DIVISION,CIVIL PROCESS DIVISION,CIVIL PROCESS DIVISION,,,
The Augusta County Sheriff’s Office Civil Process Division consists of Sgt. James,The Augusta County Sheriff’s Office Civil Process Division consists of Sgt. James,The Augusta County Sheriff’s Office Civil Process Division consists of Sgt. James,The Augusta County Sheriff’s Office Civil Process Division consists of Sgt. James,The Augusta County Sheriff’s Office Civil Process Division consists of Sgt. James,The Augusta County Sheriff’s Office Civil Process Division consists of Sgt. James,The Augusta County Sheriff’s Office Civil Process Division consists of Sgt. James,The Augusta County Sheriff’s Office Civil Process Division consists of Sgt. James,The Augusta County Sheriff’s Office Civil Process Division consists of Sgt. James,The Augusta County Sheriff’s Office Civil Process Division consists of Sgt. James,The Augusta County Sheriff’s Office Civil Process Division consists of Sgt. James,The Augusta County Sheriff’s Office Civil Process Division consists of Sgt. James,The Augusta County Sheriff’s Office Civil Process Division consists of Sgt. James,The Augusta County Sheriff’s Office Civil Process Division consists of Sgt. James,The Augusta County Sheriff’s Office Civil Process Division consists of Sgt. James,The Augusta County Sheriff’s Office Civil Process Division consists of Sgt. James
“Monty” Sellers and 6 fulltime deputies. In 2009 the Civil Process Division served,“Monty” Sellers and 6 fulltime deputies. In 2009 the Civil Process Division served,“Monty” Sellers and 6 fulltime deputies. In 2009 the Civil Process Division served,“Monty” Sellers and 6 fulltime deputies. In 2009 the Civil Process Division served,“Monty” Sellers and 6 fulltime deputies. In 2009 the Civil Process Division served,“Monty” Sellers and 6 fulltime deputies. In 2009 the Civil Process Division served,“Monty” Sellers and 6 fulltime deputies. In 2009 the Civil Process Division served,“Monty” Sellers and 6 fulltime deputies. In 2009 the Civil Process Division served,“Monty” Sellers and 6 fulltime deputies. In 2009 the Civil Process Division served,“Monty” Sellers and 6 fulltime deputies. In 2009 the Civil Process Division served,“Monty” Sellers and 6 fulltime deputies. In 2009 the Civil Process Division served,“Monty” Sellers and 6 fulltime deputies. In 2009 the Civil Process Division served,“Monty” Sellers and 6 fulltime deputies. In 2009 the Civil Process Division served,“Monty” Sellers and 6 fulltime deputies. In 2009 the Civil Process Division served,“Monty” Sellers and 6 fulltime deputies. In 2009 the Civil Process Division served,“Monty” Sellers and 6 fulltime deputies. In 2009 the Civil Process Division served
"21,708 pieces of civil process of all types.","21,708 pieces of civil process of all types.","21,708 pieces of civil process of all types.","21,708 pieces of civil process of all types.","21,708 pieces of civil process of all types.","21,708 pieces of civil process of all types.","21,708 pieces of civil process of all types.","21,708 pieces of civil process of all types.",,,,,,,,
,,,,TRAFFIC DIVISION,TRAFFIC DIVISION,TRAFFIC DIVISION,TRAFFIC DIVISION,TRAFFIC DIVISION,TRAFFIC DIVISION,TRAFFIC DIVISION,,,,,
The,Augusta,Augusta,County,Sheriff’s,,Office,has,a,small,but,active,active,Traffic,Division.,Division.
Lieutenant James Mader has been serving as the Department’s Traffic Officer for,Lieutenant James Mader has been serving as the Department’s Traffic Officer for,Lieutenant James Mader has been serving as the Department’s Traffic Officer for,Lieutenant James Mader has been serving as the Department’s Traffic Officer for,Lieutenant James Mader has been serving as the Department’s Traffic Officer for,Lieutenant James Mader has been serving as the Department’s Traffic Officer for,Lieutenant James Mader has been serving as the Department’s Traffic Officer for,Lieutenant James Mader has been serving as the Department’s Traffic Officer for,Lieutenant James Mader has been serving as the Department’s Traffic Officer for,Lieutenant James Mader has been serving as the Department’s Traffic Officer for,Lieutenant James Mader has been serving as the Department’s Traffic Officer for,Lieutenant James Mader has been serving as the Department’s Traffic Officer for,Lieutenant James Mader has been serving as the Department’s Traffic Officer for,Lieutenant James Mader has been serving as the Department’s Traffic Officer for,Lieutenant James Mader has been serving as the Department’s Traffic Officer for,Lieutenant James Mader has been serving as the Department’s Traffic Officer for
several years and he is the most active traffic enforcer in the Department. In 2009,several years and he is the most active traffic enforcer in the Department. In 2009,several years and he is the most active traffic enforcer in the Department. In 2009,several years and he is the most active traffic enforcer in the Department. In 2009,several years and he is the most active traffic enforcer in the Department. In 2009,several years and he is the most active traffic enforcer in the Department. In 2009,several years and he is the most active traffic enforcer in the Department. In 2009,several years and he is the most active traffic enforcer in the Department. In 2009,several years and he is the most active traffic enforcer in the Department. In 2009,several years and he is the most active traffic enforcer in the Department. In 2009,several years and he is the most active traffic enforcer in the Department. In 2009,several years and he is the most active traffic enforcer in the Department. In 2009,several years and he is the most active traffic enforcer in the Department. In 2009,several years and he is the most active traffic enforcer in the Department. In 2009,several years and he is the most active traffic enforcer in the Department. In 2009,several years and he is the most active traffic enforcer in the Department. In 2009
Lt. Mader issued 1051 Virginia Uniform Summonses.,Lt. Mader issued 1051 Virginia Uniform Summonses.,Lt. Mader issued 1051 Virginia Uniform Summonses.,Lt. Mader issued 1051 Virginia Uniform Summonses.,Lt. Mader issued 1051 Virginia Uniform Summonses.,Lt. Mader issued 1051 Virginia Uniform Summonses.,Lt. Mader issued 1051 Virginia Uniform Summonses.,Lt. Mader issued 1051 Virginia Uniform Summonses.,Lt. Mader issued 1051 Virginia Uniform Summonses.,Lt. Mader issued 1051 Virginia Uniform Summonses.,,,,,,
,,,I NVESTIGATIONS DIVISION,I NVESTIGATIONS DIVISION,I NVESTIGATIONS DIVISION,I NVESTIGATIONS DIVISION,I NVESTIGATIONS DIVISION,I NVESTIGATIONS DIVISION,I NVESTIGATIONS DIVISION,I NVESTIGATIONS DIVISION,I NVESTIGATIONS DIVISION,I NVESTIGATIONS DIVISION,,,
The Augusta County Sheriff’s Office Criminal Investigations Division is commanded,The Augusta County Sheriff’s Office Criminal Investigations Division is commanded,The Augusta County Sheriff’s Office Criminal Investigations Division is commanded,The Augusta County Sheriff’s Office Criminal Investigations Division is commanded,The Augusta County Sheriff’s Office Criminal Investigations Division is commanded,The Augusta County Sheriff’s Office Criminal Investigations Division is commanded,The Augusta County Sheriff’s Office Criminal Investigations Division is commanded,The Augusta County Sheriff’s Office Criminal Investigations Division is commanded,The Augusta County Sheriff’s Office Criminal Investigations Division is commanded,The Augusta County Sheriff’s Office Criminal Investigations Division is commanded,The Augusta County Sheriff’s Office Criminal Investigations Division is commanded,The Augusta County Sheriff’s Office Criminal Investigations Division is commanded,The Augusta County Sheriff’s Office Criminal Investigations Division is commanded,The Augusta County Sheriff’s Office Criminal Investigations Division is commanded,The Augusta County Sheriff’s Office Criminal Investigations Division is commanded,The Augusta County Sheriff’s Office Criminal Investigations Division is commanded
by,Lt.,A.C.,Powers,and,consists,of,Sgt.,Aaron,Aaron,Leveck,and,four,four,investigators,in
General Investigations. These investigators are on call for all manner of criminal,General Investigations. These investigators are on call for all manner of criminal,General Investigations. These investigators are on call for all manner of criminal,General Investigations. These investigators are on call for all manner of criminal,General Investigations. These investigators are on call for all manner of criminal,General Investigations. These investigators are on call for all manner of criminal,General Investigations. These investigators are on call for all manner of criminal,General Investigations. These investigators are on call for all manner of criminal,General Investigations. These investigators are on call for all manner of criminal,General Investigations. These investigators are on call for all manner of criminal,General Investigations. These investigators are on call for all manner of criminal,General Investigations. These investigators are on call for all manner of criminal,General Investigations. These investigators are on call for all manner of criminal,General Investigations. These investigators are on call for all manner of criminal,General Investigations. These investigators are on call for all manner of criminal,General Investigations. These investigators are on call for all manner of criminal
investigations and in 2009 they handled 494 cases.,investigations and in 2009 they handled 494 cases.,investigations and in 2009 they handled 494 cases.,investigations and in 2009 they handled 494 cases.,investigations and in 2009 they handled 494 cases.,investigations and in 2009 they handled 494 cases.,investigations and in 2009 they handled 494 cases.,investigations and in 2009 they handled 494 cases.,investigations and in 2009 they handled 494 cases.,investigations and in 2009 they handled 494 cases.,,,,,,
Investigators can also be found in specialized units such as the Drug Task Force,Investigators can also be found in specialized units such as the Drug Task Force,Investigators can also be found in specialized units such as the Drug Task Force,Investigators can also be found in specialized units such as the Drug Task Force,Investigators can also be found in specialized units such as the Drug Task Force,Investigators can also be found in specialized units such as the Drug Task Force,Investigators can also be found in specialized units such as the Drug Task Force,Investigators can also be found in specialized units such as the Drug Task Force,Investigators can also be found in specialized units such as the Drug Task Force,Investigators can also be found in specialized units such as the Drug Task Force,Investigators can also be found in specialized units such as the Drug Task Force,Investigators can also be found in specialized units such as the Drug Task Force,Investigators can also be found in specialized units such as the Drug Task Force,Investigators can also be found in specialized units such as the Drug Task Force,Investigators can also be found in specialized units such as the Drug Task Force,Investigators can also be found in specialized units such as the Drug Task Force
which has a Sergeant and two investigators and the Regional Gang Task Force,which has a Sergeant and two investigators and the Regional Gang Task Force,which has a Sergeant and two investigators and the Regional Gang Task Force,which has a Sergeant and two investigators and the Regional Gang Task Force,which has a Sergeant and two investigators and the Regional Gang Task Force,which has a Sergeant and two investigators and the Regional Gang Task Force,which has a Sergeant and two investigators and the Regional Gang Task Force,which has a Sergeant and two investigators and the Regional Gang Task Force,which has a Sergeant and two investigators and the Regional Gang Task Force,which has a Sergeant and two investigators and the Regional Gang Task Force,which has a Sergeant and two investigators and the Regional Gang Task Force,which has a Sergeant and two investigators and the Regional Gang Task Force,which has a Sergeant and two investigators and the Regional Gang Task Force,which has a Sergeant and two investigators and the Regional Gang Task Force,which has a Sergeant and two investigators and the Regional Gang Task Force,which has a Sergeant and two investigators and the Regional Gang Task Force
which has one investigator.,which has one investigator.,which has one investigator.,which has one investigator.,which has one investigator.,,,,,,,,,,,
,,,,,,,,,,,,,,,10
