Bureau of Justice Statistics,,,,,,
filename: dcst06let1.csv,,,,,,
"State and local law enforcement table 1. Number of arrest-related deaths, by cause of death, 2003-2006",,,,,,
title: Deaths in Custody Reporting Program web tables,,,,,,
data source: Deaths in Custody Reporting Program,,,,,,
authors: Christopher J. Mumola and Margaret E. Noonan,,,,,,
refer questions to: askbjs@usdoj.gov  (202) 307-0765,,,,,,
date of version: 06-16-09,,,,,,
,,,,,,
"State and local law enforcement table 1. Number of arrest-related deaths, by cause of death, 2003-2006",,,,,,
,,Number of arrest-related deaths,,,,
Cause of death,,2003-2006,2003,2004,2005,2006
,All causes,"2,686",627,670,679,710
Homicide �,,,,,,
,by law enforcement,"1,540",366,367,368,439
,by other persons,13,3,4,4,2
Drug/alcohol intoxication,,317,83,79,85,70
Suicide,,289,59,84,79,67
Accidental injury,,182,52,41,47,42
Illness/natural causes,,139,27,46,32,34
Other/unknown,,206,37,49,64,56
Note: See Methodology for information on missing data by dtate for each year.,,,,,,
