Bureau of Justice Statistics,,,,,,,,,,
Filename: dcst07lj3.csv,,,,,,,,,,
"Jail table 3. Mortality rate per 100,000 local jail inmates, by cause of death, 2000-2007",,,,,,,,,,
Title: Deaths in Custody Reporting Program web tables,,,,,,,,,,
Data source(s): Deaths in Custody Reporting Program,,,,,,,,,,
Author: Margaret E. Noonan,,,,,,,,,,
Refer questions to: askbjs@usdoj.gov  (202) 307-0765,,,,,,,,,,
Date of version: 10-27-2010,,,,,,,,,,
,,,,,,,,,,
"Jail table 3. Mortality rate per 100,000 local jail inmates, by cause of death, 2000-2007",,,,,,,,,,
,,,"Mortality rate per 100,000 local jail inmates",,,,,,,
Cause of death,,"Average annual mortality rate per 100,000 local jail inmates, 2000-2007",2000,2001,2002,2003,2004,2005,2006,2007
,All causes,145,151,148,145,146,143,140,142,141
Illness,,69,77,67,68,67,67,62,72,72
AIDS,,7,10,9,8,8,7,5,7,5
Suicide,,42,48,49,47,43,42,38,36,36
Drug/alcohol intoxication,,10,6,9,8,13,11,11,11,10
Accident,,4,4,5,5,4,4,3,4,2
Homicide,,3,3,3,3,2,3,3,5,3
Other/unknown,,8,3,5,6,9,8,17,7,12
"Note: Mortality rates are based on the average daily population (ADP) for the years 2002 through 2007. In 2000 and 2001, ADP was estimated by taking the average of the January 1 and December 31 one-day inmate population counts.",,,,,,,,,,
