Bureau of Justice Statistics,,,,,,,,,,,,,,,,
filename: dcst07spt2.csv,,,,,,,,,,,,,,,,
"State prisoner table 2. Percent of state prisoner deaths, by cause of death, 2001-2007",,,,,,,,,,,,,,,,
title: Deaths in Custody Reporting Program web tables,,,,,,,,,,,,,,,,
data source: Deaths in Custody Reporting Program,,,,,,,,,,,,,,,,
authors: Christopher J. Mumola and Margaret E. Noonan,,,,,,,,,,,,,,,,
refer questions to: askbjs@usdoj.gov  (202) 307-0765,,,,,,,,,,,,,,,,
date of version: 04-06-2010,,,,,,,,,,,,,,,,
"Table 2. Percent of state prisoner deaths, by cause of death, 2001-2007",,,,,,,,,,,,,,,,
,Percent of state prisoner deaths,,,,,,,,,,,,,,,
,2001-2007,,2001,,2002,,2003,,2004,,2005,,2006,,2007,
All causes,100,%,100,%,100,%,100,%,100,%,100,%,100,%,100,%
Illness,82.9,,80.8,,84.3,,83.4,,84.3,,84,,83.4,,84.4,
AIDS,5.8,,8.3,,4.6,,4,,4.6,,4.8,,4,,3.5,
Suicide,6.3,,5.7,,6.4,,6.8,,6.4,,6.8,,6.8,,6.3,
Homicide,1.6,,1.6,,1.6,,1.7,,1.6,,1.8,,1.7,,1.7,
Drug/alcohol intoxication,1.2,,1.3,,0.7,,1.8,,0.7,,1.2,,1.8,,1.2,
Accident,0.9,,1.1,,1.2,,1,,1.2,,0.9,,1,,0.8,
Other/Don't know,1.2,,1.3,,1.2,,1.3,,1.2,,0.6,,1.3,,2,
"Note: Executions are not included; for data on executions, see Capital Punishment, 2007 - Statistical Tables. <http://bjs.ojp.usdoj.gov/index.cfm?ty=pbdetail&iid=687>",,,,,,,,,,,,,,,,
