Bureau of Justice Statistics,,,,,,,,,,,,,,
filename: dcst07spt10.csv,,,,,,,,,,,,,,
"State prisoner table 10. Percent of state prisoner deaths, by cause of death and selected characteristics, 2001-2007",,,,,,,,,,,,,,
title: Deaths in Custody Reporting Program web tables,,,,,,,,,,,,,,
data source: Deaths in Custody Reporting Program,,,,,,,,,,,,,,
authors: Christopher J. Mumola and Margaret E. Noonan,,,,,,,,,,,,,,
refer questions to: askbjs@usdoj.gov  (202) 307-0765,,,,,,,,,,,,,,
date of version: 04-06-2010,,,,,,,,,,,,,,
"Table 10. Percent of state prisoner deaths, by cause of death and selected characteristics, 2001-2007",,,,,,,,,,,,,,
,"Percent of state prisoner deaths, by cause of death, 2001-2007",,,,,,,,,,,,,
,Illness,,AIDS,,Suicide,,Homicide,,Drug/alcohol intoxication,,Accident,,Other/Don't know,
Total,100,%,100,%,100,%,100,%,100,%,100,%,100,%
Gender,,,,,,,,,,,,,,
Male,96,%,95.2,%,95.2,%,98.9,%,96.5,%,96.6,%,94.1,%
Female,4,,4.8,,4.8,,1.1,,3.5,,3.4,,5.9,
Race/Hispanic origin,,,,,,,,,,,,,,
White,51.2,%,19.9,%,57.9,%,46.3,%,57.6,%,54.8,%,43.7,%
Black,37.2,,67.9,,22,,32.8,,20.2,,30.3,,45.4,
Hispanic,10.3,,11.5,,16.6,,18.4,,17.7,,11.5,,8,
Other*,1.3,,0.8,,3.6,,2.5,,4.5,,3.4,,2.9,
Age,,,,,,,,,,,,,,
Under 18,0,%,0,%,0.4,%,0.3,%,0,%,0.5,%,0,%
18-24,1,,0.9,,15.6,,12.6,,5.5,,9.1,,4.6,
25-34,4.7,,14.2,,33.5,,27.8,,28,,23.1,,13.1,
35-44,16.4,,45.7,,29.8,,31.7,,37,,26,,24.5,
45-54,33,,31.7,,15.6,,18.3,,22.4,,24,,26.2,
55 or older,44.9,,7.5,,5.1,,9.3,,7.1,,17.3,,31.6,
"Note: Executions are not included; for data on executions, see Capital Punishment, 2007 -Statistical Tables. <http://bjs.ojp.usdoj.gov/index.cfm?ty=pbdetail&iid=687>",,,,,,,,,,,,,,
"*Includes American Indians, Alaska Natives, Asians, Native Hawaiians, other Pacific Islanders, and persons of two or more races.",,,,,,,,,,,,,,
