Bureau of Justice Statistics,,,,,,,,,,,,,,,,,
"Filename: Criminal Victimization in the United States, 2008 Statistical Tables",,,,,,,,,,,,,,,,,
"Table 20. Victimization rates, by type of crime and annual family income",,,,,,,,,,,,,,,,,
"Report title: Criminal Victimization in the United States, 2008 Statistical Tables",,,,,,,,,,,,,,,,,
Data sources: National Crime Victimization Survey,,,,,,,,,,,,,,,,,
Author(s): Michael Rand and Jayne E. Robinson,,,,,,,,,,,,,,,,,
Refer questions to: askbjs@usdoj.gov 202-307-0765,,,,,,,,,,,,,,,,,
Date of version: 5/1/2011,,,,,,,,,,,,,,,,,
,,,,,,,,,,,,,,,,,
"Table 20. Property crimes, 2008:",,,,,,,,,,,,,,,,,
,,,,,,,,,,,,,,,,,
"Victimization rates, by type of crime and annual family income",,,,,,,,,,,,,,,,,
,,,,,,,,,,,,,,,,,
,,,,,,"Rate per 1,000 households",,,,,,,,,,,
,,,,      Less than,,"       $7,500-",,"      $15,000-",,"      $25,000-",,"      $35,000-",,"      $50,000-",,"$75,000 ",
Type of crime,,,,"$7,500 ",,"$14,999 ",,"$24,999 ",,"$34,999 ",,"$49,999 ",,"$74,999 ",,       or more,
,,,,,,,,,,,,,,,,,
Property crimes,,,,204.2,,175,,161.7,,150.5,,142.7,,125.8,,133.4,
  Household burglary,,,,56.6,,52.6,,32.3,,33,,26.8,,21.1,,16.3,
    Completed,,,,41.2,,38.2,,26.4,,26.5,,19.4,,17.9,,14.8,
      Forcible entry,,,,22.5,,15.4,,11.2,,14.6,,8.5,,7.9,,6.6,
      Unlawful entry without force,,,,18.6,,22.7,,15.2,,12,,10.9,,10,,8.3,
    Attempted forcible entry,,,,15.4,,14.4,,5.9,,6.4,,7.3,,3.2,,1.5,*
  Motor vehicle theft,,,,9.4,,7.8,,6.2,,6,,7.5,,7.6,,5.9,
    Completed,,,,8.2,*,5.5,*,5.5,,5.1,,5.7,,5.3,,4.4,
    Attempted,,,,1.2,*,2.3,*,0.6,*,1,*,1.7,*,2.3,*,1.4,*
  Theft,,,,138.3,,114.6,,123.2,,111.5,,108.5,,97,,111.2,
    Completed,,,,135.6,,105.3,,115.3,,108,,103.3,,92.4,,104.9,
       Less than $50,,,,30.1,,23,,35,,28.6,,28.3,,21.7,,25.5,
       $50 - $249,,,,56.9,,47.1,,42.6,,40.8,,34.4,,32.5,,35.7,
       $250 or more,,,,31.5,,26,,27.4,,24.2,,28.1,,26.4,,32.2,
       Amount not available,,,,17.1,,9.2,,10.3,,14.4,,12.5,,11.9,,11.5,
     Attempted,,,,2.7,*,9.3,,7.9,,3.5,*,5.3,,4.6,,6.3,
,,,,,,,,,,,,,,,,,
Total number of households,,,,"4,115,470",,"6,361,960",,"9,412,930",,"9,901,970",,"13,497,280",,"14,601,440",,"24,115,150",
,,,,,,,,,,,,,,,,,
,,,,,,,,,,,,,,,,,
Note: Detail may not add to total shown because of rounding. Excludes data on families whose income level was not ascertained.,,,,,,,,,,,,,,,,,
*Estimate is based on 10 or fewer sample cases.,,,,,,,,,,,,,,,,,
