Bureau of Justice Statistics,,,,,,,,,,,,,,,,,,
"Filename: Criminal Victictimization in the United States, 2008 Statistical Tables",,,,,,,,,,,,,,,,,,
"Table 3. Victimization rates for persons age 12 or older, by type of crime and age of victims",,,,,,,,,,,,,,,,,,
"Report title: Criminal Victictimization in the United States, 2008 Statistical Tables",,,,,,,,,,,,,,,,,,
Data sources: National Crime Victimization Survey,,,,,,,,,,,,,,,,,,
Author(s): Michael Rand and Jayne E. Robinson,,,,,,,,,,,,,,,,,,
Refer questions to: askbjs@usdoj.gov 202-307-0765,,,,,,,,,,,,,,,,,,
Date of version: 5/1/2011,,,,,,,,,,,,,,,,,,
,,,,,,,,,,,,,,,,,,
"Table 3. Personal crimes, 2008:",,,,,,,,,,,,,,,,,,
,,,,,,,,,,,,,,,,,,
"Victimization rates for persons age 12 or older,",,,,,,,,,,,,,,,,,,
by type of crime and age of victims,,,,,,,,,,,,,,,,,,
    ,,,,,,,,,,,,,,,,,,
    ,,,,,"Rate per 1,000 persons in each age group",,,,,,,,,,,,,
Type of crime         ,,,,,15-Dec,,16-19,,20-24,,25-34,,35-49,,50-64,,65 or older,
,,,,,,,,,,,,,,,,,,
,,,,,,,,,,,,,,,,,,
All personal crimes,,,,,43.6,,37.4,,38.4,,23.8,,17.4,,11.1,,3.5,
,,,,,,,,,,,,,,,,,,
Crimes of violence,,,,,42.2,,37,,37.8,,23.4,,16.7,,10.7,,3.1,
   Completed violence,,,,,12.3,,12.7,,15.1,,6,,4.2,,1.7,,0.5,*
   Attempted/threatened violence,,,,,29.9,,24.3,,22.6,,17.4,,12.6,,9,,2.6,
   Rape/sexual assault,,,,,1.6,*,2.2,,2.1,,0.7,*,0.8,,0.2,*,0.2,*
      Rape/Attempted rape,,,,,1.1,*,1.5,*,0.8,*,0.4,*,0.6,*,0.1,*,0.2,*
         Rape,,,,,0,*,0.8,*,0.5,*,0.2,*,0.3,*,0,*,0.1,*
         Attempted rapea ,,,,,1.1,*,0.7,*,0.3,*,0.2,*,0.3,*,0.1,*,0.1,*
      Sexual assaultb ,,,,,0.5,*,0.7,*,1.4,*,0.3,*,0.2,*,0.1,*,0.1,*
   Robbery,,,,,5.5,,4.8,,5.4,,2.3,,1.9,,0.8,,0.2,*
      Completed/property taken,,,,,3.5,,3.7,,3.9,,1.3,,1.2,,0.5,*,0.2,*
         With injury,,,,,1.1,*,1.6,*,1.4,*,0.8,*,0.4,*,0.1,*,0.1,*
         Without injury,,,,,2.5,,2.1,*,2.5,,0.5,*,0.8,,0.5,*,0.1,*
      Attempted to take property,,,,,1.9,*,1.1,*,1.4,*,1,,0.7,,0.2,*,0,*
         With injury,,,,,1,*,0.6,*,0.4,*,0.3,*,0.2,*,0.1,*,0,*
         Without injury,,,,,0.9,*,0.5,*,1.1,*,0.6,*,0.5,*,0.2,*,0,*
   Assault,,,,,35.2,,30,,30.3,,20.5,,14.1,,9.7,,2.7,
      Aggravated,,,,,6.1,,5.6,,8.7,,4,,2.7,,2,,0.4,*
         With injury,,,,,1.8,*,2.9,,3.9,,1,,0.5,*,0.3,*,0,*
         Threatened with weapon,,,,,4.3,,2.7,,4.9,,2.9,,2.2,,1.7,,0.4,*
      Simple,,,,,29,,24.5,,21.5,,16.5,,11.4,,7.7,,2.3,
         With minor injury,,,,,6.5,,4.7,,5.9,,3.2,,2,,0.8,,0.1,*
         Without injury,,,,,22.5,,19.8,,15.6,,13.3,,9.4,,6.9,,2.1,
Purse snatching/pocket picking,,,,,1.4,*,0.4,*,0.6,*,0.4,*,0.6,,0.4,*,0.5,*
                                                                                          ,,,,,,,,,,,,,,,,,,
Population in each age group,,,,,"16,414,550",,"17,280,270",,"20,547,620",,"40,649,500",,"65,123,030",,"55,116,320",,"37,111,240",
,,,,,,,,,,,,,,,,,,
,,,,,,,,,,,,,,,,,,
Note: Detail may not sum to total shown because of rounding.,,,,,,,,,,,,,,,,,,
*Estimate is based on 10 or fewer sample cases.,,,,,,,,,,,,,,,,,,
aIncludes verbal threats of rape.,,,,,,,,,,,,,,,,,,
bIncludes threats.,,,,,,,,,,,,,,,,,,
