Bureau of Justice Statistics,,,,,,,,,,,,
"Filename: Criminal Victimization in the United States, 2008 Statistical Tables",,,,,,,,,,,,
"Table 11. Victimization rates for persons age 12 or older, by type of crime and marital status of victims",,,,,,,,,,,,
"Report title: Criminal Victictimization in the United States, 2008 Statistical Tables",,,,,,,,,,,,
Data sources: National Crime Victimization Survey,,,,,,,,,,,,
Author(s): Michael Rand and Jayne E. Robinson,,,,,,,,,,,,
Refer questions to: askbjs@usdoj.gov 202-307-0765,,,,,,,,,,,,
Date of version: 5/1/2011,,,,,,,,,,,,
,,,,,,,,,,,,
"Table 11. Personal crimes, 2008:",,,,,,,,,,,,
,,,,,,,,,,,,
"Victimization rates for persons age 12 and over, by type of crime and marital status of victims",,,,,,,,,,,,
,,,,,,,,,,,,
All personal crimes,,,,,35.2,,8.8,,5.8,,32.5,
,,,,,,,,,,,,
Crimes of violence,,,,,34.2,,8.6,,5.4,,31.6,
   Completed violence,,,,,10.7,,1.6,,0.9,*,9.4,
   Attempted/threatened violence,,,,,23.5,,7,,4.4,,22.2,
   Rape/sexual assault,,,,,1.7,,0.2,*,0.2,*,1.1,*
      Rape/Attempted rape,,,,,1,,0.1,*,0,*,0.7,*
         Rape,,,,,0.4,*,0.1,*,0,*,0.2,*
         Attempted rapea,,,,,0.6,,0,*,0,*,0.5,*
      Sexual assaultb,,,,,0.7,,0.1,*,0.2,*,0.4,*
   Robbery,,,,,4.4,,0.7,,0,*,3.6,
      Completed/property taken,,,,,3,,0.4,,0,*,2.5,
         With injury,,,,,1,,0.2,*,0,*,1.1,*
         Without injury,,,,,2,,0.2,*,0,*,1.4,
      Attempted to take property,,,,,1.4,,0.3,*,0,*,1,*
         With injury,,,,,0.6,,0.1,*,0,*,0.4,*
         Without injury,,,,,0.8,,0.2,*,0,*,0.6,*
   Assault,,,,,28.1,,7.7,,5.1,,26.9,
      Aggravated,,,,,6,,1.6,,1.5,*,4.6,
         With injury,,,,,2.2,,0.4,,0,*,0.9,*
         Threatened with weapon,,,,,3.8,,1.2,,1.5,*,3.7,
      Simple,,,,,22.1,,6.1,,3.6,,22.3,
         With minor injury,,,,,4.5,,0.7,,0.7,*,5.4,
         Without injury,,,,,17.7,,5.4,,2.9,,16.9,
Purse snatching/pocket picking,,,,,0.9,,0.2,*,0.4,*,0.9,*
                                                                                          ,,,,,,,,,,,,
Population age 12 or older,,,,,"81,999,560",,"126,540,850",,"13,992,180",,"27,712,690",
,,,,,,,,,,,,
,,,,,,,,,,,,
Note: Detail may not add to total shown because of rounding. Excludes data on persons whose marital status was not ascertained.,,,,,,,,,,,,
*Estimate is based on 10 or fewer sample cases.,,,,,,,,,,,,
aIncludes verbal threats of rape.,,,,,,,,,,,,
bIncludes threats.,,,,,,,,,,,,
