Bureau of Justice Statistics,,,,,,,,,,,,
"Filename: Criminal Victictimization in the United States, 2008 Statistical Tables",,,,,,,,,,,,
"Table 8. Victimization rates for persons age 12 or older, by type of crime and ethnicity and sex of victims",,,,,,,,,,,,
"Report title: Victimization in the United States, 2008 Statistical Tables",,,,,,,,,,,,
Data sources: National Crime Victimization Survey,,,,,,,,,,,,
Author(s): Michael Rand and Jayne E. Robinson,,,,,,,,,,,,
Refer questions to: askbjs@usdoj.gov 202-307-0765,,,,,,,,,,,,
Date of version: 5/1/2011,,,,,,,,,,,,
,,,,,,,,,,,,
"Table 8. Personal crimes, 2008:",,,,,,,,,,,,
,,,,,,,,,,,,
"Victimization rates for persons age 12 or older,",,,,,,,,,,,,
by type of crime and ethnicity and sex of victims,,,,,,,,,,,,
,,,,,,,,,,,,
                                                                                                                   ,,,,"Rate per 1,000 persons age 12 or older",,,,,,,,
,,,,         Hispanic,,,,,         Non-Hispanic,,,
Type of crime,,,,Male,,         Female,,,Male,,         Female,
,,,,,,,,,,,,
,,,,,,,,,,,,
Crimes of violence,,,,17.9,,14.8,,,21.9,,17.7,
,,,,,,,,,,,,
   Completed violence,,,,5.5,,4.8,,,5.3,,5.6,
   Attempted violence,,,,12.4,,10.1,,,16.6,,12.1,
   Rape/sexual assaulta,,,,0.4,*,0.9,*,,0.3,*,1.3,
   Robbery,,,,4.4,,2.3,,,2.4,,1.6,
      Completed/property taken,,,,2.4,,1.3,*,,1.7,,1.2,
         With injury,,,,0.7,*,0,*,,0.7,,0.5,
         Without injury,,,,1.7,*,1.3,*,,1,,0.6,
      Attempted to take property,,,,2.1,*,1,*,,0.7,,0.5,
         With injury,,,,1,*,1,*,,0.2,*,0.1,*
         Without injury,,,,1.1,*,0,*,,0.5,,0.4,
   Assault,,,,13.1,,11.7,,,19.2,,14.7,
      Aggravated,,,,3.9,,3,,,3.9,,2.8,
         With injury,,,,1.5,*,0.8,*,,1,,0.9,
         Threatened with weapon,,,,2.4,,2.2,*,,2.8,,1.9,
      Simple,,,,9.2,,8.7,,,15.4,,11.9,
         With minor injury,,,,1.6,*,2,*,,2.5,,2.5,
         Without injury,,,,7.6,,6.6,,,12.8,,9.3,
Purse snatching/pocket picking,,,,0.5,*,0.9,*,,0.6,,0.5,
,,,,,,,,,,,,
Total population age 12 or older,,,,"17,490,720",,"17,015,960",,,"105,372,970",,"111,978,780",
,,,,,,,,,,,,
Note: Detail may not add to total shown because of rounding. Excludes data on persons whose ethnicity was not ascertained.,,,,,,,,,,,,
*Estimate is based on 10 or fewer sample cases.,,,,,,,,,,,,
aIncludes verbal threats of rape and threats of sexual assault.,,,,,,,,,,,,
