Bureau of Justice Statistics,,,,,,,,,,,,,,,,,
"Filename: Criminal Victimization in the United States, 2008 Statistical Tables",,,,,,,,,,,,,,,,,
"Table 14. Victimization rates for persons age 12 or older, by type of crime and annual family income of victims",,,,,,,,,,,,,,,,,
"Report title: Criminal Victictimization in the United States, 2008 Statistical Tables",,,,,,,,,,,,,,,,,
Data sources: National Crime Victimization Survey,,,,,,,,,,,,,,,,,
Author(s): Michael Rand and Jayne E. Robinson,,,,,,,,,,,,,,,,,
Refer questions to: askbjs@usdoj.gov 202-307-0765,,,,,,,,,,,,,,,,,
Date of version: 5/1/2011,,,,,,,,,,,,,,,,,
,,,,,,,,,,,,,,,,,
"Victimization rates for persons age 12 or older,",,,,,,,,,,,,,,,,,
by type of crime and annual family income of victims,,,,,,,,,,,,,,,,,
,,,,,,,,,,,,,,,,,
,,,,"Rate per 1,000 persons age 12 or older",,,,,,,,,,,,,
                                                                                                                                           ,,,,         Less than,,"         $7,500-",,"        $15,000-",,"        $25,000-",,"        $35,000-",,"       $50,000-",,"$75,000 ",
Type of crime         ,,,,"$7,500 ",,"$14,999 ",,"$24,999 ",,"$34,999 ",,"$49,999 ",,"$74,999 ",,        or more,
,,,,,,,,,,,,,,,,,
,,,,,,,,,,,,,,,,,
All personal crimes,,,,44,,41.3,,26.5,,25.7,,23.1,,16.5,,12.9,
,,,,,,,,,,,,,,,,,
Crimes of violence,,,,43.5,,40.4,,26,,25.4,,22.4,,15.9,,12.6,
   Completed violence,,,,17.9,,10.2,,7,,9.4,,5.5,,2.4,,3.3,
   Attempted/threatened violence,,,,25.6,,30.2,,19,,16.1,,16.9,,13.5,,9.3,
   Rape/sexual assault,,,,4.4,*,2.1,*,1,*,0.6,*,1,*,0,*,0.5,*
      Rape/Attempted rape,,,,3.2,*,1.5,*,0.4,*,0.3,*,1,*,0,*,0.3,*
         Rape,,,,2.4,*,0.3,*,0.2,*,0,*,0.5,*,0,*,0.1,*
         Attempted rapea  ,,,,0.8,*,1.2,*,0.2,*,0.3,*,0.4,*,0,*,0.2,*
      Sexual assaultb,,,,1.2,*,0.6,*,0.5,*,0.3,*,0,*,0,*,0.2,*
   Robbery,,,,5.9,,4.8,,3,,3.7,,2,,1.3,,1.4,
      Completed/property taken,,,,4.1,*,3.6,*,1.7,*,2.4,,1.2,*,0.7,*,0.8,
         With injury,,,,1.8,*,1.7,*,0.7,*,0.6,*,0.4,*,0.5,*,0.3,*
         Without injury,,,,2.3,*,2,*,1,*,1.8,*,0.8,*,0.2,*,0.5,*
      Attempted to take property,,,,1.8,*,1.1,*,1.3,*,1.2,*,0.8,*,0.7,*,0.6,*
         With injury,,,,0,*,0.4,*,0.5,*,0.3,*,0.6,*,0.5,*,0.2,*
         Without injury,,,,1.8,*,0.8,*,0.8,*,0.9,*,0.2,*,0.1,*,0.4,*
   Assault,,,,33.1,,33.5,,22,,21.2,,19.3,,14.6,,10.7,
      Aggravated,,,,9.3,,8.6,,5.3,,3.4,,3.8,,3,,1.9,
         With injury,,,,4.7,*,1.9,*,1.3,*,1,*,1.3,*,0.7,*,0.4,*
         Threatened with weapon,,,,4.6,*,6.7,,4,,2.4,,2.5,,2.3,,1.4,
      Simple,,,,23.8,,24.9,,16.8,,17.8,,15.5,,11.6,,8.8,
         With minor injury,,,,6.2,,3.7,,3.4,,5.9,,2.4,,1.1,*,1.7,
         Without injury,,,,17.6,,21.2,,13.4,,11.9,,13.1,,10.5,,7.1,
Purse snatching/pocket picking,,,,0.5,*,0.9,*,0.6,*,0.2,*,0.7,*,0.6,*,0.3,*
                                                                                          ,,,,,,,,,,,,,,,,,
Population age 12 or older,,,,"6,760,710",,"10,261,320",,"17,538,250",,"19,522,830",,"28,963,880",,"33,797,170",,"59,992,830",
,,,,,,,,,,,,,,,,,
Note: Detail may not add to total shown because of rounding. Excludes data on persons whose family income level was not ascertained.,,,,,,,,,,,,,,,,,
*Estimate is based on 10 or fewer sample cases.,,,,,,,,,,,,,,,,,
aIncludes verbal threats of rape.,,,,,,,,,,,,,,,,,
bIncludes threats.,,,,,,,,,,,,,,,,,
