Bureau of Justice Statistics,,,,,,,,,,,,
"Filename: Criminal Victimization in the United States, 2008 Statistical Tables",,,,,,,,,,,,
Table 17. Number of victimizations and victimization rates by type of crime and ethnicity of head of household,,,,,,,,,,,,
"Report title: Criminal Victimization in the United States, 2008 Statistical Tables",,,,,,,,,,,,
Data sources: National Crime Victimization Survey,,,,,,,,,,,,
Author(s): Michael Rand and Jayne E. Robinson,,,,,,,,,,,,
Refer questions to: askbjs@usdoj.gov 202-307-0765,,,,,,,,,,,,
Date of version: 5/1/2011,,,,,,,,,,,,
,,,,,,,,,,,,
"Table 17. Property crimes, 2008:",,,,,,,,,,,,
,,,,,,,,,,,,
"Number of victimizations and victimization rates, by type of crime",,,,,,,,,,,,
and ethnicity of head of household,,,,,,,,,,,,
       ,,,,,,,,,,,,
                                                                                           ,,"Rate per 1,000 households",,,,,,,,,,
,,         Totala,,,,Hispanic,,,,Non-Hispanic,,
Type of crime,,Number,,Rate,,Number,,Rate,,Number,,Rate
,,,,,,,,,,,,
,,,,,,,,,,,,
Property crimes,,"16,319,180",,134.7,,"2,571,060",,187.5,,"13,744,100",,128.2
                                                                                           ,,,,,,,,,,,,
   Household burglary,,"3,188,620",,26.3,,"470,410",,34.3,,"2,718,210",,25.4
      Completed,,"2,598,960",,21.5,,"377,590",,27.5,,"2,221,370",,20.7
         Forcible entry,,"1,191,290",,9.8,,"228,960",,16.7,,"962,330",,9
         Unlawful entry without force,,"1,407,670",,11.6,,"148,630",,10.8,,"1,259,040",,11.7
      Attempted forcible entry,,"589,660",,4.9,,"92,820",,6.8,,"496,840",,4.6
   Motor vehicle theft,,"795,160",,6.6,,"160,770",,11.7,,"634,390",,5.9
      Completed,,"593,360",,4.9,,"107,160",,7.8,,"486,200",,4.5
      Attempted,,"201,800",,1.7,,"53,610",,3.9,,"148,190",,1.4
   Theft,,"12,335,400",,101.8,,"1,939,880",,141.4,,"10,391,500",,96.9
      Completed,,"11,740,750",,96.9,,"1,839,660",,134.1,,"9,897,060",,92.3
         Less than $50,,"2,859,180",,23.6,,"382,500",,27.9,,"2,474,880",,23.1
         $50 - $249,,"4,169,140",,34.4,,"668,040",,48.7,,"3,498,870",,32.6
         $250 or more,,"3,265,320",,27,,"578,910",,42.2,,"2,686,410",,25.1
         Amount not available,,"1,447,100",,11.9,,"210,210",,15.3,,"1,236,900",,11.5
      Attempted,,"594,660",,4.9,,"100,220",,7.3,,"494,440",,4.6
,,,,,,,,,,,,
Total number of households,,"121,141,060",,...,,"13,715,890",,...,,"107,189,700",,...
,,,,,,,,,,,,
,,,,,,,,,,,,
Note: Detail may not add to total shown because of rounding.,,,,,,,,,,,,
...Not applicable.,,,,,,,,,,,,
"aIncludes data on persons whose ethnicity was not ascertained, which are not shown separately.",,,,,,,,,,,,
