Bureau of Justice Statistics,,,,,,,,,,,,,,,,,,,,
Filename:  cv0739.csv,,,,,,,,,,,,,,,,,,,,
"Table 39. Percent distribution of single-offender victimizations, by type of crime and perceived age of offender",,,,,,,,,,,,,,,,,,,,
"Data source: National Criminal Victimization Survey, 2007  NCJ 227669",,,,,,,,,,,,,,,,,,,,
Produced by:  Cathy Maston ,,,,,,,,,,,,,,,,,,,,
Authors:  Patsy Klaus and Cathy Maston,,,,,,,,,,,,,,,,,,,,
Refer questions to: askbjs@usdoj.gov  202-307-0765,,,,,,,,,,,,,,,,,,,,
Data of version:  02/03/10,,,,,,,,,,,,,,,,,,,,
,,,,,,,,,,,,,,,,,,,,
"Table 39. Personal crimes of violence, 2007: Percent distribution of single-offender victimizations, by type of crime and perceived age of offender",,,,,,,,,,,,,,,,,,,,
,,,Percent of single-offender victimizations,,,,,,,,,,,,,,,,,
,,,,,Perceived age of offender,,,,,,,,,,,,,,,
,,,,,,, 12-20,,,,,,,,,,,,,
Type of crime,Number of single-offender victimizations,,  Total,,Under 12,,  Total,, 12-14 ,,15-17,,18-20,,21-29,, 30 and over,,Not known and not available,
Crimes of violence,"4,074,630",,100,%,0.8,%*,28.9,%,7.6,%,12.5,%,8.7,%,24.2,%,34.6,%,11.6,%
   Completed violence,"1,171,330",,100,,1,*,31.4,,6.8,,13.7,,10.9,,27.1,,32.2,,8.3,
   Attempted/threatened violence,"2,903,300",,100,,0.7,*,27.8,,7.9,,12,,7.9,,23,,35.5,,12.9,
   Rape/Sexual assault/a,"226,590",,100,,0,*,15.9,,1.9,*,9.4,*,4.6,*,37.7,,37.3,,9,*
   Robbery,"297,500",,100,,0,*,28.2,,1.3,*,10.7,*,16.2,,30.2,,26,,15.5,
      Completed/property taken,"208,430",,100,,0,*,29.9,,1.9,*,11.9,*,16.1,*,33.6,,25.1,,11.4,*
         With injury,"89,950",,100,,0,*,21.2,*,4.4,*,11.1,*,5.7,*,45.1,,27.4,*,6.3,*
         Without injury,"118,470",,100,,0,*,36.4,,0,*,12.5,*,24,*,24.9,*,23.3,*,15.3,*
      Attempted to take property,"89,070",,100,,0,*,24.4,*,0,*,7.9,*,16.5,*,22.4,*,28.2,*,25,*
         With injury,"23,100",*,100,*,0,*,0,*,0,*,0,*,0,*,34.7,*,18.6,*,46.7,*
         Without injury,"65,970",,100,,0,*,32.9,*,0,*,10.7,*,22.3,*,18,*,31.6,*,17.5,*
   Assault,"3,550,540",,100,,0.9,*,29.7,,8.5,,12.9,,8.4,,22.8,,35.1,,11.4,
      Aggravated,"643,570",,100,,0.6,*,20.4,,2.8,*,8.2,,9.4,,26.2,,42,,10.7,
      Simple,"2,906,960",,100,,0.9,*,31.8,,9.7,,13.9,,8.2,,22.1,,33.6,,11.6,
Note: Detail may not add to total shown because of rounding.,,,,,,,,,,,,,,,,,,,,
*Estimate is based on 10 or fewer sample cases.,,,,,,,,,,,,,,,,,,,,
a/Includes verbal threats of rape and threats of sexual assault.,,,,,,,,,,,,,,,,,,,,
