Bureau of Justice Statistics,,,,,,,,,,,,,,
Filename:  cv0750.csv,,,,,,,,,,,,,,
"Table 50. Victimization rates for persons age 12 and over, by type of crime and number of years lived at current residence",,,,,,,,,,,,,,
"Data source: National Criminal Victimization Survey, 2007  NCJ 227669",,,,,,,,,,,,,,
Produced by:  Cathy Maston ,,,,,,,,,,,,,,
Authors:  Patsy Klaus and Cathy Maston,,,,,,,,,,,,,,
Refer questions to: askbjs@usdoj.gov  202-307-0765,,,,,,,,,,,,,,
Data of version:  02/03/10,,,,,,,,,,,,,,
,,,,,,,,,,,,,,
"Table 50. Violent crimes, 2007: Victimization rates for persons age 12 and over, by type of crime and number of years lived at current residence",,,,,,,,,,,,,,
       ,"Rate per 1,000 persons age 12 and over",,,,,,,,,,,,,
Type of crime,Total,Less than 6 months/a,  6 months to 1 year,,          1 year,,        2 years,,        3 years,,       4 years,, 5 years or more,
  Crimes of violence,21,60.3,34.3,,30.7,,23.1,,20.6,,19.4,,13.5,
    Completed violence,6.4,21.8,13.1,,9.1,,7.2,,4.8,,5.4,,3.8,
    Attempted/threatened violence,14.6,38.5,21.2,,21.6,,15.9,,15.8,,14,,9.8,
    Rape/Sexual assault/b,1,4.2,0.7,*,1.7,*,1.5,*,0.9,*,0.2,*,0.5,
    Robbery,2.4,8,3.1,,3.5,,2.8,,2,,2.2,*,1.6,
      Completed/property taken,1.8,6,2.1,*,2.7,,2.4,,1.1,*,1.9,*,1.1,
      Attempted to take property,0.6,2,1,*,0.8,*,0.4,*,0.9,*,0.3,*,0.4,
    Assault,17.6,48.1,30.5,,25.5,,18.8,,17.6,,17,,11.4,
      Aggravated,3.5,11.1,7.3,,4.6,,3.7,,4.2,,1,*,2.1,
        With injury,0.9,4.1,2,*,1,*,0.5,*,1.2,*,0.2,*,0.4,`
        Threatened with weapon,2.6,7,5.3,,3.6,,3.2,,3,,0.8,*,1.7,
      Simple,14.1,36.9,23.2,,20.9,,15,,13.4,,16,,9.3,
        With minor injury,3.1,8.6,8.3,,4.1,,3.6,,2,,3.3,,1.9,
        Without injury,11,28.3,14.9,,16.8,,11.5,,11.4,,12.7,,7.4,
Total population age 12 and over,"244,828,360","17,875,070","12,462,370",,"19,132,890",,"21,249,830",,"18,713,230",,"13,340,480",,"142,054,490",
"Note: The 2007 rates are comparable to 2005 and previous years, but not to 2006 because of changes in methodology. See Criminal Victimization, 2006, at <http:www.ojp.usdoj.gov/bjs/abstract/cv06.htm> and Criminal Victimization, 2007 at <http:www.ojp.usdoj.gov/bjs/abstract/cv07.htm>.",,,,,,,,,,,,,,
Detail may not add to total shown because of rounding.,,,,,,,,,,,,,,
Excludes data on persons whose mobility was not ascertained.,,,,,,,,,,,,,,
*Estimate is based on 10 or fewer sample cases.,,,,,,,,,,,,,,
a/These numbers are unbounded estimates.,,,,,,,,,,,,,,
b/Includes verbal threats of rape and threats of sexual assault.,,,,,,,,,,,,,,
