Bureau of Justice Statistics,,,,,,,,,,,,,,,,,
Filename:  cv0747.csv,,,,,,,,,,,,,,,,,
"Table 47. Percent distribution of multiple-offender victimizations, by type of crime, age of victims, and perceived age of offenders",,,,,,,,,,,,,,,,,
"Data source: National Criminal Victimization Survey, 2007  NCJ 227669",,,,,,,,,,,,,,,,,
Produced by:  Cathy Maston ,,,,,,,,,,,,,,,,,
Authors:  Patsy Klaus and Cathy Maston,,,,,,,,,,,,,,,,,
Refer questions to: askbjs@usdoj.gov  202-307-0765,,,,,,,,,,,,,,,,,
Data of version:  02/03/10,,,,,,,,,,,,,,,,,
,,,,,,,,,,,,,,,,,
"Table 47. Personal crimes of violence, 2007: Percent distribution of multiple-offender victimizations, by type of crime, age of victims, and perceived age of offenders",,,,,,,,,,,,,,,,,
,,,,Percent of all multiple-offender victimizations,,,,,,,,,,,,,
,,,,,,Perceived age of offenders,,,,,,,,,,,
Type of crime and age of victim,,Number of multiple-offender victimizations,,Total,,All under 12,,All 12-20,,All 21-29,,All 30 and over,, Mixed ages,,Not known and not available,
Crimes of violence/a,,,,,,,,,,,,,,,,,
, 12-19,"376,440",,100,%,0,%*,65.6,%,7.6,%*,0,%*,9.3,%,17.5,%
,20-34,"296,730",,100,%,0,*,22.4,,26.3,,4.8,*,29.4,,17,
,35-49,"144,690",,100,%,5.8,*,17.1,*,17.1,*,15.1,*,28.1,,16.8,*
,50-64,"102,790",,100,%,0,*,21.9,*,6.7,*,22.7,*,23.7,*,25,*
,65 and over,"16,560",*,100,%*,0,*,68.1,*,0,*,15.6,*,0,*,16.2,*
Robbery,,,,,,,,,,,,,,,,,
, 12-19,"101,210",,100,%,0,*,66.2,,16.4,*,0,*,6.7,*,10.7,*
,20-34,"100,200",,100,%,0,*,27.8,*,30.9,*,0,*,8.9,*,32.4,*
,35-49,"22,790",*,100,%*,0,*,9.4,*,12.9,*,0,*,29,*,48.7,*
,50-64,"37,300",,100,%,0,*,26,*,18.5,*,22.3,*,0,*,33.1,*
,65 and over,"12,140",*,100,%*,0,*,56.5,*,0,*,21.3,*,0,*,22.1,*
Assault,,,,,,,,,,,,,,,,,
, 12-19,"272,590",,100,%,0,*,65.1,,4.4,*,0,*,10.4,*,20.2,
,20-34,"196,530",,100,%,0,*,19.7,,24,,7.3,*,39.8,,9.2,*
,35-49,"119,130",,100,%,7,*,18.9,*,18.3,*,18.3,*,28.6,,8.8,*
,50-64,"62,590",,100,%,0,*,20.5,*,0,*,23.9,*,38.9,*,16.7,*
,65 and over,"4,420",*,100,%*,0,*,100,*,0,*,0,*,0,*,0,*
Note: Detail may not add to total shown because of rounding.,,,,,,,,,,,,,,,,,
*Estimate is based on 10 or fewer sample cases.,,,,,,,,,,,,,,,,,
"a/Includes data on rape and sexual assault, not shown separately.",,,,,,,,,,,,,,,,,
