Bureau of Justice Statistics,,,,,,,,,,,,,,
Filename:  cv0799.csv,,,,,,,,,,,,,,
"Table 99. Percent of victimizations reported to the police, by type of crime and annual family income",,,,,,,,,,,,,,
"Data source: National Criminal Victimization Survey, 2007  NCJ 227669",,,,,,,,,,,,,,
Produced by:  Cathy Maston ,,,,,,,,,,,,,,
Authors:  Patsy Klaus and Cathy Maston,,,,,,,,,,,,,,
Refer questions to: askbjs@usdoj.gov  202-307-0765,,,,,,,,,,,,,,
Data of version:  02/03/10,,,,,,,,,,,,,,
,,,,,,,,,,,,,,
"Table 99. Property crimes, 2007: Percent of victimizations reported to the police, by type of crime and annual family income",,,,,,,,,,,,,,
,Percent of victimizations reported to the police,,,,,,,,,,,,,
Type of crime,"Less than $7,500",,"$7,500-$14,999",,"$15,000-$24,999",,"$25,000-$34,999",,"$35,000-$49,999",,"$50,000-$74,999",,"$75,000 or more",
Property crimes,31.7,%,36.7,%,36.8,%,34.1,%,35.3,%,37.8,%,39.2,%
   Household burglary,44.6,,49.5,,51.3,,38,,47.6,,49.2,,62.3,
      Completed,40.3,,47.6,,54.2,,47.7,,46.6,,47.8,,62,
         Forcible entry,65.4,,70.6,,57,,69.9,,55.5,,79.1,,73.7,
         Unlawful entry without force,16,*,30.4,,51.7,,37,,40.7,,35.1,,50.8,
      Attempted forcible entry,66.1,*,56.4,,40.3,*,20,*,49.9,,54.1,,64.1,
   Motor vehicle theft,81.2,,82.1,,94.5,,80.5,,79.2,,94.3,,87.3,
      Completed,86.5,,85.5,,93.2,,91.1,,91.1,,100,,96.4,
      Attempted,46.3,*,0,*,100,*,46.2,*,42,*,74.6,*,58.2,*
   Theft,22.8,,28.4,,27.6,,29.6,,29.4,,31.8,,33.1,
      Completed,22,,29.1,,28.1,,29.1,,29.5,,31.1,,32.5,
         Less than $50,15.6,*,11.7,,13.7,,13.8,,16.5,,13.8,,16.9,
         $50 - $249,20.4,,33.6,,27.3,,23.5,,27.1,,28.2,,27.8,
         $250 or more,37.2,,46.4,,51.9,,54.9,,47.7,,51.3,,52.6,
         Amount not available,17.1,*,30.7,*,18,*,18.9,*,25.7,*,34.1,,30.6,
      Attempted,46,*,10.5,*,19.3,*,38.9,*,27.5,*,48.1,*,52.1,
Note: Excludes data on persons whose family income level was not ascertained.,,,,,,,,,,,,,,
*Estimate is based on 10 or fewer sample cases.,,,,,,,,,,,,,,
