Bureau of Justice Statistics,,,,,,,,,,,,,,
Filename:  cv0748.csv,,,,,,,,,,,,,,
"Table 48. Percent distribution of multiple-offender victimizations by type of crime, race of victims, and perceived race of offenders",,,,,,,,,,,,,,
"Data source: National Criminal Victimization Survey, 2007  NCJ 227669",,,,,,,,,,,,,,
Produced by:  Cathy Maston ,,,,,,,,,,,,,,
Authors:  Patsy Klaus and Cathy Maston,,,,,,,,,,,,,,
Refer questions to: askbjs@usdoj.gov  202-307-0765,,,,,,,,,,,,,,
Data of version:  02/03/10,,,,,,,,,,,,,,
,,,,,,,,,,,,,,
"Table 48. Personal crimes of violence, 2007: Percent distribution of multiple-offender victimizations by type of crime, race of victims, and perceived race of offenders",,,,,,,,,,,,,,
,,,Percent of multiple-offender victimizations,,,,,,,,,,,
,,,,,Perceived race of offenders,,,,,,,,,
Type of crime and race of victim,,Number of multiple-offendervictimizations,Total,,All white,,All  black,,All other,,Mixed races,,Not known and not available,
Crimes of violence/a,,,,,,,,,,,,,,
,White only,"666,940",100,%,45.8,%,25.5,%,4.9,%*,11.5,%,12.4,%
,Black only,"159,610",100,%,6.6,*,75.1,,2.6,*,10.2,*,5.6,*
Robbery,,,,,,,,,,,,,,
,White only,"172,720",100,%,30.2,,37,,5.7,*,14,*,13.1,*
,Black only,"67,990",100,%,0,*,85.7,,0,*,3.6,*,10.7,*
Assault,,,,,,,,,,,,,,
,White only,"488,800",100,%,51.3,,21.1,,4.7,*,10.7,,12.3,
,Black only,"88,710",100,%,11.8,*,66.2,,4.7,*,15.5,*,1.8,*
Note: Detail may not add to total shown because of rounding.,,,,,,,,,,,,,,
*Estimate is based on 10 or fewer sample cases.,,,,,,,,,,,,,,
"a/Includes data on rape and sexual assault, not shown separately.",,,,,,,,,,,,,,
