Bureau of Justice Statistics,,,,,,,,,,,,,,,,
Filename:  cv0780.csv,,,,,,,,,,,,,,,,
"Table 80. Percent distribution of victimizations in which injured victims received hospital care, by selected characteristics of victims, type of crime, and type of hospital care",,,,,,,,,,,,,,,,
"Data source: National Criminal Victimization Survey, 2007  NCJ 227669",,,,,,,,,,,,,,,,
Produced by:  Cathy Maston ,,,,,,,,,,,,,,,,
Authors:  Patsy Klaus and Cathy Maston,,,,,,,,,,,,,,,,
Refer questions to: askbjs@usdoj.gov  202-307-0765,,,,,,,,,,,,,,,,
Data of version:  02/03/10,,,,,,,,,,,,,,,,
,,,,,,,,,,,,,,,,
"Table 80. Personal crimes of violence, 2007: Percent distribution of victimizations in which injured victims received hospital care, by selected characteristics of victims, type of crime, and type of hospital care",,,,,,,,,,,,,,,,
        ,,,Percent of injured victims receiving care,,,,,,,,,,,,,
                                                                                                                        ,,,,,,,Inpatient care,,,,,,,,,
characteristic and type of crime,Number of victimizations,,Total,,Emergency room care,,Total,,Less than 1 day,,   1-3 days,,4 days or more,,Not available,
Gender,,,,,,,,,,,,,,,,
   Both genders,,,,,,,,,,,,,,,,
        Crimes of violence/a,"266,620",,100,%,80.6,%,19.4,%,8.5,%*,0,%*,7.5,%*,3.5,%*
        Robbery,"49,620",,100,%,84,,16,*,8.8,*,0,*,7.2,*,0,*
        Assault,"189,930",,100,%,81.1,,18.9,,5.4,*,0,*,8.6,*,4.9,*
   Male,,,,,,,,,,,,,,,,
        Crimes of violence/a,"129,340",,100,%,79.6,,20.4,*,9.1,*,0,*,11.4,*,0,*
        Robbery,"28,490",*,100,%*,72.1,*,27.9,*,15.3,*,0,*,12.6,*,0,*
        Assault,"100,850",,100,%,81.7,,18.3,*,7.3,*,0,*,11,*,0,*
   Female,,,,,,,,,,,,,,,,
        Crimes of violence/a,"137,280",,100,%,81.5,,18.5,*,7.9,*,0,*,3.8,*,6.8,*
        Robbery,"21,120",*,100,%*,100,*,0,*,0,*,0,*,0,*,0,*
        Assault,"89,080",,100,%,80.5,,19.5,*,3.1,*,0,*,5.9,*,10.4,*
Race/b,,,,,,,,,,,,,,,,
   White only,,,,,,,,,,,,,,,,
        Crimes of violence/a,"189,780",,100,%,84.5,,15.5,*,5.9,*,0,*,4.7,*,4.9,*
        Robbery,"33,150",*,100,%*,89.2,*,10.8,*,0,*,0,*,10.8,*,0,*
        Assault,"133,380",,100,%,83.8,,16.2,*,5.3,*,0,*,3.9,*,7,*
   Black only,,,,,,,,,,,,,,,,
        Crimes of violence/a,"54,100",,100,%,66.6,,33.4,*,12.9,*,0,*,20.5,*,0,*
        Robbery,"12,110",*,100,%*,100,*,0,*,0,*,0,*,0,*,0,*
        Assault,"38,160",,100,%,62.6,*,37.4,*,8.2,*,0,*,29.1,*,0,*
Victim-offender relationship,,,,,,,,,,,,,,,,
   Involving strangers,,,,,,,,,,,,,,,,
        Crimes of violence/a,"151,770",,100,%,82.6,,17.4,*,9.1,*,0,*,4,*,4.3,*
        Robbery,"32,360",*,100,%*,75.4,*,24.6,*,13.4,*,0,*,11.1,*,0,*
        Assault,"104,280",,100,%,86.4,,13.6,*,5,*,0,*,2.4,*,6.3,*
   Involving nonstrangers,,,,,,,,,,,,,,,,
        Crimes of violence/a,"114,850",,100,%,77.9,,22.1,*,7.7,*,0,*,12.1,*,2.4,*
        Robbery,"17,250",*,100,%*,100,*,0,*,0,*,0,*,0,*,0,*
        Assault,"85,650",,100,%,74.8,,25.2,*,5.8,*,0,*,16.2,*,3.2,*
Note: Detail may not add to total shown because of rounding.,,,,,,,,,,,,,,,,
*Estimate is based on 10 or fewer sample cases.,,,,,,,,,,,,,,,,
"a/Includes data on rape and sexual assault, not shown separately.",,,,,,,,,,,,,,,,
"b/Excludes data on persons of ""Other"" races and persons indicating two or more races.",,,,,,,,,,,,,,,,
