Bureau of Justice Statistics,,,,,,,
Filename:  cv0719.csv,,,,,,,
Table 19. Victimization rates by type of crime and age of head of household,,,,,,,
"Data source: National Criminal Victimization Survey, 2007  NCJ 227669",,,,,,,
Produced by:  Cathy Maston ,,,,,,,
Authors:  Patsy Klaus and Cathy Maston,,,,,,,
Refer questions to: askbjs@usdoj.gov  202-307-0765,,,,,,,
Data of version:  02/03/10,,,,,,,
,,,,,,,
"Table 19. Property crimes, 2007: Victimization rates by type of crime and age of head of household",,,,,,,
,"Rate per 1,000 households",,,,,,
Type of crime, 12-19,,20-34,35-49,50-64,     65 and over,
Property crimes,343,,192.8,174.7,121.6,75,
  Household burglary,82.9,,36.1,29.1,22.3,16.7,
    Completed,61.8,,27.5,24.2,17.9,13.3,
      Forcible entry,29.5,*,13.3,9.7,8.2,4.3,
      Unlawful entry without force,32.3,,14.2,14.5,9.7,9,
    Attempted forcible entry,21.1,*,8.6,4.9,4.4,3.4,
  Motor vehicle theft,12.8,*,12.9,7.4,8.3,3.7,
    Completed,12.8,*,10.8,6.2,6.3,3,
    Attempted,0,*,2.2,1.2,2,0.7,*
  Theft,247.4,,143.8,138.2,91,54.6,
    Completed,243,,137.4,132,87.7,53.3,
       Less than $50,45.5,,28.2,31.9,25.8,19.7,
       $50 - $249,104,,50.4,48.9,29.2,15.1,
       $250 or more,66.2,,42,34.7,21.5,11.9,
       Amount not available,27.2,*,16.9,16.6,11.2,6.6,
     Attempted,4.4,*,6.4,6.2,3.4,1.3,*
,,,,,,,
Total number of households,"1,144,920",,"26,832,480","36,280,380","31,329,130","23,916,630",
"Note: The 2007 rates are comparable to 2005 and previous years, but not to 2006 because of changes in methodology. See Criminal Victimization, 2006, at <http:www.ojp.usdoj.gov/bjs/abstract/cv06.htm> and Criminal Victimization, 2007 at <http:www.ojp.usdoj.gov/bjs/abstract/cv07.htm>.",,,,,,,
Detail may not add to total shown because of rounding.,,,,,,,
*Estimate is based on 10 or fewer sample cases.,,,,,,,
