Bureau of Justice Statistics,,,,,,
Filename:  cv0724.csv,,,,,,
Table 24. Victimization rates by type of crime and number of persons in household,,,,,,
"Data source: National Criminal Victimization Survey, 2007  NCJ 227669",,,,,,
Produced by:  Cathy Maston ,,,,,,
Authors:  Patsy Klaus and Cathy Maston,,,,,,
Refer questions to: askbjs@usdoj.gov  202-307-0765,,,,,,
Data of version:  02/03/10,,,,,,
,,,,,,
"Table 24. Property crimes, 2007: Victimization rates by type of crime and number of persons in household",,,,,,
                                                                                           ,"Rate per 1,000 households",,,,,
Type of crime,One,,Two-three,Four-five,Six or more,
Property crimes,105.7,,137.7,207.5,277.5,
  Household burglary,26.2,,25.4,29.6,40.7,
    Completed,20.5,,19.9,24.6,34.8,
      Forcible entry,9.2,,8.8,9.7,13.2,
      Unlawful entry without force,11.4,,11.1,14.9,21.6,
    Attempted forcible entry,5.7,,5.5,5,5.9,*
  Motor vehicle theft,5.4,,8.2,11.2,15.1,
    Completed,4.8,,6.6,9,9.9,
    Attempted,0.6,*,1.5,2.3,5.2,*
  Theft,74,,104.2,166.7,221.7,
    Completed,70.6,,99.7,161.4,212.8,
       Less than $50,21.2,,26.1,35.8,43.2,
       $50 - $249,21.8,,34.7,60.8,90,
       $250 or more,18.1,,27.3,43.3,52.6,
       Amount not available,9.4,,11.6,21.4,27,
     Attempted,3.4,,4.5,5.3,8.9,*
Total number of households,"33,322,630",,"59,490,690","23,021,800","3,668,420",
"Note: The 2007 rates are comparable to 2005 and previous years, but not to 2006 because of changes in methodology. See Criminal Victimization, 2006, at <http:www.ojp.usdoj.gov/bjs/abstract/cv06.htm> and Criminal Victimization, 2007 at <http:www.ojp.usdoj.gov/bjs/abstract/cv07.htm>.",,,,,,
Detail may not add to total shown because of rounding.,,,,,,
Excludes data on households where the number of persons was not ascertained.,,,,,,
*Estimate is based on 10 or fewer sample cases.,,,,,,
