Bureau of Justice Statistics,,,,,,,,,,,,,
Filename:  cv0725.csv,,,,,,,,,,,,,
Table 25. Victimization rates by type of crime and number of units in structure occupied by household,,,,,,,,,,,,,
"Data source: National Criminal Victimization Survey, 2007  NCJ 227669",,,,,,,,,,,,,
Produced by:  Cathy Maston ,,,,,,,,,,,,,
Authors:  Patsy Klaus and Cathy Maston,,,,,,,,,,,,,
Refer questions to: askbjs@usdoj.gov  202-307-0765,,,,,,,,,,,,,
Data of version:  02/03/10,,,,,,,,,,,,,
,,,,,,,,,,,,,
"Table 25. Property crimes, 2007: Victimization rates by type of crime and number of units in structure occupied by household",,,,,,,,,,,,,
                                                                                                      ,"Rate per 1,000 households",,,,,,,,,,,,
Type of crime,One/a,Two,,Three,,Four,,     Five-nine,,    Ten or more,,Other than housing unit  ,
Property crimes,140.2,173.1,,164.2,,174.5,,170,,152.9,,265.3,
  Household burglary,24.6,41.6,,39.8,,38.6,,38.5,,26.3,,20.4,*
    Completed,20.2,31,,33,,29.4,,30,,18.5,,15,*
      Forcible entry,9,14.8,,9.5,*,13.3,,10.9,,6.8,,5.9,*
      Unlawful entry without force,11.2,16.2,,23.6,,16.1,,19.2,,11.7,,9.1,*
    Attempted forcible entry,4.3,10.6,,6.7,*,9.1,*,8.5,,7.8,,5.4,*
  Motor vehicle theft,7.1,10.1,,3.9,*,9,*,14.1,,11.2,,32.1,*
    Completed,5.8,8.3,,2.7,*,9,*,9.6,,9.3,,32.1,*
    Attempted,1.3,1.8,*,1.3,*,0,*,4.5,*,1.8,*,0,*
  Theft,108.5,121.3,,120.4,,127,,117.4,,115.5,,212.8,
    Completed,104.8,115.3,,117,,122.5,,109.5,,108.7,,195.9,
       Less than $50,27.7,21.6,,26.1,,24.2,,26.6,,26.3,,50.2,*
       $50 - $249,36.4,44.2,,46.8,,44.8,,38.4,,40.4,,70.8,*
       $250 or more,27.7,32.2,,37.2,,34,,31.4,,28.6,,63.5,*
       Amount not available,13,17.3,,6.9,*,19.5,,13.1,,13.3,,11.3,*
     Attempted,3.7,6,,3.5,*,4.5,*,7.9,,6.8,,16.9,*
Total number of households,"87,671,720","5,756,790",,"1,583,520",,"3,651,780",,"5,973,690",,"14,566,200",,"299,850",
"Note: The 2007 rates are comparable to 2005 and previous years, but not to 2006 because of changes in methodology. See Criminal Victimization, 2006, at <http:www.ojp.usdoj.gov/bjs/abstract/cv06.htm> and Criminal Victimization, 2007 at <http:www.ojp.usdoj.gov/bjs/abstract/cv07.htm>.",,,,,,,,,,,,,
Detail may not add to total shown because of rounding.,,,,,,,,,,,,,
Excludes data on households for which the number of units in the structure was not ascertained.,,,,,,,,,,,,,
*Estimate is based on 10 or fewer sample cases.,,,,,,,,,,,,,
"a/Includes data on mobile homes, not shown separately.",,,,,,,,,,,,,
