Bureau of Justice Statistics,,,,,,,,,,,,,
Filename:  cv0731.csv,,,,,,,,,,,,,
"Table 31. Percent of victimizations involving strangers, by gender and marital status of victims, and type of crime",,,,,,,,,,,,,
"Data source: National Criminal Victimization Survey, 2007  NCJ 227669",,,,,,,,,,,,,
Produced by:  Cathy Maston ,,,,,,,,,,,,,
Authors:  Patsy Klaus and Cathy Maston,,,,,,,,,,,,,
Refer questions to: askbjs@usdoj.gov  202-307-0765,,,,,,,,,,,,,
Data of version:  02/03/10,,,,,,,,,,,,,
,,,,,,,,,,,,,
"Table 31. Personal crimes of violence, 2007: Percent of victimizations involving strangers, by gender and marital status of victims, and type of crime",,,,,,,,,,,,,
,,Percent of victimizations involving strangers,,,,,,,,,,,
,,,,,,,,Assault,,,,,
Gender and marital status,,Crime of violence,,Rape/Sexual assault/a,,Robbery,,     Total,,Aggravated,,   Simple,
Both genders,,,,,,,,,,,,,
,Never married,53.1,,34.8,,85.8,,49.4,,62.3,,46.6,
,Married,57.5,,63.7,*,81.7,,54.9,,65,,51.4,
,Widowed,43.2,,76,*,39.7,*,39.7,*,20.1,*,45.4,*
,Divorced or separated,42.4,,40.5,*,72.3,,37.3,,42.6,,36.1,
,,,,,,,,,,,,,
Male,,,,,,,,,,,,,
,Never married,66.9,,48.2,*,87.6,,62.7,,68,,61.3,
,Married,64.8,,100,*,95.5,,61.5,,71.9,,56.9,
,Widowed,43.9,*,0,*,43.4,*,44,*,33.7,*,48.8,*
,Divorced or separated,59.1,,0,*,94.2,,53.1,,69.7,,49,
,,,,,,,,,,,,,
Female,,,,,,,,,,,,,
,Never married,34.2,,34.2,,77.7,,31.6,,48.3,,29.4,
,Married,49.7,,61.9,*,63.6,*,47.6,,53.6,,46.1,
,Widowed,42.9,*,76,*,37.9,*,36.5,*,0,*,43.4,*
,Divorced or separated,29.9,,42.5,*,51.6,,24.2,,16.2,*,25.9,
Note: Excludes data on persons whose marital status was not ascertained.,,,,,,,,,,,,,
*Estimate is based on 10 or fewer sample cases.,,,,,,,,,,,,,
a/Includes verbal threats of rape and threats of sexual assault.,,,,,,,,,,,,,
