Bureau of Justice Statistics,,,,,,,,,,,,,,
Filename:  cv0716.csv,,,,,,,,,,,,,,
Table 16. Number of victimizations and victimization rates by type of crime and race of head of household,,,,,,,,,,,,,,
"Data source: National Criminal Victimization Survey, 2007  NCJ 227669",,,,,,,,,,,,,,
Produced by:  Cathy Maston ,,,,,,,,,,,,,,
Authors:  Patsy Klaus and Cathy Maston,,,,,,,,,,,,,,
Refer questions to: askbjs@usdoj.gov  202-307-0765,,,,,,,,,,,,,,
Data of version:  02/03/10,,,,,,,,,,,,,,
,,,,,,,,,,,,,,
"Table 16. Property crimes, 2007: Number of victimizations and victimization rates by type of crime and race of head of household",,,,,,,,,,,,,,
,"Rate per 1,000 households",,,,,,,,,,,,,
,         All Races,,White only,,Black only,,Other race only/a,,,,Two or more races/b,,,
Type of crime,Number,Rate,Number,Rate,Number,Rate,Number,,Rate,,Number,,Rate,
Property crimes,"17,508,530",146.5,"13,823,340",141.9,"2,558,360",170,"738,640",,129.2,,"388,200",,296.7,
   Household burglary,"3,215,090",26.9,"2,443,600",25.1,"560,200",37.2,"130,120",,22.8,,"81,170",,62,
      Completed,"2,563,190",21.4,"1,948,020",20,"431,200",28.6,"116,490",,20.4,,"67,470",,51.6,
         Forcible entry,"1,101,230",9.2,"781,490",8,"228,180",15.2,"69,640",,12.2,,"21,910",*,16.7,*
         Unlawful entry without force,"1,461,970",12.2,"1,166,530",12,"203,020",13.5,"46,850",,8.2,,"45,560",,34.8,
      Attempted forcible entry,"651,890",5.5,"495,580",5.1,"129,000",8.6,"13,630",*,2.4,*,"13,690",*,10.5,*
   Motor vehicle theft,"979,640",8.2,"687,500",7.1,"213,300",14.2,"44,200",,7.7,,"34,640",,26.5,
      Completed,"795,900",6.7,"550,040",5.6,"175,180",11.6,"41,450",,7.3,,"29,230",*,22.3,*
      Attempted,"183,740",1.5,"137,460",1.4,"38,120",2.5,"2,750",*,0.5,*,"5,410",*,4.1,*
   Theft /a,"13,313,800",111.4,"10,692,240",109.7,"1,784,860",118.6,"564,320",,98.7,,"272,390",,208.2,
      Completed,"12,776,930",106.9,"10,303,040",105.8,"1,653,180",109.8,"552,570",,96.7,,"268,140",,204.9,
         Less than $50,"3,244,070",27.1,"2,630,560",27,"418,400",27.8,"127,130",,22.2,,"67,970",,51.9,
         $50 - $249,"4,521,300",37.8,"3,581,620",36.8,"612,380",40.7,"222,440",,38.9,,"104,860",,80.1,
         $250 or more,"3,416,890",28.6,"2,834,220",29.1,"382,890",25.4,"132,220",,23.1,,"67,560",,51.6,
         Amount not available,"1,594,670",13.3,"1,256,630",12.9,"239,510",15.9,"70,770",,12.4,,"27,760",*,21.2,*
      Attempted,"536,870",4.5,"389,200",4,"131,680",8.7,"11,750",*,2.1,*,"4,240",*,3.2,*
Total number of households,"119,503,530",...,"97,427,160",...,"15,051,900",...,"5,715,950",,...,,"1,308,530",,...,
"Note: The 2007 rates are comparable to 2005 and previous years, but not to 2006 because of changes in methodology. See Criminal Victimization, 2006, at <http:www.ojp.usdoj.gov/bjs/abstract/cv06.htm> and Criminal Victimization, 2007 at <http:www.ojp.usdoj.gov/bjs/abstract/cv07.htm>.",,,,,,,,,,,,,,
Detail may not add to total shown because of rounding.,,,,,,,,,,,,,,
*Estimate is based on 10 or fewer sample cases.,,,,,,,,,,,,,,
...Not applicable.,,,,,,,,,,,,,,
"a/Includes American Indian, Alaskan Native, Asian, Hawaiian/Pacific Islander if only one of these races is given.",,,,,,,,,,,,,,
"b/Includes all persons of any race, indicating two or more races.",,,,,,,,,,,,,,
