Bureau of Justice Statistics,,,,,,,,
Filename:  cv0711.csv,,,,,,,,
"Table 11. Victimization rates for persons age 12 and over, by type of crime and marital status of victims",,,,,,,,
"Data source: National Criminal Victimization Survey, 2007  NCJ 227669",,,,,,,,
Produced by:  Cathy Maston ,,,,,,,,
Authors:  Patsy Klaus and Cathy Maston,,,,,,,,
Refer questions to: askbjs@usdoj.gov  202-307-0765,,,,,,,,
Data of version:  02/03/10,,,,,,,,
,,,,,,,,
"Table 11. Personal crimes, 2007: Victimization rates for persons age 12 and over, by type of crime and marital status of victims",,,,,,,,
,"Rate per 1,000 persons age 12 and over",,,,,,,
Type of crime,Never married,,           Married,,         Widowed,,  Divorced or separated,
All personal crimes,36.9,,9.9,,7.3,,37,
Crimes of violence,35.8,,9.5,,5.9,,35.7,
   Completed violence,11.7,,2.2,,2.8,,10.8,
   Attempted/threatened violence,24.1,,7.2,,3.1,,24.8,
   Rape/Sexual assault,1.6,,0.3,,0.6,*,2.7,
      Rape/Attempted rape,1,,0.1,*,0.4,*,1.6,
         Rape,0.5,,0,*,0.2,*,0.7,*
         Attempted rape/a,0.4,*,0.1,*,0.2,*,0.9,*
      Sexual assault/b,0.6,,0.2,*,0.1,*,1.1,*
   Robbery,4.3,,0.8,,1.2,*,4.9,
      Completed/property taken,3.3,,0.6,,1.2,*,3,
         With injury,1.2,,0.2,*,0.9,*,1.2,*
         Without injury,2,,0.4,,0.3,*,1.8,
      Attempted to take property,1,,0.1,*,0,*,1.9,
         With injury,0.3,*,0,*,0,*,0.6,*
         Without injury,0.7,,0.1,*,0,*,1.3,
   Assault,30,,8.4,,4.2,,28.1,
      Aggravated,5.2,,2.2,,0.9,*,5.1,
         With injury,1.6,,0.4,,0.2,*,0.8,*
         Threatened with weapon,3.6,,1.7,,0.7,*,4.3,
      Simple,24.7,,6.2,,3.2,,23,
         With minor injury,5.7,,1,,1,*,5.6,
         Without injury,19,,5.2,,2.2,*,17.4,
Purse snatching/Pocket picking,1.1,,0.4,,1.4,*,1.3,
Population age 12 and over,"81,539,640",,"125,497,660",,"14,045,100",,"27,400,450",
"Note: The 2007 rates are comparable to 2005 and previous years, but not to 2006 because of changes in methodology. See Criminal Victimization, 2006, at <http:www.ojp.usdoj.gov/bjs/abstract/cv06.htm> and Criminal Victimization, 2007 at <http:www.ojp.usdoj.gov/bjs/abstract/cv07.htm>.",,,,,,,,
Detail may not add to total shown because of rounding.,,,,,,,,
Excludes data on persons whose marital status was not ascertained.,,,,,,,,
*Estimate is based on 10 or fewer sample cases.,,,,,,,,
a/Includes verbal threats of rape.,,,,,,,,
b/Includes threats.,,,,,,,,
