Bureau of Justice Statistics,,,,,,,,,,,,
Filename:  cv0754.csv,,,,,,,,,,,,
"Table 54. Victimization rates for persons age 12 and over, by locality of residence, race, gender and ethnicity of victims and type of crime",,,,,,,,,,,,
"Data source: National Criminal Victimization Survey, 2007  NCJ 227669",,,,,,,,,,,,
Produced by:  Cathy Maston ,,,,,,,,,,,,
Authors:  Patsy Klaus and Cathy Maston,,,,,,,,,,,,
Refer questions to: askbjs@usdoj.gov  202-307-0765,,,,,,,,,,,,
Data of version:  02/03/10,,,,,,,,,,,,
,,,,,,,,,,,,
"Table 54. Personal crimes, 2007: Victimization rates for persons age 12 and over, by locality of residence, race, gender and ethnicity of victims and type of crime",,,,,,,,,,,,
,,,,,"            Rate per 1,000 persons age 12 and over",,,,,,,
"Locality of residence, race, gender and ethnicity",,Total population,All personal crimes,,Crimes of violence,,Completed violence,,Attempted/threatened violence,,Rape/Sexual assault/a,
All areas,,,,,,,,,,,,
,  White male only,"100,276,590",22.6,,21.9,,5.4,,16.6,,0.1,*
,  White female only,"103,193,780",18.6,,18,,6.1,,12,,1.8,
                     Black        Male                                                                                                   ,  Black male only,"13,868,320",27.5,,25.3,,9,,16.3,,0,*
                                  Female                                                                                                 ,  Black female only,"16,517,140",25,,23.4,,9.8,,13.5,,0.9,*
,  Hispanic male,"17,443,240",22.1,,21.1,,7.7,,13.4,,0,*
,  Hispanic female,"16,980,280",17,,16.1,,6.1,,10,,0.6,*
,  Non-Hispanic male,"104,458,930",23.7,,22.8,,5.6,,17.2,,0.1,*
,  Non-Hispanic female,"111,040,130",20,,19.4,,6.8,,12.6,,2,
Urban,,,,,,,,,,,,
,  White male only,"26,494,470",29.8,,29,,8.7,,20.3,,0,*
,  White female only,"26,641,540",22.4,,21.3,,7.7,,13.6,,1.7,
,  Black male only,"6,603,900",30.4,,27.8,,12.9,,14.9,,0,*
,  Black female only,"8,231,580",31.5,,30.5,,14.2,,16.3,,1.9,*
,  Hispanic male,"7,771,320",28.9,,27.5,,10.4,,17.1,,0,*
                                                                                                                                         ,  Hispanic female,"7,760,960",17.8,,16.5,,6.5,,10.1,,0.7,*
,  Non-Hispanic male,"28,845,350",30,,28.8,,8.9,,19.9,,0,*
,  Non-Hispanic female,"30,847,200",25.2,,24.2,,9.9,,14.3,,2.5,
Suburban,,,,,,,,,,,,
,  White male only,"47,663,810",18.3,,17.5,,3.9,,13.6,,0.2,*
,  White female only,"49,299,650",14.7,,14.3,,4.7,,9.6,,2,
,  Black male only,"5,143,550",25.9,,24.2,,5.6,*,18.6,,0,*
,  Black female only,"5,784,100",17.5,,14.4,,4.8,*,9.6,,0,*
,  Hispanic male,"7,817,510",16.3,,15.4,,5.4,,10,,0,*
                                                                                                                                         ,  Hispanic female,"7,519,580",13.6,,12.9,,3.4,*,9.5,,0.6,*
,  Non-Hispanic male,"48,206,260",20,,19.1,,4,,15.1,,0.2,*
,  Non-Hispanic female,"50,972,570",16.1,,15.4,,5.3,,10.2,,1.9,
Rural,,,,,,,,,,,,
,  White male only,"26,118,310",23,,22.7,,4.7,,18,,0,*
,  White female only,"27,252,590",21.7,,21.6,,6.9,,14.7,,1.8,
,  Black male only,"2,120,870",22.4,,20.3,,5.4,*,14.9,*,0,*
,  Black female only,"2,501,460",20.7,,20.7,,7.3,*,13.5,*,0,*
,  Hispanic male,"1,854,420",18.1,*,18.1,*,6,*,12.1,*,0,*
                                                                                                                                         ,  Hispanic female,"1,699,740",28.4,,28.4,,16.1,*,12.3,*,0,*
,  Non-Hispanic male,"27,407,310",23.5,,23.1,,5,,18.1,,0.1,*
,  Non-Hispanic female,"29,220,350",21.3,,21.2,,6.3,,14.9,,1.8,
"Note: The 2007 rates are comparable to 2005 and previous years, but not to 2006 because of changes in methodology. See Criminal Victimization, 2006, at <http:www.ojp.usdoj.gov/bjs/abstract/cv06.htm> and Criminal Victimization, 2007 at <http:www.ojp.usdoj.gov/bjs/abstract/cv07.htm>.",,,,,,,,,,,,
Detail may not add to total shown because of rounding.,,,,,,,,,,,,
"The term ""Urban"" is used to denote ""Principal cities.""",,,,,,,,,,,,
"The term ""Suburban"" is used to denote ""Outside principal cities.""",,,,,,,,,,,,
"The term ""Rural"" is used to denote ""Nonmetropolitan areas.""",,,,,,,,,,,,
"Excludes data on persons of ""Other"" races and persons indicating two or more races and persons whose ethnicity was not ascertained.",,,,,,,,,,,,
*Estimate is based on 10 or fewer sample cases.,,,,,,,,,,,,
a/Includes verbal threats of rape and threats of sexual assault.,,,,,,,,,,,,
