Bureau of Justice Statistics,,,,,,,,,,,,,,,,,
Filename:  cv0715.csv,,,,,,,,,,,,,,,,,
"Table 15. Victimization rates for persons age 12 and over, by race and annual family income of victims and type of crime",,,,,,,,,,,,,,,,,
"Data source: National Criminal Victimization Survey, 2007  NCJ 227669",,,,,,,,,,,,,,,,,
Produced by:  Cathy Maston ,,,,,,,,,,,,,,,,,
Authors:  Patsy Klaus and Cathy Maston,,,,,,,,,,,,,,,,,
Refer questions to: askbjs@usdoj.gov  202-307-0765,,,,,,,,,,,,,,,,,
Data of version:  02/03/10,,,,,,,,,,,,,,,,,
,,,,,,,,,,,,,,,,,
"Table 15. Personal crimes, 2007: Victimization rates for persons age 12 and over, by race and annual family income of victims and type of crime",,,,,,,,,,,,,,,,,
,,,,,,,,"Rate per 1,000 persons in each age group",,,,,,,,,
,,,,,,,,,,,,,,Robbery,,,
Race and income,,Total population,,Crime of violence,,Completed violence,,Attempted/threatened violence,,Rape/Sexual assault/a,,Total,,With Injury,,Without Injury,
White only,,,,,,,,,,,,,,,,,
,"Less than $7,500","4,542,380",,44.6,,15.2,,29.4,,3.3,*,3.7,*,2.4,*,1.3,*
,"$7,500-$14,999","8,271,120",,41.2,,15.7,,25.5,,1.7,*,4.7,,2.4,*,2.3,*
,"$15,000-$24,999","13,985,680",,26.1,,9,,17.1,,1.3,*,3.1,,1.1,*,2,*
,"$25,000-$34,999","16,502,980",,22.2,,4.8,,17.4,,0.6,*,2,*,0.7,*,1.4,*
,"$35,000-$49,999","23,568,930",,21.5,,7.3,,14.2,,1.9,,2.8,,1.4,*,1.4,*
,"$50,000-$74,999","29,225,900",,19.8,,4.2,,15.6,,0.1,*,1,*,0.1,*,0.8,*
,"$75,000 or more","49,758,610",,14.6,,3.4,,11.2,,0.4,*,1.2,,0.4,*,0.8,
Black only,,,,,,,,,,,,,,,,,
,"Less than $7,500","2,017,990",,80.2,,31.9,,48.3,,1.4,*,6.3,*,3.4,*,3,*
,"$7,500-$14,999","2,176,300",,33.9,,12.2,*,21.7,,0,*,14.4,*,5.1,*,9.4,*
,"$15,000-$24,999","3,018,150",,27.2,,9.2,*,18,,3,*,4.9,*,2.2,*,2.7,*
,"$25,000-$34,999","2,672,190",,30.6,,8.7,*,21.9,,0,*,4.4,*,1.2,*,3.2,*
,"$35,000-$49,999","3,541,350",,18.7,,7.4,*,11.3,,0,*,4,*,0.7,*,3.3,*
,"$50,000-$74,999","2,837,630",,21.3,,5,*,16.2,,0,*,1.9,*,0.8,*,1.1,*
,"$75,000 or more","3,479,020",,12.4,,2.6,*,9.7,*,0,*,2.6,*,1.7,*,1,*
,,"Rate per 1,000 persons in each age group",,,,,,,,,,,,,,,
,,,Assault,,,,,,,,,,,,,,
Race and income,,  Total,,Aggravated,,Simple,,Purse snatching/Pocket picking,,,,,,,,,
White only,,,,,,,,,,,,,,,,,
,"Less than $7,500",37.7,,3.5,*,34.2,,1.8,*,,,,,,,,
,"$7,500-$14,999",34.7,,7.4,,27.3,,1.4,*,,,,,,,,
,"$15,000-$24,999",21.7,,3.4,,18.3,,1.1,*,,,,,,,,
,"$25,000-$34,999",19.6,,3.6,,16,,0.4,*,,,,,,,,
,"$35,000-$49,999",16.8,,3.6,,13.2,,0.5,*,,,,,,,,
,"$50,000-$74,999",18.7,,3.3,,15.4,,0.3,*,,,,,,,,
,"$75,000 or more",13,,2.9,,10,,0.6,*,,,,,,,,
Black only,,,,,,,,,,,,,,,,,
,"Less than $7,500",72.4,,11.5,*,61,,2.2,*,,,,,,,,
,"$7,500-$14,999",19.5,,6,*,13.4,*,1.8,*,,,,,,,,
,"$15,000-$24,999",19.4,,4.1,*,15.3,,2.5,*,,,,,,,,
,"$25,000-$34,999",26.2,,4.2,*,22,,2.2,*,,,,,,,,
,"$35,000-$49,999",14.7,,2,*,12.7,,0,*,,,,,,,,
,"$50,000-$74,999",19.4,,4.4,*,15,,0,*,,,,,,,,
,"$75,000 or more",9.7,*,0,*,9.7,*,1.5,*,,,,,,,,
"Note: The 2007 rates are comparable to 2005 and previous years, but not to 2006 because of changes in methodology. See Criminal Victimization, 2006, at <http:www.ojp.usdoj.gov/bjs/abstract/cv06.htm> and Criminal Victimization, 2007 at <http:www.ojp.usdoj.gov/bjs/abstract/cv07.htm>.",,,,,,,,,,,,,,,,,
Detail may not add to total shown because of rounding.,,,,,,,,,,,,,,,,,
"Excludes data on persons whose family income level was not ascertained and data on persons of ""Other"" races and persons indicating two or more races.",,,,,,,,,,,,,,,,,
*Estimate is based on 10 or fewer sample cases.,,,,,,,,,,,,,,,,,
a/Includes verbal threats of rape and threats of sexual assault.,,,,,,,,,,,,,,,,,
