Bureau of Justice Statistics,,,,,,,,,,,,,,,,,,,,,
Filename:  cv0741.csv,,,,,,,,,,,,,,,,,,,,,
"Table 41. Percent distribution of single-offender victimizations, by type of crime, age of victims and perceived age of offender",,,,,,,,,,,,,,,,,,,,,
"Data source: National Criminal Victimization Survey, 2007  NCJ 227669",,,,,,,,,,,,,,,,,,,,,
Produced by:  Cathy Maston ,,,,,,,,,,,,,,,,,,,,,
Authors:  Patsy Klaus and Cathy Maston,,,,,,,,,,,,,,,,,,,,,
Refer questions to: askbjs@usdoj.gov  202-307-0765,,,,,,,,,,,,,,,,,,,,,
Data of version:  02/03/10,,,,,,,,,,,,,,,,,,,,,
,,,,,,,,,,,,,,,,,,,,,
"Table 41. Personal crimes of violence, 2007: Percent distribution of single-offender victimizations, by type of crime, age of victims and perceived age of offender",,,,,,,,,,,,,,,,,,,,,
,,,,Percent of single-offender victimizations,,,,,,,,,,,,,,,,,
,,,,,,Perceived age of offender,,,,,,,,,,,,,,,
,,,,,,,, 12-20,,,,,,,,,,,,,
Type of crime and age of victim,,Number of single-offender victimizations,,Total,,Under 12,,Total,, 12-14,,15-17,,18-20,,21-29,,30 and over,,Not known and not available,
Crimes of violence/a,,,,,,,,,,,,,,,,,,,,,
, 12-19,"1,139,880",,100,%,1,%*,66.9,%,23.5,%,32.6,%,10.9,%,12.7,%,6.1,%,13.3,%
,20-34,"1,379,140",,100,%,0.3,*,13.4,,0.9,*,3.7,,8.8,,42.6,,33.3,,10.4,
,35-49,"978,440",,100,%,1,*,16.1,,1.6,*,6.4,,8.1,,16.2,,56.3,,10.4,
,50-64,"508,980",,100,%,0.6,*,11.9,,1.2,*,4.5,*,6.2,*,17.3,,56.6,,13.6,
,65 and over,"68,200",,100,%,5.1,*,14,*,10.1,*,3.9,*,0,*,10.7,*,62.3,,8,*
   Robbery,,,,,,,,,,,,,,,,,,,,,
, 12-19,"65,810",,100,%,0,*,58.7,,6.1,*,40.7,*,11.9,*,24.3,*,5.1,*,11.9,*
,20-34,"104,140",,100,%,0,*,25,*,0,*,3,*,22,*,49.9,,16.7,*,8.3,*
,35-49,"63,570",,100,%,0,*,19.5,*,0,*,2.9,*,16.5,*,9.9,*,50.4,*,20.3,*
,50-64,"55,990",,100,%,0,*,12.3,*,0,*,0,*,12.3,*,22.3,*,40.5,*,24.9,*
,65 and over,"7,990",*,100,%*,0,*,0,*,0,*,0,*,0,*,40.3,*,25.1,*,34.6,*
   Assault,,,,,,,,,,,,,,,,,,,,,
, 12-19,"1,027,720",,100,%,1.1,*,67.5,,25.2,,31.4,,10.9,,11.4,,6.4,,13.5,
,20-34,"1,168,130",,100,%,0.3,*,13.1,,1.1,*,4.1,,7.9,,40.3,,35.6,,10.7,
,35-49,"860,000",,100,%,1.1,*,16.9,,1.8,*,7.1,,8,,17.1,,55.1,,9.8,
,50-64,"439,260",,100,%,0.7,*,12.2,,1.4,*,5.2,*,5.6,*,16.6,,58.4,,12.2,
,65 and over,"55,420",,100,%,6.2,*,17.2,*,12.4,*,4.8,*,0,*,7.4,*,64.3,,4.9,*
Note: Detail may not add to total shown because of rounding.,,,,,,,,,,,,,,,,,,,,,
*Estimate is based on about 10 or fewer sample cases.,,,,,,,,,,,,,,,,,,,,,
"a/Includes data on rape and sexual assault, not shown separately.",,,,,,,,,,,,,,,,,,,,,
