Bureau of Justice Statistics,,,,,,,
Filename:  cv0755.csv,,,,,,,
"Table 55.  Victimization rates by locality of residence, race of head of household, and type of crime",,,,,,,
"Data source: National Criminal Victimization Survey, 2007  NCJ 227669",,,,,,,
Produced by:  Cathy Maston ,,,,,,,
Authors:  Patsy Klaus and Cathy Maston,,,,,,,
Refer questions to: askbjs@usdoj.gov  202-307-0765,,,,,,,
Data of version:  02/03/10,,,,,,,
,,,,,,,
"Table 55. Property crimes, 2007: Victimization rates by locality of residence, race of head of household, and type of crime",,,,,,,
,,,"Rate per 1,000 households",,,,
Locality and race,,Total households,Property crimes,Household burglary,Motor vehicle theft,,Theft
All areas,,,,,,,
,White only,"97,427,160",141.9,25.1,7.1,,109.7
,Black only,"15,051,900",170,37.2,14.2,,118.6
Urban,,,,,,,
,White only,"26,540,410",180,32,10.5,,137.4
,Black only,"7,699,530",179.1,44.3,14.7,,120.1
Suburban,,,,,,,
,White only,"45,428,490",127.4,18.4,6.4,,102.6
,Black only,"5,043,830",163,26.9,16.9,,119.2
Rural ,,,,,,,
,White only,"25,458,250",127.9,29.7,4.6,,93.7
,Black only,"2,308,540",154.7,36.3,6.5,*,112
"Note: The 2007 rates are comparable to 2005 and previous years, but not to 2006 because of changes in methodology. See Criminal Victimization, 2006, at <http:www.ojp.usdoj.gov/bjs/abstract/cv06.htm> and Criminal Victimization, 2007 at <http:www.ojp.usdoj.gov/bjs/abstract/cv07.htm>.",,,,,,,
Detail may not add to total shown because of rounding.,,,,,,,
"The term ""Urban"" is used to denote ""Principal cities.""",,,,,,,
"The term ""Suburban"" is used to denote ""Outside principal cities.""",,,,,,,
"The term ""Rural"" is used to denote ""Nonmetropolitan areas.""",,,,,,,
"Excludes data on persons of ""Other"" races and persons indicating two or more races.",,,,,,,
*Estimate is based on 10 or fewer sample cases.,,,,,,,
