Bureau of Justice Statistics,,,,,,,,,,,,,,,,,,
Filename:  cv0743.csv,,,,,,,,,,,,,,,,,,
"Table 43. Percent distribution of single-offender victimizations, by type of crime and detailed victim-offender relationship",,,,,,,,,,,,,,,,,,
"Data source: National Criminal Victimization Survey, 2007  NCJ 227669",,,,,,,,,,,,,,,,,,
Produced by:  Cathy Maston ,,,,,,,,,,,,,,,,,,
Authors:  Patsy Klaus and Cathy Maston,,,,,,,,,,,,,,,,,,
Refer questions to: askbjs@usdoj.gov  202-307-0765,,,,,,,,,,,,,,,,,,
Data of version:  02/03/10,,,,,,,,,,,,,,,,,,
,,,,,,,,,,,,,,,,,,
"Table 43. Personal crimes of violence, 2007: Percent distribution of single-offender victimizations, by type of crime and detailed victim-offender relationship",,,,,,,,,,,,,,,,,,
       ,,,Percent of single-offender victimizations,,,,,,,,,,,,,,,
                                                                                                                                         ,,,,,Related,,,,,,,,,,,,,
Type of crime,Number of single-offender victimizations,,Total,, Total,,Spouse,,Ex-spouse,,Parent,, Own child,, Brother or sister,, Other relative,
Crimes of violence,"4,074,640",,100,%,13.6,%,4.6,%,1.8,%,0.2,%*,1.7,%,2.4,%,2.9,%
   Completed violence,"1,171,340",,100,%,19.3,,6,,3.1,,0.3,*,3.8,,2.2,*,3.9,
   Attempted/threatened violence,"2,903,300",,100,%,11.2,,4,,1.3,,0.1,*,0.8,*,2.5,,2.6,
   Rape/Sexual assault/b,"226,590",,100,%,14.7,*,9.1,*,2.7,*,0.9,*,0,*,0,*,2,*
   Robbery,"297,510",,100,%,14.2,,4.1,*,3.4,*,0,*,1.1,*,2.6,*,3.1,*
      Completed/property taken,"208,430",,100,%,18.5,,4,*,4.8,*,0,*,1.5,*,3.7,*,4.4,*
      Attempted to take property,"89,080",,100,%,4.2,*,4.2,*,0,*,0,*,0,*,0,*,0,*
   Assault,"3,550,540",,100,%,13.4,,4.3,,1.6,,0.1,*,1.8,,2.5,,3,
      Aggravated,"643,580",,100,%,14.6,,5.2,*,1.3,*,0,*,3.1,*,1,*,3.9,*
      Simple,"2,906,960",,100,%,13.2,,4.1,,1.7,,0.2,*,1.5,,2.9,,2.8,
Type of crime,"Well known, not related/a",,Casual acquaintance,,Don't know,,Stranger,,,,,,,,,,,
Crimes of violence,24.8,%,17.5,%,6.8,%,37.3,%,,,,,,,,,,
   Completed violence,28.4,,13.1,,4.3,,35,,,,,,,,,,,
   Attempted/threatened violence,23.3,,19.3,,7.8,,38.3,,,,,,,,,,,
   Rape/Sexual assault/b,30.4,,17,,6.1,*,31.7,,,,,,,,,,,
   Robbery,10.9,*,7.3,*,6.7,*,60.9,,,,,,,,,,,
      Completed/property taken,11.6,*,8.2,*,8.4,*,53.4,,,,,,,,,,,
      Attempted to take property,9.2,*,5.3,*,2.7,*,78.5,,,,,,,,,,,
   Assault,25.6,,18.4,,6.9,,35.7,,,,,,,,,,,
      Aggravated,18.3,,16.4,,5.9,,44.8,,,,,,,,,,,
      Simple,27.2,,18.8,,7.1,,33.7,,,,,,,,,,,
Note: Detail may not add to total shown because of rounding.,,,,,,,,,,,,,,,,,,
*Estimate is based on 10 or fewer sample cases.,,,,,,,,,,,,,,,,,,
a/Includes data on offenders well known to the victim whose relationship could not be ascertained.,,,,,,,,,,,,,,,,,,
b/Includes verbal threats of rape and threats of sexual assault.,,,,,,,,,,,,,,,,,,
