Bureau of Justice Statistics,,,,,,,,,,,,,,,,
Filename:  cv07101.csv,,,,,,,,,,,,,,,,
"Table 101. Percent of reasons for reporting victimizations to the police, by type of crime",,,,,,,,,,,,,,,,
"Data source: National Criminal Victimization Survey, 2007  NCJ 227669",,,,,,,,,,,,,,,,
Produced by:  Cathy Maston ,,,,,,,,,,,,,,,,
Authors:  Patsy Klaus and Cathy Maston,,,,,,,,,,,,,,,,
Refer questions to: askbjs@usdoj.gov  202-307-0765,,,,,,,,,,,,,,,,
Data of version:  02/03/10,,,,,,,,,,,,,,,,
,,,,,,,,,,,,,,,,
"Table 101. Personal and property crimes, 2007: Percent of reasons for reporting victimizations to the police, by type of crime",,,,,,,,,,,,,,,,
    ,,,,Percent of reasons for reporting,,,,,,,,,,,,
Type of crime,Number of reasons for reporting,, Total,,Stop or prevent this incident,,Needed help due to injury,,To recover property,,To collect insurance,,To prevent further crimes by offender against victim,,,
,,,,,,,,,,,,,,,,
All personal crimes,"2,260,600",,100,%,26.6,%,2.7,%,4.7,%,0.2,%*,18.4,%,,
Crimes of violence,"2,145,290",,100,%,27.5,,2.8,,3.5,,0.3,*,19.1,,,
   Completed violence,"862,430",,100,%,23.9,,4.9,,8.6,,0.6,*,18,,,
   Attempted/threatened violence,"1,282,860",,100,%,30,,1.4,*,0,*,0,*,19.9,,,
   Rape/Sexual assault/a,"94,020",,100,%,9.4,*,13.2,*,0,*,0,*,27.3,*,,
   Robbery,"425,200",,100,%,18.9,,2.5,*,17,,0,*,15.2,,,
      Completed/property taken,"347,190",,100,%,17.9,,3,*,20.8,,0,*,16,,,
         With injury,"162,560",,100,%,20,*,6.5,*,14,*,0,*,17.3,*,,
         Without injury,"184,630",,100,%,16,*,0,*,26.7,,0,*,14.9,*,,
      Attempted to take property,"78,010",,100,%,23.6,*,0,*,0,*,0,*,11.6,*,,
         With injury,"15,110",*,100,%*,45.1,*,0,*,0,*,0,*,13,*,,
         Without injury,"62,900",,100,%,18.4,*,0,*,0,*,0,*,11.3,*,,
   Assault,"1,626,070",,100,%,30.8,,2.3,,0.1,*,0.3,*,19.7,,,
      Aggravated,"401,820",,100,%,32.6,,3.6,*,0,*,0,*,17.2,,,
      Simple,"1,224,250",,100,%,30.2,,1.9,*,0.2,*,0.5,*,20.5,,,
Purse snatching/Pocket picking,"115,310",,100,%,9.4,*,0,*,28.2,*,0,*,4.2,*,,
All property crimes,"7,742,390",,100,%,11.4,%,0.4,%*,24.4,%,5.5,%,9.1,%,,
   Household burglary,"2,023,540",,100,%,15,,0.3,*,19.2,,4.6,,13.8,,,
      Completed,"1,681,370",,100,%,12.3,,0.4,*,22.8,,5,,12.4,,,
         Forcible entry,"1,027,760",,100,%,11.9,,0.2,*,23.2,,6.4,,12.7,,,
         Unlawful entry without force,"653,620",,100,%,12.8,,0.6,*,22.1,,2.8,*,11.8,,,
      Attempted forcible entry,"342,160",,100,%,28,,0,*,1.8,*,2.4,*,20.6,,,
   Motor vehicle theft,"970,640",,100,%,8.5,,0.6,*,34,,10.3,,3.7,,,
      Completed,"855,070",,100,%,7.1,,0.3,*,38.6,,11,,2.8,*,,
      Attempted,"115,570",,100,%,18.3,*,2.6,*,0,*,5.3,*,10.6,*,,
   Theft,"4,748,220",,100,%,10.5,,0.3,*,24.6,,5,,8.1,,,
      Completed,"4,584,520",,100,%,10.1,,0.3,*,25.3,,4.9,,7.9,,,
      Attempted,"163,700",,100,%,20.6,*,0,*,4.8,*,7,*,16,*,,
,Percent of reasons for reporting,,,,,,,,,,,,,,,
Type of crime,To prevent crime by offender against anyone,,To punish offender,,To catch or find offender,,To improve police surveillance,,Duty to notify police,,Because it was a crime,,Some other reason,,Not available,
All personal crimes,8.4,%,7.6,%,6.1,%,3.6,%,4,%,13.7,%,3.3,%,0.7,%*
Crimes of violence,8.3,,8,,6.1,,3.7,,3.5,,13.2,,3.4,,0.6,*
   Completed violence,5.9,,9.6,,6.2,,2.3,*,3.8,*,13.3,,1.9,*,0.9,*
   Attempted/threatened violence,9.8,,6.9,,6.1,,4.7,,3.4,,13,,4.3,,0.4,*
   Rape/Sexual assault/a,17.6,*,15.9,*,8,*,0,*,0,*,8.6,*,0,*,0,*
   Robbery,6.1,*,8.9,,8.1,,4.7,*,3.9,*,14.8,,0,*,0,*
      Completed/property taken,3.5,*,6.8,*,7.3,*,4.7,*,3.2,*,16.8,,0,*,0,*
         With injury,3.1,*,11.3,*,6.5,*,4.2,*,3.5,*,13.5,*,0,*,0,*
         Without injury,3.8,*,2.9,*,8,*,5.2,*,2.8,*,19.7,,0,*,0,*
      Attempted to take property,17.5,*,18.2,*,11.7,*,4.4,*,7,*,6,*,0,*,0,*
         With injury,0,*,0,*,13.3,*,0,*,13.3,*,15.4,*,0,*,0,*
         Without injury,21.8,*,22.5,*,11.3,*,5.5,*,5.5,*,3.8,*,0,*,0,*
   Assault,8.3,,7.3,,5.5,,3.7,,3.7,,13,,4.4,,0.8,*
      Aggravated,7.8,*,8.5,,9.7,,5.5,*,2.9,*,10.8,,0,*,1.4,*
      Simple,8.5,,6.9,,4.2,,3.1,,3.9,,13.7,,5.9,,0.6,*
Purse snatching/Pocket picking,10.2,*,0,*,4.8,*,1.4,*,13.1,*,23.4,*,2.8,*,2.4,*
All property crimes,4.7,%,3.4,%,5.3,%,6.4,%,5.4,%,21.2,%,2,%,0.7,%
   Household burglary,4.7,,3.9,,6.5,,5.7,,5.2,,19.3,,1.3,*,0.5,*
      Completed,5.4,,4,,6.6,,4.9,,5.4,,18.6,,1.6,*,0.7,*
         Forcible entry,6,,4.5,,7.1,,4.8,,6,,15.1,,1.8,*,0.3,*
         Unlawful entry without force,4.4,*,3.2,*,5.8,,5.1,*,4.6,*,24.2,,1.2,*,1.2,*
      Attempted forcible entry,1.3,*,3.5,*,6.3,*,9.5,*,4.2,*,22.4,,0,*,0,*
   Motor vehicle theft,3.1,*,4.8,,5.6,,3,*,2.9,*,22,,1.2,*,0.3,*
      Completed,2.7,*,4.9,,5.8,,2.3,*,2.6,*,21.1,,0.5,*,0.3,*
      Attempted,6.1,*,3.7,*,4.3,*,8.8,*,4.9,*,28.4,*,6.9,*,0,*
   Theft,5,,3,,4.7,,7.5,,6,,21.8,,2.5,,0.9,
      Completed,5.2,,3,,4.8,,7.3,,6.2,,21.4,,2.6,,1,
      Attempted,1.2,*,1.7,*,1.3,*,12.6,*,1.1,*,32.7,,1.2,*,0,*
Note: Detail may not add to total shown because of rounding.,,,,,,,,,,,,,,,,
Some respondents may have cited more than one reason for reporting victimizations to the police.,,,,,,,,,,,,,,,,
*Estimate is based on 10 or fewer sample cases.,,,,,,,,,,,,,,,,
a/Includes verbal threats of rape and threats of sexual assault.,,,,,,,,,,,,,,,,
