Bureau of Justice Statistics,,,,,,,,
Filename:  cv0708.csv,,,,,,,,
"Table 8. Victimization rates for persons age 12 and over, by type of crime and ethnicity and gender of victims",,,,,,,,
"Data source: National Criminal Victimization Survey, 2007  NCJ 227669",,,,,,,,
Produced by:  Cathy Maston ,,,,,,,,
Authors:  Patsy Klaus and Cathy Maston,,,,,,,,
Refer questions to: askbjs@usdoj.gov  202-307-0765,,,,,,,,
Data of version:  02/03/10,,,,,,,,
,,,,,,,,
"Table 8. Personal crimes, 2007: Victimization rates for persons age 12 and over, by type of crime and ethnicity and gender of victims",,,,,,,,
                                                                                                                   ,"Rate per 1,000 persons age 12 and over",,,,,,,
,         Hispanic,,,,         Non-Hispanic,,,
Type of crime,Male,,         Female,,Male,,         Female,
Crimes of violence,21.1,,16.1,,22.8,,19.4,
   Completed violence,7.7,,6.1,,5.6,,6.8,
   Attempted violence,13.4,,10,,17.2,,12.6,
   Rape/Sexual assault/a,0,*,0.6,*,0.1,*,2,
   Robbery,5.8,,1.9,*,3,,1.4,
      Completed/property taken,4,,1.6,*,2.1,,1.1,
         With injury,1.2,*,0.6,*,0.8,,0.5,
         Without injury,2.8,,1,*,1.4,,0.6,
      Attempted to take property,1.7,*,0.3,*,0.8,,0.3,*
         With injury,0.3,*,0,*,0.2,*,0.2,*
         Without injury,1.4,*,0.3,*,0.6,,0.1,*
   Assault,15.3,,13.6,,19.7,,15.9,
      Aggravated,4.6,,1.5,*,4.6,,2.5,
         With injury,1.2,*,0.5,*,1.1,,0.7,
         Threatened with weapon,3.4,,1,*,3.5,,1.8,
      Simple,10.7,,12.1,,15.2,,13.4,
         With minor injury,2.5,,3.7,,2.4,,3.6,
         Without injury,8.3,,8.4,,12.8,,9.8,
Purse snatching/Pocket picking,1.1,*,0.9,*,0.9,,0.6,
Total population age 12 and over,"17,443,240",,"16,980,280",,"104,458,930",,"111,040,130",
"Note: The 2007 rates are comparable to 2005 and previous years, but not to 2006 because of changes in methodology. See Criminal Victimization, 2006, at <http:www.ojp.usdoj.gov/bjs/abstract/cv06.htm> and Criminal Victimization, 2007 at <http:www.ojp.usdoj.gov/bjs/abstract/cv07.htm>.",,,,,,,,
Detail may not add to total shown because of rounding.,,,,,,,,
Excludes data on persons whose ethnicity was not ascertained.,,,,,,,,
*Estimate is based on 10 or fewer sample cases.,,,,,,,,
a/Includes verbal threats of rape and threats of sexual assault.,,,,,,,,
