Bureau of Justice Statistics,,,,,,,,,,,,,,
Filename:  cv0746.csv,,,,,,,,,,,,,,
"Table 46. Percent distribution of multiple-offender victimizations, by type of crime and perceived race of offenders",,,,,,,,,,,,,,
"Data source: National Criminal Victimization Survey, 2007  NCJ 227669",,,,,,,,,,,,,,
Produced by:  Cathy Maston ,,,,,,,,,,,,,,
Authors:  Patsy Klaus and Cathy Maston,,,,,,,,,,,,,,
Refer questions to: askbjs@usdoj.gov  202-307-0765,,,,,,,,,,,,,,
Data of version:  02/03/10,,,,,,,,,,,,,,
,,,,,,,,,,,,,,
"Table 46. Personal crimes of violence, 2007: Percent distribution of multiple-offender victimizations, by type of crime and perceived race of offenders",,,,,,,,,,,,,,
                                                                                                                Not known  ,,,Percent of all multiple-offender victimizations,,,,,,,,,,,
                                                                                                       Mixed      or not   ,,,,,Perceived race of offenders,,,,,,,,,
Type of crime,Number of multiple-offender victimizations,,Total,, All white,,All black,, All other,, Mixed races,,Not known and not available,
Crimes of violence,"937,200",,100,%,34.4,%,36.4,%,5.5,%,11.3,%,12.4,%
   Completed violence,"365,130",,100,,28.3,,43.8,,7.8,*,10.2,,10,
   Attempted/threatened violence,"572,070",,100,,38.4,,31.6,,4.1,*,12,,13.9,
   Rape/Sexual assault/a,"8,310",*,100,*,33.3,*,66.7,*,0,*,0,*,0,*
   Robbery,"273,640",,100,,19,,52.5,,3.6,*,9.7,*,15.1,
      Completed/property taken,"213,030",,100,,19.4,,54.5,,4.6,*,7.4,*,14,*
         With injury,"70,600",,100,,12.5,*,60.6,,3.7,*,8.7,*,14.4,*
         Without injury,"142,420",,100,,22.8,*,51.4,,5.1,*,6.8,*,13.8,*
      Attempted to take property,"60,610",,100,,17.7,*,45.7,*,0,*,17.9,*,18.7,*
         With injury,"20,330",*,100,*,52.6,*,26.5,*,0,*,20.9,*,0,*
         Without injury,"40,270",,100,,0,*,55.4,*,0,*,16.4,*,28.2,*
   Assault,"655,240",,100,,40.9,,29.2,,6.4,,12.1,,11.4,
      Aggravated,"183,180",,100,,39.5,,24,,15.7,*,11.5,*,9.3,*
      Simple,"472,060",,100,,41.4,,31.3,,2.8,*,12.3,,12.2,
Note: Detail may not add to total shown because of rounding.,,,,,,,,,,,,,,
"Excludes data on persons of ""Other"" races and persons indicating two or more races.",,,,,,,,,,,,,,
*Estimate is based on 10 or fewer sample cases.,,,,,,,,,,,,,,
a/Includes verbal threats of rape and threats of sexual assault.,,,,,,,,,,,,,,
