Bureau of Justice Statistics,,,,
Filename:  cv0788.csv,,,,
"Table 88. Percent of victimizations resulting in loss of time from work, by type of crime and race of victims",,,,
"Data source: National Criminal Victimization Survey, 2007  NCJ 227669",,,,
Produced by:  Cathy Maston ,,,,
Authors:  Patsy Klaus and Cathy Maston,,,,
Refer questions to: askbjs@usdoj.gov  202-307-0765,,,,
Data of version:  02/03/10,,,,
,,,,
"Table 88. Selected personal and property crimes, 2007: Percent of victimizations resulting in loss of time from work, by type of crime and race of victims",,,,
,                  Percent of all victimizations,,,
Type of crime,   White only,,          Black only,
All personal crimes/a,7.6,%,9.5,%
Crimes of violence,7.5,,9.2,
   Completed violence,14.9,,16.7,
   Attempted/threatened violence,4.5,,4.4,*
   Rape/Sexual assault/b,6.7,*,0,*
   Robbery,13,,8.9,*
   Assault,6.9,,9.5,
All property crimes,6.1,%,6.3,%
   Completed,6.2,,6,
   Attempted,4.7,,8.6,*
   Household burglary,6.8,,7.4,
   Motor vehicle theft                     ,23.9,,12.8,*
   Theft,4.8,,5.2,
Note: Excludes data on persons with races other than White only or Black only.,,,,
*Estimate is based on 10 or fewer sample cases.,,,,
"a/Includes data on purse snatching/pocket picking, not shown separately.",,,,
b/Includes verbal threats of rape and threats of sexual assault.,,,,
