Bureau of Justice Statistics,,,,,,,,,,,,,,,,
Filename:  cv0756.csv,,,,,,,,,,,,,,,,
"Table 56. Victimization rates by type of crime, form of tenure, ace of head of household, and locality of residence",,,,,,,,,,,,,,,,
"Data source: National Criminal Victimization Survey, 2007  NCJ 227669",,,,,,,,,,,,,,,,
Produced by:  Cathy Maston ,,,,,,,,,,,,,,,,
Authors:  Patsy Klaus and Cathy Maston,,,,,,,,,,,,,,,,
Refer questions to: askbjs@usdoj.gov  202-307-0765,,,,,,,,,,,,,,,,
Data of version:  02/03/10,,,,,,,,,,,,,,,,
,,,,,,,,,,,,,,,,
"Table 56. Property crimes, 2007: Victimization rates by type of crime, form of tenure, ace of head of household, and locality of residence",,,,,,,,,,,,,,,,
,"Rate per 1,000 households",,,,,,,,,,,,,,,
,Owned or being bought,,,,,,,,,,,,,,,
,All races/a,,,,,,,,White only,,,,,,,
Type of crime,All areas,,Urban,,Suburban,,Rural,,All areas,,Urban,,Suburban,,Rural,
Property crimes,123.5,,154.1,,116,,108.5,,121.5,,158.9,,114,,104.8,
  Household burglary,19.8,,26,,15.1,,22.6,,19,,25,,14.6,,22.2,
    Completed,16.3,,20.6,,12.3,,19.7,,15.7,,19.2,,12.1,,19.4,
      Forcible entry,6.7,,9.9,,4.6,,7.6,,6,,8,,4.3,,7.5,
      Unlawful entry without force,9.6,,10.7,,7.8,,12,,9.7,,11.2,,7.8,,11.9,
    Attempted forcible entry,3.5,,5.4,,2.8,,2.9,,3.4,,5.8,,2.6,,2.9,
  Motor vehicle theft,6.3,,9.6,,5.5,,4.8,,6,,9.8,,5,,4.6,
    Completed,5,,7.3,,4.2,,4.3,,4.7,,7.4,,3.9,,4.1,
    Attempted,1.4,,2.3,,1.3,,0.5,*,1.2,,2.5,,1.1,,0.6,*
  Theft,97.4,,118.4,,95.4,,81.1,,96.5,,124.1,,94.4,,77.9,
    Completed,93.8,,112.4,,92.5,,78.6,,93.2,,118.6,,91.5,,75.6,
       Less than $50,26.1,,29.7,,25.3,,24.1,,26.2,,30.2,,25.6,,24,
       $50 - $249,31,,36.8,,30.9,,25.4,,30.2,,38.2,,30.1,,23.9,
       $250 or more,25,,33.6,,24.8,,17.3,,25.4,,37.9,,24.5,,16.9,
       Amount not available,11.7,,12.3,,11.4,,11.8,,11.4,,12.3,,11.3,,10.8,
     Attempted,3.6,,6,,3,,2.5,,3.3,,5.5,,2.9,,2.3,
Total number of households,"81,896,800",,"20,415,680",,"40,166,610",,"21,314,500",,"70,765,220",,"15,798,870",,"35,459,260",,"19,507,080",
,"Rate per 1,000 households",,,,,,,,,,,,,,,
,Owned or being bought,,,,,,,,Rented,,,,,,,
,       Black only,,,,,,,,All races/a,,,,,,,
Type of crime,All areas,,Urban,,Suburban,,Rural,,All areas,,Urban,,Suburban,,Rural,
Property crimes,131.3,,135.6,,126.5,,131.5,,196.5,,205.9,,178.5,,206.8,
  Household burglary,24.6,,31.8,,16.3,,25.3,*,42.5,,43.4,,33.8,,55.5,
    Completed,19,,25.5,,11.3,*,19.9,*,32.7,,32.2,,27.4,,43.1,
      Forcible entry,11.1,,15.8,,4.8,*,13.7,*,14.7,,14.7,,11.7,,20.2,
      Unlawful entry without force,7.9,,9.7,*,6.5,*,6.2,*,17.9,,17.5,,15.7,,22.8,
    Attempted forcible entry,5.6,,6.3,*,5,*,5.4,*,9.8,,11.2,,6.4,,12.5,
  Motor vehicle theft,10,,8.5,*,12.3,,8.3,*,12.3,,13.8,,13.9,,5.8,
    Completed,7.1,,5.9,*,7.9,*,8.3,*,10.3,,11.9,,11.2,,5.3,
    Attempted,2.9,*,2.6,*,4.5,*,0,*,1.9,,2,*,2.7,,0.5,*
  Theft,96.8,,95.3,,97.8,,97.9,,141.8,,148.7,,130.8,,145.5,
    Completed,89,,84,,93.1,,92,,135.4,,141.8,,123,,142.8,
       Less than $50,23.9,,25.5,,22.2,,23.7,*,29.4,,30.5,,23.2,,37.8,
       $50 - $249,33.3,,30.7,,35,,36.1,,52.8,,55.1,,48.8,,54.5,
       $250 or more,18.4,,15.6,,23.2,,14.4,*,36.4,,41.2,,36.5,,25.1,
       Amount not available,13.4,,12.3,,12.7,,17.8,*,16.8,,14.9,,14.5,,25.4,
     Attempted,7.8,,11.3,,4.7,*,5.9,*,6.4,,7,,7.8,,2.7,*
Total number of households,"7,095,300",,"3,110,580",,"2,788,560",,"1,196,150",,"37,606,740",,"17,002,320",,"13,143,370",,"7,461,050",
,"Rate per 1,000 households",,,,,,,,,,,,,,,
,Rented,,,,,,,,,,,,,,,
,       White only,,,,,,,,Black only,,,,,,,
Type of crime,All areas,,Urban,,Suburban,,Rural,,All areas,,Urban,,Suburban,,Rural,
Property crimes,196,,210.9,,175.3,,203.8,,204.4,,208.6,,208.1,,179.6,
  Household burglary,41.1,,42.4,,31.9,,54.2,,48.5,,52.8,,39.9,,48,
    Completed,31.4,,29.4,,27.3,,41.9,,37.3,,43.1,,24.1,,39.9,
      Forcible entry,13.3,,12.9,,11.3,,17.7,,18.8,,20.8,,13.6,*,20.8,*
      Unlawful entry without force,18.1,,16.6,,16,,24.2,,18.5,,22.3,,10.4,*,19.1,*
    Attempted forcible entry,9.7,,12.9,,4.6,,12.3,,11.2,,9.7,,15.8,,8.1,*
  Motor vehicle theft,10,,11.5,,11.7,,4.2,*,17.9,,18.9,,22.6,,4.5,*
    Completed,8.1,,9.7,,9.1,,3.6,*,15.7,,16.7,,19.1,,4.5,*
    Attempted,1.9,,1.8,*,2.6,*,0.7,*,2.2,*,2.1,*,3.4,*,0,*
  Theft,145,,157,,131.7,,145.4,,138,,137,,145.7,,127.1,
    Completed,139.1,,150,,125.5,,142.5,,128.5,,129.4,,128.4,,124.5,
       Less than $50,29.2,,30.4,,22.2,,38.6,,31.3,,32.5,,29.9,,29.3,*
       $50 - $249,54.2,,58.3,,49.5,,54.8,,47.3,,49.6,,48,,36.1,
       $250 or more,38.8,,45.4,,39.8,,25.3,,31.7,,33.3,,31.7,,25.1,*
       Amount not available,16.9,,15.9,,14,,23.8,,18.2,,14,,18.9,,34,
     Attempted,5.8,,7,,6.2,,2.9,*,9.6,,7.5,,17.2,,2.6,*
Total number of households,"26,661,940",,"10,741,540",,"9,969,230",,"5,951,170",,"7,956,610",,"4,588,950",,"2,255,270",,"1,112,380",
"Note: The 2007 rates are comparable to 2005 and previous years, but not to 2006 because of changes in methodology. See Criminal Victimization, 2006, at <http:www.ojp.usdoj.gov/bjs/abstract/cv06.htm> and Criminal Victimization, 2007 at <http:www.ojp.usdoj.gov/bjs/abstract/cv07.htm>.",,,,,,,,,,,,,,,,
Detail may not add to total shown because of rounding.,,,,,,,,,,,,,,,,
"The term ""Urban"" is used to denote ""Principal cities.""",,,,,,,,,,,,,,,,
"The term ""Suburban"" is used to denote ""Outside principal cities.""",,,,,,,,,,,,,,,,
"The term ""Rural"" is used to denote ""Nonmetropolitan areas.""",,,,,,,,,,,,,,,,
*Estimate is based on 10 or fewer sample cases.,,,,,,,,,,,,,,,,
"a/Includes data on persons of ""Other"" races and persons indicating two or more races, not shown separately.",,,,,,,,,,,,,,,,
