Bureau of Justice Statistics,,,,,,,
Filename:  cv0775.csv,,,,,,,
"Table 75. Percent of victimizations in which victims sustained physical injury, by selected characteristics of victims and type of crime",,,,,,,
"Data source: National Criminal Victimization Survey, 2007  NCJ 227669",,,,,,,
Produced by:  Cathy Maston ,,,,,,,
Authors:  Patsy Klaus and Cathy Maston,,,,,,,
Refer questions to: askbjs@usdoj.gov  202-307-0765,,,,,,,
Data of version:  02/03/10,,,,,,,
,,,,,,,
"Table 75. Personal robbery and assault, 2007: Percent of victimizations in which victims sustained physical injury, by selected characteristics of victims and type of crime",,,,,,,
,,Percent of all victims who sustained physical injury,,,,,
Characteristic,,Robbery and assault,,Robbery,,Assault,
Gender,,,,,,,
,Both genders,24.2,%,35.7,%,22.6,%
,Male,20,,30.4,,18.1,
,Female,29.5,,47.4,,27.8,
Age,,,,,,,
                                                                         , 12-15,30.8,,43.8,*,29.4,
                                                                         ,16-19,23.6,,33.2,,22.1,
                                                                         ,20-34,26,,33.2,,24.9,
                                                                         ,35-49,20.8,,38.1,,19.2,
                                                                         ,50-64,18.1,,34.7,*,15.1,
                                                                         ,65 and over,27.6,*,41.1,*,23.5,*
Race/a,,,,,,,
,White only,23.5,,36.7,,22,
,Black only,29.7,,35,,28.3,
Victim-offender relationship,,,,,,,
,Strangers,20.6,,31.8,,18,
,Nonstrangers,28.1,,52.4,,26.9,
Income/b,,,,,,,
,"Less than $7,500",37,,59.6,*,34.9,
,"$7,500-$14,999",30.2,,47.5,,26.5,
,"$15,000-$24,999",25.8,,37.8,*,24,
,"$25,000-$34,999",17.3,,36.8,*,15.2,
,"$35,000-$49,999",28.4,,40.6,,26.3,
,"$50,000-$74,999",17.2,,16,*,17.3,
,"$75,000 or more",18.7,,36.3,*,16.9,
*Estimate is based on 10 or fewer sample cases.,,,,,,,
a/Excludes data on persons with races other than White only or Black only.,,,,,,,
b/Excludes data on persons whose family income level was not ascertained.,,,,,,,
