Bureau of Justice Statistics,,,,,,,,,,,,,,,,,,
Filename:  cv0786.csv,,,,,,,,,,,,,,,,,,
"Table 86. Percent distribution of victimizations resulting in theft loss, by race of victims, type of crime, and proportion of loss recovered",,,,,,,,,,,,,,,,,,
"Data source: National Criminal Victimization Survey, 2007  NCJ 227669",,,,,,,,,,,,,,,,,,
Produced by:  Cathy Maston ,,,,,,,,,,,,,,,,,,
Authors:  Patsy Klaus and Cathy Maston,,,,,,,,,,,,,,,,,,
Refer questions to: askbjs@usdoj.gov  202-307-0765,,,,,,,,,,,,,,,,,,
Data of version:  02/03/10,,,,,,,,,,,,,,,,,,
,,,,,,,,,,,,,,,,,,
"Table 86. Selected personal and property crimes, 2007: Percent distribution of victimizations resulting in theft loss, by race of victims, type of crime, and proportion of loss recovered",,,,,,,,,,,,,,,,,,
,,,Percent of victimizations resulting in theft loss,,,,,,,,,,,,,,,
,,,,,,,Some recovered,,,,,,,,,,,
Race and type of crime,,Number of victimizations, Total,,None recovered/a,,Total,,Less than half,,Half or more,,Proportion unknown/b,,All recovered,,Not available,
All races/c,,,,,,,,,,,,,,,,,,
,All personal crimes/d,"635,710",100,%,79,%,7.8,%,1.9,%*,2.7,%*,3.3,%*,10.4,%,2.7,%*
,   Robbery,"444,010",100,%,79.5,,7.8,,2.7,*,2.7,*,2.5,*,9.5,,3.2,*
,   Purse snatching/Pocket picking,"186,370",100,%,80.3,,8.1,*,0,*,2.8,*,5.3,*,10.1,*,1.5,*
,All property crimes,"15,712,130",100,%,83.8,%,4.1,%,1.1,%,1.9,%,1.2,%,6.8,%,5.3,%
,   Household burglary,"2,139,300",100,%,88.6,,4.2,,1,*,2.3,,0.9,*,3.3,,3.9,
                           crimes                                                                                            ,   Motor vehicle theft,"795,900",100,%,23.3,,23.4,,4.9,,12.6,,5.8,,49.6,,3.8,*
,   Theft,"12,776,930",100,%,86.8,,2.9,,0.8,,1.1,,1,,4.7,,5.6,
White only,,,,,,,,,,,,,,,,,,
,All personal crimes/d,"399,030",100,%,78.7,%,7.5,%*,1.7,%*,2.4,%*,3.3,%*,11,%,2.8,%*
,   Robbery,"282,440",100,%,77.3,,8.8,*,2.4,*,2.4,*,4,*,10.9,*,2.9,*
,   Purse snatching/Pocket picking,"116,590",100,%,82,,4.3,*,0,*,2.7,*,1.6,*,11.3,*,2.4,*
,All property crimes,"12,443,470",100,%,84.1,%,4.3,%,1,%,2.1,%,1.3,%,6.5,%,5.1,%
,   Household burglary,"1,590,390",100,%,88.4,,4.2,,0.6,*,2.5,,1.1,*,4.1,,3.3,
,   Motor vehicle theft,"550,040",100,%,22.4,,27,,5.6,*,15.6,,5.8,*,46,,4.6,*
,   Theft,"10,303,040",100,%,86.7,,3.1,,0.8,,1.3,,1,,4.8,,5.4,
Black only,,,,,,,,,,,,,,,,,,
,All personal crimes/d,"169,650",100,%,79.9,%,11.8,%*,2.9,%*,4.3,%*,4.7,%*,4.8,%*,3.5,%*
,   Robbery,"116,200",100,%,79.2,,8.6,*,4.2,*,4.4,*,0,*,7.1,*,5.1,*
,   Purse snatching/Pocket picking,"53,460",100,%,81.2,,18.8,*,0,*,3.9,*,14.8,*,0,*,0,*
,All property crimes,"2,206,390",100,%,83.3,%,2.7,%,0.9,%*,0.9,%*,0.9,%*,7.7,%,6.3,%
,   Household burglary,"378,040",100,%,89.8,,3,*,1.3,*,1.7,*,0,*,0.8,*,6.4,*
,   Motor vehicle theft,"175,180",100,%,31.2,,9.5,*,1.6,*,1.7,*,6.3,*,56.7,,2.6,*
,   Theft,"1,653,180",100,%,87.3,,1.9,*,0.8,*,0.6,*,0.5,*,4.1,,6.6,
Note: Detail may not add to total shown because of rounding.,,,,,,,,,,,,,,,,,,
*Estimate is based on 10 or fewer sample cases.,,,,,,,,,,,,,,,,,,
a/Includes items that were taken that had no value.,,,,,,,,,,,,,,,,,,
b/Includes items that were recovered that had no value.,,,,,,,,,,,,,,,,,,
"c/Includes data on persons of ""Other"" races and persons indicating two or more races.",,,,,,,,,,,,,,,,,,
"d/Includes data on rape and sexual assault, not shown separately, but excludes data on assault, which by definition does not involve theft.",,,,,,,,,,,,,,,,,,
,,,,,,,,,,,,,,,,,,
,,,,,,,,,,,,,,,,,,
,,,,,,,,,,,,,,,,,,
,,,,,,,,,,,,,,,,,,
,,,,,,,,,,,,,,,,,,
,,,,,,,,,,,,,,,,,,
,,,,,,,,,,,,,,,,,,
,,,,,,,,,,,,,,,,,,
,,,,,,,,,,,,,,,,,,
,,,,,,,,,,,,,,,,,,
,,,,,,,,,,,,,,,,,,
,,,,,,,,,,,,,,,,,,
,,,,,,,,,,,,,,,,,,
,,,,,,,,,,,,,,,,,,
,,,,,,,,,,,,,,,,,,
,,,,,,,,,,,,,,,,,,
,,,,,,,,,,,,,,,,,,
,,,,,,,,,,,,,,,,,,
,,,,,,,,,,,,,,,,,,
,,,,,,,,,,,,,,,,,,
,,,,,,,,,,,,,,,,,,
,,,,,,,,,,,,,,,,,,
,,,,,,,,,,,,,,,,,,
,,,,,,,,,,,,,,,,,,
,,,,,,,,,,,,,,,,,,
,,,,,,,,,,,,,,,,,,
,,,,,,,,,,,,,,,,,,
,,,,,,,,,,,,,,,,,,
,,,,,,,,,,,,,,,,,,
,,,,,,,,,,,,,,,,,,
,,,,,,,,,,,,,,,,,,
,,,,,,,,,,,,,,,,,,
,,,,,,, ,,,,,,,,,,,
