Bureau of Justice Statistics,,,,,,,,,,,,
Filename:  cv0744.csv,,,,,,,,,,,,
"Table 44. Personal crimes of violence, 2007: Percent distribution of multiple-offender victimizations, by type of crime and perceived gender of offenders",,,,,,,,,,,,
"Data source: National Criminal Victimization Survey, 2007  NCJ 227669",,,,,,,,,,,,
Produced by:  Cathy Maston ,,,,,,,,,,,,
Authors:  Patsy Klaus and Cathy Maston,,,,,,,,,,,,
Refer questions to: askbjs@usdoj.gov  202-307-0765,,,,,,,,,,,,
Data of version:  02/03/10,,,,,,,,,,,,
,,,,,,,,,,,,
"Table 44. Personal crimes of violence, 2007: Percent distribution of multiple-offender victimizations, by type of crime and perceived gender of offenders",,,,,,,,,,,,
       ,,,Percent of all multiple-offender victimizations,,,,,,,,,
                                                                                                                                         ,,,Perceived gender of offenders,,,,,,,,,
Type of crime,Number of multiple-offender victimizations,,Total,, All male,,All female,,Male and female,,Not known and not available,
Crimes of violence,"937,200",,100,%,69.1,%,10.3,%,13.1,%,7.5,%
   Completed violence,"365,130",,100,,72.3,,13.3,,9.8,,4.6,*
   Attempted/threatened violence,"572,070",,100,,67.1,,8.5,,15.1,,9.4,
   Rape/Sexual assault/a,"8,310",*,100,*,100,*,0,*,0,*,0,*
   Robbery,"273,640",,100,,82.4,,8.1,*,5.7,*,3.8,*
      Completed/property taken,"213,030",,100,,78.6,,9.2,*,7.4,*,4.8,*
         With injury,"70,600",,100,,79.4,,20.6,*,0,*,0,*
         Without injury,"142,420",,100,,78.2,,3.6,*,11,*,7.2,*
      Attempted to take property,"60,610",,100,,95.7,,4.3,*,0,*,0,*
         With injury,"20,330",*,100,*,100,*,0,*,0,*,0,*
         Without injury,"40,270",,100,,93.6,,6.4,*,0,*,0,*
   Assault,"655,240",,100,,63.2,,11.4,,16.3,,9.2,
      Aggravated,"183,180",,100,,65.3,,3.9,*,23.5,,7.4,*
      Simple,"472,060",,100,,62.3,,14.3,,13.5,,9.9,
Note: Detail may not add to total shown because of rounding.,,,,,,,,,,,,
*Estimate is based on 10 or fewer sample cases.,,,,,,,,,,,,
a/Includes verbal threats of rape and threats of sexual assault.,,,,,,,,,,,,
