Bureau of Justice Statistics,,,,,,,,,,,,,,
Filename:  cv0751.csv,,,,,,,,,,,,,,
Table 51. Victimization rates by type of crime and number of years lived at current residence,,,,,,,,,,,,,,
"Data source: National Criminal Victimization Survey, 2007  NCJ 227669",,,,,,,,,,,,,,
Produced by:  Cathy Maston ,,,,,,,,,,,,,,
Authors:  Patsy Klaus and Cathy Maston,,,,,,,,,,,,,,
Refer questions to: askbjs@usdoj.gov  202-307-0765,,,,,,,,,,,,,,
Data of version:  02/03/10,,,,,,,,,,,,,,
,,,,,,,,,,,,,,
"Table 51. Property crimes, 2007: Victimization rates by type of crime and number of years lived at current residence",,,,,,,,,,,,,,
,"Rate per 1,000 households",,,,,,,,,,,,,
Type of crime,Total,  Less than 6 months/a,,6 months to 1 year,,1 year,,2 years,,3 years,,4 years,,5 years or more
Property crimes,157.9,338.4,,244.5,,181.6,,172.7,,151.9,,165.3,,121.2
  Household burglary,29.1,69.4,,47,,35,,29.2,,29.6,,32.7,,21
    Completed,23.1,55,,37.4,,26.1,,24.5,,24.4,,23,,17
      Forcible entry,9.9,22,,18,,12.2,,11.2,,9.8,,11.1,,7
      Unlawful entry without force,13.2,33,,19.4,,13.9,,13.3,,14.6,,11.9,,9.9
    Attempted forcible entry,5.9,14.4,,9.6,,8.9,,4.7,,5.2,,9.7,,4
  Motor vehicle theft,8.8,19.3,,12.7,,13.4,,10.2,,9.7,,7.9,,6.1
    Completed,7.1,17.2,,10.8,,12.6,,8.9,,6.5,,7.9,,4.5
    Attempted,1.6,2.2,*,1.9,*,0.8,*,1.4,*,3.2,*,0,*,1.7
  Theft,120.1,249.7,,184.8,,133.3,,133.3,,112.6,,124.8,,94.1
    Completed,115.2,241.9,,175.6,,129.2,,126.3,,106.9,,120.3,,90.3
       Less than $50,29.4,41.4,,42.3,,29,,34.4,,30.8,,27.7,,25.9
       $50 - $249,40.9,100.7,,71.6,,49.1,,42.6,,33.9,,44.7,,29.5
       $250 or more,30.6,74.1,,46.9,,32.2,,33.3,,31,,30.3,,22.8
       Amount not available,14.4,25.8,,14.9,,18.8,,16.1,,11.3,,17.6,,12.1
     Attempted,4.9,7.7,,9.1,,4.1,,7,,5.8,,4.5,*,3.8
"Note: The 2007 rates are comparable to 2005 and previous years, but not to 2006 because of changes in methodology. See Criminal Victimization, 2006, at <http:www.ojp.usdoj.gov/bjs/abstract/cv06.htm> and Criminal Victimization, 2007 at <http:www.ojp.usdoj.gov/bjs/abstract/cv07.htm>.",,,,,,,,,,,,,,
Detail may not add to total shown because of rounding.,,,,,,,,,,,,,,
Excludes data on persons whose mobility was not ascertained.,,,,,,,,,,,,,,
*Estimate is based on 10 or fewer sample cases.,,,,,,,,,,,,,,
a/These numbers are unbounded estimates.,,,,,,,,,,,,,,
