Bureau of Justice Statistics,,,,,,,,,,,,,,
Filename:  cv0703.csv,,,,,,,,,,,,,,
"Table 3. Victimization rates for persons age 12 and over, by type of crime and age of victims",,,,,,,,,,,,,,
"Data source: National Criminal Victimization Survey, 2007  NCJ 227669",,,,,,,,,,,,,,
Produced by:  Cathy Maston ,,,,,,,,,,,,,,
Authors:  Patsy Klaus and Cathy Maston,,,,,,,,,,,,,,
Refer questions to: askbjs@usdoj.gov  202-307-0765,,,,,,,,,,,,,,
Data of version:  02/03/10,,,,,,,,,,,,,,
,,,,,,,,,,,,,,
"Table 3. Personal crimes, 2007: Victimization rates for persons age 12 and over, by type of crime and age of victims",,,,,,,,,,,,,,
    ,"Rate per 1,000 persons in each age group",,,,,,,,,,,,,
Type of crime         , 12-15,,16-19,,20-24,,25-34,,35-49,,50-64,,65 and over,
All personal crimes,44.2,,51.7,,36.3,,25.8,,18.3,,11.9,,3.3,
Crimes of violence,43.4,,50.1,,35.2,,24.7,,17.7,,11.6,,2.5,
   Completed violence,15.3,,16,,11.7,,8.2,,4.5,,2.9,,0.8,*
   Attempted/threatened violence,28.1,,34.2,,23.5,,16.5,,13.2,,8.7,,1.7,
   Rape/Sexual assault,1,*,2.4,,2.9,,1.2,,1,,0.3,*,0.1,*
      Rape/Attempted rape,0.3,*,1.3,*,1.2,*,0.7,*,0.7,,0.2,*,0,*
         Rape,0.3,*,0.7,*,0.5,*,0.2,*,0.4,*,0.2,*,0,*
         Attempted rape/a ,0,*,0.6,*,0.8,*,0.5,*,0.3,*,0,*,0,*
      Sexual assault/b ,0.6,*,1.1,*,1.7,,0.5,*,0.2,*,0.1,*,0.1,*
   Robbery,4.2,,6.4,,3.5,,3.4,,1.4,,1.7,,0.6,*
      Completed/property taken,3.3,,5,,2.5,,2.8,,0.9,,1.2,,0.4,*
         With injury,1.6,*,1.5,*,0.7,*,1.1,,0.4,*,0.4,*,0.2,*
         Without injury,1.7,*,3.5,,1.8,,1.7,,0.5,*,0.8,,0.1,*
      Attempted to take property,1,*,1.3,*,1.1,*,0.6,*,0.5,*,0.5,*,0.2,*
         With injury,0.3,*,0.6,*,0.2,*,0.2,*,0.1,*,0.2,*,0,*
         Without injury,0.7,*,0.7,*,0.9,*,0.4,*,0.4,*,0.3,*,0.2,*
   Assault,38.2,,41.4,,28.7,,20.1,,15.3,,9.5,,1.8,
      Aggravated,2.8,,7.2,,7.5,,4.8,,3.2,,2.3,,0.3,*
         With injury,1.3,*,1.3,*,2.3,,1.8,,0.5,,0.4,*,0,*
         Threatened with weapon,1.4,*,5.8,,5.3,,3,,2.6,,1.9,,0.3,*
      Simple,35.5,,34.2,,21.2,,15.3,,12.1,,7.2,,1.5,
         With minor injury,9.9,,7.8,,5.2,,3,,2.4,,1,,0.4,*
         Without injury,25.6,,26.4,,16,,12.3,,9.7,,6.2,,1.1,
Purse snatching/Pocket picking,0.8,*,1.6,*,1.1,*,1.1,,0.6,,0.3,*,0.8,*
Population in each age group,"16,755,440",,"16,981,750",,"20,752,030",,"40,349,730",,"65,636,410",,"53,677,460",,"36,192,050",
"Note: The 2007 rates are comparable to 2005 and previous years, but not to 2006 because of changes in methodology. See Criminal Victimization, 2006, at <http:www.ojp.usdoj.gov/bjs/abstract/cv06.htm> and Criminal Victimization, 2007 at <http:www.ojp.usdoj.gov/bjs/abstract/cv07.htm>.",,,,,,,,,,,,,,
Detail may not add to total shown because of rounding.,,,,,,,,,,,,,,
*Estimate is based on 10 or fewer sample cases.,,,,,,,,,,,,,,
a/Includes verbal threats of rape.,,,,,,,,,,,,,,
b/Includes threats.,,,,,,,,,,,,,,
