Bureau of Justice Statistics,,,,,,,,,,,,,,,
Filename:  cv0713.csv,,,,,,,,,,,,,,,
"Table 13. Victimization rates for persons age 12 and over, by gender of head of household, relationship of victims to head of household, and type of crime",,,,,,,,,,,,,,,
"Data source: National Criminal Victimization Survey, 2007  NCJ 227669",,,,,,,,,,,,,,,
Produced by:  Cathy Maston ,,,,,,,,,,,,,,,
Authors:  Patsy Klaus and Cathy Maston,,,,,,,,,,,,,,,
Refer questions to: askbjs@usdoj.gov  202-307-0765,,,,,,,,,,,,,,,
Data of version:  02/03/10,,,,,,,,,,,,,,,
,,,,,,,,,,,,,,,
"Table 13. Personal crimes, 2007: Victimization rates for persons age 12 and over, by gender of head of household, relationship of victims to head of household, and type of crime",,,,,,,,,,,,,,,
,,,,,,"Rate per 1,000 persons age 12 and over",,,,,,,,,
,,,,,,,,,,Robbery,,,,,
Gender of head of household and relationship of victim to head,,Total population,Crime of violence,,Completed violence,Attempted/threatened violence,,Rape/Sexual assault/a,,Total,,With injury,,Without injury,
Households headed by males,,,,,,,,,,,,,,,
,All male heads,"63,824,400",18.6,,4.4,14.2,,0.2,*,3,,0.9,,2,
,   Male heads living alone,"16,842,360",31.9,,8.8,23.1,,0.6,*,5.5,,1.9,*,3.6,
,   Male heads living with others,"46,982,040",13.8,,2.9,11,,0,*,2.1,,0.6,*,1.5,
,Wives,"33,168,100",6.2,,1.9,4.3,,0.4,*,0.6,*,0.5,*,0.2,*
,Own children under age 18,"10,693,830",35.7,,10.5,25.1,,1.9,*,4.8,,1.6,*,3.2,
,Own children age 18 and over,"9,255,100",27.8,,11.6,16.2,,2,*,2.5,*,0.4,*,2.2,*
,Other relatives,"6,452,770",23.5,,8.5,15,,0.7,*,3.6,*,0,*,3.6,*
,Nonrelatives,"8,768,490",27,,7.5,19.6,,2.7,*,2.1,*,0.6,*,1.6,*
Households headed by females,,,,,,,,,,,,,,,
,All female heads,"60,236,010",20,,6.9,13.1,,2,,2,,0.9,,1.1,
,   Female heads living alone,"19,266,310",16.5,,6.4,10.1,,2.3,,1.8,,1.1,*,0.7,*
,   Female heads living with others,"40,969,700",21.7,,7.1,14.6,,1.9,,2.1,,0.9,,1.2,
,Husbands,"21,120,470",7.9,,1.9,6,,0,*,0.6,*,0,*,0.6,*
,Own children under age 18,"12,289,470",55.9,,17.1,38.8,,1.6,*,4.3,,2.2,*,2.1,*
,Own children age 18 and over,"11,091,960",31.7,,11.9,19.8,,1,*,6,,2.2,*,3.8,
,Other relatives,"6,435,670",18.8,,5.3,13.4,,0.5,*,1.2,*,0.7,*,0.5,*
,Nonrelatives,"7,008,620",31.8,,8.6,23.1,,0,*,1.4,*,0,*,1.4,*
,,"       Rate per 1,000 persons age 12 and over",,,,,,,,,,,,,
,,Assault,,,,,,,,,,,,,
Gender of head of household and relationship of victim to head,,Total,Aggravated,,Simple,Purse snatching/Pocket picking,,,,,,,,,
Households headed by males,,,,,,,,,,,,,,,
,All male heads,15.5,4.1,,11.4,0.6,,,,,,,,,
,   Male heads living alone,25.9,5.8,,20,0.7,*,,,,,,,,
,   Male heads living with others,11.7,3.4,,8.3,0.6,*,,,,,,,,
,Wives,5.2,0.7,*,4.5,0.3,*,,,,,,,,
,Own children under age 18,29,3.6,,25.4,0.2,*,,,,,,,,
,Own children age 18 and over,23.3,4.8,,18.4,0.4,*,,,,,,,,
,Other relatives,19.2,4.7,*,14.5,0,*,,,,,,,,
,Nonrelatives,22.2,4,,18.2,1.3,*,,,,,,,,
Households headed by females,,,,,,,,,,,,,,,
,All female heads,16,3.2,,12.8,0.9,,,,,,,,,
,   Female heads living alone,12.4,1.6,*,10.8,1.1,*,,,,,,,,
,   Female heads living with others,17.7,3.9,,13.8,0.8,,,,,,,,,
,Husbands,7.3,1.6,*,5.7,0.2,*,,,,,,,,
,Own children under age 18,50,4.7,,45.3,1.7,*,,,,,,,,
,Own children age 18 and over,24.7,5.7,,19,2.2,*,,,,,,,,
,Other relatives,17.1,3.4,*,13.7,1.4,*,,,,,,,,
,Nonrelatives,30.3,8.7,,21.6,2.1,*,,,,,,,,
"Note: The 2007 rates are comparable to 2005 and previous years, but not to 2006 because of changes in methodology. See Criminal Victimization, 2006, at <http:www.ojp.usdoj.gov/bjs/abstract/cv06.htm> and Criminal Victimization, 2007 at <http:www.ojp.usdoj.gov/bjs/abstract/cv07.htm>.",,,,,,,,,,,,,,,
Detail may not add to total shown because of rounding.,,,,,,,,,,,,,,,
*Estimate is based on 10 or fewer sample cases.,,,,,,,,,,,,,,,
a/Includes verbal threats of rape and threats of sexual assault.,,,,,,,,,,,,,,,
