Bureau of Justice Statistics,,,,,,,,,,,,,,,,
Filename:  cv0757.csv,,,,,,,,,,,,,,,,
"Table 57. Victimization rates for persons age 12 and over, by type of crime, region, and locality of residence",,,,,,,,,,,,,,,,
"Data source: National Criminal Victimization Survey, 2007  NCJ 227669",,,,,,,,,,,,,,,,
Produced by:  Cathy Maston ,,,,,,,,,,,,,,,,
Authors:  Patsy Klaus and Cathy Maston,,,,,,,,,,,,,,,,
Refer questions to: askbjs@usdoj.gov  202-307-0765,,,,,,,,,,,,,,,,
Data of version:  02/03/10,,,,,,,,,,,,,,,,
,,,,,,,,,,,,,,,,
"Table 57. Personal crimes, 2007: Victimization rates for persons age 12 and over, by type of crime, region, and locality of residence",,,,,,,,,,,,,,,,
                                                                                           ,"Rate per 1,000 persons age 12 and over",,,,,,,,,,,,,,,
,All regions,,,,,,,,Northeast,,,,,,,
Type of crime,All areas,,Urban ,,Suburban,,Rural,,All areas,,Urban ,,Suburban,,Rural,
Personal crimes,21.5,,26.6,,17.6,,22.4,,18.9,,18.5,,13.7,,34.3,
  Crimes of violence,20.7,,25.4,,16.8,,22.1,,17.9,,16.1,,13,,34.3,
    Completed violence,6.3,,9.2,,4.6,,6,,4.2,,4.5,,3.3,,6.3,
    Attempted/threatened violence,14.4,,16.3,,12.2,,16.2,,13.6,,11.6,,9.7,,28,
    Rape/Sexual assault/a,1,,1.1,,1,,0.9,,0.8,,0.7,*,0.6,*,1.4,*
    Robbery,2.4,,4.6,,1.6,,1.1,,1.5,,3.4,,0.6,*,1.1,*
      Completed/property taken,1.8,,3.4,,1.3,,0.7,,0.7,,1.7,*,0.5,*,0,*
        With injury,0.7,,1.6,,0.3,*,0.3,*,0.4,*,1.4,*,0,*,0,*
        Without injury,1.1,,1.8,,1,,0.4,*,0.3,*,0.3,*,0.5,*,0,*
      Attempted to take property,0.6,,1.3,,0.3,*,0.4,*,0.7,,1.7,*,0.1,*,1.1,*
        With injury,0.2,,0.3,*,0,*,0.3,*,0.3,*,0.4,*,0,*,0.9,*
        Without injury,0.4,,1,,0.3,*,0.1,*,0.5,*,1.3,*,0.1,*,0.2,*
    Assault,17.3,,19.7,,14.2,,20.1,,15.6,,12.1,,11.8,,31.8,
      Aggravated,3.4,,3.8,,3.1,,3.7,,2.6,,2.2,*,2,,5.2,
        With injury,0.9,,1.3,,0.7,,0.8,,0.6,*,0.9,*,0.7,*,0,*
        Threatened with weapon,2.5,,2.5,,2.4,,2.9,,2,,1.4,*,1.3,*,5.2,
      Simple,13.9,,15.9,,11.2,,16.4,,13,,9.9,,9.9,,26.6,
        With minor injury,3,,3.7,,2,,4.1,,2.5,,1.5,*,2,,5.6,
        Without injury,10.8,,12.2,,9.2,,12.3,,10.5,,8.3,,7.9,,21.1,
  Purse snatching/Pocket picking,0.8,,1.1,,0.8,,0.3,*,1,,2.4,*,0.7,*,0,*
Population age 12 and over,"250,344,870",,"75,412,550",,"114,689,670",,"60,242,650",,"46,897,460",,"13,391,940",,"24,777,870",,"8,727,650",
,"Rate per 1,000 persons age 12 and over",,,,,,,,,,,,,,,
,Midwest,,,,,,,,South,,,,,,,
Type of crime,All areas,,Urban ,,Suburban,,Rural,,All areas,,Urban ,,Suburban,,Rural,
Personal crimes,25.4,,37.6,,18.4,,25.4,,19.9,,28.6,,17.6,,15.2,
  Crimes of violence,24.7,,36.6,,17.4,,25.2,,19.3,,27.7,,17.1,,14.7,
    Completed violence,8.3,,14.3,,4.4,,8.9,,6.6,,11.8,,5.3,,3.8,
    Attempted/threatened violence,16.4,,22.3,,13.1,,16.3,,12.7,,15.9,,11.8,,10.9,
    Rape/Sexual assault/a,1.2,,1.6,*,0.9,*,1.3,*,0.8,,1.2,*,1,,0.1,*
    Robbery,2.2,,4.8,,1.1,*,1.8,*,3,,6.3,,2.4,,0.7,*
      Completed/property taken,1.8,,3.9,,0.8,*,1.4,*,2.6,,5.5,,2.2,,0.4,*
        With injury,0.9,,2.5,,0.1,*,0.7,*,0.8,,2.1,,0.5,*,0.1,*
        Without injury,0.9,,1.4,*,0.7,*,0.8,*,1.8,,3.4,,1.7,,0.2,*
      Attempted to take property,0.4,*,0.9,*,0.3,*,0.3,*,0.4,,0.9,*,0.2,*,0.3,*
        With injury,0.1,*,0.1,*,0.1,*,0.1,*,0.2,*,0.2,*,0.1,*,0.3,*
        Without injury,0.3,*,0.8,*,0.2,*,0.2,*,0.2,*,0.6,*,0.1,*,0,*
    Assault,21.3,,30.3,,15.5,,22.2,,15.5,,20.2,,13.7,,13.8,
      Aggravated,3.8,,5.4,,2.8,,3.8,,3.5,,4.2,,3.5,,2.7,
        With injury,1.4,,2.2,*,0.9,*,1.6,*,0.9,,1.7,,0.7,*,0.4,*
        Threatened with weapon,2.3,,3.1,,2,,2.2,,2.6,,2.5,,2.8,,2.3,
      Simple,17.5,,24.9,,12.7,,18.3,,12,,16,,10.2,,11.1,
        With minor injury,4.4,,7.1,,2.1,,5.2,,2.6,,3.8,,1.6,,2.9,
        Without injury,13.2,,17.8,,10.5,,13.1,,9.4,,12.2,,8.6,,8.2,
  Purse snatching/Pocket picking,0.7,,1,*,0.9,*,0.2,*,0.6,,0.9,*,0.5,*,0.5,*
Population age 12 and over,"57,683,880",,"14,423,580",,"25,077,780",,"18,182,530",,"89,038,690",,"24,022,220",,"40,885,690",,"24,130,790",
,"Rate per 1,000 persons age 12 and over",,,,,,,,,,,,,,,
,West,,,,,,,,,,,,,,,
Type of crime,All areas,,Urban ,,Suburban,,Rural,,,,,,,,,
Personal crimes,21.9,,22.3,,20.8,,24,,,,,,,,,
  Crimes of violence,21.1,,21.6,,19.5,,24,,,,,,,,,
    Completed violence,5.5,,6,,5,,5.5,,,,,,,,,
    Attempted/threatened violence,15.6,,15.6,,14.6,,18.4,,,,,,,,,
    Rape/Sexual assault/a,1.3,,1,*,1.3,*,1.9,*,,,,,,,,
    Robbery,2.3,,3.5,,1.8,,0.7,*,,,,,,,,
      Completed/property taken,1.3,,1.8,,1.1,*,0.7,*,,,,,,,,
        With injury,0.5,*,0.7,*,0.3,*,0.2,*,,,,,,,,
        Without injury,0.9,,1.1,*,0.8,*,0.5,*,,,,,,,,
      Attempted to take property,1,,1.7,,0.7,*,0,*,,,,,,,,
        With injury,0.1,*,0.4,*,0,*,0,*,,,,,,,,
        Without injury,0.8,,1.3,*,0.7,*,0,*,,,,,,,,
    Assault,17.5,,17.1,,16.5,,21.4,,,,,,,,,
      Aggravated,3.7,,3.2,,3.8,,4.8,,,,,,,,,
        With injury,0.5,*,0.4,*,0.4,*,0.9,*,,,,,,,,
        Threatened with weapon,3.2,,2.8,,3.3,,4,,,,,,,,,
      Simple,13.8,,13.8,,12.7,,16.6,,,,,,,,,
        With minor injury,2.8,,2.9,,2.4,,3.7,*,,,,,,,,
        Without injury,11,,11,,10.3,,13,,,,,,,,,
  Purse snatching/Pocket picking,0.8,,0.8,*,1.2,*,0,*,,,,,,,,
Population age 12 and over,"56,724,840",,"23,574,820",,"23,948,340",,"9,201,680",,,,,,,,,
"Note: The 2007 rates are comparable to 2005 and previous years, but not to 2006 because of changes in methodology. See Criminal Victimization, 2006, at <http:www.ojp.usdoj.gov/bjs/abstract/cv06.htm> and Criminal Victimization, 2007 at <http:www.ojp.usdoj.gov/bjs/abstract/cv07.htm>.",,,,,,,,,,,,,,,,
Detail may not add to total shown because of rounding.,,,,,,,,,,,,,,,,
"The term ""Urban"" is used to denote ""Principal cities.""",,,,,,,,,,,,,,,,
"The term ""Suburban"" is used to denote ""Outside principal cities.""",,,,,,,,,,,,,,,,
"The term ""Rural"" is used to denote ""Nonmetropolitan areas.""",,,,,,,,,,,,,,,,
*Estimate is based on 10 or fewer sample cases.,,,,,,,,,,,,,,,,
a/Includes verbal threats of rape and threats of sexual assault.,,,,,,,,,,,,,,,,
