Bureau of Justice Statistics,,
Filename:  cv0787.csv,,
"Table 87. Percent of victimizations resulting in loss of time from work, by type of crime",,
"Data source: National Criminal Victimization Survey, 2007  NCJ 227669",,
Produced by:  Cathy Maston ,,
Authors:  Patsy Klaus and Cathy Maston,,
Refer questions to: askbjs@usdoj.gov  202-307-0765,,
Data of version:  02/03/10,,
,,
"Table 87. Selected personal and property crimes, 2007: Percent of victimizations resulting in loss of time from work, by type of crime",,
Type of crime         ,Percent of all victimizations,
All personal crimes/a,7.6,%
Crimes of violence,7.5,
   Completed violence,15.1,
   Attempted/threatened violence,4.2,
   Rape/Sexual assault/b,5.4,*
   Robbery,12.4,
      Completed/property taken,14.4,
         With injury,18.1,*
         Without injury,12.1,*
      Attempted to take property,6.5,*
         With injury,14.4,*
         Without injury,3.3,*
   Assault,7,
      Aggravated,12.7,
      Simple,5.6,
All property crimes                         ,6.1,%
   Household burglary                                ,7.1,
      Completed                            ,7.5,
         Forcible entry                     ,12.4,
         Unlawful entry without force       ,3.8,
      Attempted forcible entry             ,5.5,
   Motor vehicle theft                     ,21.5,
      Completed                            ,24.4,
      Attempted                            ,9.1,*
   Theft,4.8,
      Completed,4.8,
         Less than $50,2.1,
         $50 - $249,3.4,
         $250 or more,9.2,
         Amount not available,4.6,
      Attempted,4.7,*
Note: Detail may not add to total shown because of rounding.,,
*Estimate is based on 10 or fewer sample cases.,,
"a/Includes data on purse snatching/pocket picking, not shown separately.",,
b/Includes verbal threats of rape and threats of sexual assault.,,
