Bureau of Justice Statistics,,,,,,,,,,,,,,,
Filename:  cv0790.csv,,,,,,,,,,,,,,,
"Table 90. Percent distribution of victimizations resulting in loss of time from work, by race of victims, type of crime, and number of days lost",,,,,,,,,,,,,,,
"Data source: National Criminal Victimization Survey, 2007  NCJ 227669",,,,,,,,,,,,,,,
Produced by:  Cathy Maston ,,,,,,,,,,,,,,,
Authors:  Patsy Klaus and Cathy Maston,,,,,,,,,,,,,,,
Refer questions to: askbjs@usdoj.gov  202-307-0765,,,,,,,,,,,,,,,
Data of version:  02/03/10,,,,,,,,,,,,,,,
,,,,,,,,,,,,,,,
"Table 90. Selected personal and property crimes, 2007: Percent distribution of victimizations resulting in loss of time from work, by race of victims, type of crime, and number of days lost",,,,,,,,,,,,,,,
,,,,Percent of victimizations,,,,,,,,,,,
Race and type of crime,,Number of victimizations,, Total,,Less than 1 day,, 1-5 days,, 6-10 days,,11 days or more,,Not known and not available,
White only,,,,,,,,,,,,,,,
,All personal crimes/a,"317,140",,100,%,21.7,%,41.7,%,10.3,%*,21.1,%,5.2,%*
,Crimes of violence,"304,400",,100,,21.5,,40.4,,10.8,*,22,,5.4,*
,All property crimes,"840,220",,100,%,37.4,%,49.1,%,6.8,%,3.4,%*,3.3,%*
,Household burglary,"167,260",,100,,29.2,,47.5,,14.2,*,6.1,*,3,*
,Motor vehicle theft,"164,040",,100,,24,,64.2,,6.2,*,3.9,*,1.8,*
,Theft,"508,910",,100,,44.4,,44.8,,4.5,*,2.3,*,3.9,*
Black only,,,,,,,,,,,,,,,
,All personal crimes/a,"75,240",,100,%,15.5,%*,44,%*,0,%*,30.2,%*,10.2,%*
,Crimes of violence,"67,770",,100,,17.3,*,37.8,*,0,*,33.5,*,11.4,*
                           crimes                                                  ,All property crimes,"160,870",,100,%,25.8,%,53.6,%,3.8,%*,12.4,%*,4.3,%*
                                                                                   ,Household burglary,"41,220",,100,,22.2,*,77.8,*,0,*,0,*,0,*
                                                                                   ,Motor vehicle theft,"27,360",*,100,*,10,*,68.1,*,0,*,10.1,*,11.9,*
                                                                                   ,Theft,"92,290",,100,,32.2,*,38.5,,6.6,*,18.7,*,4,*
Note: Detail may not add to total shown because of rounding.,,,,,,,,,,,,,,,
"Excludes data on persons of ""Other"" races and persons indicating two or more races.",,,,,,,,,,,,,,,
Excludes data on persons with races other than White only or Black only.,,,,,,,,,,,,,,,
*Estimate is based on 10 or fewer sample cases.,,,,,,,,,,,,,,,
"a/Includes data on rape, sexual assault, robbery, assault, and purse snatching/pocket picking, not shown separately.",,,,,,,,,,,,,,,
