Bureau of Justice Statistics,,,,,,,,,,,,,,
Filename:  cv0733.csv,,,,,,,,,,,,,,
"Table 33. Number of victimizations, by type of crime and relationship to offender",,,,,,,,,,,,,,
"Data source: National Criminal Victimization Survey, 2007  NCJ 227669",,,,,,,,,,,,,,
Produced by:  Cathy Maston ,,,,,,,,,,,,,,
Authors:  Patsy Klaus and Cathy Maston,,,,,,,,,,,,,,
Refer questions to: askbjs@usdoj.gov  202-307-0765,,,,,,,,,,,,,,
Data of version:  02/03/10,,,,,,,,,,,,,,
,,,,,,,,,,,,,,
"Table 33. Family violence, 2007: Number of victimizations, by type of crime and relationship to offender",,,,,,,,,,,,,,
,,,Number of victimizations,,,,,,,,,,,
,,,Related,,,,,,,,,,,
Type of crime,Total number of victimizations,,     Total,, Spouse,,Ex-spouse,,Parent,,Own child,,Other relatives,
Crimes of violence,"5,177,130",,"553,930",,"186,560",,"79,860",,"9,130",*,"67,570",,"210,800",
   Completed violence,"1,578,870",,"226,140",,"70,720",,"36,150",,"3,380",*,"44,970",,"70,920",
   Attempted/threatened violence,"3,598,260",,"327,790",,"115,830",,"43,720",,"5,750",*,"22,600",*,"139,880",
   Rape/Sexual assault/b,"248,280",,"33,390",*,"20,670",*,"6,200",*,"2,070",*,0,*,"4,460",*
   Robbery,"597,320",,"42,290",,"12,100",*,"10,020",*,0,*,"3,150",*,"17,030",*
      Completed/property taken,"444,010",,"38,530",,"8,330",*,"10,020",*,0,*,"3,150",*,"17,030",*
      Attempted to take property,"153,320",,"3,760",*,"3,760",*,0,*,0,*,0,*,0,*
   Assault,"4,331,530",,"478,240",,"153,790",,"63,650",,"7,060",*,"64,430",,"189,310",
      Aggravated,"858,940",,"93,730",,"33,780",*,"8,500",*,0,*,"19,940",*,"31,520",*
      Simple,"3,472,590",,"384,510",,"120,010",,"55,150",,"7,060",*,"44,490",,"157,790",
,Number of victimizations,,,,,,,,,,,,,
Type of crime, Well-known/a,,Casual acquaintances,,Don't know relationship,,  Strangers,,Don't know number of offenders,,,,,
Crimes of violence,"1,213,060",,"726,580",,"448,270",,"2,070,000",,"165,280",,,,,
   Completed violence,"398,250",,"156,970",,"97,750",,"657,360",,"42,400",,,,,
   Attempted/threatened violence,"814,800",,"569,610",,"350,530",,"1,412,640",,"122,880",,,,,
   Rape/Sexual assault/b,"71,670",,"38,540",,"13,820",*,"77,480",,"13,370",*,,,,
   Robbery,"50,450",,"21,790",*,"64,330",,"392,290",,"26,170",*,,,,
      Completed/property taken,"39,000",,"17,030",*,"44,750",,"282,160",,"22,540",*,,,,
      Attempted to take property,"11,450",*,"4,760",*,"19,580",*,"110,130",,"3,630",*,,,,
   Assault,"1,090,940",,"666,250",,"370,120",,"1,600,240",,"125,740",,,,,
      Aggravated,"148,750",,"108,990",,"63,060",,"412,220",,"32,180",*,,,,
      Simple,"942,190",,"557,260",,"307,060",,"1,188,030",,"93,560",,,,,
Note: Detail may not add to total shown because of rounding.,,,,,,,,,,,,,,
*Estimate is based on 10 or fewer sample cases.,,,,,,,,,,,,,,
a/Includes data on offenders well known to the victims whose relationship to the victim could not be ascertained.,,,,,,,,,,,,,,
b/Includes verbal threats of rape and threats of sexual assault.,,,,,,,,,,,,,,
