Bureau of Justice Statistics,,,,,,,
Filename:  cv0777.csv,,,,,,,
"Table 77. Percent of victimizations in which victims incurred medical expenses, by selected characteristics of victims and type of crime",,,,,,,
"Data source: National Criminal Victimization Survey, 2007  NCJ 227669",,,,,,,
Produced by:  Cathy Maston ,,,,,,,
Authors:  Patsy Klaus and Cathy Maston,,,,,,,
Refer questions to: askbjs@usdoj.gov  202-307-0765,,,,,,,
Data of version:  02/03/10,,,,,,,
,,,,,,,
"Table 77. Personal crimes of violence, 2007: Percent of victimizations in which victims incurred medical expenses, by selected characteristics of victims and type of crime",,,,,,,
,,Percent of victimizations,,,,,
Characteristic,, Crimes of violence/a,,  Robbery,,  Assault,
Race,,,,,,,
,All races/b,7.1,%,10.4,%,6.2,%
,White only,6.5,,10.7,,5.4,
,Black only,10.6,,11,*,10.1,
Victim-offender relationship,,,,,,,
,Strangers,7.5,,9.3,,6.3,
,Nonstrangers,6.7,,15.1,*,6,
Note: Data includes victimizations in which the amount of medical expenses incurred was not ascertained.,,,,,,,
*Estimate is based on 10 or fewer sample cases.,,,,,,,
"a/Includes data on rape and sexual assault, not shown separately.",,,,,,,
"b/Includes data on persons other than White only or Black only, not shown separately.",,,,,,,
