Bureau of Justice Statistics,,,,,,,,,,,,,,,,
Filename:  cv0758.csv,,,,,,,,,,,,,,,,
"Table 58. Victimization rates by type of crime, region, and locality of residence",,,,,,,,,,,,,,,,
"Data source: National Criminal Victimization Survey, 2007  NCJ 227669",,,,,,,,,,,,,,,,
Produced by:  Cathy Maston ,,,,,,,,,,,,,,,,
Authors:  Patsy Klaus and Cathy Maston,,,,,,,,,,,,,,,,
Refer questions to: askbjs@usdoj.gov  202-307-0765,,,,,,,,,,,,,,,,
Data of version:  02/03/10,,,,,,,,,,,,,,,,
,,,,,,,,,,,,,,,,
"Table 58. Property crimes, 2007: Victimization rates by type of crime, region, and locality of residence",,,,,,,,,,,,,,,,
                                                                                           ,"Rate per 1,000 households",,,,,,,,,,,,,,,
,All regions,,,,,,,,Northeast,,,,,,,
Type of crime,All areas,,Urban ,,Suburban,,Rural,,All areas,,Urban ,,Suburban,,Rural,
Property crimes,146.5,,177.6,,131.4,,134,,109.2,,108.5,,106.4,,117.7,
  Household burglary,26.9,,33.9,,19.7,,31.1,,21.2,,23.4,,19,,23.6,
    Completed,21.4,,25.9,,16,,25.7,,17.6,,18.6,,16.4,,19.1,
      Forcible entry,9.2,,12.1,,6.3,,10.9,,6.5,,6.8,,6,,7.6,*
      Unlawful entry without force,12.2,,13.8,,9.7,,14.8,,11,,11.9,,10.4,,11.6,
    Attempted forcible entry,5.5,,8.1,,3.7,,5.4,,3.6,,4.7,*,2.6,*,4.4,*
  Motor vehicle theft,8.2,,11.5,,7.6,,5.1,,4.3,,4.3,*,4.5,,3.7,*
    Completed,6.7,,9.4,,5.9,,4.6,,3.2,,3.3,*,3.4,,2.4,*
    Attempted,1.5,,2.1,,1.7,,0.5,*,1.1,*,1,*,1.1,*,1.3,*
  Theft,111.4,,132.2,,104.2,,97.8,,83.8,,80.8,,82.9,,90.4,
    Completed,106.9,,125.7,,100,,95.3,,80.3,,76.1,,79.4,,89.1,
       Less than $50,27.1,,30.1,,24.8,,27.7,,21.9,,21.2,,20.5,,26.4,
       $50 - $249,37.8,,45.1,,35.4,,32.9,,27.8,,23.3,,28.8,,31.3,
       $250 or more,28.6,,37.1,,27.7,,19.3,,17.3,,20.2,,17.3,,13.1,
       Amount not available,13.3,,13.5,,12.2,,15.3,,13.4,,11.3,,12.7,,18.2,
     Attempted,4.5,,6.5,,4.2,,2.6,,3.4,,4.7,*,3.5,,1.3,*
Total number of households,"119,503,530",,"37,418,000",,"53,309,990",,"28,775,550",,"22,043,360",,"6,217,520",,"11,505,470",,"4,320,370",
,"Rate per 1,000 households",,,,,,,,,,,,,,,
,Midwest,,,,,,,,South,,,,,,,
Type of crime,All areas,,Urban ,,Suburban,,Rural,,All areas,,Urban ,,Suburban,,Rural,
Property crimes,141.6,,188.5,,111,,143.3,,149.1,,193.9,,132.9,,127.6,
  Household burglary,29.8,,44.5,,16.2,,35.8,,27.8,,35.5,,21,,30.6,
    Completed,23.4,,30.1,,13.2,,31.6,,21.6,,27.2,,16.4,,24.1,
      Forcible entry,10.2,,16.5,,4.8,,12.3,,10.2,,14.6,,7,,10.8,
      Unlawful entry without force,13.2,,13.7,,8.4,,19.3,,11.4,,12.6,,9.5,,13.3,
    Attempted forcible entry,6.4,,14.4,,3,,4.2,,6.1,,8.2,,4.5,,6.5,
  Motor vehicle theft,6.1,,7.4,,5.2,,6.4,,8,,11.6,,8.1,,3.9,
    Completed,5.1,,6.3,,3.8,,6,,6.1,,8.4,,6.2,,3.6,
    Attempted,1,*,1.1,*,1.4,*,0.4,*,1.9,,3.3,,1.8,,0.4,*
  Theft,105.7,,136.6,,89.5,,101.1,,113.3,,146.7,,103.9,,93,
    Completed,101,,126.7,,86.6,,98.7,,108.5,,139.8,,99.4,,89.9,
       Less than $50,26.5,,33.3,,24,,24.2,,26.8,,29.2,,24.9,,27.2,
       $50 - $249,36.9,,51.2,,28.3,,36.6,,38.6,,52.7,,34.7,,29.9,
       $250 or more,26.7,,33.8,,24.5,,23.6,,29.9,,42.7,,28.3,,18.6,
       Amount not available,10.9,,8.4,,9.9,,14.3,,13.3,,15.2,,11.6,,14.1,
     Attempted,4.6,,9.9,,2.9,,2.4,*,4.8,,7,,4.5,,3.1,
,,,,,,,,,,,,,,,,
Total number of households,"27,506,930",,"7,330,530",,"11,680,620",,"8,495,780",,"43,524,560",,"12,581,420",,"19,171,010",,"11,772,130",
,"Rate per 1,000 households",,,,,,,,,,,,,,,
,West,,,,,,,,,,,,,,,
Type of crime,All areas,,Urban ,,Suburban,,Rural,,,,,,,,,
Property crimes,178.5,,190.5,,176.9,,150,,,,,,,,,
  Household burglary,27.2,,31.1,,21.9,,30.7,,,,,,,,,
    Completed,22.3,,25.5,,17.9,,25.1,,,,,,,,,
      Forcible entry,8.7,,9.2,,7.1,,11.8,,,,,,,,,
      Unlawful entry without force,13.6,,16.3,,10.8,,13.3,,,,,,,,,
    Attempted forcible entry,4.9,,5.6,,4,,5.6,*,,,,,,,,
  Motor vehicle theft,14,,18,,12.4,,7.1,*,,,,,,,,
    Completed,12.1,,15.8,,10.2,,6.8,*,,,,,,,,
    Attempted,1.9,,2.2,*,2.2,*,0.4,*,,,,,,,,
  Theft,137.3,,141.4,,142.7,,112.2,,,,,,,,,
    Completed,132.6,,136.8,,137,,109.6,,,,,,,,,
       Less than $50,32.8,,33.9,,30,,37.3,,,,,,,,,
       $50 - $249,45.9,,44.8,,51,,35.7,,,,,,,,,
       $250 or more,37.9,,42.1,,40.8,,18.8,,,,,,,,,
       Amount not available,15.9,,16,,15.2,,17.8,,,,,,,,,
     Attempted,4.7,,4.6,,5.6,,2.6,*,,,,,,,,
Total number of households,"26,428,690",,"11,288,530",,"10,952,890",,"4,187,260",,,,,,,,,
"Note: The 2007 rates are comparable to 2005 and previous years, but not to 2006 because of changes in methodology. See Criminal Victimization, 2006, at <http:www.ojp.usdoj.gov/bjs/abstract/cv06.htm> and Criminal Victimization, 2007 at <http:www.ojp.usdoj.gov/bjs/abstract/cv07.htm>.",,,,,,,,,,,,,,,,
Detail may not add to total shown because of rounding.,,,,,,,,,,,,,,,,
"The term ""Urban"" is used to denote ""Principal cities.""",,,,,,,,,,,,,,,,
"The term ""Suburban"" is used to denote ""Outside principal cities.""",,,,,,,,,,,,,,,,
"The term ""Rural"" is used to denote ""Nonmetropolitan areas.""",,,,,,,,,,,,,,,,
*Estimate is based on 10 or fewer sample cases.,,,,,,,,,,,,,,,,
