Bureau of Justice Statistics,,,,,,,,,,,,
Filename:  cv0732.csv,,,,,,,,,,,,
Table 32. Percent distribution of victimizations by perceived drug or alcohol use by offender,,,,,,,,,,,,
"Data source: National Criminal Victimization Survey, 2007  NCJ 227669",,,,,,,,,,,,
Produced by:  Cathy Maston ,,,,,,,,,,,,
Authors:  Patsy Klaus and Cathy Maston,,,,,,,,,,,,
Refer questions to: askbjs@usdoj.gov  202-307-0765,,,,,,,,,,,,
Data of version:  02/03/10,,,,,,,,,,,,
,,,,,,,,,,,,
"Table 32. Personal crimes of violence, 2007: Percent distribution of victimizations by perceived drug or alcohol use by offender",,,,,,,,,,,,
,Percent of victimizations,,,,,,,,,,,
,,,,,,,Assault,,,,,
Perceived drug or alcohol use by offender,Crime of violence,,Rape/Sexual assault/a,,Robbery,,     Total,,      Aggravated,,   Simple,
Total victimizations,100,%,100,%,100,%,100,%,100,%,100,%
Total (Perceived to be under the influence of drugs or alcohol),27,,36.8,,18,,27.7,,33.5,,26.2,
  Under the influence of alcohol,15.7,,30.6,,4.2,*,16.4,,18.9,,15.8,
  Under the influence of drugs,4.9,,1.2,*,7.2,,4.8,,8.9,,3.8,
  Under the influence of both  drugs and alcohol,5.1,,3.6,*,5.2,*,5.2,,3.9,*,5.5,
"  Under the influence of one, not sure which",1.2,,1.4,*,1.3,*,1.2,,1.9,*,1,
  Not available whether drugs or alcohol,0,*,0,*,0,*,0,*,0,*,0,*
Not on alcohol or drugs,28.8,,18.8,,12.2,,31.7,,23.4,,33.7,
Don't know or not ascertained,44.2,,44.4,,69.9,,40.6,,43.1,,40,
Note: Detail may not add to total shown because of rounding.,,,,,,,,,,,,
*Estimate is based on 10 or fewer sample cases.,,,,,,,,,,,,
a/Includes verbal threats of rape and threats of sexual assault.,,,,,,,,,,,,
