Bureau of Justice Statistics,,,,,,,,,,,,,,,,,
Filename:  cv0763.csv,,,,,,,,,,,,,,,,,
"Table 63. Percent distribution of incidents, by victim-offender relationship, type of crime, and place of occurrence",,,,,,,,,,,,,,,,,
"Data source: National Criminal Victimization Survey, 2007  NCJ 227669",,,,,,,,,,,,,,,,,
Produced by:  Cathy Maston ,,,,,,,,,,,,,,,,,
Authors:  Patsy Klaus and Cathy Maston,,,,,,,,,,,,,,,,,
Refer questions to: askbjs@usdoj.gov  202-307-0765,,,,,,,,,,,,,,,,,
Data of version:  02/03/10,,,,,,,,,,,,,,,,,
,,,,,,,,,,,,,,,,,
"Table 63. Personal crimes of violence, 2007: Percent distribution of incidents, by victim-offender relationship, type of crime, and place of occurrence",,,,,,,,,,,,,,,,,
,,,,Percent of incidents,,,,,,,,,,,,,
Type of crime and offender,,Number of incidents,,  Total,,At or in respondent's home,,   Near home,, On the street near home,,"At, in, or near a friend's, relative's or neighbor's home",,"Inside a restaurant, bar, or nightclub",,Other commercial building,
Involving strangers,,,,,,,,,,,,,,,,,
,Crimes of violence,"2,514,260",,100,%,5.3,%,10.7,%,6.8,%,4.8,%,6.5,%,8.1,%
,   Rape/Sexual assault/a,"104,670",,100,%,24.5,*,2.7,*,4.5,*,17.8,*,15.3,*,11.2,*
,   Robbery,"455,370",,100,%,6.3,*,11.3,,4.4,*,1.2,*,2.5,*,5.7,*
,   Assault,"1,954,210",,100,%,4.1,,11,,7.4,,5,,7,,8.4,
Involving nonstrangers,,,,,,,,,,,,,,,,,
,Crimes of violence,"2,377,750",,100,%,33.1,,11.9,,4.2,,8.7,,3.6,,4.4,
,   Rape/Sexual assault/a,"143,610",,100,%,53.2,,5.8,*,2.4,*,13.4,*,0,*,5.3,*
,   Robbery,"110,900",,100,%,39.8,,15.7,*,9.9,*,9.3,*,0,*,0,*
,   Assault,"2,123,240",,100,%,31.4,,12.1,,4,,8.4,,4,,4.5,
,,Percent of incidents,,,,,,,,,,,,,,,
Type of crime and offender,,Parking lot or garage,,Inside school building/on school property,,"In apartment yard, park, field, or playground",,On street other than near own home,,On public transportation or inside station,,   Other,,,,,
Involving strangers,,,,,,,,,,,,,,,,,
,Crimes of violence,10.4,%,14.2,%,2.3,%,22.6,%,1.9,%,6.3,%,,,,
,   Rape/Sexual assault/a,0,*,2.5,*,4.1,*,17.3,*,0,*,0,*,,,,
,   Robbery,18.4,,6.9,*,0.9,*,36.6,,3.6,*,2.3,*,,,,
,   Assault,9.1,,16.5,,2.6,,19.6,,1.6,*,7.6,,,,,
Involving nonstrangers,,,,,,,,,,,,,,,,,
,Crimes of violence,2.7,,16.2,,1.5,,8.5,,0.1,*,5.3,,,,,
,   Rape/Sexual assault/a,3.9,*,9,*,0,*,4.7,*,0,*,2.4,*,,,,
,   Robbery,0,*,5.8,*,0,*,14.4,*,0,*,5.1,*,,,,
,   Assault,2.7,,17.2,,1.7,,8.4,,0.1,*,5.5,,,,,
Note: Detail may not add to total shown because of rounding.,,,,,,,,,,,,,,,,,
*Estimate is based on 10 or fewer sample cases.,,,,,,,,,,,,,,,,,
a/Includes verbal threats of rape and threats of sexual assault.,,,,,,,,,,,,,,,,,
