Bureau of Justice Statistics,,,,,,
Filename:  cv0793a.csv,,,,,,
"Table 93a. Number and percent distribution of victimizations reported to the police, by type of crime, and gender of head of household",,,,,,
"Data source: National Criminal Victimization Survey, 2007  NCJ 227669",,,,,,
Produced by:  Cathy Maston ,,,,,,
Authors:  Patsy Klaus and Cathy Maston,,,,,,
Refer questions to: askbjs@usdoj.gov  202-307-0765,,,,,,
Data of version:  02/03/10,,,,,,
,,,,,,
"Table 93a. Property crimes, 2007: Number and percent distribution of victimizations reported to the police, by type of crime, and gender of head of household",,,,,,
,Percent of all victimizations reported to the police,,,,,
, Both gender,,Male,,Female,
Type of crime,Number,Percent,Number,Percent,Number,Percent
Property crimes,"6,513,520",37.2,"3,314,610",38.2,"3,198,910",36.2
  Household burglary,"1,610,510",50.1,"720,210",49,"890,300",51
      Completed,"1,292,030",50.4,"596,650",50.8,"695,380",50.1
           Forcible entry,"747,260",67.9,"355,020",62.4,"392,240",73.6
           Unlawful entry/without force,"544,770",37.3,"241,630",39.9,"303,140",35.4
      Attempted forcible entry,"318,480",48.9,"123,560",42,"194,920",54.5
  Motor vehicle theft,"835,350",85.3,"454,780",86,"380,560",84.4
     Completed,"726,690",91.3,"400,570",89.3,"326,110",93.9
     Attempted,"108,660",59.1,"54,210",67.6,"54,450",52.6
  Theft,"4,067,660",30.6,"2,139,610",32,"1,928,050",29.1
     Completed,"3,880,250",30.4,"2,047,910",32,"1,832,340",28.8
          Less than $50,"482,190",14.9,"246,740",15.7,"235,440",14.1
          $50 - $249,"1,246,390",27.6,"613,920",27.2,"632,470",27.9
          $250 or more,"1,739,510",50.9,"967,580",53.1,"771,930",48.4
          Amount not available,"412,160",25.8,"219,670",28.9,"192,490",23.1
    Attempted,"187,410",34.9,"91,700",33.3,"95,710",36.7
Note: Detail may not add to total shown because of rounding.,,,,,,
*Estimate is based on 10 or fewer sample cases.,,,,,,
