Bureau of Justice Statistics,,,,,,,,,,
Filename:  cv0702.csv,,,,,,,,,,
"Table 2. Number of victimizations and victimization rates for persons age 12 and over, by type of crime and gender of victims ",,,,,,,,,,
"Data source: National Criminal Victimization Survey, 2007  NCJ 227669",,,,,,,,,,
Produced by:  Cathy Maston ,,,,,,,,,,
Authors:  Patsy Klaus and Cathy Maston,,,,,,,,,,
Refer questions to: askbjs@usdoj.gov  202-307-0765,,,,,,,,,,
Data of version:  02/03/10,,,,,,,,,,
,,,,,,,,,,
"Table 2. Personal crimes, 2007: Number of victimizations and victimization rates for persons age 12 and over, by type of crime and gender of victims ",,,,,,,,,,
,"              Rate per 1,000 persons age 12 and over",,,,,,,,,
,      Both genders,,      Male,,,,    Female,,,
Type of crime         ,Number,Rate,Number,,Rate,,Number,,     Rate,
All personal crimes,"5,371,190",21.5,"2,859,630",,23.4,,"2,511,560",,19.6,
Crimes of violence,"5,177,130",20.7,"2,752,030",,22.5,,"2,425,100",,18.9,
   Completed violence,"1,578,870",6.3,"720,040",,5.9,,"858,840",,6.7,
   Attempted/threatened violence,"3,598,260",14.4,"2,032,000",,16.6,,"1,566,260",,12.2,
   Rape/Sexual assault,"248,280",1,"11,300",*,0.1,*,"236,980",,1.8,
      Rape/Attempted rape,"140,620",0.6,"8,400",*,0.1,*,"132,220",,1,
         Rape,"69,850",0.3,"3,120",*,0,*,"66,730",,0.5,
         Attempted rape/a,"70,770",0.3,"5,280",*,0,*,"65,490",,0.5,
      Sexual assault/b,"107,660",0.4,"2,900",*,0,*,"104,760",,0.8,
   Robbery,"597,320",2.4,"411,450",,3.4,,"185,880",,1.4,
      Completed/property taken,"444,010",1.8,"294,930",,2.4,,"149,080",,1.2,
         With injury,"169,980",0.7,"100,360",,0.8,,"69,620",,0.5,
         Without injury,"274,020",1.1,"194,570",,1.6,,"79,460",,0.6,
      Attempted to take property,"153,320",0.6,"116,520",,1,,"36,800",,0.3,
         With injury,"43,440",0.2,"24,880",*,0.2,*,"18,560",*,0.1,*
         Without injury,"109,870",0.4,"91,640",,0.8,,"18,240",*,0.1,*
   Assault,"4,331,530",17.3,"2,329,290",,19.1,,"2,002,240",,15.6,
      Aggravated,"858,940",3.4,"555,010",,4.5,,"303,930",,2.4,
         With injury,"221,340",0.9,"131,040",,1.1,,"90,310",,0.7,
         Threatened with weapon,"637,590",2.5,"423,970",,3.5,,"213,620",,1.7,
      Simple,"3,472,590",13.9,"1,774,290",,14.5,,"1,698,310",,13.2,
         With minor injury,"757,890",3,"290,950",,2.4,,"466,940",,3.6,
         Without injury,"2,714,710",10.8,"1,483,340",,12.1,,"1,231,370",,9.6,
Purse snatching/Pocket picking,"194,060",0.8,"107,600",,0.9,,"86,460",,0.7,
Population age 12 and over,"250,344,870",...,"122,122,700",,...,,"128,222,170",,...,
"Note: The 2007 rates are comparable to 2005 and previous years, but not to 2006 because of changes in methodology. See Criminal Victimization, 2006, at <http:www.ojp.usdoj.gov/bjs/abstract/cv06.htm> and Criminal Victimization, 2007 at <http:www.ojp.usdoj.gov/bjs/abstract/cv07.htm>.",,,,,,,,,,
Detail may not add to total shown because of rounding.,,,,,,,,,,
*Estimate is based on 10 or fewer sample cases.,,,,,,,,,,
...Not applicable.,,,,,,,,,,
a/Includes verbal threats of rape.,,,,,,,,,,
b/Includes threats.,,,,,,,,,,
