Bureau of Justice Statistics,,,,,,,,
Filename:  cv0723.csv,,,,,,,,
"Table 23. Victimization rates by race of head of household, annual family income, and type of motor vehicle theft",,,,,,,,
"Data source: National Criminal Victimization Survey, 2007  NCJ 227669",,,,,,,,
Produced by:  Cathy Maston ,,,,,,,,
Authors:  Patsy Klaus and Cathy Maston,,,,,,,,
Refer questions to: askbjs@usdoj.gov  202-307-0765,,,,,,,,
Data of version:  02/03/10,,,,,,,,
,,,,,,,,
"Table 23. Motor vehicle theft, 2007: Victimization rates by race of head of household, annual family income, and type of motor vehicle theft",,,,,,,,
                                                                            ,,,"Rate per 1,000 households",,,,,
Race and income,,Total households,All vehicle thefts,,Completed thefts,,Attempted thefts,
White only,,,,,,,,
,"Less than $7,500","2,784,910",8.1,*,6.9,*,1.2,*
,"$7,500-$14,999","5,074,950",9.1,,9.1,,0,*
                                                                          ,"$15,000-$24,999","7,543,030",9.5,,7.7,,1.9,*
                                                                          ,"$25,000-$34,999","8,264,510",6.8,,5.3,,1.5,*
                                                                          ,"$35,000-$49,999","11,008,760",7.4,,5.7,,1.7,*
                                                                          ,"$50,000-$74,999","12,796,030",7.9,,6.3,,1.6,*
                                                                          ,"$75,000 or more","20,107,240",7,,5.2,,1.8,
Black only,,,,,,,,
,"Less than $7,500","1,238,000",18.5,*,16,*,2.4,*
                                                                          ,"$7,500-$14,999","1,284,430",17.7,*,15.4,*,2.3,*
                                                                          ,"$15,000-$24,999","1,503,470",22.2,*,18.3,*,3.9,*
                                                                          ,"$25,000-$34,999","1,321,520",16.5,*,12.6,*,3.9,*
                                                                          ,"$35,000-$49,999","1,607,770",8.6,*,6.4,*,2.1,*
                                                                          ,"$50,000-$74,999","1,232,740",12,*,7.5,*,4.5,*
                                     and                                    ,"$75,000 or more","1,318,250",13.1,*,11,*,2.1,*
"Note: The 2007 rates are comparable to 2005 and previous years, but not to 2006 because of changes in methodology. See Criminal Victimization, 2006, at <http:www.ojp.usdoj.gov/bjs/abstract/cv06.htm> and Criminal Victimization, 2007 at <http:www.ojp.usdoj.gov/bjs/abstract/cv07.htm>.",,,,,,,,
Detail may not add to total shown because of rounding.,,,,,,,,
"Excludes data on families whose income level was not ascertained and data on persons of ""Other"" races and persons indicating two or more races.",,,,,,,,
*Estimate is based on 10 or fewer sample cases.,,,,,,,,
