Bureau of Justice Statistics,,,,,,,,,,,,,,,,
Filename:  cv0784.csv,,,,,,,,,,,,,,,,
"Table 84. Percent distribution of victimizations resulting in theft loss, by type of crime and type of property stolen",,,,,,,,,,,,,,,,
"Data source: National Criminal Victimization Survey, 2007  NCJ 227669",,,,,,,,,,,,,,,,
Produced by:  Cathy Maston ,,,,,,,,,,,,,,,,
Authors:  Patsy Klaus and Cathy Maston,,,,,,,,,,,,,,,,
Refer questions to: askbjs@usdoj.gov  202-307-0765,,,,,,,,,,,,,,,,
Data of version:  02/03/10,,,,,,,,,,,,,,,,
,,,,,,,,,,,,,,,,
"Table 84. Personal and property crimes, 2007: Percent distribution of victimizations resulting in theft loss, by type of crime and type of property stolen",,,,,,,,,,,,,,,,
,Number and percent of property stolen,,,,,,,,,,,,,,,
,Personal crimes,,,,   Crimes of violence/a,,,,Robbery,,,,Purse snatching/Pocket picking,,,
Type of property loss,Number,,Percent,,Number,,Percent,,Number,,Percent,,Number,,Percent,
Total,"1,143,760",,100,%,"774,740",,100,%,"769,410",,100,%,"369,010",,100,%
Cash,"290,100",,25.4,,"187,320",,24.2,,"187,320",,24.3,,"102,780",,27.9,
"Purse, wallet, credit cards","412,120",,36,,"195,590",,25.2,,"195,590",,25.4,,"216,530",,58.7,
Vehicle or parts,"71,660",,6.3,,"71,660",,9.3,,"66,340",,8.6,,0,*,0,*
   Motor vehicles,"35,800",,3.1,,"35,800",,4.6,,"30,470",*,4,*,0,*,0,*
   Vehicle parts,"7,800",*,0.7,*,"7,800",*,1,*,"7,800",*,1,*,0,*,0,*
   Unattached vehicle,"7,060",*,0.6,*,"7,060",*,0.9,*,"7,060",*,0.9,*,0,*,0,*
     accessories,,,,,,,,,,,,,,,,
   Bicycle or parts,"21,010",*,1.8,*,"21,010",*,2.7,*,"21,010",*,2.7,*,0,*,0,*
Household furnishings,"18,200",*,1.6,*,"18,200",*,2.3,*,"18,200",*,2.4,*,0,*,0,*
Personal effects,"293,880",,25.7,,"249,720",,32.2,,"249,720",,32.5,,"44,170",,12,
"   Portable electronic,",,,,,,,,,,,,,,,,
     photographic gear,"111,780",,9.8,,"105,410",,13.6,,"105,410",,13.7,,"6,370",*,1.7,*
"   Jewelry, clothing","69,890",,6.1,,"63,520",,8.2,,"63,520",,8.3,,"6,370",*,1.7,*
   Other personal effects,"112,220",,9.8,,"80,800",,10.4,,"80,800",,10.5,,"31,420",*,8.5,*
Firearms,"14,750",*,1.3,*,"14,750",*,1.9,*,"14,750",*,1.9,*,0,*,0,*
"Tools, machinery","8,080",*,0.7,*,"8,080",*,1,*,"8,080",*,1,*,0,*,0,*
Other,"34,960",,3.1,,"29,430",*,3.8,*,"29,430",*,3.8,*,"5,540",*,1.5,*
Don't know,0,*,0,*,0,*,0,*,0,*,0,*,0,*,0,*
,Percent of victimizations resulting in theft loss,,,,,,,,,,,,,,,
,Property crimes,,,,Household burglary,,,,Motor vehicle theft,,,,           Theft,,,
Type of property loss,Number,,Percent,,Number,,Percent,,Number,,Percent,,Number,,Percent,
Total,"21,324,880",,100,%,"3,663,550",,100,%,"1,241,420",,100,%,"16,419,900",,100,%
Cash,"2,007,320",,9.4,,"405,450",,11.1,,"16,660",*,1.3,*,"1,585,220",,9.7,
"Purse, wallet, credit cards","2,388,460",,11.2,,"239,760",,6.5,,"32,470",*,2.6,*,"2,116,230",,12.9,
Vehicle or parts,"4,117,140",,19.3,,"219,350",,6,,"859,870",,69.3,,"3,037,930",,18.5,
   Motor vehicles,"816,620",,3.8,,"20,720",*,0.6,*,"795,900",,64.1,,0,*,0,*
   Vehicle parts,"1,759,320",,8.3,,"23,830",*,0.7,*,"41,890",,3.4,,"1,693,610",,10.3,
   Unattached vehicle,"328,360",,1.5,,"22,260",*,0.6,*,"13,760",*,1.1,*,"292,340",,1.8,
     accessories,,,,,,,,,,,,,,,,
   Bicycle or parts,"1,212,840",,5.7,,"152,540",,4.2,,"8,320",*,0.7,*,"1,051,980",,6.4,
Household furnishings,"936,280",,4.4,,"469,780",,12.8,,"11,950",*,1,*,"454,550",,2.8,
Personal effects,"7,659,440",,35.9,,"1,557,630",,42.5,,"250,300",,20.2,,"5,851,500",,35.6,
"   Portable electronic,",,,,,,,,,,,,,,,,
     photographic gear,"3,265,570",,15.3,,"575,620",,15.7,,"66,760",,5.4,,"2,623,190",,16,
"   Jewelry, clothing","1,956,440",,9.2,,"539,300",,14.7,,"76,010",,6.1,,"1,341,130",,8.2,
   Other personal effects,"2,437,430",,11.4,,"442,710",,12.1,,"107,530",,8.7,,"1,887,180",,11.5,
Firearms,"137,930",,0.6,,"80,220",,2.2,,"5,470",*,0.4,*,"52,240",,0.3,
"Tools, machinery","1,673,810",,7.8,,"444,090",,12.1,,"52,470",,4.2,,"1,177,250",,7.2,
Other,"2,404,490",,11.3,,"247,270",,6.7,,"12,230",*,1,*,"2,144,990",,13.1,
Don't know,0,*,0,*,0,*,0,*,0,*,0,*,0,*,0,*
Note: Detail may not add to total shown because of rounding.,,,,,,,,,,,,,,,,
Some respondents may have cited multiple items as being stolen.,,,,,,,,,,,,,,,,
*Estimate is based on 10 or fewer sample cases.,,,,,,,,,,,,,,,,
"a/Crimes of violence includes data on rape and sexual assault, not shown separately.",,,,,,,,,,,,,,,,
