Bureau of Justice Statistics,,,,,,
Filename:  cv0792.csv,,,,,,
"Table 92. Percent of victimizations reported to the police, by selected characteristics of victims and type of crime",,,,,,
"Data source: National Criminal Victimization Survey, 2007  NCJ 227669",,,,,,
Produced by:  Cathy Maston ,,,,,,
Authors:  Patsy Klaus and Cathy Maston,,,,,,
Refer questions to: askbjs@usdoj.gov  202-307-0765,,,,,,
Data of version:  02/03/10,,,,,,
,,,,,,
"Table 92. Personal crimes, 2007: Percent of victimizations reported to the police, by selected characteristics of victims and type of crime",,,,,,
,Percent of all victimizations reported to the police,,,,,
Characteristic,All personal crimes,,Crimes of violence/a,,   Purse snatching/Pocket picking,
Gender,,,,,,
   Both genders,47,%,46.3,%,65.3,%
Male,46,,45.4,,61.7,
Female,48,,47.3,,69.8,
Race/b,,,,,,
   White only,46.2,,45.8,,57.9,
   Black only,54.2,,52.3,,78.6,
Ethnicity,,,,,,
   Hispanic,47.3,,47.6,,42.1,*
   Non-Hispanic,46.9,,46.1,,70.2,
*Estimate is based on 10 or fewer sample cases.,,,,,,
"a/Crimes of violence includes data on rape, sexual assault, robbery, and both aggravated and simple assault, not shown separately.",,,,,,
"b/Excludes data on persons of ""Other"" races and persons indicating two or more races.",,,,,,
