Bureau of Justice Statistics,,,,,,,,,,,,,,,
Filename:  cv07109.csv,,,,,,,,,,,,,,,
Table 109. Percent distribution of the kind of agency providing assistance by type of crime,,,,,,,,,,,,,,,
"Data source: National Criminal Victimization Survey, 2007  NCJ 227669",,,,,,,,,,,,,,,
Produced by:  Cathy Maston ,,,,,,,,,,,,,,,
Authors:  Patsy Klaus and Cathy Maston,,,,,,,,,,,,,,,
Refer questions to: askbjs@usdoj.gov  202-307-0765,,,,,,,,,,,,,,,
Data of version:  02/03/10,,,,,,,,,,,,,,,
,,,,,,,,,,,,,,,
"Table 109. Personal and property crimes, 2007: Percent distribution of the kind of agency providing assistance by type of crime",,,,,,,,,,,,,,,
,,Percent of agency type providing assistance,,,,,,,,,,,,,
Type of crime,Number of victimizations,Total,,Government,,Private,,Don't know type of agency,,Received no assistance,,Don't know if assistance was provided,,Not applicable,
Personal crimes,"5,371,190",100,%,5,%,2.7,%,0.7,%,90.8,%,0.6,%*,0.1,%*
Crimes of violence,"5,177,130",100,%,5.2,,2.7,,0.7,,90.9,,0.4,*,0.1,*
   Completed violence,"1,578,870",100,%,7.9,,4.3,,1.1,*,86,,0.8,*,0,*
   Attempted/threatened violence,"3,598,260",100,%,4.1,,2,,0.5,*,93,,0.2,*,0.2,*
   Rape/Sexual assault/a,"248,280",100,%,13.5,*,7.8,*,2.7,*,75.1,,0.9,*,0,*
   Robbery,"597,320",100,%,5,*,1.3,*,1.2,*,92.5,,0,*,0,*
   Assault,"4,331,530",100,%,4.8,,2.6,,0.5,*,91.6,,0.4,*,0.2,*
      Aggravated,"858,940",100,%,3.5,*,1.7,*,0.8,*,93.1,,0.8,*,0,*
      Simple,"3,472,590",100,%,5.1,,2.8,,0.4,*,91.2,,0.3,*,0.2,*
Purse snatching/Pocket picking,"194,060",100,%,0,*,3.3,*,0,*,89,,7.7,*,0,*
Property crimes,"17,508,530",100,%,0.8,%,0.8,%,0.1,%*,97.8,%,0.4,%,0.2,%
Household burglary,"3,215,090",100,%,1.1,,0.8,*,0.1,*,97.3,,0.4,*,0.3,%*
Motor vehicle theft,"979,640",100,%,1.1,*,1.3,*,0.3,*,95.7,,0.7,*,0.8,%*
Theft,"13,313,800",100,%,0.7,,0.7,,0.1,*,98,,0.3,,0.1,%*
Note: Detail may not add to total shown because of rounding.,,,,,,,,,,,,,,,
*Estimate is based on 10 or fewer sample cases.,,,,,,,,,,,,,,,
a/Includes verbal threats of rape and threats of sexual assault.,,,,,,,,,,,,,,,
