Bureau of Justice Statistics,,,,,,,,,,,,,,,,,,,,
Filename:  cv0797.csv,,,,,,,,,,,,,,,,,,,,
"Table 97. Percent of victimizations reported to the police, by type of crime, form of tenure, and race and ethnicity of head of household",,,,,,,,,,,,,,,,,,,,
"Data source: National Criminal Victimization Survey, 2007  NCJ 227669",,,,,,,,,,,,,,,,,,,,
Produced by:  Cathy Maston ,,,,,,,,,,,,,,,,,,,,
Authors:  Patsy Klaus and Cathy Maston,,,,,,,,,,,,,,,,,,,,
Refer questions to: askbjs@usdoj.gov  202-307-0765,,,,,,,,,,,,,,,,,,,,
Data of version:  02/03/10,,,,,,,,,,,,,,,,,,,,
,,,,,,,,,,,,,,,,,,,,
"Table 97. Property crimes, 2007: Percent of victimizations reported to the police, by type of crime, form of tenure, and race and ethnicity of head of household",,,,,,,,,,,,,,,,,,,,
,Percent of victimizations reported to the police,,,,,,,,,,,,,,,,,,,
,Both forms,,,,,,,,,,Owned,,,,,,,,,
Type of crime, All households/a,,White only,,Black only,,Hispanic,,Non-Hispanic,, All households/a,,White only,,Black only,,Hispanic,,Non-Hispanic,
Property crimes,37.2,%,37.2,%,37.7,%,35.5,%,37.5,%,38.3,%,38.5,%,36.8,%,37.1,%,38.5,%
   Household burglary,50.1,,48.5,,55.3,,50.5,,50,,55.7,,53.8,,64.6,,50.1,,56.4,
      Completed,50.4,,49.6,,53.6,,54.1,,49.8,,56.7,,55.1,,65.6,,52.5,,57.3,
         Forcible entry,67.9,,66.7,,73.2,,68.6,,67.7,,74.2,,70.9,,86.6,,77.1,,73.7,
         Unlawful entry without force,37.3,,38.2,,31.5,,38.3,,37.1,,44.5,,45.2,,35.8,*,30,*,46.2,
      Attempted forcible entry,48.9,,44.3,,61.2,,27.9,*,50.8,,50.9,,47.9,,61.3,*,32.7,*,52.5,
   Motor vehicle theft,85.3,,82.3,,94.4,,85.3,,85.3,,85,,83.4,,92.8,,88.5,,84.3,
      Completed,91.3,,90,,96.5,,96.4,,89.9,,91.4,,90.2,,95.5,,100,,89.8,
      Attempted,59.1,,51.5,,85,*,35.3,*,65.5,,61.4,,57.5,,86.4,*,50.2,*,63.8,
   Theft,30.6,,31.7,,25.4,,26.8,,31.2,,31.8,,32.7,,23.9,,29.7,,32,
      Completed,30.4,,31.3,,25.9,,26.7,,31,,31.2,,32,,23.6,,29.1,,31.5,
         Less than $50,14.9,,15.2,,10.9,,13.3,,15.1,,15.5,,15.4,,13.5,*,14.4,*,15.6,
         $50 - $249,27.6,,28,,29.4,,20.7,,28.8,,28.3,,29.3,,25.7,,24.2,,28.9,
         $250 or more,50.9,,52.1,,41.6,,46.1,,51.8,,52.4,,53.1,,41,,47.5,,53.2,
         Amount not available,25.8,,27.4,,18.3,,18.8,,27.4,,28.6,,30.6,,12.6,*,17.5,*,30.1,
      Attempted,34.9,,41.3,,18.5,*,28.5,*,35.8,,46.1,,50.6,,27.4,*,54.3,*,45.5,
,Percent of victimizations reported to the police,,,,,,,,,,,,,,,,,,,
,Rented,,,,,,,,,,,,,,,,,,,
Type of crime, All households/a,,White only,,Black only,,Hispanic,,Non-Hispanic,,,,,,,,,,,
Property crimes,35.7,%,35.1,%,38.2,%,34.1,%,36.1,%,,,,,,,,,,
   Household burglary,44.4,,42,,51.1,,50.9,,43.3,,,,,,,,,,,
      Completed,43.6,,42.3,,48.1,,55.4,,41.3,,,,,,,,,,,
         Forcible entry,61.6,,61.6,,66.1,,62.7,,61.3,,,,,,,,,,,
         Unlawful entry without force,28.8,,28.1,,29.9,,46.2,,26.2,,,,,,,,,,,
      Attempted forcible entry,47.3,,40.9,,61.1,,24.8,*,49.5,,,,,,,,,,,
   Motor vehicle theft,85.6,,80.5,,95.2,,83.2,,86.5,,,,,,,,,,,
      Completed,91.2,,89.6,,96.9,,94.3,,90,,,,,,,,,,,
      Attempted,55.7,,41.2,*,83.5,*,19.5,*,68.3,,,,,,,,,,,
   Theft,28.8,,30,,26.3,,24.2,,29.9,,,,,,,,,,,
      Completed,29.1,,30.1,,27.4,,24.5,,30.3,,,,,,,,,,,
         Less than $50,13.6,,15,,9.1,*,12.1,*,13.9,,,,,,,,,,,
         $50 - $249,26.6,,26.2,,31.8,,17.9,,28.8,,,,,,,,,,,
         $250 or more,48.7,,50.5,,41.9,,44.6,,49.7,,,,,,,,,,,
         Amount not available,21.7,,21.8,,22,*,19.7,*,22.6,,,,,,,,,,,
      Attempted,21.2,,27.1,,12,*,17.5,*,22.1,,,,,,,,,,,
*Estimate is based on 10 or fewer sample cases.,,,,,,,,,,,,,,,,,,,,
"a/Includes data on persons other than White only and Black only, not shown separately.",,,,,,,,,,,,,,,,,,,,
