Bureau of Justice Statistics,,,,,,,,,,,,,,,,
Filename:  cv0745.csv,,,,,,,,,,,,,,,,
"Table 45. Percent distribution of multiple-offender victimizations, by type of crime and perceived age of offenders",,,,,,,,,,,,,,,,
"Data source: National Criminal Victimization Survey, 2007  NCJ 227669",,,,,,,,,,,,,,,,
Produced by:  Cathy Maston ,,,,,,,,,,,,,,,,
Authors:  Patsy Klaus and Cathy Maston,,,,,,,,,,,,,,,,
Refer questions to: askbjs@usdoj.gov  202-307-0765,,,,,,,,,,,,,,,,
Data of version:  02/03/10,,,,,,,,,,,,,,,,
,,,,,,,,,,,,,,,,
"Table 45. Personal crimes of violence, 2007: Percent distribution of multiple-offender victimizations, by type of crime and perceived age of offenders",,,,,,,,,,,,,,,,
,,,Percent of all multiple-offender victimizations,,,,,,,,,,,,,
,,,,,Perceived age of offenders,,,,,,,,,,,
Type of crime,Number of multiple-offender victimizations,,Total,,All under 12,, All 12-20,,All 21-29,,All 30 and over,, Mixed ages,,Not known and not available,
Crimes of violence,"937,200",,100,%,0.9,%*,39.7,%,14.8,%,6.6,%,20,%,18,%
   Completed violence,"365,130",,100,%,0,*,44.1,,17.1,,3.5,*,12.2,,23.1,
   Attempted/threatened violence,"572,070",,100,%,1.5,*,36.9,,13.2,,8.6,,25,,14.8,
   Rape/Sexual assault/a,"8,310",*,100,%*,0,*,31.8,*,0,*,0,*,0,*,68.2,*
   Robbery,"273,640",,100,%,0,*,41.5,,21,,4,*,8.2,*,25.4,
      Completed/property taken,"213,030",,100,%,0,*,39.2,,21.4,,5.1,*,7.1,*,27.1,
         With injury,"70,600",,100,%,0,*,48.5,,19,*,3.7,*,3.6,*,25.2,*
         Without injury,"142,420",,100,%,0,*,34.6,,22.6,*,5.8,*,8.9,*,28,
      Attempted to take property,"60,610",,100,%,0,*,49.4,*,19.4,*,0,*,11.9,*,19.3,*
         With injury,"20,330",*,100,%*,0,*,9.9,*,57.8,*,0,*,20.9,*,11.5,*
         Without injury,"40,270",,100,%,0,*,69.4,*,0,*,0,*,7.4,*,23.2,*
   Assault,"655,240",,100,%,1.3,*,39.1,,12.3,,7.8,,25.2,,14.3,
      Aggravated,"183,180",,100,%,2.3,*,19.3,,10,*,7.4,*,45,,15.9,*
      Simple,"472,060",,100,%,0.9,*,46.7,,13.2,,8,,17.5,,13.7,
Note: Detail may not add to total shown because of rounding.,,,,,,,,,,,,,,,,
*Estimate is based on 10 or fewer sample cases.,,,,,,,,,,,,,,,,
a/Includes verbal threats of rape and threats of sexual assault.,,,,,,,,,,,,,,,,
