Bureau of Justice Statistics,,,,,,,
Filename:  cv0779.csv,,,,,,,
"Table 79. Percent of victimizations in which victims received hospital care, by selected characteristics of victims and type of crime",,,,,,,
"Data source: National Criminal Victimization Survey, 2007  NCJ 227669",,,,,,,
Produced by:  Cathy Maston ,,,,,,,
Authors:  Patsy Klaus and Cathy Maston,,,,,,,
Refer questions to: askbjs@usdoj.gov  202-307-0765,,,,,,,
Data of version:  02/03/10,,,,,,,
,,,,,,,
"Table 79. Personal crimes of violence, 2007: Percent of victimizations in which victims received hospital care, by selected characteristics of victims and type of crime",,,,,,,
,,Percent of victimizations,,,,,
Characteristic,,Crimes of violence/a,,Robbery,,Assault,
Gender,,,,,,,
                                                                                      ,Both genders,5.1,%,8.3,%,4.4,%
,Male,4.7,,6.9,*,4.3,
,Female,5.7,,11.4,*,4.4,
Age,,,,,,,
, 12-19,4.4,,10.4,*,3.2,
,20-34,6.8,,7.1,*,6.3,
,35-49,4.6,,8.1,*,4.2,
,50-64,3.6,*,6.2,*,2.6,*
,65 and over,5.8,*,12.9,*,4.1,*
Race/b,,,,,,,
,White only,4.7,,8.5,*,3.8,
,Black only,7.3,,8.1,*,6.7,
Victim-offender relationship,,,,,,,
,Strangers,5.7,,6.7,*,5,
,Nonstrangers,4.6,,15.1,*,3.8,
*Estimate is based on 10 or fewer sample cases.,,,,,,,
"a/Includes data on rape and sexual assault, not shown separately.",,,,,,,
"b/Excludes data on persons of ""Other"" races and persons indicating two or more races.",,,,,,,
