Bureau of Justice Statistics,,,,,,,,,,,,,,
Filename:  cv0752.csv,,,,,,,,,,,,,,
"Table 52. Victimization rates for persons age 12 and over, by type of crime and locality of residence of victims",,,,,,,,,,,,,,
"Data source: National Criminal Victimization Survey, 2007  NCJ 227669",,,,,,,,,,,,,,
Produced by:  Cathy Maston ,,,,,,,,,,,,,,
Authors:  Patsy Klaus and Cathy Maston,,,,,,,,,,,,,,
Refer questions to: askbjs@usdoj.gov  202-307-0765,,,,,,,,,,,,,,
Data of version:  02/03/10,,,,,,,,,,,,,,
,,,,,,,,,,,,,,
"Table 52. Personal crimes, 2007: Victimization rates for persons age 12 and over, by type of crime and locality of residence of victims",,,,,,,,,,,,,,
,,,,,"Rates per 1,000 persons age 12 and over",,,,,,,,,
,,,Total,,,,"50,000-249,999",,,,"250,000-499,999",,,
Type of crime         ,        All areas,,Urban,,Suburban,,Urban,,Suburban,,Urban,,Suburban,
Personal Crimes,21.5,,26.6,,17.6,,33.7,,17.6,,22.5,,16,
  Crimes of violence,20.7,,25.4,,16.8,,32.9,,17.1,,22.2,,15.7,
    Completed violence,6.3,,9.2,,4.6,,12.1,,3.8,,11.6,,3.6,
    Attempted/threatened violence,14.4,,16.3,,12.2,,20.8,,13.3,,10.6,,12.1,
    Rape/Sexual assault/a,1,,1.1,,1,,1,*,0.7,*,3.3,*,1.3,*
    Robbery,2.4,,4.6,,1.6,,3.7,,1.4,,3.8,*,0.9,*
      Completed/property taken,1.8,,3.4,,1.3,,3.2,,1,*,2.3,*,0.9,*
        With injury,0.7,,1.6,,0.3,*,1.9,,0.2,*,1.8,*,0.3,*
        Without injury,1.1,,1.8,,1,,1.3,*,0.8,*,0.4,*,0.6,*
      Attempted to take property,0.6,,1.3,,0.3,*,0.5,*,0.3,*,1.5,*,0,*
        With injury,0.2,,0.3,*,0,*,0.1,*,0.1,*,0,*,0,*
        Without injury,0.4,,1,,0.3,*,0.4,*,0.3,*,1.5,*,0,*
    Assault,17.3,,19.7,,14.2,,28.2,,15,,15.1,,13.5,
      Aggravated,3.4,,3.8,,3.1,,4.4,,2.7,,6.7,,2.3,*
        With injury,0.9,,1.3,,0.7,,2.6,,0.5,*,2.6,*,0.3,*
        Threatened with weapon,2.5,,2.5,,2.4,,1.8,,2.2,,4.1,*,2,*
      Simple,13.9,,15.9,,11.2,,23.8,,12.3,,8.4,,11.2,
        With minor injury,3,,3.7,,2,,5.7,,2,,3.4,*,1.5,*
        Without injury,10.8,,12.2,,9.2,,18.1,,10.4,,5,,9.7,
  Purse snatching/Pocket picking,0.8,,1.1,,0.8,,0.8,*,0.4,*,0.3,*,0.3,*
,,,,,,,,,,,,,,
Population age 12 and over,"250,344,870",,"75,412,550",,"114,689,670",,"18,983,370",,"32,194,400",,"7,313,550",,"11,628,970",
,"Rate per 1,000 persons age 12 and over",,,,,,,,,,,,,
,"500,000-999,999",,,,"1,000,000 or more",,,,,,,,,
,Urban,,Suburban,,Urban,,Suburban,,Rural,,,,,
Personal Crimes,31.6,,21.1,,21.2,,15.8,,22.4,,,,,
  Crimes of violence,30.7,,20,,19.6,,14.7,,22.1,,,,,
    Completed violence,12.3,,5.1,,5.6,,5.1,,6,,,,,
    Attempted/threatened violence,18.4,,14.9,,13.9,,9.6,,16.2,,,,,
    Rape/Sexual assault/a,1.1,*,1.5,,0.7,*,0.6,*,0.9,,,,,
    Robbery,7.8,,1.7,,3.9,,1.9,,1.1,,,,,
      Completed/property taken,6,,1.2,,2.5,,1.7,,0.7,,,,,
        With injury,2.5,,0.4,*,1,*,0.2,*,0.3,*,,,,
        Without injury,3.5,,0.9,*,1.5,,1.4,,0.4,*,,,,
      Attempted to take property,1.8,*,0.5,*,1.4,,0.2,*,0.4,*,,,,
        With injury,0.9,*,0,*,0.2,*,0,*,0.3,*,,,,
        Without injury,0.9,*,0.5,*,1.3,,0.2,*,0.1,*,,,,
    Assault,21.9,,16.8,,14.9,,12.2,,20.1,,,,,
      Aggravated,3.6,,4.2,,2.8,,2.8,,3.7,,,,,
        With injury,1.2,*,0.8,*,0.3,*,0.8,,0.8,,,,,
        Threatened with weapon,2.4,,3.4,,2.6,,2,,2.9,,,,,
      Simple,18.2,,12.6,,12.1,,9.5,,16.4,,,,,
        With minor injury,4.5,,2.1,,2.4,,2.1,,4.1,,,,,
        Without injury,13.8,,10.5,,9.7,,7.4,,12.3,,,,,
  Purse snatching/Pocket picking,0.9,*,1,*,1.6,,1,,0.3,*,,,,
Population age 12 and over,"15,503,810",,"27,964,020",,"33,611,820",,"42,902,280",,"60,242,650",,,,,
"Note: The 2007 rates are comparable to 2005 and previous years, but not to 2006 because of changes in methodology. See Criminal Victimization, 2006, at <http:www.ojp.usdoj.gov/bjs/abstract/cv06.htm> and Criminal Victimization, 2007 at <http:www.ojp.usdoj.gov/bjs/abstract/cv07.htm>.",,,,,,,,,,,,,,
Detail may not add to total shown because of rounding.,,,,,,,,,,,,,,
"The term ""Urban"" is used to denote ""Principal cities.""",,,,,,,,,,,,,,
"The term ""Suburban"" is used to denote ""Outside principal cities.""",,,,,,,,,,,,,,
"The term ""Rural"" is used to denote ""Nonmetropolitan areas.""",,,,,,,,,,,,,,
"The population range categories shown for ""Urban"" and ""Suburban"" are based on the cumulative size of the principal city",,,,,,,,,,,,,,
of a Core-based Statistical Area (CBSA) and do not reflect the population of the entire CBSA.,,,,,,,,,,,,,,
*Estimate is based on 10 or fewer sample cases.,,,,,,,,,,,,,,
a/Includes verbal threats of rape and threats of sexual assault.,,,,,,,,,,,,,,
