Bureau of Justice Statistics,,,,,,
Filename:  cv0768.csv,,,,,,
"Table 68. Percent of victimizations in which victims took self-protective measures, by type of crime and victim-offender relationship",,,,,,
"Data source: National Criminal Victimization Survey, 2007  NCJ 227669",,,,,,
Produced by:  Cathy Maston ,,,,,,
Authors:  Patsy Klaus and Cathy Maston,,,,,,
Refer questions to: askbjs@usdoj.gov  202-307-0765,,,,,,
Data of version:  02/03/10,,,,,,
,,,,,,
"Table 68. Personal crimes of violence, 2007: Percent of victimizations in which victims took self-protective measures, by type of crime and victim-offender relationship",,,,,,
,Percent of all victimizations,,,,,
Type of crime,All victimizations,,Involving strangers,,Involving nonstrangers,
Crimes of violence,59.5,%,56.4,%,62.7,%
   Completed violence,60.2,,52.2,,68.3,
   Attempted/threatened violence,59.2,,58.2,,60.2,
   Rape/Sexual assault/a,66.1,,72,,61.7,
   Robbery,55.5,,50.3,,77.1,
      Completed/property taken,47.5,,40.8,,72.2,
         With injury,61.9,,58.1,,71.6,
         Without injury,38.5,,31.4,,72.8,
      Attempted to take property,78.6,,75.4,,100,*
         With injury,70.5,*,58.8,*,100,*
         Without injury,81.8,,80.5,,100,*
   Assault,59.6,,57,,62.1,
      Aggravated,63.8,,60.6,,68.4,
         With injury,63.1,,51.7,,75,
         Threatened with weapon,64.1,,63.2,,65.5,
      Simple,58.6,,55.9,,60.9,
         With minor injury,66.9,,64.1,,68.4,
         Without injury,56.3,,54.3,,58.3,
*Estimate is based on 10 or fewer sample cases.,,,,,,
a/Includes verbal threats of rape and threats of sexual assault.,,,,,,
