"Sheriff's Office Workload Data                 The following statistics represent the workload generated during the period of                     January 1, 2010 to December 31, 2010.                                                         Calls for Service                      10,447                                                           Rescue Squad Calls Dispatched                      3160                                                           Fire Department Calls Disptached                      2125                                                           Felony Warrants Served                      212                                                           Misdemeanor Warrants Served                      359                                                           Civil Papers Served                      6,839                                                           Traffic Summons Issued                      1,161                                                           Traffic Accidents Worked                      81                                                           Drug Charge Arrests                     80 persons                                                            DUI Arrests                      31 persons                                                           Court Days                      194  days totaling 4,563 man hours                                                            Transports                     1,093  manhours for 29,715 miles                                                            Community Presentations                     21 presentation to 1,385 persons",Calls for Service,"10,447",Rescue Squad Calls Dispatched,3160,Fire Department Calls Disptached,2125,Felony Warrants Served,212,Misdemeanor Warrants Served,359,Civil Papers Served,"6,839",Traffic Summons Issued,"1,161",Traffic Accidents Worked,81,Drug Charge Arrests,80 persons,DUI Arrests,31 persons,Court Days,"194  days totaling 4,563 man hours",Transports,"1,093  manhours for 29,715 miles",Community Presentations,"21 presentation to 1,385 persons"
Calls for Service,"10,447"
Rescue Squad Calls Dispatched,3160
Fire Department Calls Disptached,2125
Felony Warrants Served,212
Misdemeanor Warrants Served,359
Civil Papers Served,"6,839"
Traffic Summons Issued,"1,161"
Traffic Accidents Worked,81
Drug Charge Arrests,80 persons
DUI Arrests,31 persons
Court Days,"194  days totaling 4,563 man hours"
Transports,"1,093  manhours for 29,715 miles"
Community Presentations,"21 presentation to 1,385 persons"
