[
  {
    "Sheriff's Office Workload Data                 The following statistics represent the workload generated during the period of                     January 1, 2010 to December 31, 2010.                                                         Calls for Service                      10,447                                                           Rescue Squad Calls Dispatched                      3160                                                           Fire Department Calls Disptached                      2125                                                           Felony Warrants Served                      212                                                           Misdemeanor Warrants Served                      359                                                           Civil Papers Served                      6,839                                                           Traffic Summons Issued                      1,161                                                           Traffic Accidents Worked                      81                                                           Drug Charge Arrests                     80 persons                                                            DUI Arrests                      31 persons                                                           Court Days                      194  days totaling 4,563 man hours                                                            Transports                     1,093  manhours for 29,715 miles                                                            Community Presentations                     21 presentation to 1,385 persons":"Calls for Service",
    "Calls for Service":"10,447",
    "10,447":"",
    "Rescue Squad Calls Dispatched":"",
    "3160":"",
    "Fire Department Calls Disptached":"",
    "2125":"",
    "Felony Warrants Served":"",
    "212":"",
    "Misdemeanor Warrants Served":"",
    "359":"",
    "Civil Papers Served":"",
    "6,839":"",
    "Traffic Summons Issued":"",
    "1,161":"",
    "Traffic Accidents Worked":"",
    "81":"",
    "Drug Charge Arrests":"",
    "80 persons":"",
    "DUI Arrests":"",
    "31 persons":"",
    "Court Days":"",
    "194  days totaling 4,563 man hours":"",
    "Transports":"",
    "1,093  manhours for 29,715 miles":"",
    "Community Presentations":"",
    "21 presentation to 1,385 persons":""
  },
  {
    "Sheriff's Office Workload Data                 The following statistics represent the workload generated during the period of                     January 1, 2010 to December 31, 2010.                                                         Calls for Service                      10,447                                                           Rescue Squad Calls Dispatched                      3160                                                           Fire Department Calls Disptached                      2125                                                           Felony Warrants Served                      212                                                           Misdemeanor Warrants Served                      359                                                           Civil Papers Served                      6,839                                                           Traffic Summons Issued                      1,161                                                           Traffic Accidents Worked                      81                                                           Drug Charge Arrests                     80 persons                                                            DUI Arrests                      31 persons                                                           Court Days                      194  days totaling 4,563 man hours                                                            Transports                     1,093  manhours for 29,715 miles                                                            Community Presentations                     21 presentation to 1,385 persons":"Rescue Squad Calls Dispatched",
    "Calls for Service":"3160",
    "10,447":"",
    "Rescue Squad Calls Dispatched":"",
    "3160":"",
    "Fire Department Calls Disptached":"",
    "2125":"",
    "Felony Warrants Served":"",
    "212":"",
    "Misdemeanor Warrants Served":"",
    "359":"",
    "Civil Papers Served":"",
    "6,839":"",
    "Traffic Summons Issued":"",
    "1,161":"",
    "Traffic Accidents Worked":"",
    "81":"",
    "Drug Charge Arrests":"",
    "80 persons":"",
    "DUI Arrests":"",
    "31 persons":"",
    "Court Days":"",
    "194  days totaling 4,563 man hours":"",
    "Transports":"",
    "1,093  manhours for 29,715 miles":"",
    "Community Presentations":"",
    "21 presentation to 1,385 persons":""
  },
  {
    "Sheriff's Office Workload Data                 The following statistics represent the workload generated during the period of                     January 1, 2010 to December 31, 2010.                                                         Calls for Service                      10,447                                                           Rescue Squad Calls Dispatched                      3160                                                           Fire Department Calls Disptached                      2125                                                           Felony Warrants Served                      212                                                           Misdemeanor Warrants Served                      359                                                           Civil Papers Served                      6,839                                                           Traffic Summons Issued                      1,161                                                           Traffic Accidents Worked                      81                                                           Drug Charge Arrests                     80 persons                                                            DUI Arrests                      31 persons                                                           Court Days                      194  days totaling 4,563 man hours                                                            Transports                     1,093  manhours for 29,715 miles                                                            Community Presentations                     21 presentation to 1,385 persons":"Fire Department Calls Disptached",
    "Calls for Service":"2125",
    "10,447":"",
    "Rescue Squad Calls Dispatched":"",
    "3160":"",
    "Fire Department Calls Disptached":"",
    "2125":"",
    "Felony Warrants Served":"",
    "212":"",
    "Misdemeanor Warrants Served":"",
    "359":"",
    "Civil Papers Served":"",
    "6,839":"",
    "Traffic Summons Issued":"",
    "1,161":"",
    "Traffic Accidents Worked":"",
    "81":"",
    "Drug Charge Arrests":"",
    "80 persons":"",
    "DUI Arrests":"",
    "31 persons":"",
    "Court Days":"",
    "194  days totaling 4,563 man hours":"",
    "Transports":"",
    "1,093  manhours for 29,715 miles":"",
    "Community Presentations":"",
    "21 presentation to 1,385 persons":""
  },
  {
    "Sheriff's Office Workload Data                 The following statistics represent the workload generated during the period of                     January 1, 2010 to December 31, 2010.                                                         Calls for Service                      10,447                                                           Rescue Squad Calls Dispatched                      3160                                                           Fire Department Calls Disptached                      2125                                                           Felony Warrants Served                      212                                                           Misdemeanor Warrants Served                      359                                                           Civil Papers Served                      6,839                                                           Traffic Summons Issued                      1,161                                                           Traffic Accidents Worked                      81                                                           Drug Charge Arrests                     80 persons                                                            DUI Arrests                      31 persons                                                           Court Days                      194  days totaling 4,563 man hours                                                            Transports                     1,093  manhours for 29,715 miles                                                            Community Presentations                     21 presentation to 1,385 persons":"Felony Warrants Served",
    "Calls for Service":"212",
    "10,447":"",
    "Rescue Squad Calls Dispatched":"",
    "3160":"",
    "Fire Department Calls Disptached":"",
    "2125":"",
    "Felony Warrants Served":"",
    "212":"",
    "Misdemeanor Warrants Served":"",
    "359":"",
    "Civil Papers Served":"",
    "6,839":"",
    "Traffic Summons Issued":"",
    "1,161":"",
    "Traffic Accidents Worked":"",
    "81":"",
    "Drug Charge Arrests":"",
    "80 persons":"",
    "DUI Arrests":"",
    "31 persons":"",
    "Court Days":"",
    "194  days totaling 4,563 man hours":"",
    "Transports":"",
    "1,093  manhours for 29,715 miles":"",
    "Community Presentations":"",
    "21 presentation to 1,385 persons":""
  },
  {
    "Sheriff's Office Workload Data                 The following statistics represent the workload generated during the period of                     January 1, 2010 to December 31, 2010.                                                         Calls for Service                      10,447                                                           Rescue Squad Calls Dispatched                      3160                                                           Fire Department Calls Disptached                      2125                                                           Felony Warrants Served                      212                                                           Misdemeanor Warrants Served                      359                                                           Civil Papers Served                      6,839                                                           Traffic Summons Issued                      1,161                                                           Traffic Accidents Worked                      81                                                           Drug Charge Arrests                     80 persons                                                            DUI Arrests                      31 persons                                                           Court Days                      194  days totaling 4,563 man hours                                                            Transports                     1,093  manhours for 29,715 miles                                                            Community Presentations                     21 presentation to 1,385 persons":"Misdemeanor Warrants Served",
    "Calls for Service":"359",
    "10,447":"",
    "Rescue Squad Calls Dispatched":"",
    "3160":"",
    "Fire Department Calls Disptached":"",
    "2125":"",
    "Felony Warrants Served":"",
    "212":"",
    "Misdemeanor Warrants Served":"",
    "359":"",
    "Civil Papers Served":"",
    "6,839":"",
    "Traffic Summons Issued":"",
    "1,161":"",
    "Traffic Accidents Worked":"",
    "81":"",
    "Drug Charge Arrests":"",
    "80 persons":"",
    "DUI Arrests":"",
    "31 persons":"",
    "Court Days":"",
    "194  days totaling 4,563 man hours":"",
    "Transports":"",
    "1,093  manhours for 29,715 miles":"",
    "Community Presentations":"",
    "21 presentation to 1,385 persons":""
  },
  {
    "Sheriff's Office Workload Data                 The following statistics represent the workload generated during the period of                     January 1, 2010 to December 31, 2010.                                                         Calls for Service                      10,447                                                           Rescue Squad Calls Dispatched                      3160                                                           Fire Department Calls Disptached                      2125                                                           Felony Warrants Served                      212                                                           Misdemeanor Warrants Served                      359                                                           Civil Papers Served                      6,839                                                           Traffic Summons Issued                      1,161                                                           Traffic Accidents Worked                      81                                                           Drug Charge Arrests                     80 persons                                                            DUI Arrests                      31 persons                                                           Court Days                      194  days totaling 4,563 man hours                                                            Transports                     1,093  manhours for 29,715 miles                                                            Community Presentations                     21 presentation to 1,385 persons":"Civil Papers Served",
    "Calls for Service":"6,839",
    "10,447":"",
    "Rescue Squad Calls Dispatched":"",
    "3160":"",
    "Fire Department Calls Disptached":"",
    "2125":"",
    "Felony Warrants Served":"",
    "212":"",
    "Misdemeanor Warrants Served":"",
    "359":"",
    "Civil Papers Served":"",
    "6,839":"",
    "Traffic Summons Issued":"",
    "1,161":"",
    "Traffic Accidents Worked":"",
    "81":"",
    "Drug Charge Arrests":"",
    "80 persons":"",
    "DUI Arrests":"",
    "31 persons":"",
    "Court Days":"",
    "194  days totaling 4,563 man hours":"",
    "Transports":"",
    "1,093  manhours for 29,715 miles":"",
    "Community Presentations":"",
    "21 presentation to 1,385 persons":""
  },
  {
    "Sheriff's Office Workload Data                 The following statistics represent the workload generated during the period of                     January 1, 2010 to December 31, 2010.                                                         Calls for Service                      10,447                                                           Rescue Squad Calls Dispatched                      3160                                                           Fire Department Calls Disptached                      2125                                                           Felony Warrants Served                      212                                                           Misdemeanor Warrants Served                      359                                                           Civil Papers Served                      6,839                                                           Traffic Summons Issued                      1,161                                                           Traffic Accidents Worked                      81                                                           Drug Charge Arrests                     80 persons                                                            DUI Arrests                      31 persons                                                           Court Days                      194  days totaling 4,563 man hours                                                            Transports                     1,093  manhours for 29,715 miles                                                            Community Presentations                     21 presentation to 1,385 persons":"Traffic Summons Issued",
    "Calls for Service":"1,161",
    "10,447":"",
    "Rescue Squad Calls Dispatched":"",
    "3160":"",
    "Fire Department Calls Disptached":"",
    "2125":"",
    "Felony Warrants Served":"",
    "212":"",
    "Misdemeanor Warrants Served":"",
    "359":"",
    "Civil Papers Served":"",
    "6,839":"",
    "Traffic Summons Issued":"",
    "1,161":"",
    "Traffic Accidents Worked":"",
    "81":"",
    "Drug Charge Arrests":"",
    "80 persons":"",
    "DUI Arrests":"",
    "31 persons":"",
    "Court Days":"",
    "194  days totaling 4,563 man hours":"",
    "Transports":"",
    "1,093  manhours for 29,715 miles":"",
    "Community Presentations":"",
    "21 presentation to 1,385 persons":""
  },
  {
    "Sheriff's Office Workload Data                 The following statistics represent the workload generated during the period of                     January 1, 2010 to December 31, 2010.                                                         Calls for Service                      10,447                                                           Rescue Squad Calls Dispatched                      3160                                                           Fire Department Calls Disptached                      2125                                                           Felony Warrants Served                      212                                                           Misdemeanor Warrants Served                      359                                                           Civil Papers Served                      6,839                                                           Traffic Summons Issued                      1,161                                                           Traffic Accidents Worked                      81                                                           Drug Charge Arrests                     80 persons                                                            DUI Arrests                      31 persons                                                           Court Days                      194  days totaling 4,563 man hours                                                            Transports                     1,093  manhours for 29,715 miles                                                            Community Presentations                     21 presentation to 1,385 persons":"Traffic Accidents Worked",
    "Calls for Service":"81",
    "10,447":"",
    "Rescue Squad Calls Dispatched":"",
    "3160":"",
    "Fire Department Calls Disptached":"",
    "2125":"",
    "Felony Warrants Served":"",
    "212":"",
    "Misdemeanor Warrants Served":"",
    "359":"",
    "Civil Papers Served":"",
    "6,839":"",
    "Traffic Summons Issued":"",
    "1,161":"",
    "Traffic Accidents Worked":"",
    "81":"",
    "Drug Charge Arrests":"",
    "80 persons":"",
    "DUI Arrests":"",
    "31 persons":"",
    "Court Days":"",
    "194  days totaling 4,563 man hours":"",
    "Transports":"",
    "1,093  manhours for 29,715 miles":"",
    "Community Presentations":"",
    "21 presentation to 1,385 persons":""
  },
  {
    "Sheriff's Office Workload Data                 The following statistics represent the workload generated during the period of                     January 1, 2010 to December 31, 2010.                                                         Calls for Service                      10,447                                                           Rescue Squad Calls Dispatched                      3160                                                           Fire Department Calls Disptached                      2125                                                           Felony Warrants Served                      212                                                           Misdemeanor Warrants Served                      359                                                           Civil Papers Served                      6,839                                                           Traffic Summons Issued                      1,161                                                           Traffic Accidents Worked                      81                                                           Drug Charge Arrests                     80 persons                                                            DUI Arrests                      31 persons                                                           Court Days                      194  days totaling 4,563 man hours                                                            Transports                     1,093  manhours for 29,715 miles                                                            Community Presentations                     21 presentation to 1,385 persons":"Drug Charge Arrests",
    "Calls for Service":"80 persons",
    "10,447":"",
    "Rescue Squad Calls Dispatched":"",
    "3160":"",
    "Fire Department Calls Disptached":"",
    "2125":"",
    "Felony Warrants Served":"",
    "212":"",
    "Misdemeanor Warrants Served":"",
    "359":"",
    "Civil Papers Served":"",
    "6,839":"",
    "Traffic Summons Issued":"",
    "1,161":"",
    "Traffic Accidents Worked":"",
    "81":"",
    "Drug Charge Arrests":"",
    "80 persons":"",
    "DUI Arrests":"",
    "31 persons":"",
    "Court Days":"",
    "194  days totaling 4,563 man hours":"",
    "Transports":"",
    "1,093  manhours for 29,715 miles":"",
    "Community Presentations":"",
    "21 presentation to 1,385 persons":""
  },
  {
    "Sheriff's Office Workload Data                 The following statistics represent the workload generated during the period of                     January 1, 2010 to December 31, 2010.                                                         Calls for Service                      10,447                                                           Rescue Squad Calls Dispatched                      3160                                                           Fire Department Calls Disptached                      2125                                                           Felony Warrants Served                      212                                                           Misdemeanor Warrants Served                      359                                                           Civil Papers Served                      6,839                                                           Traffic Summons Issued                      1,161                                                           Traffic Accidents Worked                      81                                                           Drug Charge Arrests                     80 persons                                                            DUI Arrests                      31 persons                                                           Court Days                      194  days totaling 4,563 man hours                                                            Transports                     1,093  manhours for 29,715 miles                                                            Community Presentations                     21 presentation to 1,385 persons":"DUI Arrests",
    "Calls for Service":"31 persons",
    "10,447":"",
    "Rescue Squad Calls Dispatched":"",
    "3160":"",
    "Fire Department Calls Disptached":"",
    "2125":"",
    "Felony Warrants Served":"",
    "212":"",
    "Misdemeanor Warrants Served":"",
    "359":"",
    "Civil Papers Served":"",
    "6,839":"",
    "Traffic Summons Issued":"",
    "1,161":"",
    "Traffic Accidents Worked":"",
    "81":"",
    "Drug Charge Arrests":"",
    "80 persons":"",
    "DUI Arrests":"",
    "31 persons":"",
    "Court Days":"",
    "194  days totaling 4,563 man hours":"",
    "Transports":"",
    "1,093  manhours for 29,715 miles":"",
    "Community Presentations":"",
    "21 presentation to 1,385 persons":""
  },
  {
    "Sheriff's Office Workload Data                 The following statistics represent the workload generated during the period of                     January 1, 2010 to December 31, 2010.                                                         Calls for Service                      10,447                                                           Rescue Squad Calls Dispatched                      3160                                                           Fire Department Calls Disptached                      2125                                                           Felony Warrants Served                      212                                                           Misdemeanor Warrants Served                      359                                                           Civil Papers Served                      6,839                                                           Traffic Summons Issued                      1,161                                                           Traffic Accidents Worked                      81                                                           Drug Charge Arrests                     80 persons                                                            DUI Arrests                      31 persons                                                           Court Days                      194  days totaling 4,563 man hours                                                            Transports                     1,093  manhours for 29,715 miles                                                            Community Presentations                     21 presentation to 1,385 persons":"Court Days",
    "Calls for Service":"194  days totaling 4,563 man hours",
    "10,447":"",
    "Rescue Squad Calls Dispatched":"",
    "3160":"",
    "Fire Department Calls Disptached":"",
    "2125":"",
    "Felony Warrants Served":"",
    "212":"",
    "Misdemeanor Warrants Served":"",
    "359":"",
    "Civil Papers Served":"",
    "6,839":"",
    "Traffic Summons Issued":"",
    "1,161":"",
    "Traffic Accidents Worked":"",
    "81":"",
    "Drug Charge Arrests":"",
    "80 persons":"",
    "DUI Arrests":"",
    "31 persons":"",
    "Court Days":"",
    "194  days totaling 4,563 man hours":"",
    "Transports":"",
    "1,093  manhours for 29,715 miles":"",
    "Community Presentations":"",
    "21 presentation to 1,385 persons":""
  },
  {
    "Sheriff's Office Workload Data                 The following statistics represent the workload generated during the period of                     January 1, 2010 to December 31, 2010.                                                         Calls for Service                      10,447                                                           Rescue Squad Calls Dispatched                      3160                                                           Fire Department Calls Disptached                      2125                                                           Felony Warrants Served                      212                                                           Misdemeanor Warrants Served                      359                                                           Civil Papers Served                      6,839                                                           Traffic Summons Issued                      1,161                                                           Traffic Accidents Worked                      81                                                           Drug Charge Arrests                     80 persons                                                            DUI Arrests                      31 persons                                                           Court Days                      194  days totaling 4,563 man hours                                                            Transports                     1,093  manhours for 29,715 miles                                                            Community Presentations                     21 presentation to 1,385 persons":"Transports",
    "Calls for Service":"1,093  manhours for 29,715 miles",
    "10,447":"",
    "Rescue Squad Calls Dispatched":"",
    "3160":"",
    "Fire Department Calls Disptached":"",
    "2125":"",
    "Felony Warrants Served":"",
    "212":"",
    "Misdemeanor Warrants Served":"",
    "359":"",
    "Civil Papers Served":"",
    "6,839":"",
    "Traffic Summons Issued":"",
    "1,161":"",
    "Traffic Accidents Worked":"",
    "81":"",
    "Drug Charge Arrests":"",
    "80 persons":"",
    "DUI Arrests":"",
    "31 persons":"",
    "Court Days":"",
    "194  days totaling 4,563 man hours":"",
    "Transports":"",
    "1,093  manhours for 29,715 miles":"",
    "Community Presentations":"",
    "21 presentation to 1,385 persons":""
  },
  {
    "Sheriff's Office Workload Data                 The following statistics represent the workload generated during the period of                     January 1, 2010 to December 31, 2010.                                                         Calls for Service                      10,447                                                           Rescue Squad Calls Dispatched                      3160                                                           Fire Department Calls Disptached                      2125                                                           Felony Warrants Served                      212                                                           Misdemeanor Warrants Served                      359                                                           Civil Papers Served                      6,839                                                           Traffic Summons Issued                      1,161                                                           Traffic Accidents Worked                      81                                                           Drug Charge Arrests                     80 persons                                                            DUI Arrests                      31 persons                                                           Court Days                      194  days totaling 4,563 man hours                                                            Transports                     1,093  manhours for 29,715 miles                                                            Community Presentations                     21 presentation to 1,385 persons":"Community Presentations",
    "Calls for Service":"21 presentation to 1,385 persons",
    "10,447":"",
    "Rescue Squad Calls Dispatched":"",
    "3160":"",
    "Fire Department Calls Disptached":"",
    "2125":"",
    "Felony Warrants Served":"",
    "212":"",
    "Misdemeanor Warrants Served":"",
    "359":"",
    "Civil Papers Served":"",
    "6,839":"",
    "Traffic Summons Issued":"",
    "1,161":"",
    "Traffic Accidents Worked":"",
    "81":"",
    "Drug Charge Arrests":"",
    "80 persons":"",
    "DUI Arrests":"",
    "31 persons":"",
    "Court Days":"",
    "194  days totaling 4,563 man hours":"",
    "Transports":"",
    "1,093  manhours for 29,715 miles":"",
    "Community Presentations":"",
    "21 presentation to 1,385 persons":""
  }
]