Name: “Table 1 of 1 on page 24 of 31”,Name: “Table 1 of 1 on page 24 of 31”,Name: “Table 1 of 1 on page 24 of 31”,Name: “Table 1 of 1 on page 24 of 31”,Name: “Table 1 of 1 on page 24 of 31”,Name: “Table 1 of 1 on page 24 of 31”
Table: 23,Table: 23,Table: 23,Table: 23,Table: 23,Table: 23
,,,,,
,Alcohol Related Arrests and Accidents,Alcohol Related Arrests and Accidents,Alcohol Related Arrests and Accidents,Alcohol Related Arrests and Accidents,
DUI arrests increased 19% from 2012 and alcohol related accidents increased 53%. More,DUI arrests increased 19% from 2012 and alcohol related accidents increased 53%. More,DUI arrests increased 19% from 2012 and alcohol related accidents increased 53%. More,DUI arrests increased 19% from 2012 and alcohol related accidents increased 53%. More,DUI arrests increased 19% from 2012 and alcohol related accidents increased 53%. More,DUI arrests increased 19% from 2012 and alcohol related accidents increased 53%. More
"proactive patrols are a contributing factor to the increase in DUI arrests, although drinking","proactive patrols are a contributing factor to the increase in DUI arrests, although drinking","proactive patrols are a contributing factor to the increase in DUI arrests, although drinking","proactive patrols are a contributing factor to the increase in DUI arrests, although drinking","proactive patrols are a contributing factor to the increase in DUI arrests, although drinking","proactive patrols are a contributing factor to the increase in DUI arrests, although drinking"
and driving continues to be an issue in the community.,and driving continues to be an issue in the community.,and driving continues to be an issue in the community.,and driving continues to be an issue in the community.,,
,DUI Arrests and Alcohol Related Accidents by Year,DUI Arrests and Alcohol Related Accidents by Year,DUI Arrests and Alcohol Related Accidents by Year,DUI Arrests and Alcohol Related Accidents by Year,
180,,,,,
,,,,159,
160,,,,,
140,,,134,,
120,,,,,
100,,,,,DUI Arrests
,87,,,,
80,,,,,
,,59,,,
60,,,,,Alcohol
,,,,,Related
40,25,27,,29,Accidents
,,,19,,
20,,,,,
0,,,,,
,2010,2011,2012,2013,
,,,,,22
