Name: “Table 1 of 1 on page 18 of 31”,Name: “Table 1 of 1 on page 18 of 31”
Table: 17,Table: 17
,
Crime Activity - 2013,
The graph above depicts offense data on major categories of crime for 2013 and corresponds to,The graph above depicts offense data on major categories of crime for 2013 and corresponds to
the chart on the previous page.,Offense data representing less than 1% of the total is displayed
as 0%; refer to the chart on the previous page for actual offense numbers.,
The pie graph provides a visual picture of key offenses as a percentage of the total categories.,The pie graph provides a visual picture of key offenses as a percentage of the total categories.
"The obvious larger slices of crime activity include larceny, drunkenness and DUI’s, assault offenses","The obvious larger slices of crime activity include larceny, drunkenness and DUI’s, assault offenses"
and destruction of property.,
Larceny offenses include thefts of various kinds and shoplifting.,Shoplifting equated to nearly
one-third (29%) of larcenies.,
"Proactive patrols and enforcement efforts continue to target drunkenness, DUI’s and destruction","Proactive patrols and enforcement efforts continue to target drunkenness, DUI’s and destruction"
of property offenses.,
"Assault offenses, which include simple assault and intimidation, increased slightly in 2013.",
,16
