Name: “Table 1 of 1 on page 3 of 31”,Name: “Table 1 of 1 on page 3 of 31”,Name: “Table 1 of 1 on page 3 of 31”,Name: “Table 1 of 1 on page 3 of 31”,Name: “Table 1 of 1 on page 3 of 31”,Name: “Table 1 of 1 on page 3 of 31”,Name: “Table 1 of 1 on page 3 of 31”,Name: “Table 1 of 1 on page 3 of 31”,Name: “Table 1 of 1 on page 3 of 31”,Name: “Table 1 of 1 on page 3 of 31”,Name: “Table 1 of 1 on page 3 of 31”
Table: 2,Table: 2,Table: 2,Table: 2,Table: 2,Table: 2,Table: 2,Table: 2,Table: 2,Table: 2,Table: 2
,,,,,,,,,,
"February 27, 2014","February 27, 2014",,,,,,,,,
"On behalf of the Herndon Police Department, I am pleased to present the 2013 Annual","On behalf of the Herndon Police Department, I am pleased to present the 2013 Annual","On behalf of the Herndon Police Department, I am pleased to present the 2013 Annual","On behalf of the Herndon Police Department, I am pleased to present the 2013 Annual","On behalf of the Herndon Police Department, I am pleased to present the 2013 Annual","On behalf of the Herndon Police Department, I am pleased to present the 2013 Annual","On behalf of the Herndon Police Department, I am pleased to present the 2013 Annual","On behalf of the Herndon Police Department, I am pleased to present the 2013 Annual","On behalf of the Herndon Police Department, I am pleased to present the 2013 Annual","On behalf of the Herndon Police Department, I am pleased to present the 2013 Annual","On behalf of the Herndon Police Department, I am pleased to present the 2013 Annual"
Report.,,,,,,,,,,
The report highlights statistical crime data for 2013 in comparison to the same data for,The report highlights statistical crime data for 2013 in comparison to the same data for,The report highlights statistical crime data for 2013 in comparison to the same data for,The report highlights statistical crime data for 2013 in comparison to the same data for,The report highlights statistical crime data for 2013 in comparison to the same data for,The report highlights statistical crime data for 2013 in comparison to the same data for,The report highlights statistical crime data for 2013 in comparison to the same data for,The report highlights statistical crime data for 2013 in comparison to the same data for,The report highlights statistical crime data for 2013 in comparison to the same data for,The report highlights statistical crime data for 2013 in comparison to the same data for,The report highlights statistical crime data for 2013 in comparison to the same data for
"previous years and also features the department’s accomplishments, an overview of","previous years and also features the department’s accomplishments, an overview of","previous years and also features the department’s accomplishments, an overview of","previous years and also features the department’s accomplishments, an overview of","previous years and also features the department’s accomplishments, an overview of","previous years and also features the department’s accomplishments, an overview of","previous years and also features the department’s accomplishments, an overview of","previous years and also features the department’s accomplishments, an overview of","previous years and also features the department’s accomplishments, an overview of","previous years and also features the department’s accomplishments, an overview of","previous years and also features the department’s accomplishments, an overview of"
"specialized activities, and other information we hope you will find useful.","specialized activities, and other information we hope you will find useful.","specialized activities, and other information we hope you will find useful.","specialized activities, and other information we hope you will find useful.","specialized activities, and other information we hope you will find useful.","specialized activities, and other information we hope you will find useful.","specialized activities, and other information we hope you will find useful.","specialized activities, and other information we hope you will find useful.",,,
We recognize the importance of community partnerships as we strive to provide quality,We recognize the importance of community partnerships as we strive to provide quality,We recognize the importance of community partnerships as we strive to provide quality,We recognize the importance of community partnerships as we strive to provide quality,We recognize the importance of community partnerships as we strive to provide quality,We recognize the importance of community partnerships as we strive to provide quality,We recognize the importance of community partnerships as we strive to provide quality,We recognize the importance of community partnerships as we strive to provide quality,We recognize the importance of community partnerships as we strive to provide quality,We recognize the importance of community partnerships as we strive to provide quality,We recognize the importance of community partnerships as we strive to provide quality
law enforcement services to the Town of Herndon. The department consistently seeks to,law enforcement services to the Town of Herndon. The department consistently seeks to,law enforcement services to the Town of Herndon. The department consistently seeks to,law enforcement services to the Town of Herndon. The department consistently seeks to,law enforcement services to the Town of Herndon. The department consistently seeks to,law enforcement services to the Town of Herndon. The department consistently seeks to,law enforcement services to the Town of Herndon. The department consistently seeks to,law enforcement services to the Town of Herndon. The department consistently seeks to,law enforcement services to the Town of Herndon. The department consistently seeks to,law enforcement services to the Town of Herndon. The department consistently seeks to,law enforcement services to the Town of Herndon. The department consistently seeks to
collaborate,with,"citizens, neighborhoods and community groups as we","citizens, neighborhoods and community groups as we","citizens, neighborhoods and community groups as we","citizens, neighborhoods and community groups as we","citizens, neighborhoods and community groups as we","citizens, neighborhoods and community groups as we",deliver,deliver,law
enforcement,services,under,a,community,policing,philosophy,which,allows,us,to
understand the nature of local issues and develop mutual strategies.,understand the nature of local issues and develop mutual strategies.,understand the nature of local issues and develop mutual strategies.,understand the nature of local issues and develop mutual strategies.,understand the nature of local issues and develop mutual strategies.,understand the nature of local issues and develop mutual strategies.,understand the nature of local issues and develop mutual strategies.,Our commitment,Our commitment,Our commitment,Our commitment
to maintain these partnerships enables us to better serve the needs of citizens and,to maintain these partnerships enables us to better serve the needs of citizens and,to maintain these partnerships enables us to better serve the needs of citizens and,to maintain these partnerships enables us to better serve the needs of citizens and,to maintain these partnerships enables us to better serve the needs of citizens and,to maintain these partnerships enables us to better serve the needs of citizens and,to maintain these partnerships enables us to better serve the needs of citizens and,to maintain these partnerships enables us to better serve the needs of citizens and,to maintain these partnerships enables us to better serve the needs of citizens and,to maintain these partnerships enables us to better serve the needs of citizens and,to maintain these partnerships enables us to better serve the needs of citizens and
provide the most efficient response.,provide the most efficient response.,provide the most efficient response.,provide the most efficient response.,The police and the community share in the,The police and the community share in the,The police and the community share in the,The police and the community share in the,The police and the community share in the,The police and the community share in the,The police and the community share in the
"responsibility for public safety, so that as we continue to work together, everyone will","responsibility for public safety, so that as we continue to work together, everyone will","responsibility for public safety, so that as we continue to work together, everyone will","responsibility for public safety, so that as we continue to work together, everyone will","responsibility for public safety, so that as we continue to work together, everyone will","responsibility for public safety, so that as we continue to work together, everyone will","responsibility for public safety, so that as we continue to work together, everyone will","responsibility for public safety, so that as we continue to work together, everyone will","responsibility for public safety, so that as we continue to work together, everyone will","responsibility for public safety, so that as we continue to work together, everyone will","responsibility for public safety, so that as we continue to work together, everyone will"
benefit from the partnership.,benefit from the partnership.,benefit from the partnership.,,,,,,,,
Our department prides itself on the law enforcement services provided to the citizens of,Our department prides itself on the law enforcement services provided to the citizens of,Our department prides itself on the law enforcement services provided to the citizens of,Our department prides itself on the law enforcement services provided to the citizens of,Our department prides itself on the law enforcement services provided to the citizens of,Our department prides itself on the law enforcement services provided to the citizens of,Our department prides itself on the law enforcement services provided to the citizens of,Our department prides itself on the law enforcement services provided to the citizens of,Our department prides itself on the law enforcement services provided to the citizens of,Our department prides itself on the law enforcement services provided to the citizens of,Our department prides itself on the law enforcement services provided to the citizens of
Herndon and endeavors to meet the highest ethical and professional standards. We are,Herndon and endeavors to meet the highest ethical and professional standards. We are,Herndon and endeavors to meet the highest ethical and professional standards. We are,Herndon and endeavors to meet the highest ethical and professional standards. We are,Herndon and endeavors to meet the highest ethical and professional standards. We are,Herndon and endeavors to meet the highest ethical and professional standards. We are,Herndon and endeavors to meet the highest ethical and professional standards. We are,Herndon and endeavors to meet the highest ethical and professional standards. We are,Herndon and endeavors to meet the highest ethical and professional standards. We are,Herndon and endeavors to meet the highest ethical and professional standards. We are,Herndon and endeavors to meet the highest ethical and professional standards. We are
nationally accredited through the Commission on Accreditation for Law Enforcement,nationally accredited through the Commission on Accreditation for Law Enforcement,nationally accredited through the Commission on Accreditation for Law Enforcement,nationally accredited through the Commission on Accreditation for Law Enforcement,nationally accredited through the Commission on Accreditation for Law Enforcement,nationally accredited through the Commission on Accreditation for Law Enforcement,nationally accredited through the Commission on Accreditation for Law Enforcement,nationally accredited through the Commission on Accreditation for Law Enforcement,nationally accredited through the Commission on Accreditation for Law Enforcement,nationally accredited through the Commission on Accreditation for Law Enforcement,nationally accredited through the Commission on Accreditation for Law Enforcement
"Agencies, Inc. (CALEA).","Agencies, Inc. (CALEA).",,,,,,,,,
We are honored to serve you.,We are honored to serve you.,We are honored to serve you.,We are honored to serve you.,"Please visit us at our website, www.herndon-va.gov,","Please visit us at our website, www.herndon-va.gov,","Please visit us at our website, www.herndon-va.gov,","Please visit us at our website, www.herndon-va.gov,","Please visit us at our website, www.herndon-va.gov,","Please visit us at our website, www.herndon-va.gov,","Please visit us at our website, www.herndon-va.gov,"
"(Public Safety), and on Twitter @herndonpolice for current information and ongoing","(Public Safety), and on Twitter @herndonpolice for current information and ongoing","(Public Safety), and on Twitter @herndonpolice for current information and ongoing","(Public Safety), and on Twitter @herndonpolice for current information and ongoing","(Public Safety), and on Twitter @herndonpolice for current information and ongoing","(Public Safety), and on Twitter @herndonpolice for current information and ongoing","(Public Safety), and on Twitter @herndonpolice for current information and ongoing","(Public Safety), and on Twitter @herndonpolice for current information and ongoing","(Public Safety), and on Twitter @herndonpolice for current information and ongoing","(Public Safety), and on Twitter @herndonpolice for current information and ongoing","(Public Safety), and on Twitter @herndonpolice for current information and ongoing"
activities of the department.,activities of the department.,activities of the department.,,,,,,,,
,,,,Maggie A. DeBoard,Maggie A. DeBoard,,,,,
,,,,Chief of Police,Chief of Police,,,,,
,,,,,,,,,,1
