Name: “Table 1 of 1 on page 16 of 31”,Name: “Table 1 of 1 on page 16 of 31”,Name: “Table 1 of 1 on page 16 of 31”,Name: “Table 1 of 1 on page 16 of 31”,Name: “Table 1 of 1 on page 16 of 31”,Name: “Table 1 of 1 on page 16 of 31”,Name: “Table 1 of 1 on page 16 of 31”,Name: “Table 1 of 1 on page 16 of 31”,Name: “Table 1 of 1 on page 16 of 31”,Name: “Table 1 of 1 on page 16 of 31”,Name: “Table 1 of 1 on page 16 of 31”
Table: 15,Table: 15,Table: 15,Table: 15,Table: 15,Table: 15,Table: 15,Table: 15,Table: 15,Table: 15,Table: 15
,,,,,,,,,,
,,,,,Criminal Investigations,Criminal Investigations,Criminal Investigations,Criminal Investigations,Criminal Investigations,
The,,Criminal,,Investigations,Investigations,,Section,,is,
responsible,responsible,,for,investigating,investigating,felony,felony,criminal,criminal,
"cases such as murder, sexual assault, robbery,","cases such as murder, sexual assault, robbery,","cases such as murder, sexual assault, robbery,","cases such as murder, sexual assault, robbery,","cases such as murder, sexual assault, robbery,","cases such as murder, sexual assault, robbery,","cases such as murder, sexual assault, robbery,","cases such as murder, sexual assault, robbery,","cases such as murder, sexual assault, robbery,","cases such as murder, sexual assault, robbery,",
aggravated,aggravated,,"assault,","assault,",auto,,"theft,",and,and,
embezzlement.,embezzlement.,embezzlement.,The,section,section,also,investigates,investigates,investigates,
child abuse cases and missing person reports.,child abuse cases and missing person reports.,child abuse cases and missing person reports.,child abuse cases and missing person reports.,child abuse cases and missing person reports.,child abuse cases and missing person reports.,child abuse cases and missing person reports.,child abuse cases and missing person reports.,child abuse cases and missing person reports.,child abuse cases and missing person reports.,
The Criminal Investigations Section is comprised,The Criminal Investigations Section is comprised,The Criminal Investigations Section is comprised,The Criminal Investigations Section is comprised,The Criminal Investigations Section is comprised,The Criminal Investigations Section is comprised,The Criminal Investigations Section is comprised,The Criminal Investigations Section is comprised,The Criminal Investigations Section is comprised,The Criminal Investigations Section is comprised,
of,a,"sergeant,",three,three,criminal,"detectives,","detectives,",two,two,
special assignment detectives and a computer,special assignment detectives and a computer,special assignment detectives and a computer,special assignment detectives and a computer,special assignment detectives and a computer,special assignment detectives and a computer,special assignment detectives and a computer,special assignment detectives and a computer,special assignment detectives and a computer,special assignment detectives and a computer,
forensics detective. Two criminal detectives are,forensics detective. Two criminal detectives are,forensics detective. Two criminal detectives are,forensics detective. Two criminal detectives are,forensics detective. Two criminal detectives are,forensics detective. Two criminal detectives are,forensics detective. Two criminal detectives are,forensics detective. Two criminal detectives are,forensics detective. Two criminal detectives are,forensics detective. Two criminal detectives are,
certified,certified,polygraph,polygraph,examiners,examiners,and,and,assist,in,
investigations,investigations,investigations,when,,needed.,,A,narcotics,narcotics,
detective,detective,and,a,gang,detective,detective,are,special,special,
assignments and work in conjunction with task,assignments and work in conjunction with task,assignments and work in conjunction with task,assignments and work in conjunction with task,assignments and work in conjunction with task,assignments and work in conjunction with task,assignments and work in conjunction with task,assignments and work in conjunction with task,assignments and work in conjunction with task,assignments and work in conjunction with task,
forces.,forces.,The,department,department,department,recognizes,recognizes,the,the,
importance,importance,,of,task,force,partnerships,partnerships,,to,
effectively pursue special investigations which,effectively pursue special investigations which,effectively pursue special investigations which,effectively pursue special investigations which,effectively pursue special investigations which,effectively pursue special investigations which,effectively pursue special investigations which,effectively pursue special investigations which,effectively pursue special investigations which,effectively pursue special investigations which,
are time consuming and require additional expertise or resources. The narcotics detective works,are time consuming and require additional expertise or resources. The narcotics detective works,are time consuming and require additional expertise or resources. The narcotics detective works,are time consuming and require additional expertise or resources. The narcotics detective works,are time consuming and require additional expertise or resources. The narcotics detective works,are time consuming and require additional expertise or resources. The narcotics detective works,are time consuming and require additional expertise or resources. The narcotics detective works,are time consuming and require additional expertise or resources. The narcotics detective works,are time consuming and require additional expertise or resources. The narcotics detective works,are time consuming and require additional expertise or resources. The narcotics detective works,are time consuming and require additional expertise or resources. The narcotics detective works
with the Fairfax County Police Vice/Narcotics Unit and the gang detective participates in gang,with the Fairfax County Police Vice/Narcotics Unit and the gang detective participates in gang,with the Fairfax County Police Vice/Narcotics Unit and the gang detective participates in gang,with the Fairfax County Police Vice/Narcotics Unit and the gang detective participates in gang,with the Fairfax County Police Vice/Narcotics Unit and the gang detective participates in gang,with the Fairfax County Police Vice/Narcotics Unit and the gang detective participates in gang,with the Fairfax County Police Vice/Narcotics Unit and the gang detective participates in gang,with the Fairfax County Police Vice/Narcotics Unit and the gang detective participates in gang,with the Fairfax County Police Vice/Narcotics Unit and the gang detective participates in gang,with the Fairfax County Police Vice/Narcotics Unit and the gang detective participates in gang,with the Fairfax County Police Vice/Narcotics Unit and the gang detective participates in gang
investigations with the Northern Virginia Gang Task Force.,investigations with the Northern Virginia Gang Task Force.,investigations with the Northern Virginia Gang Task Force.,investigations with the Northern Virginia Gang Task Force.,investigations with the Northern Virginia Gang Task Force.,investigations with the Northern Virginia Gang Task Force.,investigations with the Northern Virginia Gang Task Force.,investigations with the Northern Virginia Gang Task Force.,investigations with the Northern Virginia Gang Task Force.,investigations with the Northern Virginia Gang Task Force.,The computer forensics detective
conducts forensic examinations of computers and other technology in support of internet crimes,conducts forensic examinations of computers and other technology in support of internet crimes,conducts forensic examinations of computers and other technology in support of internet crimes,conducts forensic examinations of computers and other technology in support of internet crimes,conducts forensic examinations of computers and other technology in support of internet crimes,conducts forensic examinations of computers and other technology in support of internet crimes,conducts forensic examinations of computers and other technology in support of internet crimes,conducts forensic examinations of computers and other technology in support of internet crimes,conducts forensic examinations of computers and other technology in support of internet crimes,conducts forensic examinations of computers and other technology in support of internet crimes,conducts forensic examinations of computers and other technology in support of internet crimes
"and criminal investigations, and also works with the Virginia State Police on the Internet Crimes","and criminal investigations, and also works with the Virginia State Police on the Internet Crimes","and criminal investigations, and also works with the Virginia State Police on the Internet Crimes","and criminal investigations, and also works with the Virginia State Police on the Internet Crimes","and criminal investigations, and also works with the Virginia State Police on the Internet Crimes","and criminal investigations, and also works with the Virginia State Police on the Internet Crimes","and criminal investigations, and also works with the Virginia State Police on the Internet Crimes","and criminal investigations, and also works with the Virginia State Police on the Internet Crimes","and criminal investigations, and also works with the Virginia State Police on the Internet Crimes","and criminal investigations, and also works with the Virginia State Police on the Internet Crimes","and criminal investigations, and also works with the Virginia State Police on the Internet Crimes"
Against Children Task Force.,Against Children Task Force.,Against Children Task Force.,Against Children Task Force.,Against Children Task Force.,,,,,,
,,,,,Crime Scene Investigations,Crime Scene Investigations,Crime Scene Investigations,Crime Scene Investigations,Crime Scene Investigations,
The Herndon Police Department has,The Herndon Police Department has,The Herndon Police Department has,The Herndon Police Department has,The Herndon Police Department has,The Herndon Police Department has,The Herndon Police Department has,The Herndon Police Department has,,,
three,three,crime,scene,technicians,technicians,who,who,,,
have,have,received,,training,from,,the,,,
Virginia,Virginia,Forensic,Forensic,Science,Academy.,Academy.,Academy.,,,
The,crime,scene,scene,technicians,technicians,"collect,","collect,",,,
"preserve,","preserve,","package,","package,",,transport,and,and,,,
document,document,physical,physical,,evidence,from,from,,,
crime scenes.,crime scenes.,crime scenes.,The department has a,The department has a,The department has a,The department has a,The department has a,,,
laboratory,laboratory,with,with,highly,specialized,specialized,specialized,,,
equipment enabling the department to,equipment enabling the department to,equipment enabling the department to,equipment enabling the department to,equipment enabling the department to,equipment enabling the department to,equipment enabling the department to,equipment enabling the department to,,,
perform,perform,crime,crime,scene,,forensic,forensic,,,
examinations.,examinations.,examinations.,This,specialized,specialized,area,area,,,
and,,equipment,equipment,,allows,,the,,,
department’s,department’s,department’s,professionally,professionally,professionally,trained,trained,,,
crime scene technicians to analyze and,crime scene technicians to analyze and,crime scene technicians to analyze and,crime scene technicians to analyze and,crime scene technicians to analyze and,crime scene technicians to analyze and,crime scene technicians to analyze and,crime scene technicians to analyze and,,,
process evidence.,process evidence.,process evidence.,process evidence.,,,,,,,
,,,,,,,,,,14
