Name: “Table 1 of 1 on page 27 of 31”,Name: “Table 1 of 1 on page 27 of 31”,Name: “Table 1 of 1 on page 27 of 31”,Name: “Table 1 of 1 on page 27 of 31”,Name: “Table 1 of 1 on page 27 of 31”,Name: “Table 1 of 1 on page 27 of 31”
Table: 26,Table: 26,Table: 26,Table: 26,Table: 26,Table: 26
,,,,,
CENTER DISTRICT,CENTER DISTRICT,,,,
,,Center District Calls for Service,Center District Calls for Service,Center District Calls for Service,
6000,5540,,,,
5000,,,,,
,,,,,4463
,,4151,,,
,,,3971,,
4000,,,,3776,
3000,,,,,
2000,,,,,
1000,,,,,
0,,,,,
,2009,2010,2011,2012,2013
Calls for services increased in the Center District from the previous year. Reports of drunkenness,Calls for services increased in the Center District from the previous year. Reports of drunkenness,Calls for services increased in the Center District from the previous year. Reports of drunkenness,Calls for services increased in the Center District from the previous year. Reports of drunkenness,Calls for services increased in the Center District from the previous year. Reports of drunkenness,Calls for services increased in the Center District from the previous year. Reports of drunkenness
and larcenies increased from 2012 in this district.,and larcenies increased from 2012 in this district.,and larcenies increased from 2012 in this district.,and larcenies increased from 2012 in this district.,,
,,Center District Most Frequent Activity,Center District Most Frequent Activity,Center District Most Frequent Activity,
,,,2012-2013,,
120,,,,,
100,,,,,
80,,,,,
60,,,,,
40,,,,,2012
20,,,,,2013
0,,,,,
,,,,,25
