Name: “Table 1 of 1 on page 21 of 31”,Name: “Table 1 of 1 on page 21 of 31”,Name: “Table 1 of 1 on page 21 of 31”,Name: “Table 1 of 1 on page 21 of 31”,Name: “Table 1 of 1 on page 21 of 31”
Table: 20,Table: 20,Table: 20,Table: 20,Table: 20
,,,,
,Calls for Service by District,Calls for Service by District,Calls for Service by District,
Total calls for service are categorized by each district. The Haley Smith District (HSD) experienced,Total calls for service are categorized by each district. The Haley Smith District (HSD) experienced,Total calls for service are categorized by each district. The Haley Smith District (HSD) experienced,Total calls for service are categorized by each district. The Haley Smith District (HSD) experienced,Total calls for service are categorized by each district. The Haley Smith District (HSD) experienced
a much higher number of calls due to the physical location of the police station in that district and,a much higher number of calls due to the physical location of the police station in that district and,a much higher number of calls due to the physical location of the police station in that district and,a much higher number of calls due to the physical location of the police station in that district and,a much higher number of calls due to the physical location of the police station in that district and
the allocation of certain calls calculated in the HSD data.,the allocation of certain calls calculated in the HSD data.,the allocation of certain calls calculated in the HSD data.,,
,Total Calls for Service by District,Total Calls for Service by District,Total Calls for Service by District,
10000,,,,
9000,,,,
8000,,,,
7000,,,,
6000,,,,
,,,,2012
5000,,,,
,,,,2013
4000,,,,
3000,,,,
2000,,,,
1000,,,,
0,,,,
Bruin,Center,Golf Course,Haley Smith,Runnymede
The chart below represents some of the more common calls received or initiated by the Herndon,The chart below represents some of the more common calls received or initiated by the Herndon,The chart below represents some of the more common calls received or initiated by the Herndon,The chart below represents some of the more common calls received or initiated by the Herndon,The chart below represents some of the more common calls received or initiated by the Herndon
Police Department. The top call types remained consistent between 2012 and 2013.,Police Department. The top call types remained consistent between 2012 and 2013.,Police Department. The top call types remained consistent between 2012 and 2013.,Police Department. The top call types remained consistent between 2012 and 2013.,
,,,,19
