Name: “Table 1 of 1 on page 14 of 31”,Name: “Table 1 of 1 on page 14 of 31”,Name: “Table 1 of 1 on page 14 of 31”,Name: “Table 1 of 1 on page 14 of 31”,Name: “Table 1 of 1 on page 14 of 31”,Name: “Table 1 of 1 on page 14 of 31”,Name: “Table 1 of 1 on page 14 of 31”,Name: “Table 1 of 1 on page 14 of 31”,Name: “Table 1 of 1 on page 14 of 31”
Table: 13,Table: 13,Table: 13,Table: 13,Table: 13,Table: 13,Table: 13,Table: 13,Table: 13
,,,,,,,,
,,,,Training,Training,Training,Training,
Each law enforcement officer must complete mandatory training each year to maintain their law,Each law enforcement officer must complete mandatory training each year to maintain their law,Each law enforcement officer must complete mandatory training each year to maintain their law,Each law enforcement officer must complete mandatory training each year to maintain their law,Each law enforcement officer must complete mandatory training each year to maintain their law,Each law enforcement officer must complete mandatory training each year to maintain their law,Each law enforcement officer must complete mandatory training each year to maintain their law,Each law enforcement officer must complete mandatory training each year to maintain their law,Each law enforcement officer must complete mandatory training each year to maintain their law
enforcement certification and standards required by the Virginia Department of Criminal Justice,enforcement certification and standards required by the Virginia Department of Criminal Justice,enforcement certification and standards required by the Virginia Department of Criminal Justice,enforcement certification and standards required by the Virginia Department of Criminal Justice,enforcement certification and standards required by the Virginia Department of Criminal Justice,enforcement certification and standards required by the Virginia Department of Criminal Justice,enforcement certification and standards required by the Virginia Department of Criminal Justice,enforcement certification and standards required by the Virginia Department of Criminal Justice,enforcement certification and standards required by the Virginia Department of Criminal Justice
Services.,"Law enforcement training involves completion of the initial basic academy training,","Law enforcement training involves completion of the initial basic academy training,","Law enforcement training involves completion of the initial basic academy training,","Law enforcement training involves completion of the initial basic academy training,","Law enforcement training involves completion of the initial basic academy training,","Law enforcement training involves completion of the initial basic academy training,","Law enforcement training involves completion of the initial basic academy training,","Law enforcement training involves completion of the initial basic academy training,"
agency field training and mandatory in-service training on an ongoing basis.,agency field training and mandatory in-service training on an ongoing basis.,agency field training and mandatory in-service training on an ongoing basis.,agency field training and mandatory in-service training on an ongoing basis.,agency field training and mandatory in-service training on an ongoing basis.,agency field training and mandatory in-service training on an ongoing basis.,agency field training and mandatory in-service training on an ongoing basis.,agency field training and mandatory in-service training on an ongoing basis.,
"In addition to required training, the Department provides specialized training for certain positions,","In addition to required training, the Department provides specialized training for certain positions,","In addition to required training, the Department provides specialized training for certain positions,","In addition to required training, the Department provides specialized training for certain positions,","In addition to required training, the Department provides specialized training for certain positions,","In addition to required training, the Department provides specialized training for certain positions,","In addition to required training, the Department provides specialized training for certain positions,","In addition to required training, the Department provides specialized training for certain positions,","In addition to required training, the Department provides specialized training for certain positions,"
"certain topics, new trends, and career development.","certain topics, new trends, and career development.","certain topics, new trends, and career development.","certain topics, new trends, and career development.","certain topics, new trends, and career development.","certain topics, new trends, and career development.","certain topics, new trends, and career development.",Selected specialized training provided in,Selected specialized training provided in
2013 is highlighted below.,2013 is highlighted below.,2013 is highlighted below.,,,,,,
Active Shooter Training,Active Shooter Training,Active Shooter Training,,,,,,
Active,shooter,training,was,conducted,at,the,Herndon,
"Community Center in June 2013. This was mandatory training,","Community Center in June 2013. This was mandatory training,","Community Center in June 2013. This was mandatory training,","Community Center in June 2013. This was mandatory training,","Community Center in June 2013. This was mandatory training,","Community Center in June 2013. This was mandatory training,","Community Center in June 2013. This was mandatory training,","Community Center in June 2013. This was mandatory training,",
"consisting of three active shooter scenarios, for the entire","consisting of three active shooter scenarios, for the entire","consisting of three active shooter scenarios, for the entire","consisting of three active shooter scenarios, for the entire","consisting of three active shooter scenarios, for the entire","consisting of three active shooter scenarios, for the entire","consisting of three active shooter scenarios, for the entire","consisting of three active shooter scenarios, for the entire",
"department and involved officers, civilian staff and other town","department and involved officers, civilian staff and other town","department and involved officers, civilian staff and other town","department and involved officers, civilian staff and other town","department and involved officers, civilian staff and other town","department and involved officers, civilian staff and other town","department and involved officers, civilian staff and other town","department and involved officers, civilian staff and other town",
employee,volunteers.,volunteers.,The,exercises,provided,provided,realistic,
situations that forced the teams to actively devise plans and,situations that forced the teams to actively devise plans and,situations that forced the teams to actively devise plans and,situations that forced the teams to actively devise plans and,situations that forced the teams to actively devise plans and,situations that forced the teams to actively devise plans and,situations that forced the teams to actively devise plans and,situations that forced the teams to actively devise plans and,
take swift action to end an active shooter threat and triage,take swift action to end an active shooter threat and triage,take swift action to end an active shooter threat and triage,take swift action to end an active shooter threat and triage,take swift action to end an active shooter threat and triage,take swift action to end an active shooter threat and triage,take swift action to end an active shooter threat and triage,take swift action to end an active shooter threat and triage,
wounded victims. Ballistic shield training was also incorporated in the active shooter exercises.,wounded victims. Ballistic shield training was also incorporated in the active shooter exercises.,wounded victims. Ballistic shield training was also incorporated in the active shooter exercises.,wounded victims. Ballistic shield training was also incorporated in the active shooter exercises.,wounded victims. Ballistic shield training was also incorporated in the active shooter exercises.,wounded victims. Ballistic shield training was also incorporated in the active shooter exercises.,wounded victims. Ballistic shield training was also incorporated in the active shooter exercises.,wounded victims. Ballistic shield training was also incorporated in the active shooter exercises.,wounded victims. Ballistic shield training was also incorporated in the active shooter exercises.
"This specialized training keeps officers up-to-date on the latest techniques,","This specialized training keeps officers up-to-date on the latest techniques,","This specialized training keeps officers up-to-date on the latest techniques,","This specialized training keeps officers up-to-date on the latest techniques,","This specialized training keeps officers up-to-date on the latest techniques,","This specialized training keeps officers up-to-date on the latest techniques,","This specialized training keeps officers up-to-date on the latest techniques,","This specialized training keeps officers up-to-date on the latest techniques,",
tools and equipment and maintains their preparedness for critical events.,tools and equipment and maintains their preparedness for critical events.,tools and equipment and maintains their preparedness for critical events.,tools and equipment and maintains their preparedness for critical events.,tools and equipment and maintains their preparedness for critical events.,tools and equipment and maintains their preparedness for critical events.,tools and equipment and maintains their preparedness for critical events.,tools and equipment and maintains their preparedness for critical events.,
Pursuit Driving Training,Pursuit Driving Training,Pursuit Driving Training,,,,,,
"In October 2013, all officers participated in emergency vehicle operation","In October 2013, all officers participated in emergency vehicle operation","In October 2013, all officers participated in emergency vehicle operation","In October 2013, all officers participated in emergency vehicle operation","In October 2013, all officers participated in emergency vehicle operation","In October 2013, all officers participated in emergency vehicle operation","In October 2013, all officers participated in emergency vehicle operation","In October 2013, all officers participated in emergency vehicle operation",
training.,This refresher training consisted of classroom instruction and,This refresher training consisted of classroom instruction and,This refresher training consisted of classroom instruction and,This refresher training consisted of classroom instruction and,This refresher training consisted of classroom instruction and,This refresher training consisted of classroom instruction and,This refresher training consisted of classroom instruction and,
"driver training exercises on a specialized track. Basic vehicle mechanics,","driver training exercises on a specialized track. Basic vehicle mechanics,","driver training exercises on a specialized track. Basic vehicle mechanics,","driver training exercises on a specialized track. Basic vehicle mechanics,","driver training exercises on a specialized track. Basic vehicle mechanics,","driver training exercises on a specialized track. Basic vehicle mechanics,","driver training exercises on a specialized track. Basic vehicle mechanics,","driver training exercises on a specialized track. Basic vehicle mechanics,",
physics and safety concerns were addressed in the classroom and officers,physics and safety concerns were addressed in the classroom and officers,physics and safety concerns were addressed in the classroom and officers,physics and safety concerns were addressed in the classroom and officers,physics and safety concerns were addressed in the classroom and officers,physics and safety concerns were addressed in the classroom and officers,physics and safety concerns were addressed in the classroom and officers,physics and safety concerns were addressed in the classroom and officers,
practiced,driving,skills,involving,"decision making, apprehending","decision making, apprehending","decision making, apprehending","decision making, apprehending",fleeing
motorists and simulated pursuits.,motorists and simulated pursuits.,motorists and simulated pursuits.,motorists and simulated pursuits.,,,,,
,,,,,,,,12
