Name: “Table 1 of 1 on page 10 of 31”,Name: “Table 1 of 1 on page 10 of 31”,Name: “Table 1 of 1 on page 10 of 31”,Name: “Table 1 of 1 on page 10 of 31”,Name: “Table 1 of 1 on page 10 of 31”,Name: “Table 1 of 1 on page 10 of 31”,Name: “Table 1 of 1 on page 10 of 31”,Name: “Table 1 of 1 on page 10 of 31”,Name: “Table 1 of 1 on page 10 of 31”
Table: 9,Table: 9,Table: 9,Table: 9,Table: 9,Table: 9,Table: 9,Table: 9,Table: 9
,,,,,,,,
Herndon Police Citizens’ Support Team,Herndon Police Citizens’ Support Team,Herndon Police Citizens’ Support Team,Herndon Police Citizens’ Support Team,Herndon Police Citizens’ Support Team,Herndon Police Citizens’ Support Team,Herndon Police Citizens’ Support Team,Herndon Police Citizens’ Support Team,
The,Herndon,Herndon,Police,Citizens',Citizens',Support,Support,Team
(HPCST) is a volunteer organization established,(HPCST) is a volunteer organization established,(HPCST) is a volunteer organization established,(HPCST) is a volunteer organization established,(HPCST) is a volunteer organization established,(HPCST) is a volunteer organization established,(HPCST) is a volunteer organization established,(HPCST) is a volunteer organization established,
"to provide aid, support and assistance to the","to provide aid, support and assistance to the","to provide aid, support and assistance to the","to provide aid, support and assistance to the","to provide aid, support and assistance to the","to provide aid, support and assistance to the","to provide aid, support and assistance to the","to provide aid, support and assistance to the",
Herndon,,Police.,HPCST,HPCST,has,supported,supported,the
police department and the Town of Herndon for,police department and the Town of Herndon for,police department and the Town of Herndon for,police department and the Town of Herndon for,police department and the Town of Herndon for,police department and the Town of Herndon for,police department and the Town of Herndon for,police department and the Town of Herndon for,
more,than,35,years.,In,"2013,","2013,",the,HPCST
"dedicated more than 1,505 hours of volunteer","dedicated more than 1,505 hours of volunteer","dedicated more than 1,505 hours of volunteer","dedicated more than 1,505 hours of volunteer","dedicated more than 1,505 hours of volunteer","dedicated more than 1,505 hours of volunteer","dedicated more than 1,505 hours of volunteer","dedicated more than 1,505 hours of volunteer",
work to the Department. The services provided,work to the Department. The services provided,work to the Department. The services provided,work to the Department. The services provided,work to the Department. The services provided,work to the Department. The services provided,work to the Department. The services provided,work to the Department. The services provided,
"by the HPCST include: vehicle patrol, bike patrol,","by the HPCST include: vehicle patrol, bike patrol,","by the HPCST include: vehicle patrol, bike patrol,","by the HPCST include: vehicle patrol, bike patrol,","by the HPCST include: vehicle patrol, bike patrol,","by the HPCST include: vehicle patrol, bike patrol,","by the HPCST include: vehicle patrol, bike patrol,","by the HPCST include: vehicle patrol, bike patrol,",
"accident assistance, traffic control and surveys,","accident assistance, traffic control and surveys,","accident assistance, traffic control and surveys,","accident assistance, traffic control and surveys,","accident assistance, traffic control and surveys,","accident assistance, traffic control and surveys,","accident assistance, traffic control and surveys,","accident assistance, traffic control and surveys,",
fingerprinting,fingerprinting,fingerprinting,"services,",and,and,child,safety,seat
inspection.,inspection.,HPCST assists with many events in,HPCST assists with many events in,HPCST assists with many events in,HPCST assists with many events in,HPCST assists with many events in,HPCST assists with many events in,
the,Town of Herndon including Friday,Town of Herndon including Friday,Town of Herndon including Friday,Town of Herndon including Friday,Town of Herndon including Friday,Town of Herndon including Friday,Town of Herndon including Friday,Night
"Live, Herndon Festival, Community Center Teen","Live, Herndon Festival, Community Center Teen","Live, Herndon Festival, Community Center Teen","Live, Herndon Festival, Community Center Teen","Live, Herndon Festival, Community Center Teen","Live, Herndon Festival, Community Center Teen","Live, Herndon Festival, Community Center Teen","Live, Herndon Festival, Community Center Teen",
"Dances, Fourth of July fireworks and the Herndon High School Homecoming Parade and also","Dances, Fourth of July fireworks and the Herndon High School Homecoming Parade and also","Dances, Fourth of July fireworks and the Herndon High School Homecoming Parade and also","Dances, Fourth of July fireworks and the Herndon High School Homecoming Parade and also","Dances, Fourth of July fireworks and the Herndon High School Homecoming Parade and also","Dances, Fourth of July fireworks and the Herndon High School Homecoming Parade and also","Dances, Fourth of July fireworks and the Herndon High School Homecoming Parade and also","Dances, Fourth of July fireworks and the Herndon High School Homecoming Parade and also","Dances, Fourth of July fireworks and the Herndon High School Homecoming Parade and also"
"provides assistance in neighborhood watch activities and Vacation House Check, a summer","provides assistance in neighborhood watch activities and Vacation House Check, a summer","provides assistance in neighborhood watch activities and Vacation House Check, a summer","provides assistance in neighborhood watch activities and Vacation House Check, a summer","provides assistance in neighborhood watch activities and Vacation House Check, a summer","provides assistance in neighborhood watch activities and Vacation House Check, a summer","provides assistance in neighborhood watch activities and Vacation House Check, a summer","provides assistance in neighborhood watch activities and Vacation House Check, a summer","provides assistance in neighborhood watch activities and Vacation House Check, a summer"
program whereby homeowners can sign up for house checks while on vacation. Many of the,program whereby homeowners can sign up for house checks while on vacation. Many of the,program whereby homeowners can sign up for house checks while on vacation. Many of the,program whereby homeowners can sign up for house checks while on vacation. Many of the,program whereby homeowners can sign up for house checks while on vacation. Many of the,program whereby homeowners can sign up for house checks while on vacation. Many of the,program whereby homeowners can sign up for house checks while on vacation. Many of the,program whereby homeowners can sign up for house checks while on vacation. Many of the,program whereby homeowners can sign up for house checks while on vacation. Many of the
members of the HPCST are involved in the Herndon Police Crime Prevention Council and the,members of the HPCST are involved in the Herndon Police Crime Prevention Council and the,members of the HPCST are involved in the Herndon Police Crime Prevention Council and the,members of the HPCST are involved in the Herndon Police Crime Prevention Council and the,members of the HPCST are involved in the Herndon Police Crime Prevention Council and the,members of the HPCST are involved in the Herndon Police Crime Prevention Council and the,members of the HPCST are involved in the Herndon Police Crime Prevention Council and the,members of the HPCST are involved in the Herndon Police Crime Prevention Council and the,members of the HPCST are involved in the Herndon Police Crime Prevention Council and the
Alumni Association of the Herndon Police Citizens Academy.,Alumni Association of the Herndon Police Citizens Academy.,Alumni Association of the Herndon Police Citizens Academy.,Alumni Association of the Herndon Police Citizens Academy.,Alumni Association of the Herndon Police Citizens Academy.,Alumni Association of the Herndon Police Citizens Academy.,Alumni Association of the Herndon Police Citizens Academy.,Alumni Association of the Herndon Police Citizens Academy.,Alumni Association of the Herndon Police Citizens Academy.
Herndon Police Crime Prevention Council,Herndon Police Crime Prevention Council,Herndon Police Crime Prevention Council,Herndon Police Crime Prevention Council,Herndon Police Crime Prevention Council,Herndon Police Crime Prevention Council,Herndon Police Crime Prevention Council,Herndon Police Crime Prevention Council,
The Herndon Police Crime Prevention Council,The Herndon Police Crime Prevention Council,The Herndon Police Crime Prevention Council,The Herndon Police Crime Prevention Council,The Herndon Police Crime Prevention Council,The Herndon Police Crime Prevention Council,The Herndon Police Crime Prevention Council,The Herndon Police Crime Prevention Council,
(HPCPC) was established in 2003 by the Chief of,(HPCPC) was established in 2003 by the Chief of,(HPCPC) was established in 2003 by the Chief of,(HPCPC) was established in 2003 by the Chief of,(HPCPC) was established in 2003 by the Chief of,(HPCPC) was established in 2003 by the Chief of,(HPCPC) was established in 2003 by the Chief of,(HPCPC) was established in 2003 by the Chief of,
Police,as,an,active,citizens’,citizens’,organization,organization,to
promote,,crime,prevention,prevention,prevention,efforts,and,to
support,the,the,mission,of,the,Herndon,Herndon,Police
Department.,Department.,Department.,"The HPCPC, in conjunction with","The HPCPC, in conjunction with","The HPCPC, in conjunction with","The HPCPC, in conjunction with","The HPCPC, in conjunction with",
"the police department, is helping to build a safer","the police department, is helping to build a safer","the police department, is helping to build a safer","the police department, is helping to build a safer","the police department, is helping to build a safer","the police department, is helping to build a safer","the police department, is helping to build a safer","the police department, is helping to build a safer",
community by increasing community awareness,community by increasing community awareness,community by increasing community awareness,community by increasing community awareness,community by increasing community awareness,community by increasing community awareness,community by increasing community awareness,community by increasing community awareness,
and,educating,educating,citizens,citizens,of,their,individual,
responsibility in the reduction and prevention of,responsibility in the reduction and prevention of,responsibility in the reduction and prevention of,responsibility in the reduction and prevention of,responsibility in the reduction and prevention of,responsibility in the reduction and prevention of,responsibility in the reduction and prevention of,responsibility in the reduction and prevention of,
crime.,The,The,members,of,the,HPCPC,HPCPC,board
"represent residents, senior members, business","represent residents, senior members, business","represent residents, senior members, business","represent residents, senior members, business","represent residents, senior members, business","represent residents, senior members, business","represent residents, senior members, business","represent residents, senior members, business",
owners and volunteers of the Herndon Police,owners and volunteers of the Herndon Police,owners and volunteers of the Herndon Police,owners and volunteers of the Herndon Police,owners and volunteers of the Herndon Police,owners and volunteers of the Herndon Police,owners and volunteers of the Herndon Police,owners and volunteers of the Herndon Police,
"Citizens Support Team. The HPCPC facilitates specialized crime prevention training, promotes the","Citizens Support Team. The HPCPC facilitates specialized crime prevention training, promotes the","Citizens Support Team. The HPCPC facilitates specialized crime prevention training, promotes the","Citizens Support Team. The HPCPC facilitates specialized crime prevention training, promotes the","Citizens Support Team. The HPCPC facilitates specialized crime prevention training, promotes the","Citizens Support Team. The HPCPC facilitates specialized crime prevention training, promotes the","Citizens Support Team. The HPCPC facilitates specialized crime prevention training, promotes the","Citizens Support Team. The HPCPC facilitates specialized crime prevention training, promotes the","Citizens Support Team. The HPCPC facilitates specialized crime prevention training, promotes the"
"formation of Neighborhood, Business and Fleet Watches, and serves as a liaison between the","formation of Neighborhood, Business and Fleet Watches, and serves as a liaison between the","formation of Neighborhood, Business and Fleet Watches, and serves as a liaison between the","formation of Neighborhood, Business and Fleet Watches, and serves as a liaison between the","formation of Neighborhood, Business and Fleet Watches, and serves as a liaison between the","formation of Neighborhood, Business and Fleet Watches, and serves as a liaison between the","formation of Neighborhood, Business and Fleet Watches, and serves as a liaison between the","formation of Neighborhood, Business and Fleet Watches, and serves as a liaison between the","formation of Neighborhood, Business and Fleet Watches, and serves as a liaison between the"
"police department and citizens. In 2013, the HPCPC hosted an informational seminar for the","police department and citizens. In 2013, the HPCPC hosted an informational seminar for the","police department and citizens. In 2013, the HPCPC hosted an informational seminar for the","police department and citizens. In 2013, the HPCPC hosted an informational seminar for the","police department and citizens. In 2013, the HPCPC hosted an informational seminar for the","police department and citizens. In 2013, the HPCPC hosted an informational seminar for the","police department and citizens. In 2013, the HPCPC hosted an informational seminar for the","police department and citizens. In 2013, the HPCPC hosted an informational seminar for the","police department and citizens. In 2013, the HPCPC hosted an informational seminar for the"
community on Suicide Awareness and Prevention. The HPCPC also assists with National Night Out,community on Suicide Awareness and Prevention. The HPCPC also assists with National Night Out,community on Suicide Awareness and Prevention. The HPCPC also assists with National Night Out,community on Suicide Awareness and Prevention. The HPCPC also assists with National Night Out,community on Suicide Awareness and Prevention. The HPCPC also assists with National Night Out,community on Suicide Awareness and Prevention. The HPCPC also assists with National Night Out,community on Suicide Awareness and Prevention. The HPCPC also assists with National Night Out,community on Suicide Awareness and Prevention. The HPCPC also assists with National Night Out,community on Suicide Awareness and Prevention. The HPCPC also assists with National Night Out
and Public Safety Day.,and Public Safety Day.,and Public Safety Day.,and Public Safety Day.,,,,,
,,,,,,,,8
