Name: “Table 1 of 1 on page 8 of 31”,Name: “Table 1 of 1 on page 8 of 31”,Name: “Table 1 of 1 on page 8 of 31”,Name: “Table 1 of 1 on page 8 of 31”,Name: “Table 1 of 1 on page 8 of 31”,Name: “Table 1 of 1 on page 8 of 31”,Name: “Table 1 of 1 on page 8 of 31”,Name: “Table 1 of 1 on page 8 of 31”,Name: “Table 1 of 1 on page 8 of 31”,Name: “Table 1 of 1 on page 8 of 31”,Name: “Table 1 of 1 on page 8 of 31”,Name: “Table 1 of 1 on page 8 of 31”,Name: “Table 1 of 1 on page 8 of 31”,Name: “Table 1 of 1 on page 8 of 31”,Name: “Table 1 of 1 on page 8 of 31”,Name: “Table 1 of 1 on page 8 of 31”,Name: “Table 1 of 1 on page 8 of 31”
Table: 7,Table: 7,Table: 7,Table: 7,Table: 7,Table: 7,Table: 7,Table: 7,Table: 7,Table: 7,Table: 7,Table: 7,Table: 7,Table: 7,Table: 7,Table: 7,Table: 7
,,,,,,,,,,,,,,,,
,,,,,,,Drunk Driving Prevention Efforts,Drunk Driving Prevention Efforts,Drunk Driving Prevention Efforts,Drunk Driving Prevention Efforts,Drunk Driving Prevention Efforts,Drunk Driving Prevention Efforts,Drunk Driving Prevention Efforts,Drunk Driving Prevention Efforts,Drunk Driving Prevention Efforts,
,,,,,,,The Department proactively met with local,The Department proactively met with local,The Department proactively met with local,The Department proactively met with local,The Department proactively met with local,The Department proactively met with local,The Department proactively met with local,The Department proactively met with local,The Department proactively met with local,The Department proactively met with local
,,,,,,,restaurants and bars to discuss the dangers of,restaurants and bars to discuss the dangers of,restaurants and bars to discuss the dangers of,restaurants and bars to discuss the dangers of,restaurants and bars to discuss the dangers of,restaurants and bars to discuss the dangers of,restaurants and bars to discuss the dangers of,restaurants and bars to discuss the dangers of,restaurants and bars to discuss the dangers of,restaurants and bars to discuss the dangers of
,,,,,,,"drunk driving, especially during the holiday","drunk driving, especially during the holiday","drunk driving, especially during the holiday","drunk driving, especially during the holiday","drunk driving, especially during the holiday","drunk driving, especially during the holiday","drunk driving, especially during the holiday","drunk driving, especially during the holiday","drunk driving, especially during the holiday","drunk driving, especially during the holiday"
,,,,,,,season.,season.,,The,Department,Department,Department,,encourages,encourages
,,,,,,,businesses,businesses,businesses,to,do,their,part,in,preventing,preventing
,,,,,,,intoxicated,intoxicated,intoxicated,drivers,drivers,from,from,leaving,leaving,their
,,,,,,,"establishments and getting behind the wheel,","establishments and getting behind the wheel,","establishments and getting behind the wheel,","establishments and getting behind the wheel,","establishments and getting behind the wheel,","establishments and getting behind the wheel,","establishments and getting behind the wheel,","establishments and getting behind the wheel,","establishments and getting behind the wheel,","establishments and getting behind the wheel,"
,,,,,,,and offered materials and resources to assist,and offered materials and resources to assist,and offered materials and resources to assist,and offered materials and resources to assist,and offered materials and resources to assist,and offered materials and resources to assist,and offered materials and resources to assist,and offered materials and resources to assist,and offered materials and resources to assist,and offered materials and resources to assist
,,,,,,,in their prevention efforts.,in their prevention efforts.,in their prevention efforts.,in their prevention efforts.,in their prevention efforts.,in their prevention efforts.,in their prevention efforts.,,,
ASIS Officer of the Year Award,ASIS Officer of the Year Award,ASIS Officer of the Year Award,ASIS Officer of the Year Award,ASIS Officer of the Year Award,,,,,,,,,,,,
The National Capital Chapter of American Society for Industrial,The National Capital Chapter of American Society for Industrial,The National Capital Chapter of American Society for Industrial,The National Capital Chapter of American Society for Industrial,The National Capital Chapter of American Society for Industrial,The National Capital Chapter of American Society for Industrial,The National Capital Chapter of American Society for Industrial,The National Capital Chapter of American Society for Industrial,The National Capital Chapter of American Society for Industrial,The National Capital Chapter of American Society for Industrial,The National Capital Chapter of American Society for Industrial,,,,,,
Security International selected Senior Police Officer Mark Butler,Security International selected Senior Police Officer Mark Butler,Security International selected Senior Police Officer Mark Butler,Security International selected Senior Police Officer Mark Butler,Security International selected Senior Police Officer Mark Butler,Security International selected Senior Police Officer Mark Butler,Security International selected Senior Police Officer Mark Butler,Security International selected Senior Police Officer Mark Butler,Security International selected Senior Police Officer Mark Butler,Security International selected Senior Police Officer Mark Butler,Security International selected Senior Police Officer Mark Butler,,,,,,
from the Herndon Police Department as Officer of the Year for,from the Herndon Police Department as Officer of the Year for,from the Herndon Police Department as Officer of the Year for,from the Herndon Police Department as Officer of the Year for,from the Herndon Police Department as Officer of the Year for,from the Herndon Police Department as Officer of the Year for,from the Herndon Police Department as Officer of the Year for,from the Herndon Police Department as Officer of the Year for,from the Herndon Police Department as Officer of the Year for,from the Herndon Police Department as Officer of the Year for,from the Herndon Police Department as Officer of the Year for,,,,,,
his investigation into foreign nationals purchasing fraudulent,his investigation into foreign nationals purchasing fraudulent,his investigation into foreign nationals purchasing fraudulent,his investigation into foreign nationals purchasing fraudulent,his investigation into foreign nationals purchasing fraudulent,his investigation into foreign nationals purchasing fraudulent,his investigation into foreign nationals purchasing fraudulent,his investigation into foreign nationals purchasing fraudulent,his investigation into foreign nationals purchasing fraudulent,his investigation into foreign nationals purchasing fraudulent,his investigation into foreign nationals purchasing fraudulent,,,,,,
green,cards.,Officer,Butler,Butler,was,assigned,assigned,to,the,the,,,,,,
Immigrations/Customs,Immigrations/Customs,Immigrations/Customs,Enforcement,Enforcement,Agency,(ICE),(ICE),Task,Force,Force,,,,,,
during the extensive investigation which resulted in 24 federal,during the extensive investigation which resulted in 24 federal,during the extensive investigation which resulted in 24 federal,during the extensive investigation which resulted in 24 federal,during the extensive investigation which resulted in 24 federal,during the extensive investigation which resulted in 24 federal,during the extensive investigation which resulted in 24 federal,during the extensive investigation which resulted in 24 federal,during the extensive investigation which resulted in 24 federal,during the extensive investigation which resulted in 24 federal,during the extensive investigation which resulted in 24 federal,,,,,,
"indictments and the seizure of over $900,000.","indictments and the seizure of over $900,000.","indictments and the seizure of over $900,000.","indictments and the seizure of over $900,000.","indictments and the seizure of over $900,000.","indictments and the seizure of over $900,000.",,,,,,,,,,,
Task Force Partnerships,Task Force Partnerships,Task Force Partnerships,Task Force Partnerships,,,,,,,,,,,,,
The Department values and seeks external law enforcement partnerships to facilitate specialized,The Department values and seeks external law enforcement partnerships to facilitate specialized,The Department values and seeks external law enforcement partnerships to facilitate specialized,The Department values and seeks external law enforcement partnerships to facilitate specialized,The Department values and seeks external law enforcement partnerships to facilitate specialized,The Department values and seeks external law enforcement partnerships to facilitate specialized,The Department values and seeks external law enforcement partnerships to facilitate specialized,The Department values and seeks external law enforcement partnerships to facilitate specialized,The Department values and seeks external law enforcement partnerships to facilitate specialized,The Department values and seeks external law enforcement partnerships to facilitate specialized,The Department values and seeks external law enforcement partnerships to facilitate specialized,The Department values and seeks external law enforcement partnerships to facilitate specialized,The Department values and seeks external law enforcement partnerships to facilitate specialized,The Department values and seeks external law enforcement partnerships to facilitate specialized,The Department values and seeks external law enforcement partnerships to facilitate specialized,The Department values and seeks external law enforcement partnerships to facilitate specialized,The Department values and seeks external law enforcement partnerships to facilitate specialized
investigations,investigations,into,specific,crime,issues.,The,Department,Department,Department,has,partnered,partnered,partnered,with,the,multi-
jurisdictional Northern Virginia Gang Task Force for over ten years to work together with other,jurisdictional Northern Virginia Gang Task Force for over ten years to work together with other,jurisdictional Northern Virginia Gang Task Force for over ten years to work together with other,jurisdictional Northern Virginia Gang Task Force for over ten years to work together with other,jurisdictional Northern Virginia Gang Task Force for over ten years to work together with other,jurisdictional Northern Virginia Gang Task Force for over ten years to work together with other,jurisdictional Northern Virginia Gang Task Force for over ten years to work together with other,jurisdictional Northern Virginia Gang Task Force for over ten years to work together with other,jurisdictional Northern Virginia Gang Task Force for over ten years to work together with other,jurisdictional Northern Virginia Gang Task Force for over ten years to work together with other,jurisdictional Northern Virginia Gang Task Force for over ten years to work together with other,jurisdictional Northern Virginia Gang Task Force for over ten years to work together with other,jurisdictional Northern Virginia Gang Task Force for over ten years to work together with other,jurisdictional Northern Virginia Gang Task Force for over ten years to work together with other,jurisdictional Northern Virginia Gang Task Force for over ten years to work together with other,jurisdictional Northern Virginia Gang Task Force for over ten years to work together with other,jurisdictional Northern Virginia Gang Task Force for over ten years to work together with other
members of local law enforcement to investigate gang crime.,members of local law enforcement to investigate gang crime.,members of local law enforcement to investigate gang crime.,members of local law enforcement to investigate gang crime.,members of local law enforcement to investigate gang crime.,members of local law enforcement to investigate gang crime.,members of local law enforcement to investigate gang crime.,members of local law enforcement to investigate gang crime.,members of local law enforcement to investigate gang crime.,members of local law enforcement to investigate gang crime.,The Department also works with,The Department also works with,The Department also works with,The Department also works with,The Department also works with,The Department also works with,The Department also works with
the Virginia State Police on the Internet Crimes Against Children (ICAC) Task Force to conduct,the Virginia State Police on the Internet Crimes Against Children (ICAC) Task Force to conduct,the Virginia State Police on the Internet Crimes Against Children (ICAC) Task Force to conduct,the Virginia State Police on the Internet Crimes Against Children (ICAC) Task Force to conduct,the Virginia State Police on the Internet Crimes Against Children (ICAC) Task Force to conduct,the Virginia State Police on the Internet Crimes Against Children (ICAC) Task Force to conduct,the Virginia State Police on the Internet Crimes Against Children (ICAC) Task Force to conduct,the Virginia State Police on the Internet Crimes Against Children (ICAC) Task Force to conduct,the Virginia State Police on the Internet Crimes Against Children (ICAC) Task Force to conduct,the Virginia State Police on the Internet Crimes Against Children (ICAC) Task Force to conduct,the Virginia State Police on the Internet Crimes Against Children (ICAC) Task Force to conduct,the Virginia State Police on the Internet Crimes Against Children (ICAC) Task Force to conduct,the Virginia State Police on the Internet Crimes Against Children (ICAC) Task Force to conduct,the Virginia State Police on the Internet Crimes Against Children (ICAC) Task Force to conduct,the Virginia State Police on the Internet Crimes Against Children (ICAC) Task Force to conduct,the Virginia State Police on the Internet Crimes Against Children (ICAC) Task Force to conduct,the Virginia State Police on the Internet Crimes Against Children (ICAC) Task Force to conduct
investigations and identify and apprehend offenders of child victims of internet-based crimes and,investigations and identify and apprehend offenders of child victims of internet-based crimes and,investigations and identify and apprehend offenders of child victims of internet-based crimes and,investigations and identify and apprehend offenders of child victims of internet-based crimes and,investigations and identify and apprehend offenders of child victims of internet-based crimes and,investigations and identify and apprehend offenders of child victims of internet-based crimes and,investigations and identify and apprehend offenders of child victims of internet-based crimes and,investigations and identify and apprehend offenders of child victims of internet-based crimes and,investigations and identify and apprehend offenders of child victims of internet-based crimes and,investigations and identify and apprehend offenders of child victims of internet-based crimes and,investigations and identify and apprehend offenders of child victims of internet-based crimes and,investigations and identify and apprehend offenders of child victims of internet-based crimes and,investigations and identify and apprehend offenders of child victims of internet-based crimes and,investigations and identify and apprehend offenders of child victims of internet-based crimes and,investigations and identify and apprehend offenders of child victims of internet-based crimes and,investigations and identify and apprehend offenders of child victims of internet-based crimes and,investigations and identify and apprehend offenders of child victims of internet-based crimes and
has also participated with the Immigrations/Customs Enforcement Agency (ICE) Task Force.,has also participated with the Immigrations/Customs Enforcement Agency (ICE) Task Force.,has also participated with the Immigrations/Customs Enforcement Agency (ICE) Task Force.,has also participated with the Immigrations/Customs Enforcement Agency (ICE) Task Force.,has also participated with the Immigrations/Customs Enforcement Agency (ICE) Task Force.,has also participated with the Immigrations/Customs Enforcement Agency (ICE) Task Force.,has also participated with the Immigrations/Customs Enforcement Agency (ICE) Task Force.,has also participated with the Immigrations/Customs Enforcement Agency (ICE) Task Force.,has also participated with the Immigrations/Customs Enforcement Agency (ICE) Task Force.,has also participated with the Immigrations/Customs Enforcement Agency (ICE) Task Force.,has also participated with the Immigrations/Customs Enforcement Agency (ICE) Task Force.,has also participated with the Immigrations/Customs Enforcement Agency (ICE) Task Force.,has also participated with the Immigrations/Customs Enforcement Agency (ICE) Task Force.,has also participated with the Immigrations/Customs Enforcement Agency (ICE) Task Force.,has also participated with the Immigrations/Customs Enforcement Agency (ICE) Task Force.,has also participated with the Immigrations/Customs Enforcement Agency (ICE) Task Force.,
National Accreditation Award,National Accreditation Award,National Accreditation Award,National Accreditation Award,,,,,,,,,,,,,
In,November,"2013,",the,Herndon,Police,Department,Department,Department,,achieved,achieved,its,eighth,eighth,consecutive,consecutive
reaccreditation earning a meritorious certificate of accreditation from CALEA (Commission on,reaccreditation earning a meritorious certificate of accreditation from CALEA (Commission on,reaccreditation earning a meritorious certificate of accreditation from CALEA (Commission on,reaccreditation earning a meritorious certificate of accreditation from CALEA (Commission on,reaccreditation earning a meritorious certificate of accreditation from CALEA (Commission on,reaccreditation earning a meritorious certificate of accreditation from CALEA (Commission on,reaccreditation earning a meritorious certificate of accreditation from CALEA (Commission on,reaccreditation earning a meritorious certificate of accreditation from CALEA (Commission on,reaccreditation earning a meritorious certificate of accreditation from CALEA (Commission on,reaccreditation earning a meritorious certificate of accreditation from CALEA (Commission on,reaccreditation earning a meritorious certificate of accreditation from CALEA (Commission on,reaccreditation earning a meritorious certificate of accreditation from CALEA (Commission on,reaccreditation earning a meritorious certificate of accreditation from CALEA (Commission on,reaccreditation earning a meritorious certificate of accreditation from CALEA (Commission on,reaccreditation earning a meritorious certificate of accreditation from CALEA (Commission on,reaccreditation earning a meritorious certificate of accreditation from CALEA (Commission on,reaccreditation earning a meritorious certificate of accreditation from CALEA (Commission on
"Accreditation for Law Enforcement Agencies), a national law enforcement accrediting agency.","Accreditation for Law Enforcement Agencies), a national law enforcement accrediting agency.","Accreditation for Law Enforcement Agencies), a national law enforcement accrediting agency.","Accreditation for Law Enforcement Agencies), a national law enforcement accrediting agency.","Accreditation for Law Enforcement Agencies), a national law enforcement accrediting agency.","Accreditation for Law Enforcement Agencies), a national law enforcement accrediting agency.","Accreditation for Law Enforcement Agencies), a national law enforcement accrediting agency.","Accreditation for Law Enforcement Agencies), a national law enforcement accrediting agency.","Accreditation for Law Enforcement Agencies), a national law enforcement accrediting agency.","Accreditation for Law Enforcement Agencies), a national law enforcement accrediting agency.","Accreditation for Law Enforcement Agencies), a national law enforcement accrediting agency.","Accreditation for Law Enforcement Agencies), a national law enforcement accrediting agency.","Accreditation for Law Enforcement Agencies), a national law enforcement accrediting agency.","Accreditation for Law Enforcement Agencies), a national law enforcement accrediting agency.","Accreditation for Law Enforcement Agencies), a national law enforcement accrediting agency.","Accreditation for Law Enforcement Agencies), a national law enforcement accrediting agency.","Accreditation for Law Enforcement Agencies), a national law enforcement accrediting agency."
The,reaccreditation,reaccreditation,assessment,ensures,ensures,that,our,"policies,","policies,",practices,practices,and,procedures,procedures,procedures,meet
professional standards and help us to provide the best in service to our community.,professional standards and help us to provide the best in service to our community.,professional standards and help us to provide the best in service to our community.,professional standards and help us to provide the best in service to our community.,professional standards and help us to provide the best in service to our community.,professional standards and help us to provide the best in service to our community.,professional standards and help us to provide the best in service to our community.,professional standards and help us to provide the best in service to our community.,professional standards and help us to provide the best in service to our community.,professional standards and help us to provide the best in service to our community.,professional standards and help us to provide the best in service to our community.,professional standards and help us to provide the best in service to our community.,professional standards and help us to provide the best in service to our community.,professional standards and help us to provide the best in service to our community.,professional standards and help us to provide the best in service to our community.,professional standards and help us to provide the best in service to our community.,The
Department undergoes reaccreditation every three years.,Department undergoes reaccreditation every three years.,Department undergoes reaccreditation every three years.,Department undergoes reaccreditation every three years.,Department undergoes reaccreditation every three years.,Department undergoes reaccreditation every three years.,Department undergoes reaccreditation every three years.,Department undergoes reaccreditation every three years.,Department undergoes reaccreditation every three years.,,,,,,,,
,,,,,,,,,Recertification of Certified Crime,Recertification of Certified Crime,Recertification of Certified Crime,Recertification of Certified Crime,Recertification of Certified Crime,Recertification of Certified Crime,Recertification of Certified Crime,Recertification of Certified Crime
,,,,,,,,,Prevention Community,Prevention Community,Prevention Community,Prevention Community,Prevention Community,Prevention Community,,
,,,,,,,,,The Town of Herndon was recertified,The Town of Herndon was recertified,The Town of Herndon was recertified,The Town of Herndon was recertified,The Town of Herndon was recertified,The Town of Herndon was recertified,The Town of Herndon was recertified,The Town of Herndon was recertified
,,,,,,,,,in,May,2013,as,a,Certified,Certified,Crime
,,,,,,,,,Prevention Community (CCPC) by the,Prevention Community (CCPC) by the,Prevention Community (CCPC) by the,Prevention Community (CCPC) by the,Prevention Community (CCPC) by the,Prevention Community (CCPC) by the,Prevention Community (CCPC) by the,Prevention Community (CCPC) by the
,,,,,,,,,Virginia,Virginia,Department,Department,Department,of,Criminal,Criminal
,,,,,,,,,Justice Services.,Justice Services.,Justice Services.,Justice Services.,Herndon is one of,Herndon is one of,Herndon is one of,Herndon is one of
,,,,,,,,,only,12,localities,localities,localities,in,Virginia,to
,,,,,,,,,maintain this certification.,maintain this certification.,maintain this certification.,maintain this certification.,maintain this certification.,maintain this certification.,,
,,,,,,,,,,,,,,,,6
