Name: “Table 1 of 1 on page 15 of 31”,Name: “Table 1 of 1 on page 15 of 31”,Name: “Table 1 of 1 on page 15 of 31”,Name: “Table 1 of 1 on page 15 of 31”,Name: “Table 1 of 1 on page 15 of 31”,Name: “Table 1 of 1 on page 15 of 31”,Name: “Table 1 of 1 on page 15 of 31”,Name: “Table 1 of 1 on page 15 of 31”,Name: “Table 1 of 1 on page 15 of 31”,Name: “Table 1 of 1 on page 15 of 31”,Name: “Table 1 of 1 on page 15 of 31”,Name: “Table 1 of 1 on page 15 of 31”,Name: “Table 1 of 1 on page 15 of 31”,Name: “Table 1 of 1 on page 15 of 31”,Name: “Table 1 of 1 on page 15 of 31”
Table: 14,Table: 14,Table: 14,Table: 14,Table: 14,Table: 14,Table: 14,Table: 14,Table: 14,Table: 14,Table: 14,Table: 14,Table: 14,Table: 14,Table: 14
,,,,,,,,,,,,,,
,,,,Records and Communications,Records and Communications,Records and Communications,Records and Communications,Records and Communications,Records and Communications,Records and Communications,,,,
The Records and Communications Sections provide distinct services for the Department but work,The Records and Communications Sections provide distinct services for the Department but work,The Records and Communications Sections provide distinct services for the Department but work,The Records and Communications Sections provide distinct services for the Department but work,The Records and Communications Sections provide distinct services for the Department but work,The Records and Communications Sections provide distinct services for the Department but work,The Records and Communications Sections provide distinct services for the Department but work,The Records and Communications Sections provide distinct services for the Department but work,The Records and Communications Sections provide distinct services for the Department but work,The Records and Communications Sections provide distinct services for the Department but work,The Records and Communications Sections provide distinct services for the Department but work,The Records and Communications Sections provide distinct services for the Department but work,The Records and Communications Sections provide distinct services for the Department but work,The Records and Communications Sections provide distinct services for the Department but work,The Records and Communications Sections provide distinct services for the Department but work
together to address public requests for information and service.,together to address public requests for information and service.,together to address public requests for information and service.,together to address public requests for information and service.,together to address public requests for information and service.,together to address public requests for information and service.,together to address public requests for information and service.,together to address public requests for information and service.,together to address public requests for information and service.,together to address public requests for information and service.,,,,,
Records Section,Records Section,Records Section,,,,,,,,,,,,
The Records Section of the Herndon,The Records Section of the Herndon,The Records Section of the Herndon,The Records Section of the Herndon,The Records Section of the Herndon,The Records Section of the Herndon,The Records Section of the Herndon,,,,,,,,
Police,Department,Department,is,responsible,for,for,,,,,,,,
entering,incident,incident,,"data,","tickets,","tickets,",,,,,,,,
"summonses,","summonses,",and,processing,processing,records,records,,,,,,,,
requests. The Records Section also files,requests. The Records Section also files,requests. The Records Section also files,requests. The Records Section also files,requests. The Records Section also files,requests. The Records Section also files,requests. The Records Section also files,,,,,,,,
incident data with the state of Virginia,incident data with the state of Virginia,incident data with the state of Virginia,incident data with the state of Virginia,incident data with the state of Virginia,incident data with the state of Virginia,incident data with the state of Virginia,,,,,,,,
so that annual FBI crime data can be,so that annual FBI crime data can be,so that annual FBI crime data can be,so that annual FBI crime data can be,so that annual FBI crime data can be,so that annual FBI crime data can be,so that annual FBI crime data can be,,,,,,,,
produced for the Town of Herndon.,produced for the Town of Herndon.,produced for the Town of Herndon.,produced for the Town of Herndon.,produced for the Town of Herndon.,produced for the Town of Herndon.,,,,,,,,,
The Records Section is located in the,The Records Section is located in the,The Records Section is located in the,The Records Section is located in the,The Records Section is located in the,The Records Section is located in the,The Records Section is located in the,,,,,,,,
"main lobby at 397 Herndon Parkway,","main lobby at 397 Herndon Parkway,","main lobby at 397 Herndon Parkway,","main lobby at 397 Herndon Parkway,","main lobby at 397 Herndon Parkway,","main lobby at 397 Herndon Parkway,","main lobby at 397 Herndon Parkway,",,,,,,,,
"Herndon,","Virginia,","Virginia,",and,the,hours,of,,,,,,,,
operation,are,from,8am,to,"4:30pm,","4:30pm,",,,,,,,,
Monday through Friday.,Monday through Friday.,Monday through Friday.,Monday through Friday.,The Records,The Records,The Records,,,,,,,,
Supervisor can be reached at 703-435-,Supervisor can be reached at 703-435-,Supervisor can be reached at 703-435-,Supervisor can be reached at 703-435-,Supervisor can be reached at 703-435-,Supervisor can be reached at 703-435-,Supervisor can be reached at 703-435-,,,,,,,,
6874;,"however,",during,during,non-business,non-business,non-business,"hours,",records,questions,may,be,directed,to,the
Communications Section.,Communications Section.,Communications Section.,Communications Section.,,,,,,,,,,,
Communications Section,Communications Section,Communications Section,Communications Section,Communications Section,,,,,,,,,,
The,Communications,Communications,Communications,,Section,is,,,,,,,,
continuously,continuously,staffed,staffed,to,answer,all,,,,,,,,
emergency,emergency,9-1-1,and,non-emergency,non-emergency,non-emergency,,,,,,,,
(703-435-6846),(703-435-6846),requests,requests,for,service,in,,,,,,,,
the,Town,of,Herndon.,Herndon.,,The,,,,,,,,
Communications Section uses a state-of-,Communications Section uses a state-of-,Communications Section uses a state-of-,Communications Section uses a state-of-,Communications Section uses a state-of-,Communications Section uses a state-of-,Communications Section uses a state-of-,,,,,,,,
the-art Computer Aided Dispatch (CAD),the-art Computer Aided Dispatch (CAD),the-art Computer Aided Dispatch (CAD),the-art Computer Aided Dispatch (CAD),the-art Computer Aided Dispatch (CAD),the-art Computer Aided Dispatch (CAD),the-art Computer Aided Dispatch (CAD),,,,,,,,
system,and,other,other,communications,communications,communications,,,,,,,,
technology to handle calls for service.,technology to handle calls for service.,technology to handle calls for service.,technology to handle calls for service.,technology to handle calls for service.,technology to handle calls for service.,technology to handle calls for service.,,,,,,,,
The CAD system documents the type of,The CAD system documents the type of,The CAD system documents the type of,The CAD system documents the type of,The CAD system documents the type of,The CAD system documents the type of,The CAD system documents the type of,,,,,,,,
"assistance needed, the address, call back","assistance needed, the address, call back","assistance needed, the address, call back","assistance needed, the address, call back","assistance needed, the address, call back","assistance needed, the address, call back","assistance needed, the address, call back",,,,,,,,
"number, and additional information that","number, and additional information that","number, and additional information that","number, and additional information that","number, and additional information that","number, and additional information that","number, and additional information that",,,,,,,,
will assist the police to respond as quickly,will assist the police to respond as quickly,will assist the police to respond as quickly,will assist the police to respond as quickly,will assist the police to respond as quickly,will assist the police to respond as quickly,will assist the police to respond as quickly,,,,,,,,
as possible. The Communications Section,as possible. The Communications Section,as possible. The Communications Section,as possible. The Communications Section,as possible. The Communications Section,as possible. The Communications Section,as possible. The Communications Section,,,,,,,,
"answered 26,232 calls for service in 2013.","answered 26,232 calls for service in 2013.","answered 26,232 calls for service in 2013.","answered 26,232 calls for service in 2013.","answered 26,232 calls for service in 2013.","answered 26,232 calls for service in 2013.","answered 26,232 calls for service in 2013.",,,,,,,,
Citizens may also make requests for service in person by visiting the Communications Center,Citizens may also make requests for service in person by visiting the Communications Center,Citizens may also make requests for service in person by visiting the Communications Center,Citizens may also make requests for service in person by visiting the Communications Center,Citizens may also make requests for service in person by visiting the Communications Center,Citizens may also make requests for service in person by visiting the Communications Center,Citizens may also make requests for service in person by visiting the Communications Center,Citizens may also make requests for service in person by visiting the Communications Center,Citizens may also make requests for service in person by visiting the Communications Center,Citizens may also make requests for service in person by visiting the Communications Center,Citizens may also make requests for service in person by visiting the Communications Center,Citizens may also make requests for service in person by visiting the Communications Center,Citizens may also make requests for service in person by visiting the Communications Center,Citizens may also make requests for service in person by visiting the Communications Center,Citizens may also make requests for service in person by visiting the Communications Center
located in the main lobby at the police station.,located in the main lobby at the police station.,located in the main lobby at the police station.,located in the main lobby at the police station.,located in the main lobby at the police station.,located in the main lobby at the police station.,located in the main lobby at the police station.,located in the main lobby at the police station.,,,,,,,
,,,,,,,,,,,,,,13
