Name: “Table 1 of 1 on page 7 of 31”,Name: “Table 1 of 1 on page 7 of 31”,Name: “Table 1 of 1 on page 7 of 31”,Name: “Table 1 of 1 on page 7 of 31”,Name: “Table 1 of 1 on page 7 of 31”,Name: “Table 1 of 1 on page 7 of 31”,Name: “Table 1 of 1 on page 7 of 31”,Name: “Table 1 of 1 on page 7 of 31”
Table: 6,Table: 6,Table: 6,Table: 6,Table: 6,Table: 6,Table: 6,Table: 6
,,,,,,,
Major Accomplishments in 2013,Major Accomplishments in 2013,Major Accomplishments in 2013,Major Accomplishments in 2013,Major Accomplishments in 2013,,,
Virginia Law Enforcement Challenge,Virginia Law Enforcement Challenge,Virginia Law Enforcement Challenge,Virginia Law Enforcement Challenge,Virginia Law Enforcement Challenge,Virginia Law Enforcement Challenge,Virginia Law Enforcement Challenge,
In,"2013,",the,Herndon,Police,Police,Department,was
recognized,recognized,for,its,outstanding,outstanding,traffic,safety
performance and was awarded first place in the,performance and was awarded first place in the,performance and was awarded first place in the,performance and was awarded first place in the,performance and was awarded first place in the,performance and was awarded first place in the,performance and was awarded first place in the,performance and was awarded first place in the
annual Law Enforcement Challenge.,annual Law Enforcement Challenge.,annual Law Enforcement Challenge.,annual Law Enforcement Challenge.,annual Law Enforcement Challenge.,annual Law Enforcement Challenge.,The Virginia,The Virginia
Law Enforcement Challenge is a program designed,Law Enforcement Challenge is a program designed,Law Enforcement Challenge is a program designed,Law Enforcement Challenge is a program designed,Law Enforcement Challenge is a program designed,Law Enforcement Challenge is a program designed,Law Enforcement Challenge is a program designed,Law Enforcement Challenge is a program designed
to,encourage,encourage,and,promote,traffic,safety,and
enforcement programs throughout Virginia with an,enforcement programs throughout Virginia with an,enforcement programs throughout Virginia with an,enforcement programs throughout Virginia with an,enforcement programs throughout Virginia with an,enforcement programs throughout Virginia with an,enforcement programs throughout Virginia with an,enforcement programs throughout Virginia with an
emphasis,emphasis,on,impaired,"driving,","driving,",speeding,and
"aggressive driving, and seat belt and passenger","aggressive driving, and seat belt and passenger","aggressive driving, and seat belt and passenger","aggressive driving, and seat belt and passenger","aggressive driving, and seat belt and passenger","aggressive driving, and seat belt and passenger","aggressive driving, and seat belt and passenger","aggressive driving, and seat belt and passenger"
safety enforcement.,safety enforcement.,safety enforcement.,safety enforcement.,The department competes in,The department competes in,The department competes in,The department competes in
this challenge annually.,this challenge annually.,this challenge annually.,this challenge annually.,,,,
The awards are based on entries prepared by the participating agencies that highlight traffic,The awards are based on entries prepared by the participating agencies that highlight traffic,The awards are based on entries prepared by the participating agencies that highlight traffic,The awards are based on entries prepared by the participating agencies that highlight traffic,The awards are based on entries prepared by the participating agencies that highlight traffic,The awards are based on entries prepared by the participating agencies that highlight traffic,The awards are based on entries prepared by the participating agencies that highlight traffic,The awards are based on entries prepared by the participating agencies that highlight traffic
safety education and enforcement activities over the past calendar year. The agencies are scored,safety education and enforcement activities over the past calendar year. The agencies are scored,safety education and enforcement activities over the past calendar year. The agencies are scored,safety education and enforcement activities over the past calendar year. The agencies are scored,safety education and enforcement activities over the past calendar year. The agencies are scored,safety education and enforcement activities over the past calendar year. The agencies are scored,safety education and enforcement activities over the past calendar year. The agencies are scored,safety education and enforcement activities over the past calendar year. The agencies are scored
"on their policies and guidelines, training of officers, incentives and recognition, public information","on their policies and guidelines, training of officers, incentives and recognition, public information","on their policies and guidelines, training of officers, incentives and recognition, public information","on their policies and guidelines, training of officers, incentives and recognition, public information","on their policies and guidelines, training of officers, incentives and recognition, public information","on their policies and guidelines, training of officers, incentives and recognition, public information","on their policies and guidelines, training of officers, incentives and recognition, public information","on their policies and guidelines, training of officers, incentives and recognition, public information"
"and education, enforcement, and an evaluation of the effectiveness of the agency’s efforts.","and education, enforcement, and an evaluation of the effectiveness of the agency’s efforts.","and education, enforcement, and an evaluation of the effectiveness of the agency’s efforts.","and education, enforcement, and an evaluation of the effectiveness of the agency’s efforts.","and education, enforcement, and an evaluation of the effectiveness of the agency’s efforts.","and education, enforcement, and an evaluation of the effectiveness of the agency’s efforts.","and education, enforcement, and an evaluation of the effectiveness of the agency’s efforts.",
"In the 2013 competition, 36 agencies were awarded various placements which included special","In the 2013 competition, 36 agencies were awarded various placements which included special","In the 2013 competition, 36 agencies were awarded various placements which included special","In the 2013 competition, 36 agencies were awarded various placements which included special","In the 2013 competition, 36 agencies were awarded various placements which included special","In the 2013 competition, 36 agencies were awarded various placements which included special","In the 2013 competition, 36 agencies were awarded various placements which included special","In the 2013 competition, 36 agencies were awarded various placements which included special"
"awards for outstanding enforcement and education efforts in the areas of occupant protection,","awards for outstanding enforcement and education efforts in the areas of occupant protection,","awards for outstanding enforcement and education efforts in the areas of occupant protection,","awards for outstanding enforcement and education efforts in the areas of occupant protection,","awards for outstanding enforcement and education efforts in the areas of occupant protection,","awards for outstanding enforcement and education efforts in the areas of occupant protection,","awards for outstanding enforcement and education efforts in the areas of occupant protection,","awards for outstanding enforcement and education efforts in the areas of occupant protection,"
"impaired driving, speed awareness, child passenger safety, underage alcohol awareness and many","impaired driving, speed awareness, child passenger safety, underage alcohol awareness and many","impaired driving, speed awareness, child passenger safety, underage alcohol awareness and many","impaired driving, speed awareness, child passenger safety, underage alcohol awareness and many","impaired driving, speed awareness, child passenger safety, underage alcohol awareness and many","impaired driving, speed awareness, child passenger safety, underage alcohol awareness and many","impaired driving, speed awareness, child passenger safety, underage alcohol awareness and many","impaired driving, speed awareness, child passenger safety, underage alcohol awareness and many"
more.,,,,,,,
The Herndon Police Department participated in several programs including “Click It or Ticket” to,The Herndon Police Department participated in several programs including “Click It or Ticket” to,The Herndon Police Department participated in several programs including “Click It or Ticket” to,The Herndon Police Department participated in several programs including “Click It or Ticket” to,The Herndon Police Department participated in several programs including “Click It or Ticket” to,The Herndon Police Department participated in several programs including “Click It or Ticket” to,The Herndon Police Department participated in several programs including “Click It or Ticket” to,The Herndon Police Department participated in several programs including “Click It or Ticket” to
"improve the seat belt and child safety seat usage, “Six-Pack Patrols” and “Checkpoint Strike Force","improve the seat belt and child safety seat usage, “Six-Pack Patrols” and “Checkpoint Strike Force","improve the seat belt and child safety seat usage, “Six-Pack Patrols” and “Checkpoint Strike Force","improve the seat belt and child safety seat usage, “Six-Pack Patrols” and “Checkpoint Strike Force","improve the seat belt and child safety seat usage, “Six-Pack Patrols” and “Checkpoint Strike Force","improve the seat belt and child safety seat usage, “Six-Pack Patrols” and “Checkpoint Strike Force","improve the seat belt and child safety seat usage, “Six-Pack Patrols” and “Checkpoint Strike Force","improve the seat belt and child safety seat usage, “Six-Pack Patrols” and “Checkpoint Strike Force"
"and Drunk and Drugged Driving Prevention”, and “Smooth Operator” program to curtail reckless","and Drunk and Drugged Driving Prevention”, and “Smooth Operator” program to curtail reckless","and Drunk and Drugged Driving Prevention”, and “Smooth Operator” program to curtail reckless","and Drunk and Drugged Driving Prevention”, and “Smooth Operator” program to curtail reckless","and Drunk and Drugged Driving Prevention”, and “Smooth Operator” program to curtail reckless","and Drunk and Drugged Driving Prevention”, and “Smooth Operator” program to curtail reckless","and Drunk and Drugged Driving Prevention”, and “Smooth Operator” program to curtail reckless","and Drunk and Drugged Driving Prevention”, and “Smooth Operator” program to curtail reckless"
driving/speeding in the Town of Herndon.,,,,,,,
,,,Mothers Against Drunk Driving,Mothers Against Drunk Driving,Mothers Against Drunk Driving,Mothers Against Drunk Driving,Mothers Against Drunk Driving
,,,(MADD) Award,(MADD) Award,(MADD) Award,,
,,,Herndon,Police,Police,Sergeant,Justin
,,,"Dyer, Private First Class Scott Stein,","Dyer, Private First Class Scott Stein,","Dyer, Private First Class Scott Stein,","Dyer, Private First Class Scott Stein,","Dyer, Private First Class Scott Stein,"
,,,and Officer Steve Monahan were,and Officer Steve Monahan were,and Officer Steve Monahan were,and Officer Steve Monahan were,and Officer Steve Monahan were
,,,recognized,recognized,by,Mothers,Against
,,,"Drunk Driving (MADD) on May 3,","Drunk Driving (MADD) on May 3,","Drunk Driving (MADD) on May 3,","Drunk Driving (MADD) on May 3,","Drunk Driving (MADD) on May 3,"
,,,2013,for,their,outstanding,outstanding
,,,enforcement efforts against drunk,enforcement efforts against drunk,enforcement efforts against drunk,enforcement efforts against drunk,enforcement efforts against drunk
,,,driving,and,underage,underage,drinking.
,,,The,22 nd,Annual,Awards,for
,,,Excellence in Community Service,Excellence in Community Service,Excellence in Community Service,Excellence in Community Service,Excellence in Community Service
,,,and Public Safety ceremony was,and Public Safety ceremony was,and Public Safety ceremony was,and Public Safety ceremony was,and Public Safety ceremony was
,,,hosted by MADD and the Fairfax,hosted by MADD and the Fairfax,hosted by MADD and the Fairfax,hosted by MADD and the Fairfax,hosted by MADD and the Fairfax
,,,Alcohol,Safety,Safety,Action,Program.
The officers’ combined enforcement efforts accounted for 40 percent of the Department’s DUI,The officers’ combined enforcement efforts accounted for 40 percent of the Department’s DUI,The officers’ combined enforcement efforts accounted for 40 percent of the Department’s DUI,The officers’ combined enforcement efforts accounted for 40 percent of the Department’s DUI,The officers’ combined enforcement efforts accounted for 40 percent of the Department’s DUI,The officers’ combined enforcement efforts accounted for 40 percent of the Department’s DUI,The officers’ combined enforcement efforts accounted for 40 percent of the Department’s DUI,The officers’ combined enforcement efforts accounted for 40 percent of the Department’s DUI
arrests from 2012.,,,,,,,
,,,,,,,5
