Name: “Table 1 of 1 on page 19 of 31”,Name: “Table 1 of 1 on page 19 of 31”,Name: “Table 1 of 1 on page 19 of 31”,Name: “Table 1 of 1 on page 19 of 31”,Name: “Table 1 of 1 on page 19 of 31”
Table: 18,Table: 18,Table: 18,Table: 18,Table: 18
,,,,
,Arrests,Arrests,,
"The following charts break down arrests by total, misdemeanors and felonies, and by juveniles","The following charts break down arrests by total, misdemeanors and felonies, and by juveniles","The following charts break down arrests by total, misdemeanors and felonies, and by juveniles","The following charts break down arrests by total, misdemeanors and felonies, and by juveniles","The following charts break down arrests by total, misdemeanors and felonies, and by juveniles"
versus adults over the past 5 years. Total arrests were up 16% from 2012 and reflected increases,versus adults over the past 5 years. Total arrests were up 16% from 2012 and reflected increases,versus adults over the past 5 years. Total arrests were up 16% from 2012 and reflected increases,versus adults over the past 5 years. Total arrests were up 16% from 2012 and reflected increases,versus adults over the past 5 years. Total arrests were up 16% from 2012 and reflected increases
in both misdemeanor and felony arrests.,in both misdemeanor and felony arrests.,,,
,All Arrests,All Arrests,,
1200,,,,
964,,,,
1000,,,,902
,807,794,780,
800,,,,
600,,,,
400,,,,
200,,,,
0,,,,
2009,2010,2011,2012,2013
,,,,17
