Name: “Table 1 of 1 on page 17 of 31”,Name: “Table 1 of 1 on page 17 of 31”,Name: “Table 1 of 1 on page 17 of 31”,Name: “Table 1 of 1 on page 17 of 31”,Name: “Table 1 of 1 on page 17 of 31”,Name: “Table 1 of 1 on page 17 of 31”,Name: “Table 1 of 1 on page 17 of 31”
Table: 16,Table: 16,Table: 16,Table: 16,Table: 16,Table: 16,Table: 16
,,,,,,
,,,Crime Activity,Crime Activity,,
Offenses,Offenses,,2012,2013,Change,% Change
Assault Offenses,Assault Offenses,,189,202,13,6.88%
Aggravated Assault,Aggravated Assault,,15,19,4,26.67%
Auto Theft,,,9,8,-1,-11.11%
Burglary,,,28,27,-1,-3.57%
Counterfeiting/Forgery,Counterfeiting/Forgery,Counterfeiting/Forgery,4,6,2,50.00%
Destruction Of Property,Destruction Of Property,Destruction Of Property,212,171,-41,-19.34%
Driving Under the Influence (DUI),Driving Under the Influence (DUI),Driving Under the Influence (DUI),134,159,25,18.66%
Drunkenness,Drunkenness,,131,246,115,87.79%
Drug/Narcotic Violations,Drug/Narcotic Violations,Drug/Narcotic Violations,107,123,16,14.95%
Embezzlement,Embezzlement,,0,6,6,N/A
Fraud Offenses,Fraud Offenses,,61,73,12,19.67%
Homicide,,,1,0,-1,-100.00%
Kidnapping/Abduction,Kidnapping/Abduction,Kidnapping/Abduction,4,7,3,75.00%
Larceny,,,340,336,-4,-1.18%
Pornography/Obscene Material,Pornography/Obscene Material,Pornography/Obscene Material,2,8,6,300.00%
Prostitution Offenses,Prostitution Offenses,Prostitution Offenses,4,2,-2,-50.00%
Robbery,,,7,18,11,157.14%
Sex Offenses,Sex Offenses,,14,13,-1,-7.14%
Weapon Law Offenses,Weapon Law Offenses,Weapon Law Offenses,5,7,2,40.00%
Total,,,"1,267","1,431",164,12.94%
The chart above lists offense data on major categories of crime.,The chart above lists offense data on major categories of crime.,The chart above lists offense data on major categories of crime.,The chart above lists offense data on major categories of crime.,The chart above lists offense data on major categories of crime.,"Overall, crime in the Town of","Overall, crime in the Town of"
Herndon remained relatively consistent as compared to last year’s incidents.,Herndon remained relatively consistent as compared to last year’s incidents.,Herndon remained relatively consistent as compared to last year’s incidents.,Herndon remained relatively consistent as compared to last year’s incidents.,Herndon remained relatively consistent as compared to last year’s incidents.,Herndon remained relatively consistent as compared to last year’s incidents.,While there are
slight,changes,in the offense,data from 2012,"to 2013, increases were",seen in DUI’s and,seen in DUI’s and
"drunkenness, drug/narcotic violations, fraud offenses, and robbery. A notable decrease was seen","drunkenness, drug/narcotic violations, fraud offenses, and robbery. A notable decrease was seen","drunkenness, drug/narcotic violations, fraud offenses, and robbery. A notable decrease was seen","drunkenness, drug/narcotic violations, fraud offenses, and robbery. A notable decrease was seen","drunkenness, drug/narcotic violations, fraud offenses, and robbery. A notable decrease was seen","drunkenness, drug/narcotic violations, fraud offenses, and robbery. A notable decrease was seen","drunkenness, drug/narcotic violations, fraud offenses, and robbery. A notable decrease was seen"
in destruction of property offenses.,in destruction of property offenses.,in destruction of property offenses.,in destruction of property offenses.,,,
Driving under the Influence (DUI) and Drunkenness offenses increased from 2012.,Driving under the Influence (DUI) and Drunkenness offenses increased from 2012.,Driving under the Influence (DUI) and Drunkenness offenses increased from 2012.,Driving under the Influence (DUI) and Drunkenness offenses increased from 2012.,Driving under the Influence (DUI) and Drunkenness offenses increased from 2012.,Driving under the Influence (DUI) and Drunkenness offenses increased from 2012.,Proactive
patrols and targeted enforcement efforts were expanded during 2013 and resulted in a 19%,patrols and targeted enforcement efforts were expanded during 2013 and resulted in a 19%,patrols and targeted enforcement efforts were expanded during 2013 and resulted in a 19%,patrols and targeted enforcement efforts were expanded during 2013 and resulted in a 19%,patrols and targeted enforcement efforts were expanded during 2013 and resulted in a 19%,patrols and targeted enforcement efforts were expanded during 2013 and resulted in a 19%,patrols and targeted enforcement efforts were expanded during 2013 and resulted in a 19%
increase in DUI arrests.,increase in DUI arrests.,increase in DUI arrests.,,,,
Drug/narcotic violations were up in 2013; the majority of the cases involved marijuana.,Drug/narcotic violations were up in 2013; the majority of the cases involved marijuana.,Drug/narcotic violations were up in 2013; the majority of the cases involved marijuana.,Drug/narcotic violations were up in 2013; the majority of the cases involved marijuana.,Drug/narcotic violations were up in 2013; the majority of the cases involved marijuana.,Drug/narcotic violations were up in 2013; the majority of the cases involved marijuana.,Drug/narcotic violations were up in 2013; the majority of the cases involved marijuana.
Fraud offenses such as identity theft and credit card fraud (which are predominately internet-,Fraud offenses such as identity theft and credit card fraud (which are predominately internet-,Fraud offenses such as identity theft and credit card fraud (which are predominately internet-,Fraud offenses such as identity theft and credit card fraud (which are predominately internet-,Fraud offenses such as identity theft and credit card fraud (which are predominately internet-,Fraud offenses such as identity theft and credit card fraud (which are predominately internet-,Fraud offenses such as identity theft and credit card fraud (which are predominately internet-
"based), phone and other pretense scams increased slightly.","based), phone and other pretense scams increased slightly.","based), phone and other pretense scams increased slightly.","based), phone and other pretense scams increased slightly.","based), phone and other pretense scams increased slightly.",,
"Robberies more than doubled to 18 cases in 2013, up from 7 cases in 2012; however, 16 out of 18","Robberies more than doubled to 18 cases in 2013, up from 7 cases in 2012; however, 16 out of 18","Robberies more than doubled to 18 cases in 2013, up from 7 cases in 2012; however, 16 out of 18","Robberies more than doubled to 18 cases in 2013, up from 7 cases in 2012; however, 16 out of 18","Robberies more than doubled to 18 cases in 2013, up from 7 cases in 2012; however, 16 out of 18","Robberies more than doubled to 18 cases in 2013, up from 7 cases in 2012; however, 16 out of 18","Robberies more than doubled to 18 cases in 2013, up from 7 cases in 2012; however, 16 out of 18"
"cases were closed with an arrest, and the two remaining cases are still under active investigation.","cases were closed with an arrest, and the two remaining cases are still under active investigation.","cases were closed with an arrest, and the two remaining cases are still under active investigation.","cases were closed with an arrest, and the two remaining cases are still under active investigation.","cases were closed with an arrest, and the two remaining cases are still under active investigation.","cases were closed with an arrest, and the two remaining cases are still under active investigation.","cases were closed with an arrest, and the two remaining cases are still under active investigation."
Destruction of property offenses decreased due to targeted proactive patrols.,Destruction of property offenses decreased due to targeted proactive patrols.,Destruction of property offenses decreased due to targeted proactive patrols.,Destruction of property offenses decreased due to targeted proactive patrols.,Destruction of property offenses decreased due to targeted proactive patrols.,Destruction of property offenses decreased due to targeted proactive patrols.,
,,,,,,15
