Name: “Table 1 of 1 on page 6 of 31”,Name: “Table 1 of 1 on page 6 of 31”,Name: “Table 1 of 1 on page 6 of 31”,Name: “Table 1 of 1 on page 6 of 31”,Name: “Table 1 of 1 on page 6 of 31”,Name: “Table 1 of 1 on page 6 of 31”,Name: “Table 1 of 1 on page 6 of 31”,Name: “Table 1 of 1 on page 6 of 31”,Name: “Table 1 of 1 on page 6 of 31”,Name: “Table 1 of 1 on page 6 of 31”,Name: “Table 1 of 1 on page 6 of 31”,Name: “Table 1 of 1 on page 6 of 31”
Table: 5,Table: 5,Table: 5,Table: 5,Table: 5,Table: 5,Table: 5,Table: 5,Table: 5,Table: 5,Table: 5,Table: 5
,,,,,,,,,,,
,,2013 Herndon Police Department,2013 Herndon Police Department,2013 Herndon Police Department,2013 Herndon Police Department,2013 Herndon Police Department,2013 Herndon Police Department,2013 Herndon Police Department,2013 Herndon Police Department,,
,,,,Statistical Highlights,Statistical Highlights,Statistical Highlights,,,,,
,,,,"Calls for Service – 26,232","Calls for Service – 26,232","Calls for Service – 26,232",,,,,
,,,,Average Response Time – 2.42 minutes,Average Response Time – 2.42 minutes,Average Response Time – 2.42 minutes,Average Response Time – 2.42 minutes,Average Response Time – 2.42 minutes,,,
,,,,Arrests – 902,,,,,,,
,,,,Adult – 840; Juvenile - 62,Adult – 840; Juvenile - 62,Adult – 840; Juvenile - 62,,,,,
,,,,Traffic Accidents – 686,Traffic Accidents – 686,,,,,,
,,,,Alcohol Related Accidents – 29,Alcohol Related Accidents – 29,Alcohol Related Accidents – 29,Alcohol Related Accidents – 29,,,,
,,,,DUI Arrests – 159,DUI Arrests – 159,,,,,,
,,,,"Traffic Tickets – 8,819","Traffic Tickets – 8,819",,,,,,
,,,,Reckless – 52,,,,,,,
,,,,"Speeding – 2,119","Speeding – 2,119",,,,,,
,,,,"Other Violations – 6,648","Other Violations – 6,648","Other Violations – 6,648",,,,,
,,,,"Foot Patrol Hours – 1,321.04","Foot Patrol Hours – 1,321.04","Foot Patrol Hours – 1,321.04",,,,,
,,,,Bike Patrol Hours – 60.23,Bike Patrol Hours – 60.23,Bike Patrol Hours – 60.23,,,,,
,,,,"Volunteer Hours – 1,505.75","Volunteer Hours – 1,505.75","Volunteer Hours – 1,505.75",,,,,
,,,INTERNAL AFFAIRS INVESTIGATIONS,INTERNAL AFFAIRS INVESTIGATIONS,INTERNAL AFFAIRS INVESTIGATIONS,INTERNAL AFFAIRS INVESTIGATIONS,INTERNAL AFFAIRS INVESTIGATIONS,,,,
,,,,,2013,,,,,,
,,Investigations,Investigations,,External,Internal,Total,Total,,,
,,Total,Total,,6,21,27,,,,
,,Investigations,Investigations,,,,,,,,
,,Sustained,Sustained,,2,8,10*,10*,,,
,,* Four cases are still under investigation,* Four cases are still under investigation,* Four cases are still under investigation,* Four cases are still under investigation,,,,,,
We value your input. If you would like to report a community issue or any,We value your input. If you would like to report a community issue or any,We value your input. If you would like to report a community issue or any,We value your input. If you would like to report a community issue or any,We value your input. If you would like to report a community issue or any,We value your input. If you would like to report a community issue or any,We value your input. If you would like to report a community issue or any,We value your input. If you would like to report a community issue or any,We value your input. If you would like to report a community issue or any,We value your input. If you would like to report a community issue or any,We value your input. If you would like to report a community issue or any,We value your input. If you would like to report a community issue or any
action,concerning,concerning,the,Herndon,Police,Department,Department,or,its,"employees,","employees,"
contact,us,by,"phone,",(703),"435-6846,","435-6846,",by,"mail,","mail,",or,email
"(herndon.police@herndon-va.gov), or visit us in person. A member of the","(herndon.police@herndon-va.gov), or visit us in person. A member of the","(herndon.police@herndon-va.gov), or visit us in person. A member of the","(herndon.police@herndon-va.gov), or visit us in person. A member of the","(herndon.police@herndon-va.gov), or visit us in person. A member of the","(herndon.police@herndon-va.gov), or visit us in person. A member of the","(herndon.police@herndon-va.gov), or visit us in person. A member of the","(herndon.police@herndon-va.gov), or visit us in person. A member of the","(herndon.police@herndon-va.gov), or visit us in person. A member of the","(herndon.police@herndon-va.gov), or visit us in person. A member of the","(herndon.police@herndon-va.gov), or visit us in person. A member of the","(herndon.police@herndon-va.gov), or visit us in person. A member of the"
Herndon Police Department will follow-up with you.,Herndon Police Department will follow-up with you.,Herndon Police Department will follow-up with you.,Herndon Police Department will follow-up with you.,Herndon Police Department will follow-up with you.,Herndon Police Department will follow-up with you.,Herndon Police Department will follow-up with you.,Herndon Police Department will follow-up with you.,,,,
,,,,,,,,,,,4
