Name: “Table 1 of 1 on page 13 of 31”,Name: “Table 1 of 1 on page 13 of 31”,Name: “Table 1 of 1 on page 13 of 31”,Name: “Table 1 of 1 on page 13 of 31”,Name: “Table 1 of 1 on page 13 of 31”,Name: “Table 1 of 1 on page 13 of 31”,Name: “Table 1 of 1 on page 13 of 31”,Name: “Table 1 of 1 on page 13 of 31”,Name: “Table 1 of 1 on page 13 of 31”,Name: “Table 1 of 1 on page 13 of 31”,Name: “Table 1 of 1 on page 13 of 31”,Name: “Table 1 of 1 on page 13 of 31”,Name: “Table 1 of 1 on page 13 of 31”
Table: 12,Table: 12,Table: 12,Table: 12,Table: 12,Table: 12,Table: 12,Table: 12,Table: 12,Table: 12,Table: 12,Table: 12,Table: 12
,,,,,,,,,,,,
,,,Emergency Management,Emergency Management,Emergency Management,Emergency Management,Emergency Management,Emergency Management,Emergency Management,,,
The Town of Herndon is committed to effective emergency management and response and,The Town of Herndon is committed to effective emergency management and response and,The Town of Herndon is committed to effective emergency management and response and,The Town of Herndon is committed to effective emergency management and response and,The Town of Herndon is committed to effective emergency management and response and,The Town of Herndon is committed to effective emergency management and response and,The Town of Herndon is committed to effective emergency management and response and,The Town of Herndon is committed to effective emergency management and response and,The Town of Herndon is committed to effective emergency management and response and,The Town of Herndon is committed to effective emergency management and response and,The Town of Herndon is committed to effective emergency management and response and,The Town of Herndon is committed to effective emergency management and response and,The Town of Herndon is committed to effective emergency management and response and
continues to coordinate emergency management activities in accordance with the Fairfax County,continues to coordinate emergency management activities in accordance with the Fairfax County,continues to coordinate emergency management activities in accordance with the Fairfax County,continues to coordinate emergency management activities in accordance with the Fairfax County,continues to coordinate emergency management activities in accordance with the Fairfax County,continues to coordinate emergency management activities in accordance with the Fairfax County,continues to coordinate emergency management activities in accordance with the Fairfax County,continues to coordinate emergency management activities in accordance with the Fairfax County,continues to coordinate emergency management activities in accordance with the Fairfax County,continues to coordinate emergency management activities in accordance with the Fairfax County,continues to coordinate emergency management activities in accordance with the Fairfax County,continues to coordinate emergency management activities in accordance with the Fairfax County,continues to coordinate emergency management activities in accordance with the Fairfax County
Emergency Operations Plan and National Incident Management System (NIMS) guidelines.,Emergency Operations Plan and National Incident Management System (NIMS) guidelines.,Emergency Operations Plan and National Incident Management System (NIMS) guidelines.,Emergency Operations Plan and National Incident Management System (NIMS) guidelines.,Emergency Operations Plan and National Incident Management System (NIMS) guidelines.,Emergency Operations Plan and National Incident Management System (NIMS) guidelines.,Emergency Operations Plan and National Incident Management System (NIMS) guidelines.,Emergency Operations Plan and National Incident Management System (NIMS) guidelines.,Emergency Operations Plan and National Incident Management System (NIMS) guidelines.,Emergency Operations Plan and National Incident Management System (NIMS) guidelines.,Emergency Operations Plan and National Incident Management System (NIMS) guidelines.,Emergency Operations Plan and National Incident Management System (NIMS) guidelines.,The
"Town has fully adopted the NIMS system to respond, manage, and document activities in","Town has fully adopted the NIMS system to respond, manage, and document activities in","Town has fully adopted the NIMS system to respond, manage, and document activities in","Town has fully adopted the NIMS system to respond, manage, and document activities in","Town has fully adopted the NIMS system to respond, manage, and document activities in","Town has fully adopted the NIMS system to respond, manage, and document activities in","Town has fully adopted the NIMS system to respond, manage, and document activities in","Town has fully adopted the NIMS system to respond, manage, and document activities in","Town has fully adopted the NIMS system to respond, manage, and document activities in","Town has fully adopted the NIMS system to respond, manage, and document activities in","Town has fully adopted the NIMS system to respond, manage, and document activities in","Town has fully adopted the NIMS system to respond, manage, and document activities in","Town has fully adopted the NIMS system to respond, manage, and document activities in"
"accordance with nationally recognized procedures. In 2013, the Town’s Emergency Management","accordance with nationally recognized procedures. In 2013, the Town’s Emergency Management","accordance with nationally recognized procedures. In 2013, the Town’s Emergency Management","accordance with nationally recognized procedures. In 2013, the Town’s Emergency Management","accordance with nationally recognized procedures. In 2013, the Town’s Emergency Management","accordance with nationally recognized procedures. In 2013, the Town’s Emergency Management","accordance with nationally recognized procedures. In 2013, the Town’s Emergency Management","accordance with nationally recognized procedures. In 2013, the Town’s Emergency Management","accordance with nationally recognized procedures. In 2013, the Town’s Emergency Management","accordance with nationally recognized procedures. In 2013, the Town’s Emergency Management","accordance with nationally recognized procedures. In 2013, the Town’s Emergency Management","accordance with nationally recognized procedures. In 2013, the Town’s Emergency Management","accordance with nationally recognized procedures. In 2013, the Town’s Emergency Management"
Plan as well as the police department’s All Hazards Plan were revised to update response,Plan as well as the police department’s All Hazards Plan were revised to update response,Plan as well as the police department’s All Hazards Plan were revised to update response,Plan as well as the police department’s All Hazards Plan were revised to update response,Plan as well as the police department’s All Hazards Plan were revised to update response,Plan as well as the police department’s All Hazards Plan were revised to update response,Plan as well as the police department’s All Hazards Plan were revised to update response,Plan as well as the police department’s All Hazards Plan were revised to update response,Plan as well as the police department’s All Hazards Plan were revised to update response,Plan as well as the police department’s All Hazards Plan were revised to update response,Plan as well as the police department’s All Hazards Plan were revised to update response,Plan as well as the police department’s All Hazards Plan were revised to update response,Plan as well as the police department’s All Hazards Plan were revised to update response
guidelines for all Town departments and establish a template for coordinating a response to,guidelines for all Town departments and establish a template for coordinating a response to,guidelines for all Town departments and establish a template for coordinating a response to,guidelines for all Town departments and establish a template for coordinating a response to,guidelines for all Town departments and establish a template for coordinating a response to,guidelines for all Town departments and establish a template for coordinating a response to,guidelines for all Town departments and establish a template for coordinating a response to,guidelines for all Town departments and establish a template for coordinating a response to,guidelines for all Town departments and establish a template for coordinating a response to,guidelines for all Town departments and establish a template for coordinating a response to,guidelines for all Town departments and establish a template for coordinating a response to,guidelines for all Town departments and establish a template for coordinating a response to,guidelines for all Town departments and establish a template for coordinating a response to
natural and manmade disasters or critical events in conjunction with county and state operation,natural and manmade disasters or critical events in conjunction with county and state operation,natural and manmade disasters or critical events in conjunction with county and state operation,natural and manmade disasters or critical events in conjunction with county and state operation,natural and manmade disasters or critical events in conjunction with county and state operation,natural and manmade disasters or critical events in conjunction with county and state operation,natural and manmade disasters or critical events in conjunction with county and state operation,natural and manmade disasters or critical events in conjunction with county and state operation,natural and manmade disasters or critical events in conjunction with county and state operation,natural and manmade disasters or critical events in conjunction with county and state operation,natural and manmade disasters or critical events in conjunction with county and state operation,natural and manmade disasters or critical events in conjunction with county and state operation,natural and manmade disasters or critical events in conjunction with county and state operation
plans.,Emergency management and response is a collective and coordinated effort shared by,Emergency management and response is a collective and coordinated effort shared by,Emergency management and response is a collective and coordinated effort shared by,Emergency management and response is a collective and coordinated effort shared by,Emergency management and response is a collective and coordinated effort shared by,Emergency management and response is a collective and coordinated effort shared by,Emergency management and response is a collective and coordinated effort shared by,Emergency management and response is a collective and coordinated effort shared by,Emergency management and response is a collective and coordinated effort shared by,Emergency management and response is a collective and coordinated effort shared by,Emergency management and response is a collective and coordinated effort shared by,Emergency management and response is a collective and coordinated effort shared by
"police, emergency personnel, the Town and other governing bodies.","police, emergency personnel, the Town and other governing bodies.","police, emergency personnel, the Town and other governing bodies.","police, emergency personnel, the Town and other governing bodies.","police, emergency personnel, the Town and other governing bodies.","police, emergency personnel, the Town and other governing bodies.","police, emergency personnel, the Town and other governing bodies.","police, emergency personnel, the Town and other governing bodies.","police, emergency personnel, the Town and other governing bodies.",,,,
The,Town,participates,in,Web,"EOC,",a,web-based,incident,management,system,used,by
emergency managers and others to efficiently manage significant events. The Town continues to,emergency managers and others to efficiently manage significant events. The Town continues to,emergency managers and others to efficiently manage significant events. The Town continues to,emergency managers and others to efficiently manage significant events. The Town continues to,emergency managers and others to efficiently manage significant events. The Town continues to,emergency managers and others to efficiently manage significant events. The Town continues to,emergency managers and others to efficiently manage significant events. The Town continues to,emergency managers and others to efficiently manage significant events. The Town continues to,emergency managers and others to efficiently manage significant events. The Town continues to,emergency managers and others to efficiently manage significant events. The Town continues to,emergency managers and others to efficiently manage significant events. The Town continues to,emergency managers and others to efficiently manage significant events. The Town continues to,emergency managers and others to efficiently manage significant events. The Town continues to
monitor Web EOC during significant events. Additional Town employees received training in Web,monitor Web EOC during significant events. Additional Town employees received training in Web,monitor Web EOC during significant events. Additional Town employees received training in Web,monitor Web EOC during significant events. Additional Town employees received training in Web,monitor Web EOC during significant events. Additional Town employees received training in Web,monitor Web EOC during significant events. Additional Town employees received training in Web,monitor Web EOC during significant events. Additional Town employees received training in Web,monitor Web EOC during significant events. Additional Town employees received training in Web,monitor Web EOC during significant events. Additional Town employees received training in Web,monitor Web EOC during significant events. Additional Town employees received training in Web,monitor Web EOC during significant events. Additional Town employees received training in Web,monitor Web EOC during significant events. Additional Town employees received training in Web,monitor Web EOC during significant events. Additional Town employees received training in Web
EOC during the year and the expansion of Web EOC use and participation is planned for 2014.,EOC during the year and the expansion of Web EOC use and participation is planned for 2014.,EOC during the year and the expansion of Web EOC use and participation is planned for 2014.,EOC during the year and the expansion of Web EOC use and participation is planned for 2014.,EOC during the year and the expansion of Web EOC use and participation is planned for 2014.,EOC during the year and the expansion of Web EOC use and participation is planned for 2014.,EOC during the year and the expansion of Web EOC use and participation is planned for 2014.,EOC during the year and the expansion of Web EOC use and participation is planned for 2014.,EOC during the year and the expansion of Web EOC use and participation is planned for 2014.,EOC during the year and the expansion of Web EOC use and participation is planned for 2014.,EOC during the year and the expansion of Web EOC use and participation is planned for 2014.,EOC during the year and the expansion of Web EOC use and participation is planned for 2014.,EOC during the year and the expansion of Web EOC use and participation is planned for 2014.
"When the system is activated, it provides a direct link to the Fairfax County Emergency Operations","When the system is activated, it provides a direct link to the Fairfax County Emergency Operations","When the system is activated, it provides a direct link to the Fairfax County Emergency Operations","When the system is activated, it provides a direct link to the Fairfax County Emergency Operations","When the system is activated, it provides a direct link to the Fairfax County Emergency Operations","When the system is activated, it provides a direct link to the Fairfax County Emergency Operations","When the system is activated, it provides a direct link to the Fairfax County Emergency Operations","When the system is activated, it provides a direct link to the Fairfax County Emergency Operations","When the system is activated, it provides a direct link to the Fairfax County Emergency Operations","When the system is activated, it provides a direct link to the Fairfax County Emergency Operations","When the system is activated, it provides a direct link to the Fairfax County Emergency Operations","When the system is activated, it provides a direct link to the Fairfax County Emergency Operations","When the system is activated, it provides a direct link to the Fairfax County Emergency Operations"
Center as well as the National Capital Region emergency operations network.,Center as well as the National Capital Region emergency operations network.,Center as well as the National Capital Region emergency operations network.,Center as well as the National Capital Region emergency operations network.,Center as well as the National Capital Region emergency operations network.,Center as well as the National Capital Region emergency operations network.,Center as well as the National Capital Region emergency operations network.,Center as well as the National Capital Region emergency operations network.,Center as well as the National Capital Region emergency operations network.,Center as well as the National Capital Region emergency operations network.,The system is,The system is,The system is
activated during significant weather events and during large Town events like the Herndon,activated during significant weather events and during large Town events like the Herndon,activated during significant weather events and during large Town events like the Herndon,activated during significant weather events and during large Town events like the Herndon,activated during significant weather events and during large Town events like the Herndon,activated during significant weather events and during large Town events like the Herndon,activated during significant weather events and during large Town events like the Herndon,activated during significant weather events and during large Town events like the Herndon,activated during significant weather events and during large Town events like the Herndon,activated during significant weather events and during large Town events like the Herndon,activated during significant weather events and during large Town events like the Herndon,activated during significant weather events and during large Town events like the Herndon,activated during significant weather events and during large Town events like the Herndon
"Festival, and would be utilized as an effective tool for coordination, information, and resources","Festival, and would be utilized as an effective tool for coordination, information, and resources","Festival, and would be utilized as an effective tool for coordination, information, and resources","Festival, and would be utilized as an effective tool for coordination, information, and resources","Festival, and would be utilized as an effective tool for coordination, information, and resources","Festival, and would be utilized as an effective tool for coordination, information, and resources","Festival, and would be utilized as an effective tool for coordination, information, and resources","Festival, and would be utilized as an effective tool for coordination, information, and resources","Festival, and would be utilized as an effective tool for coordination, information, and resources","Festival, and would be utilized as an effective tool for coordination, information, and resources","Festival, and would be utilized as an effective tool for coordination, information, and resources","Festival, and would be utilized as an effective tool for coordination, information, and resources","Festival, and would be utilized as an effective tool for coordination, information, and resources"
during major incidents.,during major incidents.,during major incidents.,,,,,,,,,,
The Town participated in several local and national emergency management simulations during,The Town participated in several local and national emergency management simulations during,The Town participated in several local and national emergency management simulations during,The Town participated in several local and national emergency management simulations during,The Town participated in several local and national emergency management simulations during,The Town participated in several local and national emergency management simulations during,The Town participated in several local and national emergency management simulations during,The Town participated in several local and national emergency management simulations during,The Town participated in several local and national emergency management simulations during,The Town participated in several local and national emergency management simulations during,The Town participated in several local and national emergency management simulations during,The Town participated in several local and national emergency management simulations during,The Town participated in several local and national emergency management simulations during
the year and continues to send representatives to emergency management meetings and training,the year and continues to send representatives to emergency management meetings and training,the year and continues to send representatives to emergency management meetings and training,the year and continues to send representatives to emergency management meetings and training,the year and continues to send representatives to emergency management meetings and training,the year and continues to send representatives to emergency management meetings and training,the year and continues to send representatives to emergency management meetings and training,the year and continues to send representatives to emergency management meetings and training,the year and continues to send representatives to emergency management meetings and training,the year and continues to send representatives to emergency management meetings and training,the year and continues to send representatives to emergency management meetings and training,the year and continues to send representatives to emergency management meetings and training,the year and continues to send representatives to emergency management meetings and training
seminars,with,the,Fairfax,County,Emergency,Emergency,Management,Management,"Committee,",the,Web,EOC
"Administrators Committee, and the Virginia Emergency Managers Association.","Administrators Committee, and the Virginia Emergency Managers Association.","Administrators Committee, and the Virginia Emergency Managers Association.","Administrators Committee, and the Virginia Emergency Managers Association.","Administrators Committee, and the Virginia Emergency Managers Association.","Administrators Committee, and the Virginia Emergency Managers Association.","Administrators Committee, and the Virginia Emergency Managers Association.","Administrators Committee, and the Virginia Emergency Managers Association.","Administrators Committee, and the Virginia Emergency Managers Association.","Administrators Committee, and the Virginia Emergency Managers Association.",,,
The Department prepared incident action plans and a table-top scenario exercise to practice,The Department prepared incident action plans and a table-top scenario exercise to practice,The Department prepared incident action plans and a table-top scenario exercise to practice,The Department prepared incident action plans and a table-top scenario exercise to practice,The Department prepared incident action plans and a table-top scenario exercise to practice,The Department prepared incident action plans and a table-top scenario exercise to practice,The Department prepared incident action plans and a table-top scenario exercise to practice,The Department prepared incident action plans and a table-top scenario exercise to practice,The Department prepared incident action plans and a table-top scenario exercise to practice,The Department prepared incident action plans and a table-top scenario exercise to practice,The Department prepared incident action plans and a table-top scenario exercise to practice,The Department prepared incident action plans and a table-top scenario exercise to practice,The Department prepared incident action plans and a table-top scenario exercise to practice
emergency management procedures for the Herndon Festival.,emergency management procedures for the Herndon Festival.,emergency management procedures for the Herndon Festival.,emergency management procedures for the Herndon Festival.,emergency management procedures for the Herndon Festival.,emergency management procedures for the Herndon Festival.,emergency management procedures for the Herndon Festival.,emergency management procedures for the Herndon Festival.,emergency management procedures for the Herndon Festival.,This preparation and practice,This preparation and practice,This preparation and practice,This preparation and practice
demonstrated,demonstrated,the,Town’s,increasing,increasing,familiarity,with,emergency,management,response,response,in
accordance with the NIMS protocol.,accordance with the NIMS protocol.,accordance with the NIMS protocol.,accordance with the NIMS protocol.,accordance with the NIMS protocol.,,,,,,,,
The Town’s participation in regional activities and training benefits Herndon citizens who must,The Town’s participation in regional activities and training benefits Herndon citizens who must,The Town’s participation in regional activities and training benefits Herndon citizens who must,The Town’s participation in regional activities and training benefits Herndon citizens who must,The Town’s participation in regional activities and training benefits Herndon citizens who must,The Town’s participation in regional activities and training benefits Herndon citizens who must,The Town’s participation in regional activities and training benefits Herndon citizens who must,The Town’s participation in regional activities and training benefits Herndon citizens who must,The Town’s participation in regional activities and training benefits Herndon citizens who must,The Town’s participation in regional activities and training benefits Herndon citizens who must,The Town’s participation in regional activities and training benefits Herndon citizens who must,The Town’s participation in regional activities and training benefits Herndon citizens who must,The Town’s participation in regional activities and training benefits Herndon citizens who must
rely on an organized response to natural and manmade emergencies.,rely on an organized response to natural and manmade emergencies.,rely on an organized response to natural and manmade emergencies.,rely on an organized response to natural and manmade emergencies.,rely on an organized response to natural and manmade emergencies.,rely on an organized response to natural and manmade emergencies.,rely on an organized response to natural and manmade emergencies.,rely on an organized response to natural and manmade emergencies.,rely on an organized response to natural and manmade emergencies.,rely on an organized response to natural and manmade emergencies.,,,
,,,,,,,,,,,,11
