Name: “Table 1 of 1 on page 23 of 31”,Name: “Table 1 of 1 on page 23 of 31”,Name: “Table 1 of 1 on page 23 of 31”,Name: “Table 1 of 1 on page 23 of 31”,Name: “Table 1 of 1 on page 23 of 31”,Name: “Table 1 of 1 on page 23 of 31”
Table: 22,Table: 22,Table: 22,Table: 22,Table: 22,Table: 22
,,,,,
,,Traffic,,,
,Traffic Accidents by Year,Traffic Accidents by Year,Traffic Accidents by Year,,
700,,,,,
,,,,,686
600,,,,,
,610,620,,,
586,,,,562,
500,,,,,
400,,,,,
300,,,,,
200,,,,,
100,,,,,
0,,,,,
2009,2010,2011,,2012,2013
9868,,Warnings vs. Citations,Warnings vs. Citations,,
10000,,,,,
,,,,8819,
9000,,8485,,,
,7889,,8054,,
8000,,,,,
7000,,,,,
6000,,,,,Warnings
5000,,,,,Citations
4000,,,,,
3000,,,,,
2000,,,,,
1000,,,,,
674,403,500,369,296,
0,,,,,
2009,2010,2011,2012,2013,
,,,,,21
