Name: “Table 1 of 1 on page 12 of 31”,Name: “Table 1 of 1 on page 12 of 31”,Name: “Table 1 of 1 on page 12 of 31”,Name: “Table 1 of 1 on page 12 of 31”,Name: “Table 1 of 1 on page 12 of 31”,Name: “Table 1 of 1 on page 12 of 31”,Name: “Table 1 of 1 on page 12 of 31”,Name: “Table 1 of 1 on page 12 of 31”,Name: “Table 1 of 1 on page 12 of 31”,Name: “Table 1 of 1 on page 12 of 31”,Name: “Table 1 of 1 on page 12 of 31”,Name: “Table 1 of 1 on page 12 of 31”
Table: 11,Table: 11,Table: 11,Table: 11,Table: 11,Table: 11,Table: 11,Table: 11,Table: 11,Table: 11,Table: 11,Table: 11
,,,,,,,,,,,
National Night Out,National Night Out,National Night Out,,,,,,,,,
The Herndon Police Department participates in the National Night Out program each year to,The Herndon Police Department participates in the National Night Out program each year to,The Herndon Police Department participates in the National Night Out program each year to,The Herndon Police Department participates in the National Night Out program each year to,The Herndon Police Department participates in the National Night Out program each year to,The Herndon Police Department participates in the National Night Out program each year to,The Herndon Police Department participates in the National Night Out program each year to,The Herndon Police Department participates in the National Night Out program each year to,The Herndon Police Department participates in the National Night Out program each year to,The Herndon Police Department participates in the National Night Out program each year to,The Herndon Police Department participates in the National Night Out program each year to,The Herndon Police Department participates in the National Night Out program each year to
highlight,its,commitment,to,crime,prevention,and,community,partnerships.,In,"2013,",14
"neighborhoods participated in National Night Out activities by hosting barbeques, activities for","neighborhoods participated in National Night Out activities by hosting barbeques, activities for","neighborhoods participated in National Night Out activities by hosting barbeques, activities for","neighborhoods participated in National Night Out activities by hosting barbeques, activities for","neighborhoods participated in National Night Out activities by hosting barbeques, activities for","neighborhoods participated in National Night Out activities by hosting barbeques, activities for","neighborhoods participated in National Night Out activities by hosting barbeques, activities for","neighborhoods participated in National Night Out activities by hosting barbeques, activities for","neighborhoods participated in National Night Out activities by hosting barbeques, activities for","neighborhoods participated in National Night Out activities by hosting barbeques, activities for","neighborhoods participated in National Night Out activities by hosting barbeques, activities for","neighborhoods participated in National Night Out activities by hosting barbeques, activities for"
"kids, and other community events.","kids, and other community events.","kids, and other community events.","kids, and other community events.",National Night Out is held the first Tuesday in August each,National Night Out is held the first Tuesday in August each,National Night Out is held the first Tuesday in August each,National Night Out is held the first Tuesday in August each,National Night Out is held the first Tuesday in August each,National Night Out is held the first Tuesday in August each,National Night Out is held the first Tuesday in August each,National Night Out is held the first Tuesday in August each
year.,,,,,,,,,,,
,,,,,,,,,,,10
