Name: “Table 1 of 1 on page 22 of 31”,Name: “Table 1 of 1 on page 22 of 31”,Name: “Table 1 of 1 on page 22 of 31”,Name: “Table 1 of 1 on page 22 of 31”,Name: “Table 1 of 1 on page 22 of 31”,Name: “Table 1 of 1 on page 22 of 31”,Name: “Table 1 of 1 on page 22 of 31”,Name: “Table 1 of 1 on page 22 of 31”,Name: “Table 1 of 1 on page 22 of 31”,Name: “Table 1 of 1 on page 22 of 31”,Name: “Table 1 of 1 on page 22 of 31”,Name: “Table 1 of 1 on page 22 of 31”,Name: “Table 1 of 1 on page 22 of 31”
Table: 21,Table: 21,Table: 21,Table: 21,Table: 21,Table: 21,Table: 21,Table: 21,Table: 21,Table: 21,Table: 21,Table: 21,Table: 21
,,,,,,,,,,,,
,,,,Traffic Activity,Traffic Activity,Traffic Activity,Traffic Activity,,,,,
It is the mission of the Herndon Police Department to promote increased safety on the,It is the mission of the Herndon Police Department to promote increased safety on the,It is the mission of the Herndon Police Department to promote increased safety on the,It is the mission of the Herndon Police Department to promote increased safety on the,It is the mission of the Herndon Police Department to promote increased safety on the,It is the mission of the Herndon Police Department to promote increased safety on the,It is the mission of the Herndon Police Department to promote increased safety on the,It is the mission of the Herndon Police Department to promote increased safety on the,It is the mission of the Herndon Police Department to promote increased safety on the,It is the mission of the Herndon Police Department to promote increased safety on the,It is the mission of the Herndon Police Department to promote increased safety on the,It is the mission of the Herndon Police Department to promote increased safety on the,It is the mission of the Herndon Police Department to promote increased safety on the
public roadways through selective traffic enforcement strategies and proactive safety,public roadways through selective traffic enforcement strategies and proactive safety,public roadways through selective traffic enforcement strategies and proactive safety,public roadways through selective traffic enforcement strategies and proactive safety,public roadways through selective traffic enforcement strategies and proactive safety,public roadways through selective traffic enforcement strategies and proactive safety,public roadways through selective traffic enforcement strategies and proactive safety,public roadways through selective traffic enforcement strategies and proactive safety,public roadways through selective traffic enforcement strategies and proactive safety,public roadways through selective traffic enforcement strategies and proactive safety,public roadways through selective traffic enforcement strategies and proactive safety,public roadways through selective traffic enforcement strategies and proactive safety,public roadways through selective traffic enforcement strategies and proactive safety
campaigns.,Locations of,Locations of,selective enforcement,selective enforcement,selective enforcement,were,were,determined,by many factors,by many factors,by many factors,by many factors
including,citizen,"input,",speed,studies,and,review,of,accident,data.,In,"2013,",the
department’s,focused,safety,safety,campaigns,targeted,,the,impaired,"driver,",child,"safety,","safety,"
pedestrian violations and speeding.,pedestrian violations and speeding.,pedestrian violations and speeding.,pedestrian violations and speeding.,The department conducted enhanced enforcement,The department conducted enhanced enforcement,The department conducted enhanced enforcement,The department conducted enhanced enforcement,The department conducted enhanced enforcement,The department conducted enhanced enforcement,The department conducted enhanced enforcement,The department conducted enhanced enforcement,The department conducted enhanced enforcement
"efforts to deter and detect drivers under the influence, improve seatbelt and child safety","efforts to deter and detect drivers under the influence, improve seatbelt and child safety","efforts to deter and detect drivers under the influence, improve seatbelt and child safety","efforts to deter and detect drivers under the influence, improve seatbelt and child safety","efforts to deter and detect drivers under the influence, improve seatbelt and child safety","efforts to deter and detect drivers under the influence, improve seatbelt and child safety","efforts to deter and detect drivers under the influence, improve seatbelt and child safety","efforts to deter and detect drivers under the influence, improve seatbelt and child safety","efforts to deter and detect drivers under the influence, improve seatbelt and child safety","efforts to deter and detect drivers under the influence, improve seatbelt and child safety","efforts to deter and detect drivers under the influence, improve seatbelt and child safety","efforts to deter and detect drivers under the influence, improve seatbelt and child safety","efforts to deter and detect drivers under the influence, improve seatbelt and child safety"
seat usage and impact speeding.,seat usage and impact speeding.,seat usage and impact speeding.,seat usage and impact speeding.,A continuous effort exists to educate and inform the,A continuous effort exists to educate and inform the,A continuous effort exists to educate and inform the,A continuous effort exists to educate and inform the,A continuous effort exists to educate and inform the,A continuous effort exists to educate and inform the,A continuous effort exists to educate and inform the,A continuous effort exists to educate and inform the,A continuous effort exists to educate and inform the
public on police operations and safety information through participation in national and,public on police operations and safety information through participation in national and,public on police operations and safety information through participation in national and,public on police operations and safety information through participation in national and,public on police operations and safety information through participation in national and,public on police operations and safety information through participation in national and,public on police operations and safety information through participation in national and,public on police operations and safety information through participation in national and,public on police operations and safety information through participation in national and,public on police operations and safety information through participation in national and,public on police operations and safety information through participation in national and,public on police operations and safety information through participation in national and,public on police operations and safety information through participation in national and
local mobilization safety campaigns.,local mobilization safety campaigns.,local mobilization safety campaigns.,local mobilization safety campaigns.,,,,,,,,,
,Locations with highest number of accidents in 2013:,Locations with highest number of accidents in 2013:,Locations with highest number of accidents in 2013:,Locations with highest number of accidents in 2013:,Locations with highest number of accidents in 2013:,Locations with highest number of accidents in 2013:,Locations with highest number of accidents in 2013:,Locations with highest number of accidents in 2013:,Locations with highest number of accidents in 2013:,Locations with highest number of accidents in 2013:,,
,,,LOCATION,LOCATION,,,NUMBER,NUMBER,,,,
,,Sterling Road/Herndon Parkway,Sterling Road/Herndon Parkway,Sterling Road/Herndon Parkway,Sterling Road/Herndon Parkway,,,21,,,,
,,Elden Street/Grant Street,Elden Street/Grant Street,Elden Street/Grant Street,,,,14,,,,
,,Elden Street/Alabama Drive,Elden Street/Alabama Drive,Elden Street/Alabama Drive,Elden Street/Alabama Drive,,,10,,,,
,,Elden Street/Monroe Street,Elden Street/Monroe Street,Elden Street/Monroe Street,Elden Street/Monroe Street,,,8,,,,
National “Drive Sober or Get Pulled Over” campaign on impaired driving,National “Drive Sober or Get Pulled Over” campaign on impaired driving,National “Drive Sober or Get Pulled Over” campaign on impaired driving,National “Drive Sober or Get Pulled Over” campaign on impaired driving,National “Drive Sober or Get Pulled Over” campaign on impaired driving,National “Drive Sober or Get Pulled Over” campaign on impaired driving,National “Drive Sober or Get Pulled Over” campaign on impaired driving,National “Drive Sober or Get Pulled Over” campaign on impaired driving,National “Drive Sober or Get Pulled Over” campaign on impaired driving,National “Drive Sober or Get Pulled Over” campaign on impaired driving,National “Drive Sober or Get Pulled Over” campaign on impaired driving,,
,,,,,,,,,,,,20
