Name: “Table 1 of 1 on page 9 of 31”,Name: “Table 1 of 1 on page 9 of 31”,Name: “Table 1 of 1 on page 9 of 31”,Name: “Table 1 of 1 on page 9 of 31”,Name: “Table 1 of 1 on page 9 of 31”,Name: “Table 1 of 1 on page 9 of 31”,Name: “Table 1 of 1 on page 9 of 31”,Name: “Table 1 of 1 on page 9 of 31”,Name: “Table 1 of 1 on page 9 of 31”,Name: “Table 1 of 1 on page 9 of 31”,Name: “Table 1 of 1 on page 9 of 31”
Table: 8,Table: 8,Table: 8,Table: 8,Table: 8,Table: 8,Table: 8,Table: 8,Table: 8,Table: 8,Table: 8
,,,,,,,,,,
,,,Special Programs,Special Programs,,,,,,
National Accreditation,National Accreditation,,,,,,,,,
The Herndon Police Department is committed to providing,The Herndon Police Department is committed to providing,The Herndon Police Department is committed to providing,The Herndon Police Department is committed to providing,The Herndon Police Department is committed to providing,,,,,,
professional law enforcement services to the Town of Herndon,professional law enforcement services to the Town of Herndon,professional law enforcement services to the Town of Herndon,professional law enforcement services to the Town of Herndon,professional law enforcement services to the Town of Herndon,,,,,,
"according to nationally recognized law enforcement standards,","according to nationally recognized law enforcement standards,","according to nationally recognized law enforcement standards,","according to nationally recognized law enforcement standards,","according to nationally recognized law enforcement standards,",,,,,,
and is currently accredited by the Commission on Accreditation,and is currently accredited by the Commission on Accreditation,and is currently accredited by the Commission on Accreditation,and is currently accredited by the Commission on Accreditation,and is currently accredited by the Commission on Accreditation,,,,,,
"for Law Enforcement Agencies (CALEA), a national accrediting","for Law Enforcement Agencies (CALEA), a national accrediting","for Law Enforcement Agencies (CALEA), a national accrediting","for Law Enforcement Agencies (CALEA), a national accrediting","for Law Enforcement Agencies (CALEA), a national accrediting",,,,,,
agency.,,,,,,,,,,
Certified Crime Prevention Community,Certified Crime Prevention Community,Certified Crime Prevention Community,Certified Crime Prevention Community,,,,,,,
The Herndon Police Department is dedicated to its community and crime prevention efforts and,The Herndon Police Department is dedicated to its community and crime prevention efforts and,The Herndon Police Department is dedicated to its community and crime prevention efforts and,The Herndon Police Department is dedicated to its community and crime prevention efforts and,The Herndon Police Department is dedicated to its community and crime prevention efforts and,The Herndon Police Department is dedicated to its community and crime prevention efforts and,The Herndon Police Department is dedicated to its community and crime prevention efforts and,The Herndon Police Department is dedicated to its community and crime prevention efforts and,The Herndon Police Department is dedicated to its community and crime prevention efforts and,The Herndon Police Department is dedicated to its community and crime prevention efforts and,The Herndon Police Department is dedicated to its community and crime prevention efforts and
meets the standards to be designated as a Certified Crime Prevention Community (CCPC) by the,meets the standards to be designated as a Certified Crime Prevention Community (CCPC) by the,meets the standards to be designated as a Certified Crime Prevention Community (CCPC) by the,meets the standards to be designated as a Certified Crime Prevention Community (CCPC) by the,meets the standards to be designated as a Certified Crime Prevention Community (CCPC) by the,meets the standards to be designated as a Certified Crime Prevention Community (CCPC) by the,meets the standards to be designated as a Certified Crime Prevention Community (CCPC) by the,meets the standards to be designated as a Certified Crime Prevention Community (CCPC) by the,meets the standards to be designated as a Certified Crime Prevention Community (CCPC) by the,meets the standards to be designated as a Certified Crime Prevention Community (CCPC) by the,meets the standards to be designated as a Certified Crime Prevention Community (CCPC) by the
Virginia Department of Criminal Justice Services. The CCPC certification consists of a defined set,Virginia Department of Criminal Justice Services. The CCPC certification consists of a defined set,Virginia Department of Criminal Justice Services. The CCPC certification consists of a defined set,Virginia Department of Criminal Justice Services. The CCPC certification consists of a defined set,Virginia Department of Criminal Justice Services. The CCPC certification consists of a defined set,Virginia Department of Criminal Justice Services. The CCPC certification consists of a defined set,Virginia Department of Criminal Justice Services. The CCPC certification consists of a defined set,Virginia Department of Criminal Justice Services. The CCPC certification consists of a defined set,Virginia Department of Criminal Justice Services. The CCPC certification consists of a defined set,Virginia Department of Criminal Justice Services. The CCPC certification consists of a defined set,Virginia Department of Criminal Justice Services. The CCPC certification consists of a defined set
of rigorous standards related to community safety that must be met and fosters the development,of rigorous standards related to community safety that must be met and fosters the development,of rigorous standards related to community safety that must be met and fosters the development,of rigorous standards related to community safety that must be met and fosters the development,of rigorous standards related to community safety that must be met and fosters the development,of rigorous standards related to community safety that must be met and fosters the development,of rigorous standards related to community safety that must be met and fosters the development,of rigorous standards related to community safety that must be met and fosters the development,of rigorous standards related to community safety that must be met and fosters the development,of rigorous standards related to community safety that must be met and fosters the development,of rigorous standards related to community safety that must be met and fosters the development
of community safety initiatives at the local level.,of community safety initiatives at the local level.,of community safety initiatives at the local level.,of community safety initiatives at the local level.,,,,,,,
,,,,Citizens’ Police Academy,Citizens’ Police Academy,Citizens’ Police Academy,Citizens’ Police Academy,Citizens’ Police Academy,Citizens’ Police Academy,
,,,,The,Herndon,Herndon,Police,Department,Department,Department
,,,,held,its,inaugural,Citizens’,Citizens’,Citizens’,Police
,,,,"Academy in 1994, and continues the","Academy in 1994, and continues the","Academy in 1994, and continues the","Academy in 1994, and continues the","Academy in 1994, and continues the","Academy in 1994, and continues the","Academy in 1994, and continues the"
,,,,program,program,each,year,through,through,a
,,,,"Citizens,","Citizens,","Youth,",or,Senior,Senior,Police
,,,,Academy format.,Academy format.,Academy format.,Each academy is,Each academy is,Each academy is,Each academy is
,,,,specifically,specifically,designed,designed,to,foster,a
,,,,strong,,partnership,partnership,with,with,the
,,,,community,community,by,providing,providing,a,better
,,,,understanding of the department's,understanding of the department's,understanding of the department's,understanding of the department's,understanding of the department's,understanding of the department's,understanding of the department's
,,,,operations,operations,through,through,education,education,and
,,,,involvement.,involvement.,The Department held,The Department held,The Department held,The Department held,The Department held
a Youth Police Academy in July 2013 and is scheduled to hold a Citizens’ Police Academy in,a Youth Police Academy in July 2013 and is scheduled to hold a Citizens’ Police Academy in,a Youth Police Academy in July 2013 and is scheduled to hold a Citizens’ Police Academy in,a Youth Police Academy in July 2013 and is scheduled to hold a Citizens’ Police Academy in,a Youth Police Academy in July 2013 and is scheduled to hold a Citizens’ Police Academy in,a Youth Police Academy in July 2013 and is scheduled to hold a Citizens’ Police Academy in,a Youth Police Academy in July 2013 and is scheduled to hold a Citizens’ Police Academy in,a Youth Police Academy in July 2013 and is scheduled to hold a Citizens’ Police Academy in,a Youth Police Academy in July 2013 and is scheduled to hold a Citizens’ Police Academy in,a Youth Police Academy in July 2013 and is scheduled to hold a Citizens’ Police Academy in,a Youth Police Academy in July 2013 and is scheduled to hold a Citizens’ Police Academy in
September 2014.,September 2014.,"For information about the upcoming police academy, please contact Senior","For information about the upcoming police academy, please contact Senior","For information about the upcoming police academy, please contact Senior","For information about the upcoming police academy, please contact Senior","For information about the upcoming police academy, please contact Senior","For information about the upcoming police academy, please contact Senior","For information about the upcoming police academy, please contact Senior","For information about the upcoming police academy, please contact Senior","For information about the upcoming police academy, please contact Senior"
"Police Officer Denise Randles at 703-435-6881, ext. 2343.","Police Officer Denise Randles at 703-435-6881, ext. 2343.","Police Officer Denise Randles at 703-435-6881, ext. 2343.","Police Officer Denise Randles at 703-435-6881, ext. 2343.","Police Officer Denise Randles at 703-435-6881, ext. 2343.",,,,,,
Honor Guard,,,,,,,,,,
The Herndon Police Honor Guard was established in,The Herndon Police Honor Guard was established in,The Herndon Police Honor Guard was established in,The Herndon Police Honor Guard was established in,,,,,,,
"2008 and participates in promotion, retirement and","2008 and participates in promotion, retirement and","2008 and participates in promotion, retirement and","2008 and participates in promotion, retirement and",,,,,,,
valor,awards,"ceremonies,",town,council,,,,,,
presentations,and,funerals.,Individual,team,,,,,,
members additionally represent the department at,members additionally represent the department at,members additionally represent the department at,members additionally represent the department at,,,,,,,
several local events which include Fairfax County,several local events which include Fairfax County,several local events which include Fairfax County,several local events which include Fairfax County,,,,,,,
Criminal Justice Academy graduations and Fairfax,Criminal Justice Academy graduations and Fairfax,Criminal Justice Academy graduations and Fairfax,Criminal Justice Academy graduations and Fairfax,,,,,,,
County Valor Awards.,County Valor Awards.,The Herndon Police Honor,The Herndon Police Honor,,,,,,,
Guard is available upon request to the Herndon,Guard is available upon request to the Herndon,Guard is available upon request to the Herndon,Guard is available upon request to the Herndon,,,,,,,
community.,"For information or availability, please","For information or availability, please","For information or availability, please",,,,,,,
"contact Corporal Chris Farbry at 703-435-6881, ext.","contact Corporal Chris Farbry at 703-435-6881, ext.","contact Corporal Chris Farbry at 703-435-6881, ext.","contact Corporal Chris Farbry at 703-435-6881, ext.",,,,,,,
2345.,,,,,,,,,,
,,,,,,,,,,7
