Name: “Table 1 of 1 on page 28 of 31”,Name: “Table 1 of 1 on page 28 of 31”,Name: “Table 1 of 1 on page 28 of 31”,Name: “Table 1 of 1 on page 28 of 31”,Name: “Table 1 of 1 on page 28 of 31”
Table: 27,Table: 27,Table: 27,Table: 27,Table: 27
,,,,
GOLF COURSE DISTRICT,GOLF COURSE DISTRICT,,,
,Golf Course District Calls for Service,Golf Course District Calls for Service,Golf Course District Calls for Service,
4400,,,,
4242,,,,
4200,,,,
4000,,,,
,,,3878,3857
3800,,3757,,
,3582,,,
3600,,,,
3400,,,,
3200,,,,
2009,2010,2011,2012,2013
Calls for service remained about the same in the Golf Course District in 2013.,Calls for service remained about the same in the Golf Course District in 2013.,Calls for service remained about the same in the Golf Course District in 2013.,Calls for service remained about the same in the Golf Course District in 2013.,Larcenies and
Driving under the Influence offenses significantly increased in the district.,Driving under the Influence offenses significantly increased in the district.,Driving under the Influence offenses significantly increased in the district.,Driving under the Influence offenses significantly increased in the district.,
,Golf Course District Most Frequent Activity,Golf Course District Most Frequent Activity,Golf Course District Most Frequent Activity,
,,2012-2013,2012-2013,
80,,,,
70,,,,
60,,,,
50,,,,
40,,,,
30,,,,2012
20,,,,
,,,,2013
10,,,,
0,,,,
,,,,26
