Name: “Table 1 of 1 on page 26 of 31”,Name: “Table 1 of 1 on page 26 of 31”,Name: “Table 1 of 1 on page 26 of 31”,Name: “Table 1 of 1 on page 26 of 31”,Name: “Table 1 of 1 on page 26 of 31”,Name: “Table 1 of 1 on page 26 of 31”
Table: 25,Table: 25,Table: 25,Table: 25,Table: 25,Table: 25
,,,,,
,,Individual District Data,Individual District Data,,
BRUIN DISTRICT,BRUIN DISTRICT,,,,
,,Bruin District Calls for Service,Bruin District Calls for Service,,
4100,,,,,
,3999,,,,
4000,,,,3914,3966
3900,,,,,
3800,,,,,
,,,3684,,
3700,,,,,
3600,,,,,
3500,,,,,
,,3372,,,
3400,,,,,
3300,,,,,
3200,,,,,
3100,,,,,
3000,,,,,
,2009,2010,2011,2012,2013
The number of calls for service remained relatively the same for the Bruin District compared to,The number of calls for service remained relatively the same for the Bruin District compared to,The number of calls for service remained relatively the same for the Bruin District compared to,The number of calls for service remained relatively the same for the Bruin District compared to,The number of calls for service remained relatively the same for the Bruin District compared to,The number of calls for service remained relatively the same for the Bruin District compared to
last year.,Domestic disputes and larcenies increased in the district.,Domestic disputes and larcenies increased in the district.,Domestic disputes and larcenies increased in the district.,Suspicious person reports,Suspicious person reports
declined in all districts.,declined in all districts.,,,,
,,Bruin District Most Frequent Activity,Bruin District Most Frequent Activity,Bruin District Most Frequent Activity,
,,2012-2013,2012-2013,,
120,,,,,
100,,,,,
80,,,,,
60,,,,,
,,,,,2012
40,,,,,
,,,,,2013
20,,,,,
0,,,,,
,,,,,24
