Name: “Table 1 of 1 on page 11 of 31”,Name: “Table 1 of 1 on page 11 of 31”,Name: “Table 1 of 1 on page 11 of 31”,Name: “Table 1 of 1 on page 11 of 31”,Name: “Table 1 of 1 on page 11 of 31”,Name: “Table 1 of 1 on page 11 of 31”,Name: “Table 1 of 1 on page 11 of 31”,Name: “Table 1 of 1 on page 11 of 31”,Name: “Table 1 of 1 on page 11 of 31”,Name: “Table 1 of 1 on page 11 of 31”,Name: “Table 1 of 1 on page 11 of 31”,Name: “Table 1 of 1 on page 11 of 31”,Name: “Table 1 of 1 on page 11 of 31”,Name: “Table 1 of 1 on page 11 of 31”,Name: “Table 1 of 1 on page 11 of 31”,Name: “Table 1 of 1 on page 11 of 31”
Table: 10,Table: 10,Table: 10,Table: 10,Table: 10,Table: 10,Table: 10,Table: 10,Table: 10,Table: 10,Table: 10,Table: 10,Table: 10,Table: 10,Table: 10,Table: 10
,,,,,,,,,,,,,,,
,,,,,Crime Prevention Activities,Crime Prevention Activities,Crime Prevention Activities,Crime Prevention Activities,Crime Prevention Activities,Crime Prevention Activities,Crime Prevention Activities,Crime Prevention Activities,,,
The Herndon Police Department has a full-time Crime Prevention Officer to develop crime,The Herndon Police Department has a full-time Crime Prevention Officer to develop crime,The Herndon Police Department has a full-time Crime Prevention Officer to develop crime,The Herndon Police Department has a full-time Crime Prevention Officer to develop crime,The Herndon Police Department has a full-time Crime Prevention Officer to develop crime,The Herndon Police Department has a full-time Crime Prevention Officer to develop crime,The Herndon Police Department has a full-time Crime Prevention Officer to develop crime,The Herndon Police Department has a full-time Crime Prevention Officer to develop crime,The Herndon Police Department has a full-time Crime Prevention Officer to develop crime,The Herndon Police Department has a full-time Crime Prevention Officer to develop crime,The Herndon Police Department has a full-time Crime Prevention Officer to develop crime,The Herndon Police Department has a full-time Crime Prevention Officer to develop crime,The Herndon Police Department has a full-time Crime Prevention Officer to develop crime,The Herndon Police Department has a full-time Crime Prevention Officer to develop crime,The Herndon Police Department has a full-time Crime Prevention Officer to develop crime,The Herndon Police Department has a full-time Crime Prevention Officer to develop crime
"prevention programs and activities to educate citizens about crime trends and prevention tips,","prevention programs and activities to educate citizens about crime trends and prevention tips,","prevention programs and activities to educate citizens about crime trends and prevention tips,","prevention programs and activities to educate citizens about crime trends and prevention tips,","prevention programs and activities to educate citizens about crime trends and prevention tips,","prevention programs and activities to educate citizens about crime trends and prevention tips,","prevention programs and activities to educate citizens about crime trends and prevention tips,","prevention programs and activities to educate citizens about crime trends and prevention tips,","prevention programs and activities to educate citizens about crime trends and prevention tips,","prevention programs and activities to educate citizens about crime trends and prevention tips,","prevention programs and activities to educate citizens about crime trends and prevention tips,","prevention programs and activities to educate citizens about crime trends and prevention tips,","prevention programs and activities to educate citizens about crime trends and prevention tips,","prevention programs and activities to educate citizens about crime trends and prevention tips,","prevention programs and activities to educate citizens about crime trends and prevention tips,","prevention programs and activities to educate citizens about crime trends and prevention tips,"
"encourage safety and public awareness, work closely with all functions of the Department to","encourage safety and public awareness, work closely with all functions of the Department to","encourage safety and public awareness, work closely with all functions of the Department to","encourage safety and public awareness, work closely with all functions of the Department to","encourage safety and public awareness, work closely with all functions of the Department to","encourage safety and public awareness, work closely with all functions of the Department to","encourage safety and public awareness, work closely with all functions of the Department to","encourage safety and public awareness, work closely with all functions of the Department to","encourage safety and public awareness, work closely with all functions of the Department to","encourage safety and public awareness, work closely with all functions of the Department to","encourage safety and public awareness, work closely with all functions of the Department to","encourage safety and public awareness, work closely with all functions of the Department to","encourage safety and public awareness, work closely with all functions of the Department to","encourage safety and public awareness, work closely with all functions of the Department to","encourage safety and public awareness, work closely with all functions of the Department to","encourage safety and public awareness, work closely with all functions of the Department to"
"ascertain local crime concerns and offer prevention strategies, and maintain the Certified Crime","ascertain local crime concerns and offer prevention strategies, and maintain the Certified Crime","ascertain local crime concerns and offer prevention strategies, and maintain the Certified Crime","ascertain local crime concerns and offer prevention strategies, and maintain the Certified Crime","ascertain local crime concerns and offer prevention strategies, and maintain the Certified Crime","ascertain local crime concerns and offer prevention strategies, and maintain the Certified Crime","ascertain local crime concerns and offer prevention strategies, and maintain the Certified Crime","ascertain local crime concerns and offer prevention strategies, and maintain the Certified Crime","ascertain local crime concerns and offer prevention strategies, and maintain the Certified Crime","ascertain local crime concerns and offer prevention strategies, and maintain the Certified Crime","ascertain local crime concerns and offer prevention strategies, and maintain the Certified Crime","ascertain local crime concerns and offer prevention strategies, and maintain the Certified Crime","ascertain local crime concerns and offer prevention strategies, and maintain the Certified Crime","ascertain local crime concerns and offer prevention strategies, and maintain the Certified Crime","ascertain local crime concerns and offer prevention strategies, and maintain the Certified Crime","ascertain local crime concerns and offer prevention strategies, and maintain the Certified Crime"
Prevention Community program for the Town of Herndon.,Prevention Community program for the Town of Herndon.,Prevention Community program for the Town of Herndon.,Prevention Community program for the Town of Herndon.,Prevention Community program for the Town of Herndon.,Prevention Community program for the Town of Herndon.,Prevention Community program for the Town of Herndon.,Prevention Community program for the Town of Herndon.,Prevention Community program for the Town of Herndon.,Prevention Community program for the Town of Herndon.,,,,,,
The Crime Prevention Officer is very involved with citizens and community groups through,The Crime Prevention Officer is very involved with citizens and community groups through,The Crime Prevention Officer is very involved with citizens and community groups through,The Crime Prevention Officer is very involved with citizens and community groups through,The Crime Prevention Officer is very involved with citizens and community groups through,The Crime Prevention Officer is very involved with citizens and community groups through,The Crime Prevention Officer is very involved with citizens and community groups through,The Crime Prevention Officer is very involved with citizens and community groups through,The Crime Prevention Officer is very involved with citizens and community groups through,The Crime Prevention Officer is very involved with citizens and community groups through,The Crime Prevention Officer is very involved with citizens and community groups through,The Crime Prevention Officer is very involved with citizens and community groups through,The Crime Prevention Officer is very involved with citizens and community groups through,The Crime Prevention Officer is very involved with citizens and community groups through,The Crime Prevention Officer is very involved with citizens and community groups through,The Crime Prevention Officer is very involved with citizens and community groups through
"Neighborhood Watch programs, Herndon Crime Prevention Council, Citizens Police Academies","Neighborhood Watch programs, Herndon Crime Prevention Council, Citizens Police Academies","Neighborhood Watch programs, Herndon Crime Prevention Council, Citizens Police Academies","Neighborhood Watch programs, Herndon Crime Prevention Council, Citizens Police Academies","Neighborhood Watch programs, Herndon Crime Prevention Council, Citizens Police Academies","Neighborhood Watch programs, Herndon Crime Prevention Council, Citizens Police Academies","Neighborhood Watch programs, Herndon Crime Prevention Council, Citizens Police Academies","Neighborhood Watch programs, Herndon Crime Prevention Council, Citizens Police Academies","Neighborhood Watch programs, Herndon Crime Prevention Council, Citizens Police Academies","Neighborhood Watch programs, Herndon Crime Prevention Council, Citizens Police Academies","Neighborhood Watch programs, Herndon Crime Prevention Council, Citizens Police Academies","Neighborhood Watch programs, Herndon Crime Prevention Council, Citizens Police Academies","Neighborhood Watch programs, Herndon Crime Prevention Council, Citizens Police Academies","Neighborhood Watch programs, Herndon Crime Prevention Council, Citizens Police Academies","Neighborhood Watch programs, Herndon Crime Prevention Council, Citizens Police Academies","Neighborhood Watch programs, Herndon Crime Prevention Council, Citizens Police Academies"
"and facilitates a range of programs and activities such as National Night Out, Public Safety Day,","and facilitates a range of programs and activities such as National Night Out, Public Safety Day,","and facilitates a range of programs and activities such as National Night Out, Public Safety Day,","and facilitates a range of programs and activities such as National Night Out, Public Safety Day,","and facilitates a range of programs and activities such as National Night Out, Public Safety Day,","and facilitates a range of programs and activities such as National Night Out, Public Safety Day,","and facilitates a range of programs and activities such as National Night Out, Public Safety Day,","and facilitates a range of programs and activities such as National Night Out, Public Safety Day,","and facilitates a range of programs and activities such as National Night Out, Public Safety Day,","and facilitates a range of programs and activities such as National Night Out, Public Safety Day,","and facilitates a range of programs and activities such as National Night Out, Public Safety Day,","and facilitates a range of programs and activities such as National Night Out, Public Safety Day,","and facilitates a range of programs and activities such as National Night Out, Public Safety Day,","and facilitates a range of programs and activities such as National Night Out, Public Safety Day,","and facilitates a range of programs and activities such as National Night Out, Public Safety Day,","and facilitates a range of programs and activities such as National Night Out, Public Safety Day,"
"Drug Take Back, etc. to promote crime prevention and public safety. Contact SPO Denise Randles,","Drug Take Back, etc. to promote crime prevention and public safety. Contact SPO Denise Randles,","Drug Take Back, etc. to promote crime prevention and public safety. Contact SPO Denise Randles,","Drug Take Back, etc. to promote crime prevention and public safety. Contact SPO Denise Randles,","Drug Take Back, etc. to promote crime prevention and public safety. Contact SPO Denise Randles,","Drug Take Back, etc. to promote crime prevention and public safety. Contact SPO Denise Randles,","Drug Take Back, etc. to promote crime prevention and public safety. Contact SPO Denise Randles,","Drug Take Back, etc. to promote crime prevention and public safety. Contact SPO Denise Randles,","Drug Take Back, etc. to promote crime prevention and public safety. Contact SPO Denise Randles,","Drug Take Back, etc. to promote crime prevention and public safety. Contact SPO Denise Randles,","Drug Take Back, etc. to promote crime prevention and public safety. Contact SPO Denise Randles,","Drug Take Back, etc. to promote crime prevention and public safety. Contact SPO Denise Randles,","Drug Take Back, etc. to promote crime prevention and public safety. Contact SPO Denise Randles,","Drug Take Back, etc. to promote crime prevention and public safety. Contact SPO Denise Randles,","Drug Take Back, etc. to promote crime prevention and public safety. Contact SPO Denise Randles,","Drug Take Back, etc. to promote crime prevention and public safety. Contact SPO Denise Randles,"
"Crime Prevention Officer, at 703-435-4881, ext. 2343 with questions or ways to get involved in","Crime Prevention Officer, at 703-435-4881, ext. 2343 with questions or ways to get involved in","Crime Prevention Officer, at 703-435-4881, ext. 2343 with questions or ways to get involved in","Crime Prevention Officer, at 703-435-4881, ext. 2343 with questions or ways to get involved in","Crime Prevention Officer, at 703-435-4881, ext. 2343 with questions or ways to get involved in","Crime Prevention Officer, at 703-435-4881, ext. 2343 with questions or ways to get involved in","Crime Prevention Officer, at 703-435-4881, ext. 2343 with questions or ways to get involved in","Crime Prevention Officer, at 703-435-4881, ext. 2343 with questions or ways to get involved in","Crime Prevention Officer, at 703-435-4881, ext. 2343 with questions or ways to get involved in","Crime Prevention Officer, at 703-435-4881, ext. 2343 with questions or ways to get involved in","Crime Prevention Officer, at 703-435-4881, ext. 2343 with questions or ways to get involved in","Crime Prevention Officer, at 703-435-4881, ext. 2343 with questions or ways to get involved in","Crime Prevention Officer, at 703-435-4881, ext. 2343 with questions or ways to get involved in","Crime Prevention Officer, at 703-435-4881, ext. 2343 with questions or ways to get involved in","Crime Prevention Officer, at 703-435-4881, ext. 2343 with questions or ways to get involved in","Crime Prevention Officer, at 703-435-4881, ext. 2343 with questions or ways to get involved in"
crime prevention activities.,crime prevention activities.,crime prevention activities.,crime prevention activities.,crime prevention activities.,crime prevention activities.,,,,,,,,,,
Neighborhood/Business/Fleet Watch,Neighborhood/Business/Fleet Watch,Neighborhood/Business/Fleet Watch,Neighborhood/Business/Fleet Watch,Neighborhood/Business/Fleet Watch,Neighborhood/Business/Fleet Watch,Neighborhood/Business/Fleet Watch,Neighborhood/Business/Fleet Watch,,,,,,,,
Programs,Programs,,,,,,,,,,,,,,
"Neighborhood,","Neighborhood,","Neighborhood,",Business,Business,,and,Fleet,Watch,,,,,,,
programs utilize groups of organized citizens to,programs utilize groups of organized citizens to,programs utilize groups of organized citizens to,programs utilize groups of organized citizens to,programs utilize groups of organized citizens to,programs utilize groups of organized citizens to,programs utilize groups of organized citizens to,programs utilize groups of organized citizens to,programs utilize groups of organized citizens to,,,,,,,
work with law enforcement to keep a concerned,work with law enforcement to keep a concerned,work with law enforcement to keep a concerned,work with law enforcement to keep a concerned,work with law enforcement to keep a concerned,work with law enforcement to keep a concerned,work with law enforcement to keep a concerned,work with law enforcement to keep a concerned,work with law enforcement to keep a concerned,,,,,,,
eye,and,ear,on,their,,communities.,communities.,The,,,,,,,
department provides watch coordinators with a,department provides watch coordinators with a,department provides watch coordinators with a,department provides watch coordinators with a,department provides watch coordinators with a,department provides watch coordinators with a,department provides watch coordinators with a,department provides watch coordinators with a,department provides watch coordinators with a,,,,,,,
monthly,monthly,report,of,crime,crime,"activities,","activities,",crime,,,,,,,
"prevention tips and special crime alerts. In 2013,","prevention tips and special crime alerts. In 2013,","prevention tips and special crime alerts. In 2013,","prevention tips and special crime alerts. In 2013,","prevention tips and special crime alerts. In 2013,","prevention tips and special crime alerts. In 2013,","prevention tips and special crime alerts. In 2013,","prevention tips and special crime alerts. In 2013,","prevention tips and special crime alerts. In 2013,",,,,,,,
there,were,20,active,neighborhood,neighborhood,neighborhood,neighborhood,"watches,",,,,,,,
three active business watches and two active,three active business watches and two active,three active business watches and two active,three active business watches and two active,three active business watches and two active,three active business watches and two active,three active business watches and two active,three active business watches and two active,three active business watches and two active,,,,,,,
fleet,watch,programs,programs,,in,the,town.,Watch,,,,,,,
programs promote a working relationship with,programs promote a working relationship with,programs promote a working relationship with,programs promote a working relationship with,programs promote a working relationship with,programs promote a working relationship with,programs promote a working relationship with,programs promote a working relationship with,programs promote a working relationship with,,,,,,,
law enforcement and the following components,law enforcement and the following components,law enforcement and the following components,law enforcement and the following components,law enforcement and the following components,law enforcement and the following components,law enforcement and the following components,law enforcement and the following components,law enforcement and the following components,,,,,,,
of,these,programs,programs,are,encouraged:,encouraged:,encouraged:,security,,,,,,,
"assessments, commercial security, personal safety, and crime reporting.","assessments, commercial security, personal safety, and crime reporting.","assessments, commercial security, personal safety, and crime reporting.","assessments, commercial security, personal safety, and crime reporting.","assessments, commercial security, personal safety, and crime reporting.","assessments, commercial security, personal safety, and crime reporting.","assessments, commercial security, personal safety, and crime reporting.","assessments, commercial security, personal safety, and crime reporting.","assessments, commercial security, personal safety, and crime reporting.","assessments, commercial security, personal safety, and crime reporting.","assessments, commercial security, personal safety, and crime reporting.","assessments, commercial security, personal safety, and crime reporting.","assessments, commercial security, personal safety, and crime reporting.",,,
Public Safety Day,Public Safety Day,Public Safety Day,Public Safety Day,,,,,,,,,,,,
Public Safety Day is an annual collaboration of the Herndon Police Department and several,Public Safety Day is an annual collaboration of the Herndon Police Department and several,Public Safety Day is an annual collaboration of the Herndon Police Department and several,Public Safety Day is an annual collaboration of the Herndon Police Department and several,Public Safety Day is an annual collaboration of the Herndon Police Department and several,Public Safety Day is an annual collaboration of the Herndon Police Department and several,Public Safety Day is an annual collaboration of the Herndon Police Department and several,Public Safety Day is an annual collaboration of the Herndon Police Department and several,Public Safety Day is an annual collaboration of the Herndon Police Department and several,Public Safety Day is an annual collaboration of the Herndon Police Department and several,Public Safety Day is an annual collaboration of the Herndon Police Department and several,Public Safety Day is an annual collaboration of the Herndon Police Department and several,Public Safety Day is an annual collaboration of the Herndon Police Department and several,Public Safety Day is an annual collaboration of the Herndon Police Department and several,Public Safety Day is an annual collaboration of the Herndon Police Department and several,Public Safety Day is an annual collaboration of the Herndon Police Department and several
"agencies such as the Fairfax County Sheriff’s Office, Virginia State Police, Fairfax County Police and","agencies such as the Fairfax County Sheriff’s Office, Virginia State Police, Fairfax County Police and","agencies such as the Fairfax County Sheriff’s Office, Virginia State Police, Fairfax County Police and","agencies such as the Fairfax County Sheriff’s Office, Virginia State Police, Fairfax County Police and","agencies such as the Fairfax County Sheriff’s Office, Virginia State Police, Fairfax County Police and","agencies such as the Fairfax County Sheriff’s Office, Virginia State Police, Fairfax County Police and","agencies such as the Fairfax County Sheriff’s Office, Virginia State Police, Fairfax County Police and","agencies such as the Fairfax County Sheriff’s Office, Virginia State Police, Fairfax County Police and","agencies such as the Fairfax County Sheriff’s Office, Virginia State Police, Fairfax County Police and","agencies such as the Fairfax County Sheriff’s Office, Virginia State Police, Fairfax County Police and","agencies such as the Fairfax County Sheriff’s Office, Virginia State Police, Fairfax County Police and","agencies such as the Fairfax County Sheriff’s Office, Virginia State Police, Fairfax County Police and","agencies such as the Fairfax County Sheriff’s Office, Virginia State Police, Fairfax County Police and","agencies such as the Fairfax County Sheriff’s Office, Virginia State Police, Fairfax County Police and","agencies such as the Fairfax County Sheriff’s Office, Virginia State Police, Fairfax County Police and","agencies such as the Fairfax County Sheriff’s Office, Virginia State Police, Fairfax County Police and"
Fairfax Emergency Management along with several businesses and programs to highlight and,Fairfax Emergency Management along with several businesses and programs to highlight and,Fairfax Emergency Management along with several businesses and programs to highlight and,Fairfax Emergency Management along with several businesses and programs to highlight and,Fairfax Emergency Management along with several businesses and programs to highlight and,Fairfax Emergency Management along with several businesses and programs to highlight and,Fairfax Emergency Management along with several businesses and programs to highlight and,Fairfax Emergency Management along with several businesses and programs to highlight and,Fairfax Emergency Management along with several businesses and programs to highlight and,Fairfax Emergency Management along with several businesses and programs to highlight and,Fairfax Emergency Management along with several businesses and programs to highlight and,Fairfax Emergency Management along with several businesses and programs to highlight and,Fairfax Emergency Management along with several businesses and programs to highlight and,Fairfax Emergency Management along with several businesses and programs to highlight and,Fairfax Emergency Management along with several businesses and programs to highlight and,Fairfax Emergency Management along with several businesses and programs to highlight and
promote,promote,safety,awareness,awareness,awareness,and,crime,prevention.,The,event,is,free,and,provides,great
"information for children through McGruff the Crime Dog, Eddie the Eagle gun safety, and other","information for children through McGruff the Crime Dog, Eddie the Eagle gun safety, and other","information for children through McGruff the Crime Dog, Eddie the Eagle gun safety, and other","information for children through McGruff the Crime Dog, Eddie the Eagle gun safety, and other","information for children through McGruff the Crime Dog, Eddie the Eagle gun safety, and other","information for children through McGruff the Crime Dog, Eddie the Eagle gun safety, and other","information for children through McGruff the Crime Dog, Eddie the Eagle gun safety, and other","information for children through McGruff the Crime Dog, Eddie the Eagle gun safety, and other","information for children through McGruff the Crime Dog, Eddie the Eagle gun safety, and other","information for children through McGruff the Crime Dog, Eddie the Eagle gun safety, and other","information for children through McGruff the Crime Dog, Eddie the Eagle gun safety, and other","information for children through McGruff the Crime Dog, Eddie the Eagle gun safety, and other","information for children through McGruff the Crime Dog, Eddie the Eagle gun safety, and other","information for children through McGruff the Crime Dog, Eddie the Eagle gun safety, and other","information for children through McGruff the Crime Dog, Eddie the Eagle gun safety, and other","information for children through McGruff the Crime Dog, Eddie the Eagle gun safety, and other"
child safety and prevention-related activities and programs.,child safety and prevention-related activities and programs.,child safety and prevention-related activities and programs.,child safety and prevention-related activities and programs.,child safety and prevention-related activities and programs.,child safety and prevention-related activities and programs.,child safety and prevention-related activities and programs.,child safety and prevention-related activities and programs.,child safety and prevention-related activities and programs.,child safety and prevention-related activities and programs.,,,,,,
Drug Take Back,Drug Take Back,Drug Take Back,,,,,,,,,,,,,
The Herndon Police Department hosted a National Drug,The Herndon Police Department hosted a National Drug,The Herndon Police Department hosted a National Drug,The Herndon Police Department hosted a National Drug,The Herndon Police Department hosted a National Drug,The Herndon Police Department hosted a National Drug,The Herndon Police Department hosted a National Drug,The Herndon Police Department hosted a National Drug,The Herndon Police Department hosted a National Drug,The Herndon Police Department hosted a National Drug,,,,,,
Take- Back Initiative at two locations in town.,Take- Back Initiative at two locations in town.,Take- Back Initiative at two locations in town.,Take- Back Initiative at two locations in town.,Take- Back Initiative at two locations in town.,Take- Back Initiative at two locations in town.,Take- Back Initiative at two locations in town.,Take- Back Initiative at two locations in town.,The annual,The annual,,,,,,
event provides an opportunity to educate the public about,event provides an opportunity to educate the public about,event provides an opportunity to educate the public about,event provides an opportunity to educate the public about,event provides an opportunity to educate the public about,event provides an opportunity to educate the public about,event provides an opportunity to educate the public about,event provides an opportunity to educate the public about,event provides an opportunity to educate the public about,event provides an opportunity to educate the public about,,,,,,
the potential abuse of medications and offers a safe and,the potential abuse of medications and offers a safe and,the potential abuse of medications and offers a safe and,the potential abuse of medications and offers a safe and,the potential abuse of medications and offers a safe and,the potential abuse of medications and offers a safe and,the potential abuse of medications and offers a safe and,the potential abuse of medications and offers a safe and,the potential abuse of medications and offers a safe and,the potential abuse of medications and offers a safe and,,,,,,
responsible venue for persons who want to dispose of,responsible venue for persons who want to dispose of,responsible venue for persons who want to dispose of,responsible venue for persons who want to dispose of,responsible venue for persons who want to dispose of,responsible venue for persons who want to dispose of,responsible venue for persons who want to dispose of,responsible venue for persons who want to dispose of,responsible venue for persons who want to dispose of,responsible venue for persons who want to dispose of,,,,,,
unwanted or unused prescription drugs. The event resulted,unwanted or unused prescription drugs. The event resulted,unwanted or unused prescription drugs. The event resulted,unwanted or unused prescription drugs. The event resulted,unwanted or unused prescription drugs. The event resulted,unwanted or unused prescription drugs. The event resulted,unwanted or unused prescription drugs. The event resulted,unwanted or unused prescription drugs. The event resulted,unwanted or unused prescription drugs. The event resulted,unwanted or unused prescription drugs. The event resulted,,,,,,
in the collection of 257 pounds of prescription drugs.,in the collection of 257 pounds of prescription drugs.,in the collection of 257 pounds of prescription drugs.,in the collection of 257 pounds of prescription drugs.,in the collection of 257 pounds of prescription drugs.,in the collection of 257 pounds of prescription drugs.,in the collection of 257 pounds of prescription drugs.,in the collection of 257 pounds of prescription drugs.,in the collection of 257 pounds of prescription drugs.,,,,,,,
,,,,,,,,,,,,,,,9
