Name: “Table 1 of 1 on page 30 of 31”,Name: “Table 1 of 1 on page 30 of 31”,Name: “Table 1 of 1 on page 30 of 31”,Name: “Table 1 of 1 on page 30 of 31”,Name: “Table 1 of 1 on page 30 of 31”
Table: 29,Table: 29,Table: 29,Table: 29,Table: 29
,,,,
RUNNYMEDE DISTRICT,RUNNYMEDE DISTRICT,,,
,Runnymede District Calls for Service,Runnymede District Calls for Service,Runnymede District Calls for Service,
7000,,,,
6046,,,,
6000,,5628,5629,
,5282,,,
,,,,4859
5000,,,,
4000,,,,
3000,,,,
2000,,,,
1000,,,,
0,,,,
2009,2010,2011,2012,2013
Total calls for service decreased in the Runnymede District in 2013.,Total calls for service decreased in the Runnymede District in 2013.,Total calls for service decreased in the Runnymede District in 2013.,Calls for public drunkenness,Calls for public drunkenness
"as well as larcenies increased; however, Driving under the Influence offenses decreased in this","as well as larcenies increased; however, Driving under the Influence offenses decreased in this","as well as larcenies increased; however, Driving under the Influence offenses decreased in this","as well as larcenies increased; however, Driving under the Influence offenses decreased in this","as well as larcenies increased; however, Driving under the Influence offenses decreased in this"
district.,,,,
,Runnymede District Most Frequent Activity,Runnymede District Most Frequent Activity,Runnymede District Most Frequent Activity,
,,2012-2013,,
140,,,,
120,,,,
100,,,,
80,,,,
60,,,,
,,,,2012
40,,,,2013
20,,,,
0,,,,
,,,,28
