Name: “Table 1 of 1 on page 29 of 31”,Name: “Table 1 of 1 on page 29 of 31”,Name: “Table 1 of 1 on page 29 of 31”,Name: “Table 1 of 1 on page 29 of 31”,Name: “Table 1 of 1 on page 29 of 31”,Name: “Table 1 of 1 on page 29 of 31”
Table: 28,Table: 28,Table: 28,Table: 28,Table: 28,Table: 28
,,,,,
HALEY SMITH DISTRICT,HALEY SMITH DISTRICT,HALEY SMITH DISTRICT,,,
The Haley Smith District has a higher call volume due to the police department’s physical address,The Haley Smith District has a higher call volume due to the police department’s physical address,The Haley Smith District has a higher call volume due to the police department’s physical address,The Haley Smith District has a higher call volume due to the police department’s physical address,The Haley Smith District has a higher call volume due to the police department’s physical address,The Haley Smith District has a higher call volume due to the police department’s physical address
"is located in this district. Service initiated from walk-in reports, follow-ups conducted by officers,","is located in this district. Service initiated from walk-in reports, follow-ups conducted by officers,","is located in this district. Service initiated from walk-in reports, follow-ups conducted by officers,","is located in this district. Service initiated from walk-in reports, follow-ups conducted by officers,","is located in this district. Service initiated from walk-in reports, follow-ups conducted by officers,","is located in this district. Service initiated from walk-in reports, follow-ups conducted by officers,"
and other activities done onsite at the police department account for the higher volume.,and other activities done onsite at the police department account for the higher volume.,and other activities done onsite at the police department account for the higher volume.,and other activities done onsite at the police department account for the higher volume.,and other activities done onsite at the police department account for the higher volume.,
,,Haley Smith District Calls for Service,Haley Smith District Calls for Service,Haley Smith District Calls for Service,
9200,,,,,9087
,,,8955,,
9000,8868,,,,
8800,,,,8664,
8600,,,,,
8400,,,,,
8200,,,,,
,,7998,,,
8000,,,,,
7800,,,,,
7600,,,,,
7400,,,,,
,2009,2010,2011,2012,2013
"Although larcenies remain an issue, there was a decrease in this activity from last year in this","Although larcenies remain an issue, there was a decrease in this activity from last year in this","Although larcenies remain an issue, there was a decrease in this activity from last year in this","Although larcenies remain an issue, there was a decrease in this activity from last year in this","Although larcenies remain an issue, there was a decrease in this activity from last year in this","Although larcenies remain an issue, there was a decrease in this activity from last year in this"
district.,,,,,
,,Haley Smith District Most Frequent Activity,Haley Smith District Most Frequent Activity,Haley Smith District Most Frequent Activity,
,,,2012-2013,2012-2013,
140,,,,,
120,,,,,
100,,,,,
80,,,,,
60,,,,,
,,,,,2012
40,,,,,
,,,,,2013
20,,,,,
0,,,,,
RUNNYMEDE DISTRICT,RUNNYMEDE DISTRICT,RUNNYMEDE DISTRICT,,,
,,,,,27
