AUGUSTA COUNTY,
SHERIFF’S OFFICE,
2012 ANNUAL,
REPORT,
Augusta County Sheriff’s Office 2011 Annual Report,Page 0
,Table of Contents,
1.,INTRODUCTION,PAGE 2
2.,COUNTY OF AUGUSTA,PAGE 3
3.,SHERIFF,PAGE 4
4.,MISSION STATEMENT,PAGE 5
5.,THE AUGUSTA COUNTY SHERIFF’S OFFICE,PAGE 6
6.,STAFF OFFICERS,PAGE 7
7.,UNITS,PAGES 8-10
8.,ORGANIZATIONAL CHART,PAGE 11
9.,2012 AWARDS,PAGE 12
10.,2012 STATISTICS,PAGE 13-16
Augusta County Sheriff’s Office 2011 Annual Report,Augusta County Sheriff’s Office 2011 Annual Report,Page 1
I N T R O D U C T I O N,I N T R O D U C T I O N,I N T R O D U C T I O N,I N T R O D U C T I O N,I N T R O D U C T I O N,,
The Augus ta County S he r i ff’ s Offi c e r e s pe c tful l y s ubmi ts the,The Augus ta County S he r i ff’ s Offi c e r e s pe c tful l y s ubmi ts the,The Augus ta County S he r i ff’ s Offi c e r e s pe c tful l y s ubmi ts the,The Augus ta County S he r i ff’ s Offi c e r e s pe c tful l y s ubmi ts the,The Augus ta County S he r i ff’ s Offi c e r e s pe c tful l y s ubmi ts the,The Augus ta County S he r i ff’ s Offi c e r e s pe c tful l y s ubmi ts the,The Augus ta County S he r i ff’ s Offi c e r e s pe c tful l y s ubmi ts the
fol l ow i ng i nfor ma ti on a s i ts 2 0 1 2 Annua l Re por t. Thr oughout,fol l ow i ng i nfor ma ti on a s i ts 2 0 1 2 Annua l Re por t. Thr oughout,fol l ow i ng i nfor ma ti on a s i ts 2 0 1 2 Annua l Re por t. Thr oughout,fol l ow i ng i nfor ma ti on a s i ts 2 0 1 2 Annua l Re por t. Thr oughout,fol l ow i ng i nfor ma ti on a s i ts 2 0 1 2 Annua l Re por t. Thr oughout,fol l ow i ng i nfor ma ti on a s i ts 2 0 1 2 Annua l Re por t. Thr oughout,fol l ow i ng i nfor ma ti on a s i ts 2 0 1 2 Annua l Re por t. Thr oughout
"2 0 1 2 , the Augus ta County S he r i ff’ s Offi c e ha s c onti nue d i ts","2 0 1 2 , the Augus ta County S he r i ff’ s Offi c e ha s c onti nue d i ts","2 0 1 2 , the Augus ta County S he r i ff’ s Offi c e ha s c onti nue d i ts","2 0 1 2 , the Augus ta County S he r i ff’ s Offi c e ha s c onti nue d i ts","2 0 1 2 , the Augus ta County S he r i ff’ s Offi c e ha s c onti nue d i ts","2 0 1 2 , the Augus ta County S he r i ff’ s Offi c e ha s c onti nue d i ts","2 0 1 2 , the Augus ta County S he r i ff’ s Offi c e ha s c onti nue d i ts"
de di c a te d e ffor ts to k e e p the s tr e e ts of Augusta County safe for,de di c a te d e ffor ts to k e e p the s tr e e ts of Augusta County safe for,de di c a te d e ffor ts to k e e p the s tr e e ts of Augusta County safe for,de di c a te d e ffor ts to k e e p the s tr e e ts of Augusta County safe for,de di c a te d e ffor ts to k e e p the s tr e e ts of Augusta County safe for,de di c a te d e ffor ts to k e e p the s tr e e ts of Augusta County safe for,de di c a te d e ffor ts to k e e p the s tr e e ts of Augusta County safe for
a l l c i ti z e n’ s a nd vi s i tor s . 2 0 1 2 w a s a ga i n a ve r y bus y ye a r for,a l l c i ti z e n’ s a nd vi s i tor s . 2 0 1 2 w a s a ga i n a ve r y bus y ye a r for,a l l c i ti z e n’ s a nd vi s i tor s . 2 0 1 2 w a s a ga i n a ve r y bus y ye a r for,a l l c i ti z e n’ s a nd vi s i tor s . 2 0 1 2 w a s a ga i n a ve r y bus y ye a r for,a l l c i ti z e n’ s a nd vi s i tor s . 2 0 1 2 w a s a ga i n a ve r y bus y ye a r for,a l l c i ti z e n’ s a nd vi s i tor s . 2 0 1 2 w a s a ga i n a ve r y bus y ye a r for,a l l c i ti z e n’ s a nd vi s i tor s . 2 0 1 2 w a s a ga i n a ve r y bus y ye a r for
the me mbe r s of the S he r i ff’ s Offi c e a nd w e a r e pr oud of our,the me mbe r s of the S he r i ff’ s Offi c e a nd w e a r e pr oud of our,the me mbe r s of the S he r i ff’ s Offi c e a nd w e a r e pr oud of our,the me mbe r s of the S he r i ff’ s Offi c e a nd w e a r e pr oud of our,the me mbe r s of the S he r i ff’ s Offi c e a nd w e a r e pr oud of our,the me mbe r s of the S he r i ff’ s Offi c e a nd w e a r e pr oud of our,the me mbe r s of the S he r i ff’ s Offi c e a nd w e a r e pr oud of our
e ffor ts a nd a c c ompl i s hme nts thr oughout the ye a r .,e ffor ts a nd a c c ompl i s hme nts thr oughout the ye a r .,e ffor ts a nd a c c ompl i s hme nts thr oughout the ye a r .,e ffor ts a nd a c c ompl i s hme nts thr oughout the ye a r .,e ffor ts a nd a c c ompl i s hme nts thr oughout the ye a r .,,
W e a r e a l s o ve r y pr oud of our fi s c a l ma na ge me nt pol i c i e s tha t,W e a r e a l s o ve r y pr oud of our fi s c a l ma na ge me nt pol i c i e s tha t,W e a r e a l s o ve r y pr oud of our fi s c a l ma na ge me nt pol i c i e s tha t,W e a r e a l s o ve r y pr oud of our fi s c a l ma na ge me nt pol i c i e s tha t,W e a r e a l s o ve r y pr oud of our fi s c a l ma na ge me nt pol i c i e s tha t,W e a r e a l s o ve r y pr oud of our fi s c a l ma na ge me nt pol i c i e s tha t,W e a r e a l s o ve r y pr oud of our fi s c a l ma na ge me nt pol i c i e s tha t
ha ve a l l ow e d us to c onti nue to pr ovi de a w a r d w i nni ng a nd,ha ve a l l ow e d us to c onti nue to pr ovi de a w a r d w i nni ng a nd,ha ve a l l ow e d us to c onti nue to pr ovi de a w a r d w i nni ng a nd,ha ve a l l ow e d us to c onti nue to pr ovi de a w a r d w i nni ng a nd,ha ve a l l ow e d us to c onti nue to pr ovi de a w a r d w i nni ng a nd,ha ve a l l ow e d us to c onti nue to pr ovi de a w a r d w i nni ng a nd,ha ve a l l ow e d us to c onti nue to pr ovi de a w a r d w i nni ng a nd
de mons tr a te d,"e x c e l l e nc e ,",de s pi te,a,s l ow,e c onomy,a nd
dr a s ti c a l l y c ut fundi ng a nd ma npow e r .,dr a s ti c a l l y c ut fundi ng a nd ma npow e r .,dr a s ti c a l l y c ut fundi ng a nd ma npow e r .,dr a s ti c a l l y c ut fundi ng a nd ma npow e r .,,,
"De s pi te he a vy ope r a ti ng, e qui pme nt a nd pe r s onne l c uts a nd a","De s pi te he a vy ope r a ti ng, e qui pme nt a nd pe r s onne l c uts a nd a","De s pi te he a vy ope r a ti ng, e qui pme nt a nd pe r s onne l c uts a nd a","De s pi te he a vy ope r a ti ng, e qui pme nt a nd pe r s onne l c uts a nd a","De s pi te he a vy ope r a ti ng, e qui pme nt a nd pe r s onne l c uts a nd a","De s pi te he a vy ope r a ti ng, e qui pme nt a nd pe r s onne l c uts a nd a","De s pi te he a vy ope r a ti ng, e qui pme nt a nd pe r s onne l c uts a nd a"
the fi fth a nni ve r s a r y of no c os t of l i vi ng or me r i t r a i s e s for,the fi fth a nni ve r s a r y of no c os t of l i vi ng or me r i t r a i s e s for,the fi fth a nni ve r s a r y of no c os t of l i vi ng or me r i t r a i s e s for,the fi fth a nni ve r s a r y of no c os t of l i vi ng or me r i t r a i s e s for,the fi fth a nni ve r s a r y of no c os t of l i vi ng or me r i t r a i s e s for,the fi fth a nni ve r s a r y of no c os t of l i vi ng or me r i t r a i s e s for,the fi fth a nni ve r s a r y of no c os t of l i vi ng or me r i t r a i s e s for
"De puti e s , w e c ontinue to get the job done and fulfill our mission","De puti e s , w e c ontinue to get the job done and fulfill our mission","De puti e s , w e c ontinue to get the job done and fulfill our mission","De puti e s , w e c ontinue to get the job done and fulfill our mission","De puti e s , w e c ontinue to get the job done and fulfill our mission","De puti e s , w e c ontinue to get the job done and fulfill our mission","De puti e s , w e c ontinue to get the job done and fulfill our mission"
for the County of Augus ta a nd the c i ti z e n’ s w e s e r ve .,for the County of Augus ta a nd the c i ti z e n’ s w e s e r ve .,for the County of Augus ta a nd the c i ti z e n’ s w e s e r ve .,for the County of Augus ta a nd the c i ti z e n’ s w e s e r ve .,for the County of Augus ta a nd the c i ti z e n’ s w e s e r ve .,,
AUG UST A CO UNT Y SHERI F F ’ S O F F I CE,AUG UST A CO UNT Y SHERI F F ’ S O F F I CE,AUG UST A CO UNT Y SHERI F F ’ S O F F I CE,AUG UST A CO UNT Y SHERI F F ’ S O F F I CE,AUG UST A CO UNT Y SHERI F F ’ S O F F I CE,,
,Ra n d a l l D. F i s h e r,Ra n d a l l D. F i s h e r,Ra n d a l l D. F i s h e r,Ra n d a l l D. F i s h e r,,
,S h e ri f f,S h e ri f f,,,,
Augusta County Sheriff’s Office 2011 Annual Report,Augusta County Sheriff’s Office 2011 Annual Report,Augusta County Sheriff’s Office 2011 Annual Report,,,,Page 2
H ISTOR Y,
"A u gu s t a Co u n t y wa s f o rm e d in 1 7 3 8 a n d n a m e d f o r A u gu s t a , t h e P rin c e s s o f W a le s","A u gu s t a Co u n t y wa s f o rm e d in 1 7 3 8 a n d n a m e d f o r A u gu s t a , t h e P rin c e s s o f W a le s"
"a n d Mo t h e r o f K in g G e o rge , I I I . T h e c o u n t y b o u n d a rie s o n c e s t re t c h e d a ll t h e wa y t o t h e","a n d Mo t h e r o f K in g G e o rge , I I I . T h e c o u n t y b o u n d a rie s o n c e s t re t c h e d a ll t h e wa y t o t h e"
"Mis s iss ip p i Rive r. C u rre n t ly, t h e Co u n t y c o ve rs 9 6 7 s qu a re m il e s , m o re t h a n h a lf o f t h e","Mis s iss ip p i Rive r. C u rre n t ly, t h e Co u n t y c o ve rs 9 6 7 s qu a re m il e s , m o re t h a n h a lf o f t h e"
s ize o f Rh o d e I s la n d . I t is t h e s e c o n d la rge s t c o u n t y (in la n d a re a ) in V irgin ia .,s ize o f Rh o d e I s la n d . I t is t h e s e c o n d la rge s t c o u n t y (in la n d a re a ) in V irgin ia .
POPU L ATION,
"A c c o rd in g t o t h e 2 0 1 0 Ce n s u s , t h e re a re 7 3 , 7 9 2 p e o p le in A u gu s t a Co u n t y. Co m b in e d","A c c o rd in g t o t h e 2 0 1 0 Ce n s u s , t h e re a re 7 3 , 7 9 2 p e o p le in A u gu s t a Co u n t y. Co m b in e d"
"wit h S t a u n t o n a n d W a yn e s b o ro , V A , t h e a re a p o p u la t io n e xc e e d s 1 1 0 , 0 0 0 . T h e m e d ia n","wit h S t a u n t o n a n d W a yn e s b o ro , V A , t h e a re a p o p u la t io n e xc e e d s 1 1 0 , 0 0 0 . T h e m e d ia n"
a ge in A u gu s t a Co u n t y is 3 9 .,
GOVER N M EN T,
A u gu s t a Co u n t y is go ve rn e d b y a s e ve n m e m b e r B o a rd o f S u p e rvis o rs . T h e Co u n t y is,A u gu s t a Co u n t y is go ve rn e d b y a s e ve n m e m b e r B o a rd o f S u p e rvis o rs . T h e Co u n t y is
d ivid e d in t o s e ve n m a gis t e ria l d is t ric t s wit h B o a rd m e m b e rs e le c t e d f ro m e a c h d is t ric t .,d ivid e d in t o s e ve n m a gis t e ria l d is t ric t s wit h B o a rd m e m b e rs e le c t e d f ro m e a c h d is t ric t .
T h e B o a rd o f S u p e rvis o rs m e e t s o n t h e s e c o n d a n d f o u rt h W e d n e s d a y o f e a c h m o n t h,T h e B o a rd o f S u p e rvis o rs m e e t s o n t h e s e c o n d a n d f o u rt h W e d n e s d a y o f e a c h m o n t h
a t 7 : 0 0 p . m .,
EC ON OM Y,
A u gu s t a Co u n t y h a s a d ive rs e e c o n o m y. W h ile m a n u f a c t u rin g a c c o u n t s f o r,A u gu s t a Co u n t y h a s a d ive rs e e c o n o m y. W h ile m a n u f a c t u rin g a c c o u n t s f o r
"a p p ro xim a t e ly 3 0 % o f t h e jo b s in t h e Co u n t y, t h e go ve rn m e n t a l, s e rvic e s , a n d t ra d e","a p p ro xim a t e ly 3 0 % o f t h e jo b s in t h e Co u n t y, t h e go ve rn m e n t a l, s e rvic e s , a n d t ra d e"
"s e c t o rs a re a ls o ve ry s t ro n g. I n f a c t , t h e A u gu s t a Co rre c t io n a l Ce n t e r a n d T a rge t a re","s e c t o rs a re a ls o ve ry s t ro n g. I n f a c t , t h e A u gu s t a Co rre c t io n a l Ce n t e r a n d T a rge t a re"
t wo o f t h e Co u n t y's la rge s t e m p lo ye rs .,
AGR IC U L TU R E,
Agriculture has traditionally been an important part of the County's economy. This,Agriculture has traditionally been an important part of the County's economy. This
"remains true today. As of January 1, 2000, Augusta County had 37,400 beef cows and","remains true today. As of January 1, 2000, Augusta County had 37,400 beef cows and"
"75,000 sheep and lambs, ranking first in both categories in Virginia. According to the","75,000 sheep and lambs, ranking first in both categories in Virginia. According to the"
"latest Census of Agriculture, there are 1,499 farms in Augusta County covering more","latest Census of Agriculture, there are 1,499 farms in Augusta County covering more"
"than 282,000 acres. The average farm in the County is 188 acres.",
Augusta County Sheriff’s Office 2011 Annual Report,Page 3
Randall Fisher,Randall Fisher
"Sheriff Augusta County, Virginia","Sheriff Augusta County, Virginia"
Randall “Randy” Fisher joined the Augusta County Sheriff’s Office in 1972 as a jail officer. He,Randall “Randy” Fisher joined the Augusta County Sheriff’s Office in 1972 as a jail officer. He
"worked his way through the ranks as a Patrol Deputy, Investigator, Lieutenant, and Captain.","worked his way through the ranks as a Patrol Deputy, Investigator, Lieutenant, and Captain."
Randy was appointed interim Sheriff in 1998 after the untimely death of Sheriff Glenn P.,Randy was appointed interim Sheriff in 1998 after the untimely death of Sheriff Glenn P.
"Lloyd, who had held the office for almost 14 years. Randy was elected as Sheriff in a special","Lloyd, who had held the office for almost 14 years. Randy was elected as Sheriff in a special"
"election in 1998, and ran unopposed in the regular election in 1999. He has been re-elected to","election in 1998, and ran unopposed in the regular election in 1999. He has been re-elected to"
three additional terms. Randy resides near the village of Crimora with his wife Elizabeth. They,three additional terms. Randy resides near the village of Crimora with his wife Elizabeth. They
"have two sons, Matthew and Alex.",
Sheriff Fisher is a graduate of Blue Ridge Community College and the Virginia Forensic,Sheriff Fisher is a graduate of Blue Ridge Community College and the Virginia Forensic
Academy. The Sheriff is also a 1992 graduate of the FBI National Academy. Sheriff Fisher,Academy. The Sheriff is also a 1992 graduate of the FBI National Academy. Sheriff Fisher
currently serves on numerous local boards and he recently served as the interim director,currently serves on numerous local boards and he recently served as the interim director
of the Central Shenandoah Criminal Justice Training Academy.,
Augusta County Sheriff’s Office 2011 Annual Report,Page 4
,M I S S I O N S T A T E M E N T,M I S S I O N S T A T E M E N T,M I S S I O N S T A T E M E N T,M I S S I O N S T A T E M E N T,M I S S I O N S T A T E M E N T,M I S S I O N S T A T E M E N T,M I S S I O N S T A T E M E N T,,
“THE MISSION OF THE AUGUSTA COUNTY SHERIFF’S,“THE MISSION OF THE AUGUSTA COUNTY SHERIFF’S,“THE MISSION OF THE AUGUSTA COUNTY SHERIFF’S,“THE MISSION OF THE AUGUSTA COUNTY SHERIFF’S,“THE MISSION OF THE AUGUSTA COUNTY SHERIFF’S,“THE MISSION OF THE AUGUSTA COUNTY SHERIFF’S,“THE MISSION OF THE AUGUSTA COUNTY SHERIFF’S,“THE MISSION OF THE AUGUSTA COUNTY SHERIFF’S,“THE MISSION OF THE AUGUSTA COUNTY SHERIFF’S,“THE MISSION OF THE AUGUSTA COUNTY SHERIFF’S
OFFICE,IS,TO,PROVIDE,,THE,HIGHEST,LEVEL,LEVEL,OF
"EFFECTIVE,","EFFECTIVE,",,EFFICENT,,AND,PROACTIVE,PROACTIVE,,LAW
ENFORCEMENT SERVICES AVAILABLE TO ALL WHO LIVE,ENFORCEMENT SERVICES AVAILABLE TO ALL WHO LIVE,ENFORCEMENT SERVICES AVAILABLE TO ALL WHO LIVE,ENFORCEMENT SERVICES AVAILABLE TO ALL WHO LIVE,ENFORCEMENT SERVICES AVAILABLE TO ALL WHO LIVE,ENFORCEMENT SERVICES AVAILABLE TO ALL WHO LIVE,ENFORCEMENT SERVICES AVAILABLE TO ALL WHO LIVE,ENFORCEMENT SERVICES AVAILABLE TO ALL WHO LIVE,ENFORCEMENT SERVICES AVAILABLE TO ALL WHO LIVE,ENFORCEMENT SERVICES AVAILABLE TO ALL WHO LIVE
IN OR TRAVEL THROUGH AUGUSTA COUNTY WITHOUT,IN OR TRAVEL THROUGH AUGUSTA COUNTY WITHOUT,IN OR TRAVEL THROUGH AUGUSTA COUNTY WITHOUT,IN OR TRAVEL THROUGH AUGUSTA COUNTY WITHOUT,IN OR TRAVEL THROUGH AUGUSTA COUNTY WITHOUT,IN OR TRAVEL THROUGH AUGUSTA COUNTY WITHOUT,IN OR TRAVEL THROUGH AUGUSTA COUNTY WITHOUT,IN OR TRAVEL THROUGH AUGUSTA COUNTY WITHOUT,IN OR TRAVEL THROUGH AUGUSTA COUNTY WITHOUT,IN OR TRAVEL THROUGH AUGUSTA COUNTY WITHOUT
"REGUARD TO RACE, ETHNICITY OR RELIGION.","REGUARD TO RACE, ETHNICITY OR RELIGION.","REGUARD TO RACE, ETHNICITY OR RELIGION.","REGUARD TO RACE, ETHNICITY OR RELIGION.","REGUARD TO RACE, ETHNICITY OR RELIGION.","REGUARD TO RACE, ETHNICITY OR RELIGION.","REGUARD TO RACE, ETHNICITY OR RELIGION.","REGUARD TO RACE, ETHNICITY OR RELIGION.",,
THE,PARAMOUNT GOAL IN DOING SO SHALL BE TO,PARAMOUNT GOAL IN DOING SO SHALL BE TO,PARAMOUNT GOAL IN DOING SO SHALL BE TO,PARAMOUNT GOAL IN DOING SO SHALL BE TO,PARAMOUNT GOAL IN DOING SO SHALL BE TO,PARAMOUNT GOAL IN DOING SO SHALL BE TO,PARAMOUNT GOAL IN DOING SO SHALL BE TO,PARAMOUNT GOAL IN DOING SO SHALL BE TO,PARAMOUNT GOAL IN DOING SO SHALL BE TO
MAKE AUGUSTA COUNTY A PLACE WHERE PEOPLE,MAKE AUGUSTA COUNTY A PLACE WHERE PEOPLE,MAKE AUGUSTA COUNTY A PLACE WHERE PEOPLE,MAKE AUGUSTA COUNTY A PLACE WHERE PEOPLE,MAKE AUGUSTA COUNTY A PLACE WHERE PEOPLE,MAKE AUGUSTA COUNTY A PLACE WHERE PEOPLE,MAKE AUGUSTA COUNTY A PLACE WHERE PEOPLE,MAKE AUGUSTA COUNTY A PLACE WHERE PEOPLE,MAKE AUGUSTA COUNTY A PLACE WHERE PEOPLE,MAKE AUGUSTA COUNTY A PLACE WHERE PEOPLE
CAN,VISIT,AND,LIVE,WITHOUT,WITHOUT,ANY,FEAR,FOR,THE
SAFETY,OR,WELLBEING,WELLBEING,,OF,"THEMSELVES,","THEMSELVES,",THEIR,THEIR
"FAMILY, OR THEIR PROPERTY.","FAMILY, OR THEIR PROPERTY.","FAMILY, OR THEIR PROPERTY.","FAMILY, OR THEIR PROPERTY.","FAMILY, OR THEIR PROPERTY.","FAMILY, OR THEIR PROPERTY.",,,,
"DEDICATION,","DEDICATION,","DEDICATION,","LOYALTY,","INTEGRITY,","INTEGRITY,","INTEGRITY,",AND,JUSTICE,JUSTICE
SHALL BE THE HALLMARKS OF OUR EFFORT AND A,SHALL BE THE HALLMARKS OF OUR EFFORT AND A,SHALL BE THE HALLMARKS OF OUR EFFORT AND A,SHALL BE THE HALLMARKS OF OUR EFFORT AND A,SHALL BE THE HALLMARKS OF OUR EFFORT AND A,SHALL BE THE HALLMARKS OF OUR EFFORT AND A,SHALL BE THE HALLMARKS OF OUR EFFORT AND A,SHALL BE THE HALLMARKS OF OUR EFFORT AND A,SHALL BE THE HALLMARKS OF OUR EFFORT AND A,SHALL BE THE HALLMARKS OF OUR EFFORT AND A
QUALITY,,OF,LIFE,ENJOYED,ENJOYED,BY,THE,"PUBLIC,","PUBLIC,"
UNFETTERED,UNFETTERED,UNFETTERED,BY,"CRIME,",SHALL,SERVE,SERVE,AS,THE
"BENCHMARK OF OUR SUCCESS.""","BENCHMARK OF OUR SUCCESS.""","BENCHMARK OF OUR SUCCESS.""","BENCHMARK OF OUR SUCCESS.""","BENCHMARK OF OUR SUCCESS.""","BENCHMARK OF OUR SUCCESS.""",,,,
Augusta County Sheriff’s Office 2011 Annual Report,Augusta County Sheriff’s Office 2011 Annual Report,Augusta County Sheriff’s Office 2011 Annual Report,Augusta County Sheriff’s Office 2011 Annual Report,Augusta County Sheriff’s Office 2011 Annual Report,Augusta County Sheriff’s Office 2011 Annual Report,,,,Page 5
,,A U G U S T A C O U N T Y,A U G U S T A C O U N T Y,A U G U S T A C O U N T Y,A U G U S T A C O U N T Y,A U G U S T A C O U N T Y,A U G U S T A C O U N T Y,A U G U S T A C O U N T Y,A U G U S T A C O U N T Y,,
,,S H E R I F F ’ S O F F I C E,S H E R I F F ’ S O F F I C E,S H E R I F F ’ S O F F I C E,S H E R I F F ’ S O F F I C E,S H E R I F F ’ S O F F I C E,S H E R I F F ’ S O F F I C E,S H E R I F F ’ S O F F I C E,S H E R I F F ’ S O F F I C E,,
The,Augus ta,Augus ta,County,County,S he r i ff’ s,S he r i ff’ s,Offi c e,c ons i s ts,of,6 4,s w or n
de puti e s . Thos e 6 4 Ful l ti me a nd 2 pa r t-ti m e County funde d,de puti e s . Thos e 6 4 Ful l ti me a nd 2 pa r t-ti m e County funde d,de puti e s . Thos e 6 4 Ful l ti me a nd 2 pa r t-ti m e County funde d,de puti e s . Thos e 6 4 Ful l ti me a nd 2 pa r t-ti m e County funde d,de puti e s . Thos e 6 4 Ful l ti me a nd 2 pa r t-ti m e County funde d,de puti e s . Thos e 6 4 Ful l ti me a nd 2 pa r t-ti m e County funde d,de puti e s . Thos e 6 4 Ful l ti me a nd 2 pa r t-ti m e County funde d,de puti e s . Thos e 6 4 Ful l ti me a nd 2 pa r t-ti m e County funde d,de puti e s . Thos e 6 4 Ful l ti me a nd 2 pa r t-ti m e County funde d,de puti e s . Thos e 6 4 Ful l ti me a nd 2 pa r t-ti m e County funde d,de puti e s . Thos e 6 4 Ful l ti me a nd 2 pa r t-ti m e County funde d,de puti e s . Thos e 6 4 Ful l ti me a nd 2 pa r t-ti m e County funde d
"s w or n offi c e r s s e r ve i n the P a tr ol , Tr a ffi c , I nve s ti ga ti ons , C i vi l","s w or n offi c e r s s e r ve i n the P a tr ol , Tr a ffi c , I nve s ti ga ti ons , C i vi l","s w or n offi c e r s s e r ve i n the P a tr ol , Tr a ffi c , I nve s ti ga ti ons , C i vi l","s w or n offi c e r s s e r ve i n the P a tr ol , Tr a ffi c , I nve s ti ga ti ons , C i vi l","s w or n offi c e r s s e r ve i n the P a tr ol , Tr a ffi c , I nve s ti ga ti ons , C i vi l","s w or n offi c e r s s e r ve i n the P a tr ol , Tr a ffi c , I nve s ti ga ti ons , C i vi l","s w or n offi c e r s s e r ve i n the P a tr ol , Tr a ffi c , I nve s ti ga ti ons , C i vi l","s w or n offi c e r s s e r ve i n the P a tr ol , Tr a ffi c , I nve s ti ga ti ons , C i vi l","s w or n offi c e r s s e r ve i n the P a tr ol , Tr a ffi c , I nve s ti ga ti ons , C i vi l","s w or n offi c e r s s e r ve i n the P a tr ol , Tr a ffi c , I nve s ti ga ti ons , C i vi l","s w or n offi c e r s s e r ve i n the P a tr ol , Tr a ffi c , I nve s ti ga ti ons , C i vi l","s w or n offi c e r s s e r ve i n the P a tr ol , Tr a ffi c , I nve s ti ga ti ons , C i vi l"
"P r oc e s s ,","P r oc e s s ,","Cour ts ,","Cour ts ,",Cr i me,Cr i me,pr e ve nti on,pr e ve nti on,a nd,Admi ni s tr a ti ve,Admi ni s tr a ti ve,Admi ni s tr a ti ve
Di vis i ons .,Di vis i ons .,S he r i ff’ s,S he r i ff’ s,S he r i ff’ s,Offi c e,S uppor t,S uppor t,s ta ff,i nc l ude s,i nc l ude s,a n
Admi ni s tr a ti ve,Admi ni s tr a ti ve,Admi ni s tr a ti ve,"As s i s ta nt,","As s i s ta nt,","As s i s ta nt,",I nfor ma ti on,I nfor ma ti on,a nd,Te c hnol ogy,Te c hnol ogy,Te c hnol ogy
"Coor di na tor , a n Offi c e M a na ge r a nd s e ve n s e r vi c e s s uppor t","Coor di na tor , a n Offi c e M a na ge r a nd s e ve n s e r vi c e s s uppor t","Coor di na tor , a n Offi c e M a na ge r a nd s e ve n s e r vi c e s s uppor t","Coor di na tor , a n Offi c e M a na ge r a nd s e ve n s e r vi c e s s uppor t","Coor di na tor , a n Offi c e M a na ge r a nd s e ve n s e r vi c e s s uppor t","Coor di na tor , a n Offi c e M a na ge r a nd s e ve n s e r vi c e s s uppor t","Coor di na tor , a n Offi c e M a na ge r a nd s e ve n s e r vi c e s s uppor t","Coor di na tor , a n Offi c e M a na ge r a nd s e ve n s e r vi c e s s uppor t","Coor di na tor , a n Offi c e M a na ge r a nd s e ve n s e r vi c e s s uppor t","Coor di na tor , a n Offi c e M a na ge r a nd s e ve n s e r vi c e s s uppor t","Coor di na tor , a n Offi c e M a na ge r a nd s e ve n s e r vi c e s s uppor t","Coor di na tor , a n Offi c e M a na ge r a nd s e ve n s e r vi c e s s uppor t"
pe r s onne l .,pe r s onne l .,pe r s onne l .,,,,,,,,,
"Dur ing 2 0 1 2 our a ge nc y r e s ponde d to 1 7 , 5 5 0 c a l l s for s e r vi c e","Dur ing 2 0 1 2 our a ge nc y r e s ponde d to 1 7 , 5 5 0 c a l l s for s e r vi c e","Dur ing 2 0 1 2 our a ge nc y r e s ponde d to 1 7 , 5 5 0 c a l l s for s e r vi c e","Dur ing 2 0 1 2 our a ge nc y r e s ponde d to 1 7 , 5 5 0 c a l l s for s e r vi c e","Dur ing 2 0 1 2 our a ge nc y r e s ponde d to 1 7 , 5 5 0 c a l l s for s e r vi c e","Dur ing 2 0 1 2 our a ge nc y r e s ponde d to 1 7 , 5 5 0 c a l l s for s e r vi c e","Dur ing 2 0 1 2 our a ge nc y r e s ponde d to 1 7 , 5 5 0 c a l l s for s e r vi c e","Dur ing 2 0 1 2 our a ge nc y r e s ponde d to 1 7 , 5 5 0 c a l l s for s e r vi c e","Dur ing 2 0 1 2 our a ge nc y r e s ponde d to 1 7 , 5 5 0 c a l l s for s e r vi c e","Dur ing 2 0 1 2 our a ge nc y r e s ponde d to 1 7 , 5 5 0 c a l l s for s e r vi c e","Dur ing 2 0 1 2 our a ge nc y r e s ponde d to 1 7 , 5 5 0 c a l l s for s e r vi c e","Dur ing 2 0 1 2 our a ge nc y r e s ponde d to 1 7 , 5 5 0 c a l l s for s e r vi c e"
"a nd w e ha d 1 2 , 4 9 7 s e l f-i ni ti a te d i nc i de nts for a c ombi ne d tota l","a nd w e ha d 1 2 , 4 9 7 s e l f-i ni ti a te d i nc i de nts for a c ombi ne d tota l","a nd w e ha d 1 2 , 4 9 7 s e l f-i ni ti a te d i nc i de nts for a c ombi ne d tota l","a nd w e ha d 1 2 , 4 9 7 s e l f-i ni ti a te d i nc i de nts for a c ombi ne d tota l","a nd w e ha d 1 2 , 4 9 7 s e l f-i ni ti a te d i nc i de nts for a c ombi ne d tota l","a nd w e ha d 1 2 , 4 9 7 s e l f-i ni ti a te d i nc i de nts for a c ombi ne d tota l","a nd w e ha d 1 2 , 4 9 7 s e l f-i ni ti a te d i nc i de nts for a c ombi ne d tota l","a nd w e ha d 1 2 , 4 9 7 s e l f-i ni ti a te d i nc i de nts for a c ombi ne d tota l","a nd w e ha d 1 2 , 4 9 7 s e l f-i ni ti a te d i nc i de nts for a c ombi ne d tota l","a nd w e ha d 1 2 , 4 9 7 s e l f-i ni ti a te d i nc i de nts for a c ombi ne d tota l","a nd w e ha d 1 2 , 4 9 7 s e l f-i ni ti a te d i nc i de nts for a c ombi ne d tota l","a nd w e ha d 1 2 , 4 9 7 s e l f-i ni ti a te d i nc i de nts for a c ombi ne d tota l"
"of 3 0 , 7 1 9 i nc i de nts .","of 3 0 , 7 1 9 i nc i de nts .","of 3 0 , 7 1 9 i nc i de nts .","of 3 0 , 7 1 9 i nc i de nts .","of 3 0 , 7 1 9 i nc i de nts .",,,,,,,
,,66 TOTAL SWORN PERSONNEL,66 TOTAL SWORN PERSONNEL,66 TOTAL SWORN PERSONNEL,66 TOTAL SWORN PERSONNEL,66 TOTAL SWORN PERSONNEL,66 TOTAL SWORN PERSONNEL,66 TOTAL SWORN PERSONNEL,,,
30,,,,,,,,,,,
25,,,,,,,,,Patrol,Patrol,
,,,,,,,,,Investigations,Investigations,Investigations
20,,,,,,,,,Civil Process,Civil Process,Civil Process
,,,,,,,,,Courts,Courts,
15,,,,,,,,,,,
,,,,,,,,,SRO/DARE/K9,SRO/DARE/K9,SRO/DARE/K9
,,,,,,,,,Admin,Admin,
10,,,,,,,,,,,
,,,,,,,,,Traffic,Traffic,
,,,,,,,,,Part-time,Part-time,
5,,,,,,,,,,,
0,,,,,,,,,,,
,30,10,7,7,6,3,1,2,,,
Augusta County Sheriff’s Office 2011 Annual Report,Augusta County Sheriff’s Office 2011 Annual Report,Augusta County Sheriff’s Office 2011 Annual Report,Augusta County Sheriff’s Office 2011 Annual Report,Augusta County Sheriff’s Office 2011 Annual Report,Augusta County Sheriff’s Office 2011 Annual Report,Augusta County Sheriff’s Office 2011 Annual Report,,,,,Page 6
A C S O S T A F F O F F I C E R S,A C S O S T A F F O F F I C E R S,A C S O S T A F F O F F I C E R S
,C AP TAI N G LE NN H ANGE R,
,CH IE F DEPU T Y,
PATR OL,I N VE STIGATION S,T R AFFIC
L T. DE NNI S B A CK,L T. A . M. L E V E CK,L T. J A ME S MA D E R
Augusta County Sheriff’s Office 2011 Annual Report,Augusta County Sheriff’s Office 2011 Annual Report,Page 7
S H E R I F F ’ S O F F I C E U N I T S,S H E R I F F ’ S O F F I C E U N I T S,S H E R I F F ’ S O F F I C E U N I T S,S H E R I F F ’ S O F F I C E U N I T S,S H E R I F F ’ S O F F I C E U N I T S,S H E R I F F ’ S O F F I C E U N I T S,S H E R I F F ’ S O F F I C E U N I T S,S H E R I F F ’ S O F F I C E U N I T S,S H E R I F F ’ S O F F I C E U N I T S,S H E R I F F ’ S O F F I C E U N I T S,S H E R I F F ’ S O F F I C E U N I T S,
,,,,P ATROL D I V I S I ON,P ATROL D I V I S I ON,P ATROL D I V I S I ON,P ATROL D I V I S I ON,P ATROL D I V I S I ON,,,
Th e,Pa t ro l,D ivis io n,is,t h e,b a c k b o n e,b a c k b o n e,o f,t h e,D e p a rt me n t ’s,t ra f f ic,t ra f f ic
e n f o rc e me n t,e n f o rc e me n t,e f f o rt s,a n d,w it h,o n ly,2 8,a s s ig n e d,a s s ig n e d,p e rs o n n e l,a n d,2
"a d min is t ra t ive p e rs o n n e l, t h e d ivis io n n o t o n ly a n s w e rs c a lls f o r s e rvic e","a d min is t ra t ive p e rs o n n e l, t h e d ivis io n n o t o n ly a n s w e rs c a lls f o r s e rvic e","a d min is t ra t ive p e rs o n n e l, t h e d ivis io n n o t o n ly a n s w e rs c a lls f o r s e rvic e","a d min is t ra t ive p e rs o n n e l, t h e d ivis io n n o t o n ly a n s w e rs c a lls f o r s e rvic e","a d min is t ra t ive p e rs o n n e l, t h e d ivis io n n o t o n ly a n s w e rs c a lls f o r s e rvic e","a d min is t ra t ive p e rs o n n e l, t h e d ivis io n n o t o n ly a n s w e rs c a lls f o r s e rvic e","a d min is t ra t ive p e rs o n n e l, t h e d ivis io n n o t o n ly a n s w e rs c a lls f o r s e rvic e","a d min is t ra t ive p e rs o n n e l, t h e d ivis io n n o t o n ly a n s w e rs c a lls f o r s e rvic e","a d min is t ra t ive p e rs o n n e l, t h e d ivis io n n o t o n ly a n s w e rs c a lls f o r s e rvic e","a d min is t ra t ive p e rs o n n e l, t h e d ivis io n n o t o n ly a n s w e rs c a lls f o r s e rvic e","a d min is t ra t ive p e rs o n n e l, t h e d ivis io n n o t o n ly a n s w e rs c a lls f o r s e rvic e","a d min is t ra t ive p e rs o n n e l, t h e d ivis io n n o t o n ly a n s w e rs c a lls f o r s e rvic e"
"a n d in ve s t ig a t e s a ll ma n n e r o f c rimin a l c o mp la in t s , t h e y a ls o c o n t rib u t e","a n d in ve s t ig a t e s a ll ma n n e r o f c rimin a l c o mp la in t s , t h e y a ls o c o n t rib u t e","a n d in ve s t ig a t e s a ll ma n n e r o f c rimin a l c o mp la in t s , t h e y a ls o c o n t rib u t e","a n d in ve s t ig a t e s a ll ma n n e r o f c rimin a l c o mp la in t s , t h e y a ls o c o n t rib u t e","a n d in ve s t ig a t e s a ll ma n n e r o f c rimin a l c o mp la in t s , t h e y a ls o c o n t rib u t e","a n d in ve s t ig a t e s a ll ma n n e r o f c rimin a l c o mp la in t s , t h e y a ls o c o n t rib u t e","a n d in ve s t ig a t e s a ll ma n n e r o f c rimin a l c o mp la in t s , t h e y a ls o c o n t rib u t e","a n d in ve s t ig a t e s a ll ma n n e r o f c rimin a l c o mp la in t s , t h e y a ls o c o n t rib u t e","a n d in ve s t ig a t e s a ll ma n n e r o f c rimin a l c o mp la in t s , t h e y a ls o c o n t rib u t e","a n d in ve s t ig a t e s a ll ma n n e r o f c rimin a l c o mp la in t s , t h e y a ls o c o n t rib u t e","a n d in ve s t ig a t e s a ll ma n n e r o f c rimin a l c o mp la in t s , t h e y a ls o c o n t rib u t e","a n d in ve s t ig a t e s a ll ma n n e r o f c rimin a l c o mp la in t s , t h e y a ls o c o n t rib u t e"
t h e lio n ' s s h a re o f e f f o rt t h a t is d ire c t e d b y t h e D e p a rt me n t in t h e a re a o f,t h e lio n ' s s h a re o f e f f o rt t h a t is d ire c t e d b y t h e D e p a rt me n t in t h e a re a o f,t h e lio n ' s s h a re o f e f f o rt t h a t is d ire c t e d b y t h e D e p a rt me n t in t h e a re a o f,t h e lio n ' s s h a re o f e f f o rt t h a t is d ire c t e d b y t h e D e p a rt me n t in t h e a re a o f,t h e lio n ' s s h a re o f e f f o rt t h a t is d ire c t e d b y t h e D e p a rt me n t in t h e a re a o f,t h e lio n ' s s h a re o f e f f o rt t h a t is d ire c t e d b y t h e D e p a rt me n t in t h e a re a o f,t h e lio n ' s s h a re o f e f f o rt t h a t is d ire c t e d b y t h e D e p a rt me n t in t h e a re a o f,t h e lio n ' s s h a re o f e f f o rt t h a t is d ire c t e d b y t h e D e p a rt me n t in t h e a re a o f,t h e lio n ' s s h a re o f e f f o rt t h a t is d ire c t e d b y t h e D e p a rt me n t in t h e a re a o f,t h e lio n ' s s h a re o f e f f o rt t h a t is d ire c t e d b y t h e D e p a rt me n t in t h e a re a o f,t h e lio n ' s s h a re o f e f f o rt t h a t is d ire c t e d b y t h e D e p a rt me n t in t h e a re a o f,t h e lio n ' s s h a re o f e f f o rt t h a t is d ire c t e d b y t h e D e p a rt me n t in t h e a re a o f
"t ra f f ic e n f o rc e m e n t . Ea c h ye a r, m a n p o w e r f lu c t u a t e s a n d t h e d e ma n d s","t ra f f ic e n f o rc e m e n t . Ea c h ye a r, m a n p o w e r f lu c t u a t e s a n d t h e d e ma n d s","t ra f f ic e n f o rc e m e n t . Ea c h ye a r, m a n p o w e r f lu c t u a t e s a n d t h e d e ma n d s","t ra f f ic e n f o rc e m e n t . Ea c h ye a r, m a n p o w e r f lu c t u a t e s a n d t h e d e ma n d s","t ra f f ic e n f o rc e m e n t . Ea c h ye a r, m a n p o w e r f lu c t u a t e s a n d t h e d e ma n d s","t ra f f ic e n f o rc e m e n t . Ea c h ye a r, m a n p o w e r f lu c t u a t e s a n d t h e d e ma n d s","t ra f f ic e n f o rc e m e n t . Ea c h ye a r, m a n p o w e r f lu c t u a t e s a n d t h e d e ma n d s","t ra f f ic e n f o rc e m e n t . Ea c h ye a r, m a n p o w e r f lu c t u a t e s a n d t h e d e ma n d s","t ra f f ic e n f o rc e m e n t . Ea c h ye a r, m a n p o w e r f lu c t u a t e s a n d t h e d e ma n d s","t ra f f ic e n f o rc e m e n t . Ea c h ye a r, m a n p o w e r f lu c t u a t e s a n d t h e d e ma n d s","t ra f f ic e n f o rc e m e n t . Ea c h ye a r, m a n p o w e r f lu c t u a t e s a n d t h e d e ma n d s","t ra f f ic e n f o rc e m e n t . Ea c h ye a r, m a n p o w e r f lu c t u a t e s a n d t h e d e ma n d s"
"o n t h e d ivis io n ’s re s o u rc e s a re s t re t c h e d , b u t t h e d ivis io n ma n a g e s t o","o n t h e d ivis io n ’s re s o u rc e s a re s t re t c h e d , b u t t h e d ivis io n ma n a g e s t o","o n t h e d ivis io n ’s re s o u rc e s a re s t re t c h e d , b u t t h e d ivis io n ma n a g e s t o","o n t h e d ivis io n ’s re s o u rc e s a re s t re t c h e d , b u t t h e d ivis io n ma n a g e s t o","o n t h e d ivis io n ’s re s o u rc e s a re s t re t c h e d , b u t t h e d ivis io n ma n a g e s t o","o n t h e d ivis io n ’s re s o u rc e s a re s t re t c h e d , b u t t h e d ivis io n ma n a g e s t o","o n t h e d ivis io n ’s re s o u rc e s a re s t re t c h e d , b u t t h e d ivis io n ma n a g e s t o","o n t h e d ivis io n ’s re s o u rc e s a re s t re t c h e d , b u t t h e d ivis io n ma n a g e s t o","o n t h e d ivis io n ’s re s o u rc e s a re s t re t c h e d , b u t t h e d ivis io n ma n a g e s t o","o n t h e d ivis io n ’s re s o u rc e s a re s t re t c h e d , b u t t h e d ivis io n ma n a g e s t o","o n t h e d ivis io n ’s re s o u rc e s a re s t re t c h e d , b u t t h e d ivis io n ma n a g e s t o","o n t h e d ivis io n ’s re s o u rc e s a re s t re t c h e d , b u t t h e d ivis io n ma n a g e s t o"
s u c c e s s f u lly c o mb a t a ll t yp e s o f vio la t io n s .,s u c c e s s f u lly c o mb a t a ll t yp e s o f vio la t io n s .,s u c c e s s f u lly c o mb a t a ll t yp e s o f vio la t io n s .,s u c c e s s f u lly c o mb a t a ll t yp e s o f vio la t io n s .,s u c c e s s f u lly c o mb a t a ll t yp e s o f vio la t io n s .,s u c c e s s f u lly c o mb a t a ll t yp e s o f vio la t io n s .,s u c c e s s f u lly c o mb a t a ll t yp e s o f vio la t io n s .,s u c c e s s f u lly c o mb a t a ll t yp e s o f vio la t io n s .,,,,
Th e D ivis io n is d ivid e d in t o 4 ro t a t in g s h if t s t h a t w o rk 1 2 H o u r t o u rs o f,Th e D ivis io n is d ivid e d in t o 4 ro t a t in g s h if t s t h a t w o rk 1 2 H o u r t o u rs o f,Th e D ivis io n is d ivid e d in t o 4 ro t a t in g s h if t s t h a t w o rk 1 2 H o u r t o u rs o f,Th e D ivis io n is d ivid e d in t o 4 ro t a t in g s h if t s t h a t w o rk 1 2 H o u r t o u rs o f,Th e D ivis io n is d ivid e d in t o 4 ro t a t in g s h if t s t h a t w o rk 1 2 H o u r t o u rs o f,Th e D ivis io n is d ivid e d in t o 4 ro t a t in g s h if t s t h a t w o rk 1 2 H o u r t o u rs o f,Th e D ivis io n is d ivid e d in t o 4 ro t a t in g s h if t s t h a t w o rk 1 2 H o u r t o u rs o f,Th e D ivis io n is d ivid e d in t o 4 ro t a t in g s h if t s t h a t w o rk 1 2 H o u r t o u rs o f,Th e D ivis io n is d ivid e d in t o 4 ro t a t in g s h if t s t h a t w o rk 1 2 H o u r t o u rs o f,Th e D ivis io n is d ivid e d in t o 4 ro t a t in g s h if t s t h a t w o rk 1 2 H o u r t o u rs o f,Th e D ivis io n is d ivid e d in t o 4 ro t a t in g s h if t s t h a t w o rk 1 2 H o u r t o u rs o f,Th e D ivis io n is d ivid e d in t o 4 ro t a t in g s h if t s t h a t w o rk 1 2 H o u r t o u rs o f
d u t y.,Th e s e,s h if t s,a re,c o mma n d e d,c o mma n d e d,b y,Se rg e a n t s .,Se rg e a n t s .,Th e,D ivis io n,is
c o mma n d e d b y L ie u t e n a n t D e n n is B a c k a n d in 2 0 1 2 t h e D ivis io n w r o t e,c o mma n d e d b y L ie u t e n a n t D e n n is B a c k a n d in 2 0 1 2 t h e D ivis io n w r o t e,c o mma n d e d b y L ie u t e n a n t D e n n is B a c k a n d in 2 0 1 2 t h e D ivis io n w r o t e,c o mma n d e d b y L ie u t e n a n t D e n n is B a c k a n d in 2 0 1 2 t h e D ivis io n w r o t e,c o mma n d e d b y L ie u t e n a n t D e n n is B a c k a n d in 2 0 1 2 t h e D ivis io n w r o t e,c o mma n d e d b y L ie u t e n a n t D e n n is B a c k a n d in 2 0 1 2 t h e D ivis io n w r o t e,c o mma n d e d b y L ie u t e n a n t D e n n is B a c k a n d in 2 0 1 2 t h e D ivis io n w r o t e,c o mma n d e d b y L ie u t e n a n t D e n n is B a c k a n d in 2 0 1 2 t h e D ivis io n w r o t e,c o mma n d e d b y L ie u t e n a n t D e n n is B a c k a n d in 2 0 1 2 t h e D ivis io n w r o t e,c o mma n d e d b y L ie u t e n a n t D e n n is B a c k a n d in 2 0 1 2 t h e D ivis io n w r o t e,c o mma n d e d b y L ie u t e n a n t D e n n is B a c k a n d in 2 0 1 2 t h e D ivis io n w r o t e,c o mma n d e d b y L ie u t e n a n t D e n n is B a c k a n d in 2 0 1 2 t h e D ivis io n w r o t e
"2 ,8 6 0 C rime In c id e n t R e p o rt s .","2 ,8 6 0 C rime In c id e n t R e p o rt s .","2 ,8 6 0 C rime In c id e n t R e p o rt s .","2 ,8 6 0 C rime In c id e n t R e p o rt s .","2 ,8 6 0 C rime In c id e n t R e p o rt s .",,,,,,,
,,ACSO PATROL DIVISION,ACSO PATROL DIVISION,ACSO PATROL DIVISION,ACSO PATROL DIVISION,ACSO PATROL DIVISION,ACSO PATROL DIVISION,ACSO PATROL DIVISION,,,
8,,,,,,,,,,,
7,,,,,,,,,,,
6,,,,,,,,,,A Shift,
5,,,,,,,,,,B Shift,B Shift
,,,,,,,,,,C Shift,C Shift
4,,,,,,,,,,,
,,,,,,,,,,D Shift,D Shift
3,,,,,,,,,,,
,,,,,,,,,,Admin,
2,,,,,,,,,,,
1,,,,,,,,,,,
0,,,,,,,,,,,
,7 Deputies,7 Deputies,,7 Deputies,7 Deputies,7 Deputies,,Lieutenant,,,
Augusta County Sheriff’s Office 2011 Annual Report,Augusta County Sheriff’s Office 2011 Annual Report,Augusta County Sheriff’s Office 2011 Annual Report,Augusta County Sheriff’s Office 2011 Annual Report,Augusta County Sheriff’s Office 2011 Annual Report,Augusta County Sheriff’s Office 2011 Annual Report,Augusta County Sheriff’s Office 2011 Annual Report,,,,Page 8,Page 8
C OURT S ERVICES D IVISION,C OURT S ERVICES D IVISION
The Augusta County Sheriff’s Office Court Services Division consists of Sgt.,The Augusta County Sheriff’s Office Court Services Division consists of Sgt.
"Michael Painter, Corporal Jerry Shifflett and 5 Bailiff’s. The Division provides court","Michael Painter, Corporal Jerry Shifflett and 5 Bailiff’s. The Division provides court"
security in three county courts and is responsible for transporting prisoners to and from,security in three county courts and is responsible for transporting prisoners to and from
"the court complex. In 2011 the Division screened 88,628 court complex visitors, served","the court complex. In 2011 the Division screened 88,628 court complex visitors, served"
"1120 civil papers, completed 188 jail transports and they handled 748 inmates.","1120 civil papers, completed 188 jail transports and they handled 748 inmates."
C IVIL P ROCESS D IVISION,
The Augusta County Sheriff’s Office Civil Process Division consists of Sgt. James,The Augusta County Sheriff’s Office Civil Process Division consists of Sgt. James
“Monty” Sellers and 5 fulltime deputies. In 2012 the Civil Process Division,“Monty” Sellers and 5 fulltime deputies. In 2012 the Civil Process Division
"served 20,251 pieces of civil process of all types.",
TRAFFIC D IVISION,
The Augusta County Sheriff’s Office has a small but active Traffic Division.,The Augusta County Sheriff’s Office has a small but active Traffic Division.
Lieutenant James Mader has been serving as the Department’s Traffic Officer for,Lieutenant James Mader has been serving as the Department’s Traffic Officer for
several years and he is the most active traffic enforcer in the Department. In 2012,several years and he is the most active traffic enforcer in the Department. In 2012
Lt. Mader issued 847 Virginia Uniform Summonses.,
INVESTIGATIVE D IVISION,
The Augusta County Sheriff’s Office Criminal Investigations Division is commanded,The Augusta County Sheriff’s Office Criminal Investigations Division is commanded
by Lt. Aaron Leveck and consists of Sgt. Brian Jenkins and four investigators in,by Lt. Aaron Leveck and consists of Sgt. Brian Jenkins and four investigators in
General Investigations. Lt. A.C. Powers retired in 2012 after 20 years of service.,General Investigations. Lt. A.C. Powers retired in 2012 after 20 years of service.
Investigators are on call for all manner of criminal investigations and in 2012 they wrote,Investigators are on call for all manner of criminal investigations and in 2012 they wrote
249 initial reports and handled 562 cases.,
Investigators can also be found in specialized units such as the Drug Task Force,Investigators can also be found in specialized units such as the Drug Task Force
which has a Sergeant and two investigators and the Regional Gang Task Force,which has a Sergeant and two investigators and the Regional Gang Task Force
which has one investigator.,
S UPPORT S ERVICES,
"In 2012, Lt. Back processed 47 post arrest DNA samples and 683 concealed weapons","In 2012, Lt. Back processed 47 post arrest DNA samples and 683 concealed weapons"
permit applications and renewals.,
Augusta County Sheriff’s Office 2011 Annual Report,Page 9
S CHOOL R ESOURCE D IVISION,S CHOOL R ESOURCE D IVISION
The Augusta County Sheriff’s Office School Resource Division is commanded by,The Augusta County Sheriff’s Office School Resource Division is commanded by
Sgt. Rick Modlin and three School Resource Officers. These deputies provide police,Sgt. Rick Modlin and three School Resource Officers. These deputies provide police
"services at all of the County’s High Schools, Middle Schools and Elementary Schools.","services at all of the County’s High Schools, Middle Schools and Elementary Schools."
C RIME P REVENTION,
The Augusta County Sheriff’s Office Crime Prevention Officer is Corporal Derek,The Augusta County Sheriff’s Office Crime Prevention Officer is Corporal Derek
"Almarode. He is responsible for the Department’s Neighborhood Watch Program,","Almarode. He is responsible for the Department’s Neighborhood Watch Program,"
"Business Watch Program, National Night out and virtually every aspect of our crime","Business Watch Program, National Night out and virtually every aspect of our crime"
prevention activities.,
Augusta County Sheriff’s Office 2011 Annual Report,Page 10
O R G A N I Z A T I O N A L C H A R T,O R G A N I Z A T I O N A L C H A R T
Augusta County Sheriff’s Office 2011 Annual Report,Page 11
2 0 1 2 A W A R D S,
In 2 0 1 2 t h e Au g u s t a C o u n t y Sh e r if f ’s Of f ic e re c e ive d t h e f o llo w in g,In 2 0 1 2 t h e Au g u s t a C o u n t y Sh e r if f ’s Of f ic e re c e ive d t h e f o llo w in g
D e p a rt me n t a l Aw a rd :,
2nd Place in the 2012 Virginia Law Enforcement Challenge,
In d ivid u a l o f f ic e rs a n d u n it s a ls o re c e ive d t h e f o llo w in g re c o g n it io n :,In d ivid u a l o f f ic e rs a n d u n it s a ls o re c e ive d t h e f o llo w in g re c o g n it io n :
2012 Deputy of the Year – Inv. Joel Good,
"Distinguished Service Medal – Lt. Mader, Lt. Powers, Inv. McCormick","Distinguished Service Medal – Lt. Mader, Lt. Powers, Inv. McCormick"
Sheriff’s Medal - Deputy Snyder and Deputy Deanes,
Sheriff’s Commendation – Sgt. Tony Shifflett,
"Supervisors Commendation - Deputy Wells, Deputy Pultz, Deputy Smith,","Supervisors Commendation - Deputy Wells, Deputy Pultz, Deputy Smith,"
"Deputy Ross, Deputy Bryant, Deputy Moran, Deputy Hammersberg, Sgt.","Deputy Ross, Deputy Bryant, Deputy Moran, Deputy Hammersberg, Sgt."
"Lotts, Dispatcher Coyner and Administrative Assistant Parr.",
Tra f f ic Sa f e t y En f o rc e me n t Aw a r d s,
2012 Occupant Protection Award - Lt. James Mader (121),
2012 DUI Enforcement Award - Deputy Scott Craig (15),
2012 Speed Enforcement Award - Lt. James Mader (512),
Augusta County Sheriff’s Office 2011 Annual Report,Page 12
S T A T I S T I C S F O R 2 0 1 2,
"C ivil Pro c e s s Se rve d : 2 0 ,2 4 1",
"To t a l C rime In c id e n t R e p o rt s : 3 ,4 5 6",
"C rimin a l Wa rra n t s Se rve d : 4 ,8 0 9",
Pro t e c t ive Ord e rs Se rve d : 9 7 5,
"Tra f f ic C h a rg e s : 4 ,7 2 5",
Au g u s t a C o u n t y D U I Arre s t s : 5 9,
Augusta County Sheriff’s Office 2011 Annual Report,Page 13
,2012 Group A Offenses,2012 Group A Offenses,2012 Group A Offenses,2012 Group A Offenses,2012 Group A Offenses,
Population,Incident rate,Total,Murder Non-,Kidnapping/,Forcible,Other Forcible
,"per 100,000",Incidents,negligent,Abduction,Rape,Sex Offense
,,,Manslaughter,,,
"73,792",2108.62,1556,2,13,13,13
Robbery,Aggravated,Simple,Arson,Blackmail/,Burglary,Larceny
,Assault,Assault/,,Extortion,,
,,Intimidation,,,,
7,64,162,1,2,124,663
Motor,Counterfeitin,Fraud,Embezzlement,Stolen,Destruction,Drug/Narcotic
Vehicle,g,,,Property,Vandalism,Offense
Theft,Forgery,,,,,
34,54,102,26,7,236,130
Non Forcible,Pornography,Gambling,Prostitution,Bribery,Weapon Law,
Sex Offense,,,,,Violations,
4,4,0,0,0,40,
Augusta County Sheriff’s Office 2011 Annual Report,Augusta County Sheriff’s Office 2011 Annual Report,Augusta County Sheriff’s Office 2011 Annual Report,Augusta County Sheriff’s Office 2011 Annual Report,,,Page 14
2012 Adult and Juvenile Arrests,2012 Adult and Juvenile Arrests,
ARRESTS BY,ADULT,JUVENILE
OFFENSE,,
,4,0
Murder,,
,0,0
Negligent Manslaughter,,
,8,0
Kidnapping,,
,13,0
Sex Offense,,
,3,0
Forcible Robbery,,
,24,0
Aggravated Assault,,
,91,0
Simple Assault/Intimidation,,
,1,0
Arson,,
,0,0
Extortion/Blackmail,,
,47,0
Burglary,,
,122,2
Larceny,,
,1,0
Motor Vehicle Theft,,
,12,0
Counterfeiting/Forgery,,
,18,0
Fraud,,
,11,0
Embezzlement,,
,12,0
Stolen Property,,
,12,0
Vandalism,,
,101,0
Drug/Narcotic Offense,,
,1,0
"Sex Offenses, Non-forcible",,
,0,0
Pornography,,
,0,0
Gambling,,
,0,0
Prostitution,,
Augusta County Sheriff’s Office 2011 Annual Report,Augusta County Sheriff’s Office 2011 Annual Report,Page 15
,0,0
Bribery,,
,23,0
Weapon Law Violations,,
TOTAL GROUP A,503,2
ARRESTS BY,ADULT,JUVENILE
OFFENSE,,
,24,0
Bad Checks,,
,0,0
Curfew/Loitering/Vagrancy,,
,23,0
Disorderly Conduct,,
,156,3
Driving Under Influence,,
,171,1
Drunkenness,,
,16,0
Family Offense Non-forcible,,
,35,6
Liquor Law Violations,,
,0,0
Peeping Tom,,
,0,0
Runaway,,
,37,0
Trespass of Real Property,,
,0,0
Conspiracy,,
,638,9
All Other except Traffic,,
,1100,19
TOTAL GROUP B,,
,1603,21
GRAND TOTAL,,
Augusta County Sheriff’s Office 2011 Annual Report,Augusta County Sheriff’s Office 2011 Annual Report,Page 16
