Name: “Table 1 of 1 on page 15 of 17”,Name: “Table 1 of 1 on page 15 of 17”,Name: “Table 1 of 1 on page 15 of 17”,Name: “Table 1 of 1 on page 15 of 17”,Name: “Table 1 of 1 on page 15 of 17”,Name: “Table 1 of 1 on page 15 of 17”,Name: “Table 1 of 1 on page 15 of 17”
Table: 15,Table: 15,Table: 15,Table: 15,Table: 15,Table: 15,Table: 15
,,,,,,
,2012 Group A Offenses,2012 Group A Offenses,2012 Group A Offenses,2012 Group A Offenses,2012 Group A Offenses,
Population,Incident rate,Total,Murder Non-,Kidnapping/,Forcible,Other Forcible
,"per 100,000",Incidents,negligent,Abduction,Rape,Sex Offense
,,,Manslaughter,,,
"73,792",2108.62,1556,2,13,13,13
Robbery,Aggravated,Simple,Arson,Blackmail/,Burglary,Larceny
,Assault,Assault/,,Extortion,,
,,Intimidation,,,,
7,64,162,1,2,124,663
Motor,Counterfeitin,Fraud,Embezzlement,Stolen,Destruction,Drug/Narcotic
Vehicle,g,,,Property,Vandalism,Offense
Theft,Forgery,,,,,
34,54,102,26,7,236,130
Non Forcible,Pornography,Gambling,Prostitution,Bribery,Weapon Law,
Sex Offense,,,,,Violations,
4,4,0,0,0,40,
Augusta County Sheriff’s Office 2011 Annual Report,Augusta County Sheriff’s Office 2011 Annual Report,Augusta County Sheriff’s Office 2011 Annual Report,Augusta County Sheriff’s Office 2011 Annual Report,,,Page 14
