Name: “Table 1 of 1 on page 6 of 17”,Name: “Table 1 of 1 on page 6 of 17”,Name: “Table 1 of 1 on page 6 of 17”,Name: “Table 1 of 1 on page 6 of 17”,Name: “Table 1 of 1 on page 6 of 17”,Name: “Table 1 of 1 on page 6 of 17”,Name: “Table 1 of 1 on page 6 of 17”,Name: “Table 1 of 1 on page 6 of 17”,Name: “Table 1 of 1 on page 6 of 17”,Name: “Table 1 of 1 on page 6 of 17”
Table: 6,Table: 6,Table: 6,Table: 6,Table: 6,Table: 6,Table: 6,Table: 6,Table: 6,Table: 6
,,,,,,,,,
,M I S S I O N S T A T E M E N T,M I S S I O N S T A T E M E N T,M I S S I O N S T A T E M E N T,M I S S I O N S T A T E M E N T,M I S S I O N S T A T E M E N T,M I S S I O N S T A T E M E N T,M I S S I O N S T A T E M E N T,,
“THE MISSION OF THE AUGUSTA COUNTY SHERIFF’S,“THE MISSION OF THE AUGUSTA COUNTY SHERIFF’S,“THE MISSION OF THE AUGUSTA COUNTY SHERIFF’S,“THE MISSION OF THE AUGUSTA COUNTY SHERIFF’S,“THE MISSION OF THE AUGUSTA COUNTY SHERIFF’S,“THE MISSION OF THE AUGUSTA COUNTY SHERIFF’S,“THE MISSION OF THE AUGUSTA COUNTY SHERIFF’S,“THE MISSION OF THE AUGUSTA COUNTY SHERIFF’S,“THE MISSION OF THE AUGUSTA COUNTY SHERIFF’S,“THE MISSION OF THE AUGUSTA COUNTY SHERIFF’S
OFFICE,IS,TO,PROVIDE,,THE,HIGHEST,LEVEL,LEVEL,OF
"EFFECTIVE,","EFFECTIVE,",,EFFICENT,,AND,PROACTIVE,PROACTIVE,,LAW
ENFORCEMENT SERVICES AVAILABLE TO ALL WHO LIVE,ENFORCEMENT SERVICES AVAILABLE TO ALL WHO LIVE,ENFORCEMENT SERVICES AVAILABLE TO ALL WHO LIVE,ENFORCEMENT SERVICES AVAILABLE TO ALL WHO LIVE,ENFORCEMENT SERVICES AVAILABLE TO ALL WHO LIVE,ENFORCEMENT SERVICES AVAILABLE TO ALL WHO LIVE,ENFORCEMENT SERVICES AVAILABLE TO ALL WHO LIVE,ENFORCEMENT SERVICES AVAILABLE TO ALL WHO LIVE,ENFORCEMENT SERVICES AVAILABLE TO ALL WHO LIVE,ENFORCEMENT SERVICES AVAILABLE TO ALL WHO LIVE
IN OR TRAVEL THROUGH AUGUSTA COUNTY WITHOUT,IN OR TRAVEL THROUGH AUGUSTA COUNTY WITHOUT,IN OR TRAVEL THROUGH AUGUSTA COUNTY WITHOUT,IN OR TRAVEL THROUGH AUGUSTA COUNTY WITHOUT,IN OR TRAVEL THROUGH AUGUSTA COUNTY WITHOUT,IN OR TRAVEL THROUGH AUGUSTA COUNTY WITHOUT,IN OR TRAVEL THROUGH AUGUSTA COUNTY WITHOUT,IN OR TRAVEL THROUGH AUGUSTA COUNTY WITHOUT,IN OR TRAVEL THROUGH AUGUSTA COUNTY WITHOUT,IN OR TRAVEL THROUGH AUGUSTA COUNTY WITHOUT
"REGUARD TO RACE, ETHNICITY OR RELIGION.","REGUARD TO RACE, ETHNICITY OR RELIGION.","REGUARD TO RACE, ETHNICITY OR RELIGION.","REGUARD TO RACE, ETHNICITY OR RELIGION.","REGUARD TO RACE, ETHNICITY OR RELIGION.","REGUARD TO RACE, ETHNICITY OR RELIGION.","REGUARD TO RACE, ETHNICITY OR RELIGION.","REGUARD TO RACE, ETHNICITY OR RELIGION.",,
THE,PARAMOUNT GOAL IN DOING SO SHALL BE TO,PARAMOUNT GOAL IN DOING SO SHALL BE TO,PARAMOUNT GOAL IN DOING SO SHALL BE TO,PARAMOUNT GOAL IN DOING SO SHALL BE TO,PARAMOUNT GOAL IN DOING SO SHALL BE TO,PARAMOUNT GOAL IN DOING SO SHALL BE TO,PARAMOUNT GOAL IN DOING SO SHALL BE TO,PARAMOUNT GOAL IN DOING SO SHALL BE TO,PARAMOUNT GOAL IN DOING SO SHALL BE TO
MAKE AUGUSTA COUNTY A PLACE WHERE PEOPLE,MAKE AUGUSTA COUNTY A PLACE WHERE PEOPLE,MAKE AUGUSTA COUNTY A PLACE WHERE PEOPLE,MAKE AUGUSTA COUNTY A PLACE WHERE PEOPLE,MAKE AUGUSTA COUNTY A PLACE WHERE PEOPLE,MAKE AUGUSTA COUNTY A PLACE WHERE PEOPLE,MAKE AUGUSTA COUNTY A PLACE WHERE PEOPLE,MAKE AUGUSTA COUNTY A PLACE WHERE PEOPLE,MAKE AUGUSTA COUNTY A PLACE WHERE PEOPLE,MAKE AUGUSTA COUNTY A PLACE WHERE PEOPLE
CAN,VISIT,AND,LIVE,WITHOUT,WITHOUT,ANY,FEAR,FOR,THE
SAFETY,OR,WELLBEING,WELLBEING,,OF,"THEMSELVES,","THEMSELVES,",THEIR,THEIR
"FAMILY, OR THEIR PROPERTY.","FAMILY, OR THEIR PROPERTY.","FAMILY, OR THEIR PROPERTY.","FAMILY, OR THEIR PROPERTY.","FAMILY, OR THEIR PROPERTY.","FAMILY, OR THEIR PROPERTY.",,,,
"DEDICATION,","DEDICATION,","DEDICATION,","LOYALTY,","INTEGRITY,","INTEGRITY,","INTEGRITY,",AND,JUSTICE,JUSTICE
SHALL BE THE HALLMARKS OF OUR EFFORT AND A,SHALL BE THE HALLMARKS OF OUR EFFORT AND A,SHALL BE THE HALLMARKS OF OUR EFFORT AND A,SHALL BE THE HALLMARKS OF OUR EFFORT AND A,SHALL BE THE HALLMARKS OF OUR EFFORT AND A,SHALL BE THE HALLMARKS OF OUR EFFORT AND A,SHALL BE THE HALLMARKS OF OUR EFFORT AND A,SHALL BE THE HALLMARKS OF OUR EFFORT AND A,SHALL BE THE HALLMARKS OF OUR EFFORT AND A,SHALL BE THE HALLMARKS OF OUR EFFORT AND A
QUALITY,,OF,LIFE,ENJOYED,ENJOYED,BY,THE,"PUBLIC,","PUBLIC,"
UNFETTERED,UNFETTERED,UNFETTERED,BY,"CRIME,",SHALL,SERVE,SERVE,AS,THE
"BENCHMARK OF OUR SUCCESS.""","BENCHMARK OF OUR SUCCESS.""","BENCHMARK OF OUR SUCCESS.""","BENCHMARK OF OUR SUCCESS.""","BENCHMARK OF OUR SUCCESS.""","BENCHMARK OF OUR SUCCESS.""",,,,
Augusta County Sheriff’s Office 2011 Annual Report,Augusta County Sheriff’s Office 2011 Annual Report,Augusta County Sheriff’s Office 2011 Annual Report,Augusta County Sheriff’s Office 2011 Annual Report,Augusta County Sheriff’s Office 2011 Annual Report,Augusta County Sheriff’s Office 2011 Annual Report,,,,Page 5
