Name: “Table 1 of 1 on page 5 of 17”,Name: “Table 1 of 1 on page 5 of 17”
Table: 5,Table: 5
,
Randall Fisher,Randall Fisher
"Sheriff Augusta County, Virginia","Sheriff Augusta County, Virginia"
Randall “Randy” Fisher joined the Augusta County Sheriff’s Office in 1972 as a jail officer. He,Randall “Randy” Fisher joined the Augusta County Sheriff’s Office in 1972 as a jail officer. He
"worked his way through the ranks as a Patrol Deputy, Investigator, Lieutenant, and Captain.","worked his way through the ranks as a Patrol Deputy, Investigator, Lieutenant, and Captain."
Randy was appointed interim Sheriff in 1998 after the untimely death of Sheriff Glenn P.,Randy was appointed interim Sheriff in 1998 after the untimely death of Sheriff Glenn P.
"Lloyd, who had held the office for almost 14 years. Randy was elected as Sheriff in a special","Lloyd, who had held the office for almost 14 years. Randy was elected as Sheriff in a special"
"election in 1998, and ran unopposed in the regular election in 1999. He has been re-elected to","election in 1998, and ran unopposed in the regular election in 1999. He has been re-elected to"
three additional terms. Randy resides near the village of Crimora with his wife Elizabeth. They,three additional terms. Randy resides near the village of Crimora with his wife Elizabeth. They
"have two sons, Matthew and Alex.",
Sheriff Fisher is a graduate of Blue Ridge Community College and the Virginia Forensic,Sheriff Fisher is a graduate of Blue Ridge Community College and the Virginia Forensic
Academy. The Sheriff is also a 1992 graduate of the FBI National Academy. Sheriff Fisher,Academy. The Sheriff is also a 1992 graduate of the FBI National Academy. Sheriff Fisher
currently serves on numerous local boards and he recently served as the interim director,currently serves on numerous local boards and he recently served as the interim director
of the Central Shenandoah Criminal Justice Training Academy.,
Augusta County Sheriff’s Office 2011 Annual Report,Page 4
