Name: “Table 1 of 1 on page 10 of 17”,Name: “Table 1 of 1 on page 10 of 17”
Table: 10,Table: 10
,
C OURT S ERVICES D IVISION,C OURT S ERVICES D IVISION
The Augusta County Sheriff’s Office Court Services Division consists of Sgt.,The Augusta County Sheriff’s Office Court Services Division consists of Sgt.
"Michael Painter, Corporal Jerry Shifflett and 5 Bailiff’s. The Division provides court","Michael Painter, Corporal Jerry Shifflett and 5 Bailiff’s. The Division provides court"
security in three county courts and is responsible for transporting prisoners to and from,security in three county courts and is responsible for transporting prisoners to and from
"the court complex. In 2011 the Division screened 88,628 court complex visitors, served","the court complex. In 2011 the Division screened 88,628 court complex visitors, served"
"1120 civil papers, completed 188 jail transports and they handled 748 inmates.","1120 civil papers, completed 188 jail transports and they handled 748 inmates."
C IVIL P ROCESS D IVISION,
The Augusta County Sheriff’s Office Civil Process Division consists of Sgt. James,The Augusta County Sheriff’s Office Civil Process Division consists of Sgt. James
“Monty” Sellers and 5 fulltime deputies. In 2012 the Civil Process Division,“Monty” Sellers and 5 fulltime deputies. In 2012 the Civil Process Division
"served 20,251 pieces of civil process of all types.",
TRAFFIC D IVISION,
The Augusta County Sheriff’s Office has a small but active Traffic Division.,The Augusta County Sheriff’s Office has a small but active Traffic Division.
Lieutenant James Mader has been serving as the Department’s Traffic Officer for,Lieutenant James Mader has been serving as the Department’s Traffic Officer for
several years and he is the most active traffic enforcer in the Department. In 2012,several years and he is the most active traffic enforcer in the Department. In 2012
Lt. Mader issued 847 Virginia Uniform Summonses.,
INVESTIGATIVE D IVISION,
The Augusta County Sheriff’s Office Criminal Investigations Division is commanded,The Augusta County Sheriff’s Office Criminal Investigations Division is commanded
by Lt. Aaron Leveck and consists of Sgt. Brian Jenkins and four investigators in,by Lt. Aaron Leveck and consists of Sgt. Brian Jenkins and four investigators in
General Investigations. Lt. A.C. Powers retired in 2012 after 20 years of service.,General Investigations. Lt. A.C. Powers retired in 2012 after 20 years of service.
Investigators are on call for all manner of criminal investigations and in 2012 they wrote,Investigators are on call for all manner of criminal investigations and in 2012 they wrote
249 initial reports and handled 562 cases.,
Investigators can also be found in specialized units such as the Drug Task Force,Investigators can also be found in specialized units such as the Drug Task Force
which has a Sergeant and two investigators and the Regional Gang Task Force,which has a Sergeant and two investigators and the Regional Gang Task Force
which has one investigator.,
S UPPORT S ERVICES,
"In 2012, Lt. Back processed 47 post arrest DNA samples and 683 concealed weapons","In 2012, Lt. Back processed 47 post arrest DNA samples and 683 concealed weapons"
permit applications and renewals.,
Augusta County Sheriff’s Office 2011 Annual Report,Page 9
