Name: “Table 1 of 1 on page 4 of 17”,Name: “Table 1 of 1 on page 4 of 17”
Table: 4,Table: 4
,
H ISTOR Y,
"A u gu s t a Co u n t y wa s f o rm e d in 1 7 3 8 a n d n a m e d f o r A u gu s t a , t h e P rin c e s s o f W a le s","A u gu s t a Co u n t y wa s f o rm e d in 1 7 3 8 a n d n a m e d f o r A u gu s t a , t h e P rin c e s s o f W a le s"
"a n d Mo t h e r o f K in g G e o rge , I I I . T h e c o u n t y b o u n d a rie s o n c e s t re t c h e d a ll t h e wa y t o t h e","a n d Mo t h e r o f K in g G e o rge , I I I . T h e c o u n t y b o u n d a rie s o n c e s t re t c h e d a ll t h e wa y t o t h e"
"Mis s iss ip p i Rive r. C u rre n t ly, t h e Co u n t y c o ve rs 9 6 7 s qu a re m il e s , m o re t h a n h a lf o f t h e","Mis s iss ip p i Rive r. C u rre n t ly, t h e Co u n t y c o ve rs 9 6 7 s qu a re m il e s , m o re t h a n h a lf o f t h e"
s ize o f Rh o d e I s la n d . I t is t h e s e c o n d la rge s t c o u n t y (in la n d a re a ) in V irgin ia .,s ize o f Rh o d e I s la n d . I t is t h e s e c o n d la rge s t c o u n t y (in la n d a re a ) in V irgin ia .
POPU L ATION,
"A c c o rd in g t o t h e 2 0 1 0 Ce n s u s , t h e re a re 7 3 , 7 9 2 p e o p le in A u gu s t a Co u n t y. Co m b in e d","A c c o rd in g t o t h e 2 0 1 0 Ce n s u s , t h e re a re 7 3 , 7 9 2 p e o p le in A u gu s t a Co u n t y. Co m b in e d"
"wit h S t a u n t o n a n d W a yn e s b o ro , V A , t h e a re a p o p u la t io n e xc e e d s 1 1 0 , 0 0 0 . T h e m e d ia n","wit h S t a u n t o n a n d W a yn e s b o ro , V A , t h e a re a p o p u la t io n e xc e e d s 1 1 0 , 0 0 0 . T h e m e d ia n"
a ge in A u gu s t a Co u n t y is 3 9 .,
GOVER N M EN T,
A u gu s t a Co u n t y is go ve rn e d b y a s e ve n m e m b e r B o a rd o f S u p e rvis o rs . T h e Co u n t y is,A u gu s t a Co u n t y is go ve rn e d b y a s e ve n m e m b e r B o a rd o f S u p e rvis o rs . T h e Co u n t y is
d ivid e d in t o s e ve n m a gis t e ria l d is t ric t s wit h B o a rd m e m b e rs e le c t e d f ro m e a c h d is t ric t .,d ivid e d in t o s e ve n m a gis t e ria l d is t ric t s wit h B o a rd m e m b e rs e le c t e d f ro m e a c h d is t ric t .
T h e B o a rd o f S u p e rvis o rs m e e t s o n t h e s e c o n d a n d f o u rt h W e d n e s d a y o f e a c h m o n t h,T h e B o a rd o f S u p e rvis o rs m e e t s o n t h e s e c o n d a n d f o u rt h W e d n e s d a y o f e a c h m o n t h
a t 7 : 0 0 p . m .,
EC ON OM Y,
A u gu s t a Co u n t y h a s a d ive rs e e c o n o m y. W h ile m a n u f a c t u rin g a c c o u n t s f o r,A u gu s t a Co u n t y h a s a d ive rs e e c o n o m y. W h ile m a n u f a c t u rin g a c c o u n t s f o r
"a p p ro xim a t e ly 3 0 % o f t h e jo b s in t h e Co u n t y, t h e go ve rn m e n t a l, s e rvic e s , a n d t ra d e","a p p ro xim a t e ly 3 0 % o f t h e jo b s in t h e Co u n t y, t h e go ve rn m e n t a l, s e rvic e s , a n d t ra d e"
"s e c t o rs a re a ls o ve ry s t ro n g. I n f a c t , t h e A u gu s t a Co rre c t io n a l Ce n t e r a n d T a rge t a re","s e c t o rs a re a ls o ve ry s t ro n g. I n f a c t , t h e A u gu s t a Co rre c t io n a l Ce n t e r a n d T a rge t a re"
t wo o f t h e Co u n t y's la rge s t e m p lo ye rs .,
AGR IC U L TU R E,
Agriculture has traditionally been an important part of the County's economy. This,Agriculture has traditionally been an important part of the County's economy. This
"remains true today. As of January 1, 2000, Augusta County had 37,400 beef cows and","remains true today. As of January 1, 2000, Augusta County had 37,400 beef cows and"
"75,000 sheep and lambs, ranking first in both categories in Virginia. According to the","75,000 sheep and lambs, ranking first in both categories in Virginia. According to the"
"latest Census of Agriculture, there are 1,499 farms in Augusta County covering more","latest Census of Agriculture, there are 1,499 farms in Augusta County covering more"
"than 282,000 acres. The average farm in the County is 188 acres.",
Augusta County Sheriff’s Office 2011 Annual Report,Page 3
