Name: “Table 1 of 1 on page 13 of 17”,Name: “Table 1 of 1 on page 13 of 17”
Table: 13,Table: 13
,
2 0 1 2 A W A R D S,
In 2 0 1 2 t h e Au g u s t a C o u n t y Sh e r if f ’s Of f ic e re c e ive d t h e f o llo w in g,In 2 0 1 2 t h e Au g u s t a C o u n t y Sh e r if f ’s Of f ic e re c e ive d t h e f o llo w in g
D e p a rt me n t a l Aw a rd :,
2nd Place in the 2012 Virginia Law Enforcement Challenge,
In d ivid u a l o f f ic e rs a n d u n it s a ls o re c e ive d t h e f o llo w in g re c o g n it io n :,In d ivid u a l o f f ic e rs a n d u n it s a ls o re c e ive d t h e f o llo w in g re c o g n it io n :
2012 Deputy of the Year – Inv. Joel Good,
"Distinguished Service Medal – Lt. Mader, Lt. Powers, Inv. McCormick","Distinguished Service Medal – Lt. Mader, Lt. Powers, Inv. McCormick"
Sheriff’s Medal - Deputy Snyder and Deputy Deanes,
Sheriff’s Commendation – Sgt. Tony Shifflett,
"Supervisors Commendation - Deputy Wells, Deputy Pultz, Deputy Smith,","Supervisors Commendation - Deputy Wells, Deputy Pultz, Deputy Smith,"
"Deputy Ross, Deputy Bryant, Deputy Moran, Deputy Hammersberg, Sgt.","Deputy Ross, Deputy Bryant, Deputy Moran, Deputy Hammersberg, Sgt."
"Lotts, Dispatcher Coyner and Administrative Assistant Parr.",
Tra f f ic Sa f e t y En f o rc e me n t Aw a r d s,
2012 Occupant Protection Award - Lt. James Mader (121),
2012 DUI Enforcement Award - Deputy Scott Craig (15),
2012 Speed Enforcement Award - Lt. James Mader (512),
Augusta County Sheriff’s Office 2011 Annual Report,Page 12
