Name: “Table 1 of 1 on page 16 of 17”,Name: “Table 1 of 1 on page 16 of 17”,Name: “Table 1 of 1 on page 16 of 17”
Table: 16,Table: 16,Table: 16
,,
2012 Adult and Juvenile Arrests,2012 Adult and Juvenile Arrests,
ARRESTS BY,ADULT,JUVENILE
OFFENSE,,
,4,0
Murder,,
,0,0
Negligent Manslaughter,,
,8,0
Kidnapping,,
,13,0
Sex Offense,,
,3,0
Forcible Robbery,,
,24,0
Aggravated Assault,,
,91,0
Simple Assault/Intimidation,,
,1,0
Arson,,
,0,0
Extortion/Blackmail,,
,47,0
Burglary,,
,122,2
Larceny,,
,1,0
Motor Vehicle Theft,,
,12,0
Counterfeiting/Forgery,,
,18,0
Fraud,,
,11,0
Embezzlement,,
,12,0
Stolen Property,,
,12,0
Vandalism,,
,101,0
Drug/Narcotic Offense,,
,1,0
"Sex Offenses, Non-forcible",,
,0,0
Pornography,,
,0,0
Gambling,,
,0,0
Prostitution,,
Augusta County Sheriff’s Office 2011 Annual Report,Augusta County Sheriff’s Office 2011 Annual Report,Page 15
