Name: “Table 1 of 1 on page 8 of 17”,Name: “Table 1 of 1 on page 8 of 17”,Name: “Table 1 of 1 on page 8 of 17”
Table: 8,Table: 8,Table: 8
,,
A C S O S T A F F O F F I C E R S,A C S O S T A F F O F F I C E R S,A C S O S T A F F O F F I C E R S
,C AP TAI N G LE NN H ANGE R,
,CH IE F DEPU T Y,
PATR OL,I N VE STIGATION S,T R AFFIC
L T. DE NNI S B A CK,L T. A . M. L E V E CK,L T. J A ME S MA D E R
Augusta County Sheriff’s Office 2011 Annual Report,Augusta County Sheriff’s Office 2011 Annual Report,Page 7
