Name: “Table 1 of 1 on page 11 of 17”,Name: “Table 1 of 1 on page 11 of 17”
Table: 11,Table: 11
,
S CHOOL R ESOURCE D IVISION,S CHOOL R ESOURCE D IVISION
The Augusta County Sheriff’s Office School Resource Division is commanded by,The Augusta County Sheriff’s Office School Resource Division is commanded by
Sgt. Rick Modlin and three School Resource Officers. These deputies provide police,Sgt. Rick Modlin and three School Resource Officers. These deputies provide police
"services at all of the County’s High Schools, Middle Schools and Elementary Schools.","services at all of the County’s High Schools, Middle Schools and Elementary Schools."
C RIME P REVENTION,
The Augusta County Sheriff’s Office Crime Prevention Officer is Corporal Derek,The Augusta County Sheriff’s Office Crime Prevention Officer is Corporal Derek
"Almarode. He is responsible for the Department’s Neighborhood Watch Program,","Almarode. He is responsible for the Department’s Neighborhood Watch Program,"
"Business Watch Program, National Night out and virtually every aspect of our crime","Business Watch Program, National Night out and virtually every aspect of our crime"
prevention activities.,
Augusta County Sheriff’s Office 2011 Annual Report,Page 10
