"Bureau of Justice Statistics",,,,,,,,,,,,,,
"filename:  cv0146.csv",,,,,,,,,,,,,,
"Table 46: Percent distribution of multiple-offender victimizations, by type of crime and perceived race of offenders",,,,,,,,,,,,,,
"data source: National Criminal Victimization Survey, 2001   NCJ 197064",,,,,,,,,,,,,,
"produced by:  Cathy Maston ",,,,,,,,,,,,,,
"authors:  Patsy Klaus and Cathy Maston",,,,,,,,,,,,,,
"refer questions to:  askbjs@ojp.usdoj.gov     202-307-0765",,,,,,,,,,,,,,
"date of version: 10/31/02",,,,,,,,,,,,,,
,,,,,,,,,,,,,,
"Table 46. Personal crimes of violence, 2001: Percent distribution of multiple-offender victimizations, by type of crime and perceived race of offenders",,,,,,,,,,,,,,
"                                                                                                                           ",,,,,,,,,,,,,,
,,,"                                                        Percent of all multiple-offender victimizations",,,,,,,,,,,
,,,,,"                                                        Perceived race of offenders",,,,,,,,,
"Type of crime","Number of multiple-offender victimizations",,"Total",," All white",," All black",," All other",," Mixed  races",,"Not known and not available",
,,,,,,,,,,,,,,
"Crimes of violence",1176880,,100,"%",38.1,"%",35.6,"%",9.9,"%",11.4,"%",5.0,"%"
,,,,,,,,,,,,,,
"   Completed violence",472310,,100,,32.9,,46.3,,6.1,"*",9.9,,4.9,"*"
"   Attempted/threatened violence",704560,,100,,41.6,,28.5,,12.5,,12.4,,5.0,
"   Rape/Sexual assault/a",11440,"*",100,"*",21.8,"*",40.3,"*",37.9,"*","0.0","*","0.0","*"
"   Robbery",277760,,100,,15.3,,64.3,,10.4,,7.2,"*",2.9,"*"
"      Completed/property taken",198650,,100,,13.3,"*",66.9,,8.4,"*",7.4,"*",4.0,"*"
"         With injury",90310,,100,,7.9,"*",66.2,,9.4,"*",10.5,"*",6.1,"*"
"         Without injury",108330,,100,,17.8,"*",67.4,,7.5,"*",4.9,"*",2.3,"*"
"      Attempted to take property",79100,,100,,20.1,"*",57.8,,15.4,"*",6.7,"*","0.0","*"
"         With injury",17750,"*",100,"*","0.0","*",71.9,"*",14.0,"*",14.1,"*","0.0","*"
"         Without injury",61350,,100,,26.0,"*",53.7,,15.8,"*",4.5,"*","0.0","*"
"   Assault",887680,,100,,45.4,,26.6,,9.4,,12.9,,5.7,
"      Aggravated",284950,,100,,36.7,,31.9,,9.8,"*",16.4,,5.2,"*"
"      Simple",602730,,100,,49.6,,24.1,,9.2,,11.2,,5.9,
,,,,,,,,,,,,,,
"Note: Detail may not add to total shown because of rounding.",,,,,,,,,,,,,,
"*Estimate is based on about 10 or fewer sample cases.",,,,,,,,,,,,,,
"a/Includes verbal threats of rape and threats of sexual assault.",,,,,,,,,,,,,,
