"Bureau of Justice Statistics",,,,,,,,
"filename:  cv0111.csv",,,,,,,,
"Table 11: Victimization rates for persons age 12 and over, by type of crime and marital status of victims",,,,,,,,
"data source: National Criminal Victimization Survey, 2001   NCJ 197064",,,,,,,,
"produced by:  Cathy Maston ",,,,,,,,
"authors:  Patsy Klaus and Cathy Maston",,,,,,,,
"refer questions to:  askbjs@ojp.usdoj.gov     202-307-0765",,,,,,,,
"date of version: 10/31/02",,,,,,,,
,,,,,,,,
"Table 11. Personal crimes, 2001: Victimization rates for persons age 12 and over, by type of crime and marital status of victims",,,,,,,,
"                                                                                                       ",,,,,,,,
,"                               Rate per 1,000 persons age 12 and over",,,,,,,
"Type of crime","Never married",,"Married",,"         Widowed",,"     Divorced or separated",
,,,,,,,,
"All personal crimes",46.5,,11.6,,8.5,,42.8,
,,,,,,,,
"Crimes of violence",44.7,,11.4,,7.7,,42.0,
"   Completed violence",15.0,,2.6,,3.0,,15.5,
"   Attempted/threatened violence",29.7,,8.8,,4.7,,26.4,
"   Rape/Sexual assault",2.1,,0.3,,0.4,"*",2.0,
"      Rape/Attempted rape",1.3,,0.1,"*","0.0","*",1.4,
"         Rape",0.8,,0.1,"*","0.0","*",0.5,"*"
"         Attempted rape/a",0.5,,"0.0","*","0.0","*",1.0,"*"
"      Sexual assault/b",0.8,,0.2,"*",0.4,"*",0.6,"*"
"   Robbery",5.0,,1.1,,1.8,"*",4.8,
"      Completed/property taken",3.3,,0.7,,1.4,"*",3.4,
"         With injury",1.0,,0.3,,1.2,"*",1.8,
"         Without injury",2.3,,0.4,,0.2,"*",1.6,
"      Attempted to take property",1.7,,0.4,,0.4,"*",1.3,
"         With injury",0.6,,0.1,"*",0.1,"*",0.4,"*"
"         Without injury",1.1,,0.2,"*",0.3,"*",0.9,"*"
"   Assault",37.6,,10.0,,5.5,,35.2,
"      Aggravated",9.6,,2.5,,1.1,"*",9.0,
"         With injury",3.3,,0.5,,0.4,"*",3.5,
"         Threatened with weapon",6.2,,2.0,,0.6,"*",5.5,
"      Simple",28.1,,7.5,,4.5,,26.2,
"         With minor injury",6.9,,1.2,,0.9,"*",7.6,
"         Without injury",21.2,,6.3,,3.6,,18.6,
"  Purse snatching/Pocket picking",1.8,,0.2,"*",0.8,"*",0.8,"*"
"                                                                                          ",,,,,,,,
"Population age 12 and over",72594400,,116743830,,13713590,,24631090,
,,,,,,,,
"Note: Detail may not add to total shown because of rounding.  Excludes data on persons whose marital status was not ascertained.",,,,,,,,
"*Estimate is based on about 10 or fewer sample cases.",,,,,,,,
"a/Includes verbal threats of rape.",,,,,,,,
"b/Includes threats.",,,,,,,,
