"Bureau of Justice Statistics",,,,,,,,,,,,,,
"filename:  cv0131.csv",,,,,,,,,,,,,,
"Table 31: Percent of victimizations involving strangers, by gender and marital status of victims and type of crime",,,,,,,,,,,,,,
"data source: National Criminal Victimization Survey, 2001   NCJ 197064",,,,,,,,,,,,,,
"produced by:  Cathy Maston ",,,,,,,,,,,,,,
"authors:  Patsy Klaus and Cathy Maston",,,,,,,,,,,,,,
"refer questions to:  askbjs@ojp.usdoj.gov     202-307-0765",,,,,,,,,,,,,,
"date of version: 10/31/02",,,,,,,,,,,,,,
,,,,,,,,,,,,,,
"Table 31. Personal crimes of violence, 2001: Percent of victimizations involving strangers, by gender and marital status of victims and type of crime",,,,,,,,,,,,,,
"                                                                                                                               ",,,,,,,,,,,,,,
,,,"                                                    Percent of victimizations involving strangers",,,,,,,,,,,
,,,,,,,,,"                                                Assault",,,,,
"Gender and marital status",,,"Crimes of violence",,"Rape/Sexual assault/a",,"Robbery",,"     Total",,"Aggravated",,"   Simple",
,,,,,,,,,,,,,,
"Both genders",,,,,,,,,,,,,,
"Never married",,,48.8,,24.9,,81.4,,45.7,,56.8,,41.9,
"Married",,,55.7,,57.0,"*",84.8,,52.5,,60.9,,49.7,
"Widowed",,,55.9,,61.0,"*",74.1,"*",49.7,,54.9,"*",48.5,
"Divorced or separated",,,39.9,,47.9,"*",63.2,,36.3,,41.1,,34.7,
,,,,,,,,,,,,,,
"Male",,,,,,,,,,,,,,
"Never married",,,57.2,,"0.0","*",86.2,,52.3,,60.7,"*",49.1,
"Married",,,67.5,,69.5,"*",100.0,,63.4,,70.6,,60.7,
"Widowed",,,79.6,"*","0.0","*",100.0,"*",75.7,"*",100.0,"*",62.3,"*"
"Divorced or separated",,,60.0,,"0.0","*",90.7,,54.9,,47.9,,58.2,
,,,,,,,,,,,,,,
"Female",,,,,,,,,,,,,,
"Never married",,,36.8,,26.6,,63.1,,36.3,,50.0,,32.3,
"Married",,,42.3,,52.3,"*",60.5,,40.1,,46.9,,38.3,
"Widowed",,,52.2,,61.0,"*",71.5,"*",44.7,"*",35.5,"*",46.4,"*"
"Divorced or separated",,,27.6,,50.7,"*",34.4,"*",24.8,,34.9,,22.1,
,,,,,,,,,,,,,,
"Note: Excludes data on persons whose marital status was not ascertained.",,,,,,,,,,,,,,
"*Estimate is based on about 10 or fewer sample cases.",,,,,,,,,,,,,,
"a/Includes verbal threats of rape and threats of sexual assault.",,,,,,,,,,,,,,
