"Bureau of Justice Statistics",,,,,,,,,,,,,
"filename:  cv0148.csv",,,,,,,,,,,,,
"Table 48: Percent distribution of multiple-offender victimizations by type of crime, race of victims and perceived race of offenders",,,,,,,,,,,,,
"data source: National Criminal Victimization Survey, 2001   NCJ 197064",,,,,,,,,,,,,
"produced by:  Cathy Maston ",,,,,,,,,,,,,
"authors:  Patsy Klaus and Cathy Maston",,,,,,,,,,,,,
"refer questions to:  askbjs@ojp.usdoj.gov     202-307-0765",,,,,,,,,,,,,
"date of version: 10/31/02",,,,,,,,,,,,,
,,,,,,,,,,,,,
"Table 48. Personal crimes of violence, 2001: Percent distribution of multiple-offender victimizations by type of crime, race of victims and perceived race of offenders",,,,,,,,,,,,,
,,,,,,,,,,,,,
,,"                                              Percent of multiple-offender victimizations",,,,,,,,,,,
,,,,"                                               Perceived race of offenders",,,,,,,,,
"Type of crime and race of victim","Number of multiple-offender victimizations","Total",,"All white",,"All black",,"All other",,"Mixed races",,"Not known and not available",
,,,,,,,,,,,,,
"Crimes of violence/a",,,,,,,,,,,,,
"White",942280,100,"%",44.6,"%",26.5,"%",10.6,"%",12.6,"%",5.8,"%"
"Black",205620,100,"%",8.6,"*",77.5,,4.6,"*",7.7,"*",1.7,"*"
,,,,,,,,,,,,,
"Robbery",,,,,,,,,,,,,
"White",211540,100,"%",18.5,,54.6,,13.6,,9.5,"*",3.8,"*"
"Black",58020,100,"%",5.5,"*",94.5,,"0.0","*","0.0","*","0.0","*"
,,,,,,,,,,,,,
"Assault",,,,,,,,,,,,,
"White",721580,100,"%",52.4,,18.2,,9.2,,13.7,,6.5,
"Black",145310,100,"%",9.9,"*",70.3,,6.5,"*",10.9,"*",2.4,"*"
,,,,,,,,,,,,,
"Note: Detail may not add to total shown because of rounding.",,,,,,,,,,,,,
"*Estimate is based on about 10 or fewer sample cases.",,,,,,,,,,,,,
"a/Includes data on rape and sexual assault, not shown separately.",,,,,,,,,,,,,
