"Bureau of Justice Statistics",,,,,,,,
"filename:  cv0123.csv",,,,,,,,
"Table 23: Victimization rates by race of head of household, annual family income and type of motor vehicle theft",,,,,,,,
"data source: National Criminal Victimization Survey, 2001   NCJ 197064",,,,,,,,
"produced by:  Cathy Maston ",,,,,,,,
"authors:  Patsy Klaus and Cathy Maston",,,,,,,,
"refer questions to:  askbjs@ojp.usdoj.gov     202-307-0765",,,,,,,,
"date of version: 10/31/02",,,,,,,,
,,,,,,,,
"Table 23. Motor vehicle theft, 2001: Victimization rates by race of head of household, annual family income and type of motor vehicle theft",,,,,,,,
"       ",,,,,,,,
"                                                                            ",,,"                  Rate per 1,000 households",,,,,
,,,,,,,,
"Race and income",,"Total households","All vehicle thefts",,"Completed thefts",,"Attempted thefts",
,,,,,,,,
"White",,,,,,,,
"Less than $7,500",,3950660,6.0,"*",3.4,"*",2.6,"*"
"$7,500-$14,999",,7497150,11.5,,8.7,,2.8,"*"
"$15,000-$24,999",,10377630,8.9,,7.7,,1.2,"*"
"$25,000-$34,999",,10379520,8.8,,6.0,,2.8,
"$35,000-$49,999",,12437520,9.9,,7.0,,2.9,
"$50,000-$74,999",,12987540,6.6,,4.6,,2.0,"*"
"$75,000 or more",,15096670,6.9,,4.5,,2.4,
,,,,,,,,
"Black",,,,,,,,
"Less than $7,500",,1561470,16.0,"*",11.1,"*",4.9,"*"
"$7,500-$14,999",,1708920,9.7,"*",8.8,"*",0.9,"*"
"$15,000-$24,999",,1972890,18.7,,14.2,"*",4.6,"*"
"$25,000-$34,999",,1695270,16.6,"*",13.6,"*",3.0,"*"
"$35,000-$49,999",,1503240,20.3,,7.6,"*",12.7,"*"
"$50,000-$74,999",,1124320,21.2,"*",21.2,"*","0.0","*"
"$75,000 or more",,821340,15.6,"*",12.8,"*",2.8,"*"
,,,,,,,,
"Note: Detail may not add to total shown because of rounding.  Excludes data on families whose income level was not ascertained and data on persons of ""Other"" races.",,,,,,,,
"*Estimate is based on about 10 or fewer sample cases.",,,,,,,,
