"Bureau of Justice Statistics",,,,,,,,
"filename:  cv0177.csv",,,,,,,,
"Table 77: Percent of victimizations in which victims incurred medical",,,,,,,,
"expenses, by selected characteristics of victims and",,,,,,,,
"type of crime",,,,,,,,
"data source: National Criminal Victimization Survey, 2001   NCJ 197064",,,,,,,,
"produced by:  Cathy Maston ",,,,,,,,
"authors:  Patsy Klaus and Cathy Maston",,,,,,,,
"refer questions to:  askbjs@ojp.usdoj.gov     202-307-0765",,,,,,,,
"date of version: 10/31/02",,,,,,,,
,,,,,,,,
,,,,,,,,
"Table 77. Personal crimes of violence, 2001:",,,,,,,,
,,,,,,,,
"Percent of victimizations in which victims incurred medical",,,,,,,,
"expenses, by selected characteristics of victims and",,,,,,,,
"type of crime",,,,,,,,
,,,,,,,,
,,,"                        Percent of victimizations",,,,,
,,," Crimes of",,,,,
"Characteristic",,," violence/a",,"  Robbery",,"  Assault",
,,,,,,,,
"Race",,,,,,,,
,"All races/b",,7.6,"%",14.2,"%",6.5,"%"
,"White",,7.4,,13.1,,6.4,
,"Black",,8.6,,23.2,"*",6.7,
,,,,,,,,
"Victim-offender relationship",,,,,,,,
,"Strangers",,8.4,,14.0,,6.4,
,"Nonstrangers",,6.9,,15.1,"*",6.6,
,,,,,,,,
"Note: Data includes victimizations in which the amount of medical expenses",,,,,,,,
"incurred was not ascertained.",,,,,,,,
"*Estimate is based on about 10 or fewer sample cases.",,,,,,,,
"a/Includes data on rape and sexual assault, not shown separately.",,,,,,,,
"b/Includes data on persons of ""Other"" races, not shown separately.",,,,,,,,
