"Bureau of Justice Statistics",,,,,,,,,,,
"filename:  cv0165.csv",,,,,,,,,,,
"Table 65: Percent distribution of incidents, by distance from home and type of crime",,,,,,,,,,,
"data source: National Criminal Victimization Survey, 2001   NCJ 197064",,,,,,,,,,,
"produced by:  Cathy Maston ",,,,,,,,,,,
"authors:  Patsy Klaus and Cathy Maston",,,,,,,,,,,
"refer questions to:  askbjs@ojp.usdoj.gov     202-307-0765",,,,,,,,,,,
"date of version: 10/31/02",,,,,,,,,,,
,,,,,,,,,,,
,,,,,,,,,,,
"Table 65. Selected personal and property crimes, 2001:",,,,,,,,,,,
,,,,,,,,,,,
"Percent distribution of incidents, by distance from home and type of crime",,,,,,,,,,,
,,,,,,,,,,,
"       ",,,,,,,,,,,
"                                                                                                          ",,,,"                                         Percent of incidents",,,,,,,
,,,,,,"Inside",,"Near",,"One mile",
,,"    Number of",,,,"home or",,"respondent's",,"from home",
"Type of crime",,"    incidents",,"  Total",,"lodging",,"home",,"or less",
,,,,,,,,,,,
"Crimes of violence",,5315500,,100,"%",16.2,"%",14.6,"%",18.7,"%"
,,,,,,,,,,,
"   Rape/Sexual assault/a",,240980,,100,,30.0,,12.3,,11.0,"*"
"   Robbery",,590380,,100,,20.9,,11.3,,27.7,
"   Assault",,4484140,,100,,14.9,,15.2,,17.9,
"      Aggravated",,1073410,,100,,13.4,,17.8,,19.6,
"      Simple",,3410730,,100,,15.3,,14.3,,17.4,
,,,,,,,,,,,
"Purse snatching/Pocket picking",,188370,,100,,3.8,"*",6.1,"*",15.0,"*"
,,,,,,,,,,,
"Property crimes",,,,,,,,,,,
,,,,,,,,,,,
"   Motor vehicle theft",,1008720,,100,,2.2,"*",58.1,,5.4,
"   Theft",,14135090,,100,,9.5,,44.2,,8.1,
,,,,,,,,,,,
,,,,,,,,,,,
,,,,,,,,,,,
,,"                                              Percent of incidents",,,,,,,,,
,,"       Five miles",,"Fifty miles",,"More than",,"Don't know",,,
,,"       from home",,"from home",,"50 miles",,"or not",,,
"Type of crime",,"       or less",,"or less",,"from home",,"available",,,
,,,,,,,,,,,
"Crimes of violence",,24.4,"%",21.9,"%",2.8,"%",1.3,"%",,
,,,,,,,,,,,
"   Rape/Sexual assault/a",,16.1,,20.3,,8.0,"*",2.1,"*",,
"   Robbery",,22.2,,15.1,,2.0,"*",0.8,"*",,
"   Assault",,25.2,,22.9,,2.7,,1.3,,,
"      Aggravated",,23.5,,20.9,,4.2,,0.6,"*",,
"      Simple",,25.7,,23.5,,2.2,,1.5,,,
,,,,,,,,,,,
"Purse snatching/Pocket picking",,27.6,,29.6,,9.2,"*",8.7,"*",,
,,,,,,,,,,,
"Property crimes",,,,,,,,,,,
,,,,,,,,,,,
"   Motor vehicle theft",,11.5,,19.0,,2.7,"*",1.1,"*",,
"   Theft",,16.9,,15.0,,4.3,,2.1,,,
,,,,,,,,,,,
"Note: Detail may not add to total shown because of rounding.",,,,,,,,,,,
"*Estimate is based on about 10 or fewer sample cases.",,,,,,,,,,,
"a/Includes verbal threats of rape and threats of sexual assault.",,,,,,,,,,,
