"Bureau of Justice Statistics",,,,,,,,,,,,,,,,,,,
"filename:  cv0193.csv",,,,,,,,,,,,,,,,,,,
"Table 93: Percent of victimizations reported to the police, by type of crime,",,,,,,,,,,,,,,,,,,,
"victim-offender relationship and gender of victims",,,,,,,,,,,,,,,,,,,
"data source: National Criminal Victimization Survey, 2001   NCJ 197064",,,,,,,,,,,,,,,,,,,
"produced by:  Cathy Maston ",,,,,,,,,,,,,,,,,,,
"authors:  Patsy Klaus and Cathy Maston",,,,,,,,,,,,,,,,,,,
"refer questions to:  askbjs@ojp.usdoj.gov     202-307-0765",,,,,,,,,,,,,,,,,,,
"date of version: 10/31/02",,,,,,,,,,,,,,,,,,,
,,,,,,,,,,,,,,,,,,,
,,,,,,,,,,,,,,,,,,,
"Table 93. Violent crimes, 2001:",,,,,,,,,,,,,,,,,,,
,,,,,,,,,,,,,,,,,,,
"Percent of victimizations reported to the police, by type of crime,",,,,,,,,,,,,,,,,,,,
"victim-offender relationship and gender of victims",,,,,,,,,,,,,,,,,,,
,,,,,,,,,,,,,,,,,,,
,,"                                                                     Percent of all victimizations reported to the police",,,,,,,,,,,,,,,,,
,,"               All victimizations",,,,,,"            Involving strangers",,,,,,"         Involving nonstrangers",,,,,
,," Both",,,,,," Both",,,,,," Both",,,,,
"Type of crime",,"genders",,"  Male",,"Female",,"genders",,"  Male",,"Female",,"genders",,"  Male",,"Female",
,,,,,,,,,,,,,,,,,,,
"Crimes of violence",,49.4,"%",45.9,"%",53.3,"%",53.3,"%",51.4,"%",57.0,"%",45.6,"%",37.6,"%",51.1,"%"
,,,,,,,,,,,,,,,,,,,
"   Completed violence",,61.4,,57.9,,64.6,,67.7,,64.3,,74.2,,55.8,,47.2,,60.3,
"   Attempted/threatened violence",,43.7,,40.9,,47.2,,47.1,,45.7,,49.6,,40.4,,33.9,,45.7,
"   Rape/Sexual assault/a",,38.6,,44.9,"*",38.0,,50.4,,100.0,"*",45.9,,31.9,,17.9,"*",33.5,
"   Robbery",,60.5,,54.1,,74.2,,62.0,,56.8,,79.7,,55.2,,30.8,"*",67.4,
"      Completed/property taken",,67.5,,60.3,,81.5,,71.5,,64.8,,91.7,,54.6,,30.1,"*",68.6,
"         With injury",,81.6,,77.7,,88.3,,87.0,,83.3,,100.0,"*",69.3,,42.0,"*",80.1,
"         Without injury",,57.8,,49.3,,76.1,,62.3,,53.2,,87.6,,38.2,"*",22.0,"*",51.8,"*"
"      Attempted to take property",,46.0,,42.0,,56.1,,43.7,,42.5,,49.0,"*",57.0,"*",33.7,"*",64.4,"*"
"         With injury",,56.0,,52.3,"*",66.8,"*",56.4,"*",56.2,"*",57.7,"*",55.2,"*",33.7,"*",72.6,"*"
"         Without injury",,41.0,,36.5,,51.6,"*",38.6,,36.5,,46.6,"*",59.1,"*","0.0","*",59.1,"*"
"   Assault",,48.5,,44.5,,52.9,,51.5,,49.7,,54.9,,45.9,,38.1,,51.8,
"      Aggravated",,59.2,,54.0,,66.6,,64.3,,55.9,,80.6,,53.1,,51.1,,55.1,
"         With injury",,66.2,,62.7,,72.1,,68.3,,65.0,,77.0,,64.0,,59.2,,69.0,
"         Threatened with weapon",,55.9,,49.6,,64.4,,62.5,,51.3,,81.9,,47.6,,46.8,,48.3,
"      Simple",,44.9,,40.8,,49.1,,46.0,,46.8,,44.6,,44.0,,34.0,,51.1,
"         With minor injury",,61.0,,54.2,,65.7,,65.9,,62.8,,70.7,,58.8,,46.9,,64.3,
"         Without injury",,40.0,,37.7,,42.6,,41.9,,43.8,,38.7,,38.3,,30.5,,44.8,
,,,,,,,,,,,,,,,,,,,
"Note: Detail may not add to total shown because of rounding.",,,,,,,,,,,,,,,,,,,
"*Estimate is based on about 10 or fewer sample cases.",,,,,,,,,,,,,,,,,,,
"a/Includes verbal threats of rape and threats of sexual assault.",,,,,,,,,,,,,,,,,,,
