"Bureau of Justice Statistics",,,,,
"filename:  cv0124.csv",,,,,
"Table 24: Victimization rates by type of crime and number of persons in household",,,,,
"data source: National Criminal Victimization Survey, 2001   NCJ 197064",,,,,
"produced by:  Cathy Maston ",,,,,
"authors:  Patsy Klaus and Cathy Maston",,,,,
"refer questions to:  askbjs@ojp.usdoj.gov     202-307-0765",,,,,
"date of version: 10/31/02",,,,,
,,,,,
"Table 24. Property crimes, 2001: Victimization rates by type of crime and number of persons in household",,,,,
,,,,,
"                                                                                           ","                                       Rate per 1,000 households",,,,
"Type of crime","One","Two-three","Four-five","Six or more",
,,,,,
"Property crimes",106.0,156.0,253.0,336.8,
"                                                                                           ",,,,,
"  Household burglary",25.4,27.0,33.8,52.1,
"    Completed",22.0,22.5,29.6,46.3,
"      Forcible entry",9.1,9.6,9.3,16.4,
"      Unlawful entry without force",12.9,12.9,20.4,29.9,
"    Attempted forcible entry",3.3,4.4,4.2,5.8,"*"
"  Motor vehicle theft",6.2,9.1,12.7,16.2,
"    Completed",4.4,6.4,9.4,11.8,
"    Attempted",1.8,2.6,3.4,4.5,"*"
"  Theft",74.5,119.9,206.4,268.4,
"    Completed",71.3,116.0,200.3,263.2,
"       Less than $50",25.1,40.1,68.4,83.7,
"       $50 - $249",21.4,39.9,74.7,113.3,
"       $250 or more",19.0,28.0,42.6,47.9,
"       Amount not available",5.8,8.0,14.6,18.3,
"     Attempted",3.2,4.0,6.2,5.2,"*"
,,,,,
"Total number of households",29809750,55111920,21169690,3477090,
,,,,,
"Note: Detail may not add to total shown because of rounding.  Excludes data on households where the number of persons was not ascertained.",,,,,
"*Estimate is based on about 10 or fewer sample cases.",,,,,
