"Bureau of Justice Statistics",,,,,,,,,,,,
"filename:  cv0125.csv",,,,,,,,,,,,
"Table 25: Victimization rates by type of crime and number of units in structure occupied by household",,,,,,,,,,,,
"data source: National Criminal Victimization Survey, 2001   NCJ 197064",,,,,,,,,,,,
"produced by:  Cathy Maston ",,,,,,,,,,,,
"authors:  Patsy Klaus and Cathy Maston",,,,,,,,,,,,
"refer questions to:  askbjs@ojp.usdoj.gov     202-307-0765",,,,,,,,,,,,
"date of version: 10/31/02",,,,,,,,,,,,
,,,,,,,,,,,,
"Table 25. Property crimes, 2001: Victimization rates by type of crime and number of units in structure occupied by household",,,,,,,,,,,,
,,,,,,,,,,,,
"                                                                                                      ","                                                                                              Rate per 1,000 households",,,,,,,,,,,
"Type of crime","One/a","Two",,"Three",,"Four",,"     Five-nine",,"    Ten or more","Other than housing unit",
,,,,,,,,,,,,
"Property crimes",159.3,219.4,,176.7,,188.4,,211.6,,159.6,313.6,
"                                                                                           ",,,,,,,,,,,,
"  Household burglary",27.7,50.9,,34.3,,37.6,,27.5,,21.0,69.3,
"    Completed",23.9,44.6,,29.6,,24.6,,22.6,,18.0,69.3,
"      Forcible entry",9.4,19.6,,9.1,"*",11.8,,11.2,,6.1,6.4,"*"
"      Unlawful entry without force",14.6,25.0,,20.5,,12.8,,11.4,,11.8,62.9,"*"
"    Attempted forcible entry",3.8,6.3,,4.7,"*",13.0,,4.9,"*",3.1,"0.0","*"
"  Motor vehicle theft",7.9,11.8,,9.4,"*",15.5,,12.7,,12.2,"0.0","*"
"    Completed",5.8,9.4,,6.3,"*",10.9,,9.3,,7.5,"0.0","*"
"    Attempted",2.1,2.4,"*",3.1,"*",4.6,"*",3.5,"*",4.7,"0.0","*"
"  Theft",123.7,156.7,,133.0,,135.3,,171.3,,126.4,244.3,
"    Completed",120.4,149.2,,124.3,,130.9,,164.5,,119.6,244.3,
"       Less than $50",43.1,44.3,,37.4,,33.3,,57.0,,40.1,"0.0","*"
"       $50 - $249",42.8,51.6,,51.0,,48.2,,52.5,,39.4,132.1,
"       $250 or more",26.0,36.5,,26.9,,36.2,,45.0,,32.8,102.6,
"       Amount not available",8.5,16.8,,9.0,"*",13.2,,10.0,,7.2,9.7,"*"
"     Attempted",3.3,7.5,,8.7,"*",4.4,"*",6.8,,6.8,"0.0","*"
,,,,,,,,,,,,
"Total number of households",78431570,5707630,,1741360,,3441960,,5468330,,13743850,434790,
,,,,,,,,,,,,
"Note: Detail may not add to total shown because of rounding.  Excludes data on households for which the number of units in the structure was not ascertained.",,,,,,,,,,,,
"*Estimate is based on about 10 or fewer sample cases.",,,,,,,,,,,,
"a/Includes data on mobile homes, not shown separately.",,,,,,,,,,,,
