"Bureau of Justice Statistics",,,,,,,,,,,,,,
"filename:  cv0133.csv",,,,,,,,,,,,,,
"Table 33: Number of victimizations, by type of crime and relationship to offender",,,,,,,,,,,,,,
"data source: National Criminal Victimization Survey, 2001   NCJ 197064",,,,,,,,,,,,,,
"produced by:  Cathy Maston ",,,,,,,,,,,,,,
"authors:  Patsy Klaus and Cathy Maston",,,,,,,,,,,,,,
"refer questions to:  askbjs@ojp.usdoj.gov     202-307-0765",,,,,,,,,,,,,,
"date of version: 10/31/02",,,,,,,,,,,,,,
,,,,,,,,,,,,,,
"Table 33. Family violence, 2001:  Number of victimizations, by type of crime and relationship to offender",,,,,,,,,,,,,,
,,,,,,,,,,,,,,
,,,"                                                                             Number of victimizations",,,,,,,,,,,
,,,"                                                                                        Related",,,,,,,,,,,
"Type of crime","Total number of victimizations",,"     Total",," Spouse",,"Ex-spouse",,"Parent",,"Own child",,"Other relatives",
,,,,,,,,,,,,,,
"Crimes of violence",5743820,,659700,,245370,,93070,,82120,,75490,,163650,
,,,,,,,,,,,,,,
"   Completed violence",1828280,,317410,,130130,,48190,,56120,,11910,"*",71050,
"   Attempted/threatened violence",3915540,,342300,,115240,,44880,,26000,"*",63570,,92600,
"   Rape/Sexual assault/b",248250,,10240,"*",2500,"*",2530,"*",5210,"*","0","*","0","*"
"   Robbery",630690,,53480,,30350,,9460,"*","0","*",3040,"*",10630,"*"
"      Completed/property taken",426680,,41970,,23720,"*",7200,"*","0","*",3040,"*",8010,"*"
"      Attempted to take property",204000,,11510,"*",6630,"*",2260,"*","0","*","0","*",2620,"*"
"   Assault",4864890,,595980,,212520,,81080,,76910,,72440,,153030,
"      Aggravated",1222160,,123950,,38430,,28030,"*",13220,"*",16410,"*",27860,"*"
"      Simple",3642720,,472030,,174090,,53050,,63690,,56040,,125170,
,,,,,,,,,,,,,,
,"                                                        Number of victimizations",,,,,,,,,,,,,
"Type of crime","Well-known/a",,"Casual acquaintances",,"Don't know relationship",,"  Strangers",,"Don't know number of offenders",,,,,
,,,,,,,,,,,,,,
"Crimes of violence",1356640,,912470,,165670,,2546090,,103240,,,,,
,,,,,,,,,,,,,,
"   Completed violence",449690,,210670,,67230,,750490,,32790,,,,,
"   Attempted/threatened violence",906950,,701810,,98440,,1795610,,70440,,,,,
"   Rape/Sexual assault/b",78600,,69370,,4610,"*",75010,,10420,"*",,,,
"   Robbery",62100,,20610,"*",48040,,434440,,12010,"*",,,,
"      Completed/property taken",40890,,17690,"*",42270,,271840,,12010,"*",,,,
"      Attempted to take property",21210,"*",2920,"*",5770,"*",162590,,"0","*",,,,
"   Assault",1215940,,822490,,113020,,2036650,,80810,,,,,
"      Aggravated",262850,,166360,,33200,,599110,,36680,,,,,
"      Simple",953080,,656130,,79820,,1437540,,44130,,,,,
,,,,,,,,,,,,,,
"Note: Detail may not add to total shown because of rounding.",,,,,,,,,,,,,,
"*Estimate is based on about 10 or fewer sample cases.",,,,,,,,,,,,,,
"a/Includes data on offenders well known to the victims whose relationship to the victim could not be ascertained.",,,,,,,,,,,,,,
"b/Includes verbal threats of rape and threats of sexual assault.",,,,,,,,,,,,,,
