"Bureau of Justice Statistics",,,,,,,,,,,,,,,,,,
"filename:  cv0143.csv",,,,,,,,,,,,,,,,,,
"Table 43. Percent distribution of single-offender victimizations, by type of crime and detailed victim-offender relationship",,,,,,,,,,,,,,,,,,
"data source: National Criminal Victimization Survey, 2001   NCJ 197064",,,,,,,,,,,,,,,,,,
"produced by:  Cathy Maston ",,,,,,,,,,,,,,,,,,
"authors:  Patsy Klaus and Cathy Maston",,,,,,,,,,,,,,,,,,
"refer questions to:  askbjs@ojp.usdoj.gov     202-307-0765",,,,,,,,,,,,,,,,,,
"date of version: 10/31/02",,,,,,,,,,,,,,,,,,
,,,,,,,,,,,,,,,,,,
"Table 43. Personal crimes of violence, 2001: Percent distribution of single-offender victimizations, by type of crime and detailed victim-offender relationship",,,,,,,,,,,,,,,,,,
,,,,,,,,,,,,,,,,,,
"       ",,,"                                                                      Percent of single-offender victimizations",,,,,,,,,,,,,,,
"                                                                                                                                         ",,,,,"                                                                      Related",,,,,,,,,,,,,
"Type of crime","Number of single-offender victimizations",,"            Total",,"           Total",,"Spouse",,"Ex-spouse",,"Parent",,"  Own   child",," Brother or sister",," Other relative",
,,,,,,,,,,,,,,,,,,
"Crimes of violence",4463700,,100,"%",15.2,"%",5.5,"%",2.2,"%",1.9,"%",1.7,"%",1.3,"%",2.6,"%"
,,,,,,,,,,,,,,,,,,
"   Completed violence",1323170,,100,,23.6,,9.6,,3.6,,4.2,,0.9,"*",3.0,,2.2,
"   Attempted/threatened violence",3140530,,100,,11.7,,3.7,,1.6,,1.0,,2.0,,0.6,"*",2.7,
"   Rape/Sexual assault/b",226390,,100,,4.5,"*",1.0,"*",1.1,"*",2.3,"*","0.0","*","0.0","*","0.0","*"
"   Robbery",340910,,100,,15.7,,8.9,,2.8,"*","0.0","*",0.9,"*",0.7,"*",2.4,"*"
"      Completed/property taken",216020,,100,,19.4,,11.0,"*",3.3,"*","0.0","*",1.4,"*",1.1,"*",2.6,"*"
"      Attempted to take property",124900,,100,,9.2,"*",5.3,"*",1.8,"*","0.0","*","0.0","*","0.0","*",2.1,"*"
"   Assault",3896390,,100,,15.8,,5.5,,2.2,,2.1,,1.9,,1.4,,2.7,
"      Aggravated",900530,,100,,13.8,,4.5,,3.1,"*",1.5,"*",1.8,"*",0.7,"*",2.2,"*"
"      Simple",2995860,,100,,16.4,,5.7,,1.9,,2.3,,1.9,,1.7,,2.9,
,,,,,,,,,,,,,,,,,,
"Type of crime","Well known, not related/a",,"Casual acquaintance",,"Don't know",,"Stranger",,,,,,,,,,,
,,,,,,,,,,,,,,,,,,
"Crimes of violence",24.1,"%",19.7,"%",0.8,"%",40.1,"%",,,,,,,,,,
,,,,,,,,,,,,,,,,,,
"   Completed violence",27.0,,15.7,,0.4,"*",33.3,,,,,,,,,,,
"   Attempted/threatened violence",22.9,,21.5,,0.9,,43.0,,,,,,,,,,,
"   Rape/Sexual assault/b",33.7,,29.6,,"0.0","*",32.2,,,,,,,,,,,
"   Robbery",13.9,,5.1,"*","0.0","*",65.3,,,,,,,,,,,
"      Completed/property taken",13.1,"*",6.7,"*","0.0","*",60.8,,,,,,,,,,,
"      Attempted to take property",15.4,"*",2.3,"*","0.0","*",73.1,,,,,,,,,,,
"   Assault",24.5,,20.4,,0.9,,38.4,,,,,,,,,,,
"      Aggravated",22.4,,18.2,,0.3,"*",45.3,,,,,,,,,,,
"      Simple",25.1,,21.1,,1.1,,36.3,,,,,,,,,,,
,,,,,,,,,,,,,,,,,,
"Note: Detail may not add to total shown because of rounding.",,,,,,,,,,,,,,,,,,
"*Estimate is based on about 10 or fewer sample cases.",,,,,,,,,,,,,,,,,,
"a/Includes data on offenders well known to the victim whose relationship could not be ascertained",,,,,,,,,,,,,,,,,,
"b/Includes verbal threats of rape and threats of sexual assault.",,,,,,,,,,,,,,,,,,
