"Bureau of Justice Statistics",,,,,,,,,,,,,,,
"filename:  cv0189.csv",,,,,,,,,,,,,,,
"Table 89: Percent distribution of victimizations resulting in loss of time from work,",,,,,,,,,,,,,,,
"by type of crime and number of days lost",,,,,,,,,,,,,,,
"data source: National Criminal Victimization Survey, 2001   NCJ 197064",,,,,,,,,,,,,,,
"produced by:  Cathy Maston ",,,,,,,,,,,,,,,
"authors:  Patsy Klaus and Cathy Maston",,,,,,,,,,,,,,,
"refer questions to:  askbjs@ojp.usdoj.gov     202-307-0765",,,,,,,,,,,,,,,
"date of version: 10/31/02",,,,,,,,,,,,,,,
,,,,,,,,,,,,,,,
,,,,,,,,,,,,,,,
"Table 89. Selected personal and property crimes, 2001:",,,,,,,,,,,,,,,
,,,,,,,,,,,,,,,
"Percent distribution of victimizations resulting in loss of time from work,",,,,,,,,,,,,,,,
"by type of crime and number of days lost",,,,,,,,,,,,,,,
,,,,,,,,,,,,,,,
,,,,"                                                                Percent of victimizations",,,,,,,,,,,
,,,,,,,,,,,,,,"Not known",
,,"Number of",,,,"Less than",,"1-5",,"6-10",,"11 days",,"and not",
"Type of crime         ",,"victimizations",,"          Total",,"1 day",,"days",,"days",,"or more",,"available",
,,,,,,,,,,,,,,,
"All personal crimes/a",,496830,,100,"%",20.5,"%",52.8,"%",6.6,"%",12.4,"%",7.7,"%"
,,,,,,,,,,,,,,,
"Crimes of violence",,480400,,100,,19.8,,52.6,,6.8,,12.8,,8.0,
"  Completed violence",,316960,,100,,14.8,,56.7,,6.2,"*",14.9,,7.4,"*"
"  Attempted/threatened violence",,163430,,100,,29.3,,44.6,,8.2,"*",8.7,"*",9.2,"*"
"  Rape/Sexual assault/b",,20450,"*",100,"*",14.0,"*",29.0,"*",34.6,"*",11.0,"*",11.5,"*"
"  Robbery",,103000,,100,,13.2,"*",56.2,,"0.0","*",23.9,"*",6.7,"*"
"  Assault",,356940,,100,,22.0,,52.9,,7.2,"*",9.7,,8.2,
,,,,,,,,,,,,,,,
"All property crimes",,1013210,,100,"%",46.5,"%",44.3,"%",2.7,"%*",1.8,"%*",4.7,"%"
,,,,,,,,,,,,,,,
"  Completed",,943700,,100,,46.1,,44.4,,2.6,"*",2.0,"*",4.8,
"  Attempted",,69510,,100,,51.5,,42.4,,3.0,"*","0.0","*",3.1,"*"
"  Household burglary",,232520,,100,,44.7,,42.1,,2.0,"*",6.3,"*",4.9,"*"
"  Motor vehicle theft",,177400,,100,,31.9,,59.5,,3.2,"*","0.0","*",5.3,"*"
"  Theft",,603290,,100,,51.5,,40.7,,2.8,"*",0.7,"*",4.4,"*"
,,,,,,,,,,,,,,,
"Note: Detail may not add to total shown because of rounding.",,,,,,,,,,,,,,,
"*Estimate is based on about 10 or fewer sample cases.",,,,,,,,,,,,,,,
"a/Includes data on purse snatching/pocket picking, not shown separately.",,,,,,,,,,,,,,,
"b/Includes verbal threats of rape and threats of sexual assault.",,,,,,,,,,,,,,,
