"Bureau of Justice Statistics",,,,,,,,,,,,
"filename:  cv0142.csv",,,,,,,,,,,,
"Table 42: Percent distribution of single-offender victimizations, based on race of victims, by type of crime and perceived race of offender",,,,,,,,,,,,
"data source: National Criminal Victimization Survey, 2001   NCJ 197064",,,,,,,,,,,,
"produced by:  Cathy Maston ",,,,,,,,,,,,
"authors:  Patsy Klaus and Cathy Maston",,,,,,,,,,,,
"refer questions to:  askbjs@ojp.usdoj.gov     202-307-0765",,,,,,,,,,,,
"date of version: 10/31/02",,,,,,,,,,,,
,,,,,,,,,,,,
"Table 42. Personal crimes of violence, 2001: Percent distribution of single-offender victimizations, based on race of victims, by type of crime and perceived race of offender",,,,,,,,,,,,
,,,,,,,,,,,,
,,,"                                           Percent of single-offender victimizations",,,,,,,,,
,,,,,"                                         Perceived race of offender",,,,,,,
"Type of crime and race of victim","Number of single-offender victimizations",,"Total",,"White",,"Black",," Other",,"Not known and not available",
,,,,,,,,,,,,
"Crimes of violence",,,,,,,,,,,,
"White",3661770,,100,"%",74.7,"%",14.4,"%",8.9,"%",2.0,"%"
"Black",660720,,100,"%",10.7,,83.1,,3.9,"*",2.4,"*"
,,,,,,,,,,,,
"Completed violence",,,,,,,,,,,,
"White",1069400,,100,"%",72.3,,18.0,,8.9,,0.8,"*"
"Black",214810,,100,"%",6.0,"*",87.5,,1.4,"*",5.1,"*"
,,,,,,,,,,,,
"Attempted/threatened violence",,,,,,,,,,,,
"White",2592370,,100,"%",75.7,,12.9,,9.0,,2.4,
"Black",445910,,100,"%",13.0,,80.9,,5.0,"*",1.1,"*"
,,,,,,,,,,,,
"Rape/Sexual assault/a",,,,,,,,,,,,
"White",183160,,100,"%",71.3,,17.1,,8.4,"*",3.2,"*"
"Black",29980,,100,"%",13.4,"*",65.5,"*",10.1,"*",11.0,"*"
,,,,,,,,,,,,
"Robbery",,,,,,,,,,,,
"White",280950,,100,"%",52.4,,39.0,,6.5,"*",2.0,"*"
"Black",45210,,100,"%","0.0","*",100.0,,"0.0","*","0.0","*"
,,,,,,,,,,,,
"Completed/property taken",,,,,,,,,,,,
"White",178450,,100,"%",47.0,,42.5,,7.3,"*",3.2,"*"
"Black",26470,"*",100,"%*","0.0","*",100.0,"*","0.0","*","0.0","*"
,,,,,,,,,,,,
"With injury",,,,,,,,,,,,
"White",72840,,100,"%",49.4,,36.2,"*",10.6,"*",3.9,"*"
"Black",4720,"*",100,"%*","0.0","*",100.0,"*","0.0","*","0.0","*"
,,,,,,,,,,,,
"Without injury",,,,,,,,,,,,
"White",105610,,100,"%",45.4,,46.8,,5.1,"*",2.7,"*"
"Black",21750,"*",100,"%*","0.0","*",100.0,"*","0.0","*","0.0","*"
,,,,,,,,,,,,
"Attempted to take property",,,,,,,,,,,,
"White",102500,,100,"%",61.8,,33.1,,5.1,"*","0.0","*"
"Black",18750,"*",100,"%*","0.0","*",100.0,"*","0.0","*","0.0","*"
,,,,,,,,,,,,
"With injury",,,,,,,,,,,,
"White",42460,,100,"%",48.9,"*",44.8,"*",6.3,"*","0.0","*"
"Black",7530,"*",100,"%*","0.0","*",100.0,"*","0.0","*","0.0","*"
,,,,,,,,,,,,
"Without injury",,,,,,,,,,,,
"White",60030,,100,"%",70.9,,24.7,"*",4.3,"*","0.0","*"
"Black",11220,"*",100,"%*","0.0","*",100.0,"*","0.0","*","0.0","*"
,,,,,,,,,,,,
"Assault",,,,,,,,,,,,
"White",3197660,,100,"%",76.8,,12.1,,9.2,,1.9,
"Black",585530,,100,"%",11.4,,82.7,,3.8,"*",2.1,"*"
,,,,,,,,,,,,
"Aggravated",,,,,,,,,,,,
"White",705910,,100,"%",71.1,,12.8,,14.4,,1.8,"*"
"Black",175550,,100,"%",7.7,"*",84.8,,1.6,"*",6.0,"*"
,,,,,,,,,,,,
"Simple",,,,,,,,,,,,
"White",2491750,,100,"%",78.5,,11.9,,7.7,,1.9,
"Black",409980,,100,"%",13.0,,81.8,,4.8,"*",0.5,"*"
,,,,,,,,,,,,
"Note: Detail may not add to total shown because of rounding.",,,,,,,,,,,,
"*Estimate is based on about 10 or fewer sample cases.",,,,,,,,,,,,
"a/Includes verbal threats of rape and threats of sexual assault.",,,,,,,,,,,,
