"Bureau of Justice Statistics",,,,,,,,,,,,,,,,,,,
"filename:  cv0139.csv",,,,,,,,,,,,,,,,,,,
"Table 39: Percent distribution of single-offender victimizations, by type of crime and perceived age of offender",,,,,,,,,,,,,,,,,,,
"data source: National Criminal Victimization Survey, 2001   NCJ 197064",,,,,,,,,,,,,,,,,,,
"produced by:  Cathy Maston ",,,,,,,,,,,,,,,,,,,
"authors:  Patsy Klaus and Cathy Maston",,,,,,,,,,,,,,,,,,,
"refer questions to:  askbjs@ojp.usdoj.gov     202-307-0765",,,,,,,,,,,,,,,,,,,
"date of version: 10/31/02",,,,,,,,,,,,,,,,,,,
,,,,,,,,,,,,,,,,,,,
"Table 39. Personal crimes of violence, 2001: Percent distribution of single-offender victimizations, by type of crime and perceived age of offender",,,,,,,,,,,,,,,,,,,
,,,,,,,,,,,,,,,,,,,
,,"                                                              Percent of single-offender victimizations",,,,,,,,,,,,,,,,,
,,,,"                                                                  Perceived age of offender",,,,,,,,,,,,,,,
,,,,,,"                                    12-20",,,,,,,,,,,,,
"Type of crime","Number of single-offender victimizations","          Total",,"Under 12",,"  Total",,"12-14",,"15-17",,"18-20",,"21-29",,"  30 and  over",,"Not known and not available",
,,,,,,,,,,,,,,,,,,,
"Crimes of violence",4463690,100,"%",1.2,"%",31.0,"%",9.5,"%",12.3,"%",9.1,"%",21.3,"%",43.2,"%",3.4,"%"
,,,,,,,,,,,,,,,,,,,
"   Completed violence",1323160,100,,0.6,"*",31.8,,10.6,,9.8,,11.5,,23.0,,41.0,,3.5,
"   Attempted/threatened violence",3140530,100,,1.4,,30.6,,9.0,,13.4,,8.2,,20.5,,44.1,,3.4,
"   Rape/Sexual assault/a",226390,100,,"0.0","*",23.7,,"0.0","*",6.9,"*",16.8,,24.7,,43.0,,8.6,"*"
"   Robbery",340910,100,,"0.0","*",24.3,,8.8,,8.8,,6.7,"*",25.1,,44.7,,5.9,"*"
"      Completed/property taken",216010,100,,"0.0","*",23.9,,7.1,"*",9.6,"*",7.2,"*",28.3,,41.1,,6.8,"*"
"         With injury",80560,100,,"0.0","*",13.6,"*",6.1,"*",7.5,"*","0.0","*",25.5,"*",52.9,,8.0,"*"
"         Without injury",135450,100,,"0.0","*",30.0,,7.7,"*",10.9,"*",11.5,"*",29.9,,34.0,,6.1,"*"
"      Attempted to take property",124890,100,,"0.0","*",25.0,,11.8,"*",7.3,"*",5.9,"*",19.7,"*",50.9,,4.4,"*"
"         With injury",49990,100,,"0.0","*",24.8,"*",17.3,"*",7.5,"*","0.0","*",12.3,"*",51.9,"*",10.9,"*"
"         Without injury",74900,100,,"0.0","*",25.2,"*",8.1,"*",7.3,"*",9.9,"*",24.6,"*",50.2,,"0.0","*"
"   Assault",3896390,100,,1.4,,32.0,,10.1,,12.9,,8.9,,20.7,,43.1,,2.9,
"      Aggravated",900530,100,,1.4,"*",27.7,,8.6,,11.1,,7.9,,23.6,,41.4,,5.9,
"      Simple",2995850,100,,1.3,,33.2,,10.6,,13.5,,9.2,,19.9,,43.6,,2.0,
,,,,,,,,,,,,,,,,,,,
"Note: Detail may not add to total shown because of rounding.",,,,,,,,,,,,,,,,,,,
"*Estimate is based on about 10 or fewer sample cases.",,,,,,,,,,,,,,,,,,,
"a/Includes verbal threats of rape and threats of sexual assault.",,,,,,,,,,,,,,,,,,,
