"Bureau of Justice Statistics",,,,,,,,,,,,,,,,,,,
"filename:  cv0174.csv",,,,,,,,,,,,,,,,,,,
"Table 74: Percent distribution of victimizations in which",,,,,,,,,,,,,,,,,,,
"self-protective measures taken by the victim were harmful",,,,,,,,,,,,,,,,,,,
"data source: National Criminal Victimization Survey, 2001   NCJ 197064",,,,,,,,,,,,,,,,,,,
"produced by:  Cathy Maston ",,,,,,,,,,,,,,,,,,,
"authors:  Patsy Klaus and Cathy Maston",,,,,,,,,,,,,,,,,,,
"refer questions to:  askbjs@ojp.usdoj.gov     202-307-0765",,,,,,,,,,,,,,,,,,,
"date of version: 10/31/02",,,,,,,,,,,,,,,,,,,
,,,,,,,,,,,,,,,,,,,
,,,,,,,,,,,,,,,,,,,
"Table 74. Personal crimes of violence, 2001:",,,,,,,,,,,,,,,,,,,
,,,,,,,,,,,,,,,,,,,
"Percent distribution of victimizations in which",,,,,,,,,,,,,,,,,,,
"self-protective measures taken by the victim were harmful",,,,,,,,,,,,,,,,,,,
,,,,,,,,,,,,,,,,,,,
,,,,"                                                                                                     Percent of victimizations",,,,,,,,,,,,,,,
,,,,,,"Made",,"Led to ",,"  Caused",,,,,,"Made",,,
"       ",,,,,,"offender",,"injury or",,"  greater",,"  Caused",,"  Let",,"situation",,,
"                                                                                                                            ",,"Number of",,,,"angrier, more",,"greater",,"  property",,"  others to",,"  offender",,"worse in",,"  Not",
"Type of crime",,"victimizations",," Total",,"aggressive",,"injury",,"  damage",,"  get hurt",,"  get away",,"other ways",,"  available",
,,,,,,,,,,,,,,,,,,,
"Crimes of violence/a",,602510,,100,"%",66.3,"%",9.8,"%",4.9,"%","0.0","%*",1.7,"%*",16.4,"%",0.9,"%*"
,,,,,,,,,,,,,,,,,,,
"   Robbery",,92550,,100,,42.4,,15.4,"*",13.1,"*","0.0","*","0.0","*",23.3,"*",5.8,"*"
"   Assault",,479850,,100,,70.1,,8.9,,3.6,"*","0.0","*",1.7,"*",15.6,,"0.0","*"
"      Aggravated",,117460,,100,,55.1,,19.6,"*",3.1,"*","0.0","*","0.0","*",22.3,"*","0.0","*"
"      Simple",,362390,,100,,75.0,,5.5,"*",3.8,"*","0.0","*",2.2,"*",13.5,,"0.0","*"
,,,,,,,,,,,,,,,,,,,
"Note: Detail may not add to total shown because of rounding.",,,,,,,,,,,,,,,,,,,
"Excludes victimizations in which no self-protective actions were taken.",,,,,,,,,,,,,,,,,,,
"*Estimate is based on about 10 or fewer sample cases.",,,,,,,,,,,,,,,,,,,
"a/Includes data on rape and sexual assault, not shown separately.",,,,,,,,,,,,,,,,,,,
