"Bureau of Justice Statistics",,,,,,,,
"filename:  cv0108.csv",,,,,,,,
"Table 8: Victimization rates for persons age 12 and over, by type of crime and ethnicity and gender of victims",,,,,,,,
"data source: National Criminal Victimization Survey, 2001   NCJ 197064",,,,,,,,
"produced by:  Cathy Maston ",,,,,,,,
"authors:  Patsy Klaus and Cathy Maston",,,,,,,,
"refer questions to:  askbjs@ojp.usdoj.gov     202-307-0765",,,,,,,,
"date of version: 10/31/02",,,,,,,,
,,,,,,,,
"Table 8. Personal crimes, 2001: Victimization rates for persons age 12 and over, by type of crime and ethnicity and gender of victims",,,,,,,,
,,,,,,,,
"                                                                                                                   ","                                            Rate per 1,000 persons age 12 and over",,,,,,,
,"                        Hispanic",,,,"                   Non-Hispanic",,,
"Type of crime","Male",,"         Female",,"Male",,"         Female",
,,,,,,,,
"Crimes of violence",36.5,,22.4,,25.9,,23.2,
,,,,,,,,
"   Completed violence",11.6,,10.4,,7.5,,7.7,
"   Attempted violence",24.8,,12.1,,18.4,,15.5,
"   Rape/Sexual assault/a","0.0","*",2.1,"*",0.2,"*",1.9,
"   Robbery",7.9,,2.6,,3.3,,1.6,
"      Completed/property taken",5.5,,2.6,,2.1,,1.1,
"         With injury",2.0,"*",1.2,"*",0.8,,0.5,
"         Without injury",3.5,,1.4,"*",1.3,,0.6,
"      Attempted to take property",2.4,,"0.0","*",1.1,,0.6,
"         With injury",1.5,"*","0.0","*",0.3,,0.2,"*"
"         Without injury",0.9,"*","0.0","*",0.8,,0.4,
"   Assault",28.5,,17.7,,22.4,,19.7,
"      Aggravated",9.8,,3.3,,6.0,,4.4,
"         With injury",3.3,,1.6,"*",2.0,,1.2,
"         Threatened with weapon",6.5,,1.7,"*",4.0,,3.2,
"      Simple",18.7,,14.4,,16.4,,15.3,
"         With minor injury",2.8,,4.6,,3.2,,4.2,
"         Without injury",15.9,,9.8,,13.3,,11.1,
"Purse snatching/Pocket picking",0.7,"*",0.7,"*",0.8,,0.9,
,,,,,,,,
"Total population age 12 and over",12790390,,12646990,,97443420,,104688770,
,,,,,,,,
"Note: Detail may not add to total shown because of rounding.  Excludes data on persons whose ethnicity was not ascertained.",,,,,,,,
"*Estimate is based on about 10 or fewer sample cases.",,,,,,,,
"a/Includes verbal threats of rape and threats of sexual assault.",,,,,,,,
