"Bureau of Justice Statistics",,,,,,,,,,,,,
"filename:  cv0137.csv",,,,,,,,,,,,,
"Table 37: Percent distribution of incidents, by victim-offender relationship, type of crime and number of offenders",,,,,,,,,,,,,
"data source: National Criminal Victimization Survey, 2001   NCJ 197064",,,,,,,,,,,,,
"produced by:  Cathy Maston ",,,,,,,,,,,,,
"authors:  Patsy Klaus and Cathy Maston",,,,,,,,,,,,,
"refer questions to:  askbjs@ojp.usdoj.gov     202-307-0765",,,,,,,,,,,,,
"date of version: 10/31/02",,,,,,,,,,,,,
,,,,,,,,,,,,,
"Table 37. Personal crimes of violence, 2001: Percent distribution of incidents, by victim-offender relationship, type of crime and number of offenders",,,,,,,,,,,,,
"    ",,,,,,,,,,,,,
,,"                                                                         Percent of incidents",,,,,,,,,,,
,,,,"                                                         Number of offenders",,,,,,,,,
,,,,,,,,,,,,,
"Relationship and type of crime","Number of incidents","Total",,"  One",,"  Two",," Three",,"Four or more",,"Not known and not available",
,,,,,,,,,,,,,
"All incidents",,,,,,,,,,,,,
,,,,,,,,,,,,,
"Crimes of violence",5315500,100,"%",79.3,"%",8.7,"%",3.8,"%",5.2,"%",3.0,"%"
"   Completed violence",1676460,100,,74.5,,11.0,,5.4,,6.2,,2.8,
"   Attempted/threatened violence",3639040,100,,81.6,,7.6,,3.0,,4.7,,3.1,
"   Rape/Sexual assault/a",240980,100,,91.8,,2.9,"*","0.0","*",0.9,"*",4.3,"*"
"   Robbery",590380,100,,55.2,,20.4,,10.5,,11.9,,2.0,"*"
"      Completed/property taken",394330,100,,51.5,,22.8,,13.3,,9.4,,3.0,"*"
"      Attempted to take property",196050,100,,62.6,,15.6,,4.8,"*",17.0,,"0.0","*"
"   Assault",4484140,100,,81.8,,7.5,,3.1,,4.5,,3.1,
"      Aggravated",1073410,100,,76.1,,10.7,,3.4,,5.0,,4.8,
"      Simple",3410730,100,,83.6,,6.4,,3.0,,4.4,,2.6,
,,,,,,,,,,,,,
"Involving strangers",,,,,,,,,,,,,
,,,,,,,,,,,,,
"Crimes of violence",2554410,100,"%",66.0,"%",13.8,"%",6.1,"%",8.0,"%",6.1,"%"
"   Completed violence",752710,100,,53.9,,21.1,,9.5,,9.7,,5.8,
"   Attempted/threatened violence",1801700,100,,71.0,,10.8,,4.7,,7.2,,6.2,
"   Rape/Sexual assault/a",85780,100,,82.6,,2.7,"*","0.0","*",2.5,"*",12.1,"*"
"   Robbery",459580,100,,45.7,,25.4,,12.8,,13.6,,2.6,"*"
"      Completed/property taken",299170,100,,40.4,,29.4,,16.5,,9.7,,4.0,"*"
"      Attempted to take property",160410,100,,55.5,,17.9,"*",5.8,"*",20.8,,"0.0","*"
"   Assault",2009050,100,,69.9,,11.7,,4.9,,6.9,,6.6,
"      Aggravated",575490,100,,63.1,,15.2,,4.9,"*",8.2,,8.6,
"      Simple",1433560,100,,72.6,,10.3,,4.8,,6.4,,5.8,
,,,,,,,,,,,,,
"Involving nonstrangers",,,,,,,,,,,,,
,,,,,,,,,,,,,
"Crimes of violence",2761090,100,"%",91.7,"%",3.9,"%",1.6,"%",2.6,"%",0.2,"%*"
"   Completed violence",923740,100,,91.3,,2.8,"*",2.1,"*",3.3,,0.4,"*"
"   Attempted/threatened violence",1837350,100,,91.9,,4.5,,1.3,"*",2.2,,0.1,"*"
"   Rape/Sexual assault/a",155200,100,,96.9,,3.1,"*","0.0","*","0.0","*","0.0","*"
"   Robbery",130800,100,,88.7,,2.9,"*",2.4,"*",6.0,"*","0.0","*"
"      Completed/property taken",95160,100,,86.6,,1.8,"*",3.4,"*",8.2,"*","0.0","*"
"      Attempted to take property",35640,100,,94.3,,5.7,"*","0.0","*","0.0","*","0.0","*"
"   Assault",2475090,100,,91.5,,4.0,,1.6,,2.6,,0.2,"*"
"      Aggravated",497920,100,,91.2,,5.6,"*",1.6,"*",1.3,"*",0.4,"*"
"      Simple",1977170,100,,91.6,,3.6,,1.7,,2.9,,0.2,"*"
,,,,,,,,,,,,,
"Note: Detail may not add to total shown because of rounding.",,,,,,,,,,,,,
"*Estimate is based on about 10 or fewer sample cases.",,,,,,,,,,,,,
"a/Includes verbal threats of rape and threats of sexual assault.",,,,,,,,,,,,,
