"Bureau of Justice Statistics",,,,,,,,,,,,,,,,,
"filename:  cv0134.csv",,,,,,,,,,,,,,,,,
"Table 34: Percent distribution of victimizations, by type of crime and relationship to offender",,,,,,,,,,,,,,,,,
"data source: National Criminal Victimization Survey, 2001   NCJ 197064",,,,,,,,,,,,,,,,,
"produced by:  Cathy Maston ",,,,,,,,,,,,,,,,,
"authors:  Patsy Klaus and Cathy Maston",,,,,,,,,,,,,,,,,
"refer questions to:  askbjs@ojp.usdoj.gov     202-307-0765",,,,,,,,,,,,,,,,,
"date of version: 10/31/02",,,,,,,,,,,,,,,,,
,,,,,,,,,,,,,,,,,
"Table 34. Family violence, 2001: Percent distribution of victimizations, by type of crime and relationship to offender",,,,,,,,,,,,,,,,,
,,,,,,,,,,,,,,,,,
,,,,"                                                                     Percent of victimizations",,,,,,,,,,,,,
,,,,,,"                                                                  Related",,,,,,,,,,,
"Type of crime",,"Total number of victimizations",,"Total crimes",,"Total",," Spouse",,"Ex-spouse",,"Parent",,"Own child",,"Other relatives",
,,,,,,,,,,,,,,,,,
"Crimes of violence",,5743820,,100,"%",11.5,"%",4.3,"%",1.6,"%",1.4,"%",1.3,"%",2.8,"%"
,,,,,,,,,,,,,,,,,
"   Completed violence",,1828280,,100,,17.4,,7.1,,2.6,,3.1,,0.7,"*",3.9,
"   Attempted/threatened violence",,3915540,,100,,8.7,,2.9,,1.1,,0.7,"*",1.6,,2.4,
"   Rape/Sexual assault/b",,248250,,100,,4.1,"*",1.0,"*",1.0,"*",2.1,"*","0.0","*","0.0","*"
"   Robbery",,630690,,100,,8.5,,4.8,,1.5,"*","0.0","*",0.5,"*",1.7,"*"
"      Completed/property taken",,426680,,100,,9.8,,5.6,"*",1.7,"*","0.0","*",0.7,"*",1.9,"*"
"      Attempted to take property",,204000,,100,,5.6,"*",3.3,"*",1.1,"*","0.0","*","0.0","*",1.3,"*"
"   Assault",,4864890,,100,,12.3,,4.4,,1.7,,1.6,,1.5,,3.1,
"      Aggravated",,1222160,,100,,10.1,,3.1,,2.3,"*",1.1,"*",1.3,"*",2.3,"*"
"      Simple",,3642720,,100,,13.0,,4.8,,1.5,,1.7,,1.5,,3.4,
,,,,,,,,,,,,,,,,,
,,"                                                            Percent of victimizations",,,,,,,,,,,,,,,
"Type of crime",,"Well-known/a",,"Casual acquaintances",,"Don't know relationship",,"Strangers",,"Don't know number of offenders",,,,,,,
,,,,,,,,,,,,,,,,,
"Crimes of violence",,23.6,"%",15.9,"%",2.9,"%",44.3,"%",1.8,"%",,,,,,
,,,,,,,,,,,,,,,,,
"   Completed violence",,24.6,,11.5,,3.7,,41.0,,1.8,,,,,,,
"   Attempted/threatened violence",,23.2,,17.9,,2.5,,45.9,,1.8,,,,,,,
"   Rape/Sexual assault/b",,31.7,,27.9,,1.9,"*",30.2,,4.2,"*",,,,,,
"   Robbery",,9.8,,3.3,"*",7.6,,68.9,,1.9,"*",,,,,,
"      Completed/property taken",,9.6,,4.1,"*",9.9,,63.7,,2.8,"*",,,,,,
"      Attempted to take property",,10.4,"*",1.4,"*",2.8,"*",79.7,,"0.0","*",,,,,,
"   Assault",,25.0,,16.9,,2.3,,41.9,,1.7,,,,,,,
"      Aggravated",,21.5,,13.6,,2.7,,49.0,,3.0,,,,,,,
"      Simple",,26.2,,18.0,,2.2,,39.5,,1.2,,,,,,,
,,,,,,,,,,,,,,,,,
"Note: Detail may not add to total shown because of rounding.",,,,,,,,,,,,,,,,,
"*Estimate is based on about 10 or fewer sample cases.",,,,,,,,,,,,,,,,,
"a/Includes data on offenders well known to the victim whose relationship",,,,,,,,,,,,,,,,,
"to the victim could not be ascertained.",,,,,,,,,,,,,,,,,
"b/Includes verbal threats of rape and threats of sexual assault.",,,,,,,,,,,,,,,,,
