"Bureau of Justice Statistics",,,,,,,,,,,,,
"filename:  cv0151.csv",,,,,,,,,,,,,
"Table 51: Victimization rates by type of crime and number of years lived at current residence",,,,,,,,,,,,,
"data source: National Criminal Victimization Survey, 2001   NCJ 197064",,,,,,,,,,,,,
"produced by:  Cathy Maston ",,,,,,,,,,,,,
"authors:  Patsy Klaus and Cathy Maston",,,,,,,,,,,,,
"refer questions to:  askbjs@ojp.usdoj.gov     202-307-0765",,,,,,,,,,,,,
"date of version: 10/31/02",,,,,,,,,,,,,
,,,,,,,,,,,,,
"Table 51. Property crimes, 2001: Victimization rates by type of crime and number of years lived at current residence",,,,,,,,,,,,,
,,,,,,,,,,,,,
,"                                                                                       Rate per 1,000 households",,,,,,,,,,,,
"Type of crime","Total","Less than 6 months/a","6 months to 1 year",,"1 year",,"2 years",,"3 years",,"4 years",,"5 years or more"
,,,,,,,,,,,,,
"Property crimes",177.1,358.1,266.8,,206.6,,193.1,,198.3,,186.2,,132.1
"                                                                                           ",,,,,,,,,,,,,
"  Household burglary",30.3,69.8,47.5,,41.0,,27.6,,25.2,,25.6,,23.2
"    Completed",26.0,62.8,38.8,,33.8,,23.0,,21.2,,20.5,,20.2
"      Forcible entry",10.2,21.4,15.2,,14.5,,8.4,,9.3,,8.8,,8.2
"      Unlawful entry without force",15.7,41.4,23.6,,19.3,,14.6,,11.8,,11.7,,12.0
"    Attempted forcible entry",4.4,7.0,8.7,,7.2,,4.7,,4.0,,5.1,,3.1
"  Motor vehicle theft",9.7,19.9,14.5,,11.8,,12.3,,14.5,,9.7,,6.5
"    Completed",7.0,16.3,10.2,,7.8,,9.4,,11.8,,6.4,,4.3
"    Attempted",2.7,3.6,4.3,"*",4.0,"*",2.9,"*",2.7,"*",3.3,"*",2.2
"  Theft",137.0,268.4,204.8,,153.8,,153.2,,158.6,,150.9,,102.3
"    Completed",132.6,258.9,197.5,,149.0,,149.7,,153.8,,147.3,,98.7
"       Less than $50",45.6,72.6,59.4,,54.5,,53.7,,56.5,,53.1,,35.6
"       $50 - $249",46.7,92.5,68.0,,48.8,,55.1,,55.1,,59.6,,33.9
"       $250 or more",30.7,81.7,60.6,,34.0,,30.3,,30.0,,27.6,,20.5
"       Amount not available",9.6,12.1,9.5,,11.7,,10.6,,12.1,,7.0,,8.7
"     Attempted",4.5,9.5,7.3,,4.8,,3.5,,4.8,,3.6,"*",3.6
,,,,,,,,,,,,,
"Note: Detail may not add to total shown because of rounding.  Excludes data on persons whose mobility was not ascertained.",,,,,,,,,,,,,
"*Estimate is based on about 10 or fewer sample cases.",,,,,,,,,,,,,
"a/These numbers are unbounded estimates.  ",,,,,,,,,,,,,
