"Bureau of Justice Statistics",,,,,,,,,,,,
"filename:  cv0130.csv",,,,,,,,,,,,
"Table 30: Percent of victimizations involving strangers, by gender and race of victims and type of crime",,,,,,,,,,,,
"data source: National Criminal Victimization Survey, 2001   NCJ 197064",,,,,,,,,,,,
"produced by:  Cathy Maston ",,,,,,,,,,,,
"authors:  Patsy Klaus and Cathy Maston",,,,,,,,,,,,
"refer questions to:  askbjs@ojp.usdoj.gov     202-307-0765",,,,,,,,,,,,
"date of version: 10/31/02",,,,,,,,,,,,
,,,,,,,,,,,,
"Table 30. Personal crimes of violence, 2001: Percent of victimizations involvingstrangers, by gender and race of victims and type of crime",,,,,,,,,,,,
,,,,,,,,,,,,
,"                                                             Percent of victimizations involving strangers",,,,,,,,,,,
,,,,,,,"                                 Assault",,,,,
"Gender and race","Crimes of violence",,"Rape/Sexual assault/a",,"Robbery",,"     Total",,"Aggravated",,"   Simple",
,,,,,,,,,,,,
"Both genders",,,,,,,,,,,,
"White",48.5,"%",36.8,"%",77.2,"%",45.4,"%",56.8,"%",41.8,"%"
"Black",46.5,,8.1,"*",79.7,,43.6,,48.3,,41.5,
,,,,,,,,,,,,
"Male",,,,,,,,,,,,
"White",58.7,,45.4,"*",88.4,,54.5,,61.4,,51.9,
"Black",62.8,,"0.0","*",90.1,,56.7,,62.0,,53.6,
,,,,,,,,,,,,
"Female",,,,,,,,,,,,
"White",36.3,,36.0,,57.4,,34.2,,49.2,,30.3,
"Black",33.2,,10.1,"*",36.8,"*",34.4,,34.8,,34.2,
,,,,,,,,,,,,
"Note: Excludes data on persons of ""Other"" races.",,,,,,,,,,,,
"*Estimate is based on about 10 or fewer sample cases.",,,,,,,,,,,,
"a/Includes verbal threats of rape and threats of sexual assault.",,,,,,,,,,,,
