"Bureau of Justice Statistics",,,,,
"filename:  cv0126.csv",,,,,
"Table 26: Number of incidents and victimizations and ratio of victimizations to incidents, by type of crime",,,,,
"data source: National Criminal Victimization Survey, 2001   NCJ 197064",,,,,
"produced by:  Cathy Maston ",,,,,
"authors:  Patsy Klaus and Cathy Maston",,,,,
"refer questions to:  askbjs@ojp.usdoj.gov     202-307-0765",,,,,
"date of version: 10/31/02",,,,,
,,,,,
"Table 26. Personal crimes, 2001: Number of incidents and victimizations and ratio of victimizations to incidents, by type of crime",,,,,
"    ",,,,,
"Type of crime         ","     Incidents",,"Victimizations",," Ratio"
,,,,,
"Personal crimes",5503870,,5932190,,1.08
,,,,,
"  Crimes of violence",5315500,,5743820,,1.08
"    Completed violence",1676460,,1828280,,1.09
"    Attempted/threatened violence",3639040,,3915540,,1.08
"   Rape/Sexual assault",240980,,248250,,1.03
"      Rape/Attempted rape",142950,,146240,,1.02
"         Rape",80330,,83620,,1.04
"         Attempted rape/a",62620,,62620,,1.00
"      Sexual assault/b",98040,,102010,,1.04
"    Robbery",590380,,630690,,1.07
"      Completed/property taken",394330,,426680,,1.08
"         With injury",162140,,173730,,1.07
"         Without injury",232190,,252950,,1.09
"      Attempted to take property",196050,,204000,,1.04
"         With injury",63910,,67740,,1.06
"         Without injury",132140,,136260,,1.03
"    Assault",4484140,,4864890,,1.08
"      Aggravated",1073410,,1222160,,1.14
"         With injury",333740,,391530,,1.17
"         Threatened with weapon",739670,,830630,,1.12
"      Simple",3410730,,3642720,,1.07
"         With minor injury",789570,,844940,,1.07
"         Without injury",2621160,,2797780,,1.07
" Purse snatching/Pocket picking",188370,,188370,,1.00
"    Completed purse snatching",20520,"*",20520,"*",1.00
"    Attempted purse snatching",9430,"*",9430,"*",1.00
"    Pocket picking",158410,,158410,,1.00
,,,,,
"Note: Detail may not add to total shown because of rounding.",,,,,
"*Estimate is based on about 10 or fewer sample cases.",,,,,
"a/Includes verbal threats of rape.",,,,,
"b/Includes threats.",,,,,
