"Bureau of Justice Statistics",,,,,,,,,,,,,,,,
"filename:  cv0112.csv",,,,,,,,,,,,,,,,
"Table 12: Victimization rates for persons age 12 and over, by gender and marital status of victims and type of crime",,,,,,,,,,,,,,,,
"data source: National Criminal Victimization Survey, 2001   NCJ 197064",,,,,,,,,,,,,,,,
"produced by:  Cathy Maston ",,,,,,,,,,,,,,,,
"authors:  Patsy Klaus and Cathy Maston",,,,,,,,,,,,,,,,
"refer questions to:  askbjs@ojp.usdoj.gov     202-307-0765",,,,,,,,,,,,,,,,
"date of version: 10/31/02",,,,,,,,,,,,,,,,
,,,,,,,,,,,,,,,,
"Table 12. Personal crimes, 2001: Victimization rates for persons age 12 and over, by gender and marital status of victims and type of crime",,,,,,,,,,,,,,,,
,,,,,,,,,,,,,,,,
,,,"                                                              Rate per 1,000 persons age 12 and over",,,,,,,,,,,,,
,,,,,,,,,,,"                                 Robbery",,,,,
"Gender and marital status","Total population",,"Crimes of violence",,"Completed violence",,"Attempted/threatened violence",,"Rape/Sexual assault/a",,"Total",,"With injury",,"Without injury",
,,,,,,,,,,,,,,,,
"Male",,,,,,,,,,,,,,,,
"Never married",38589730,,49.2,,16.0,,33.2,,0.2,"*",7.5,,2.6,,4.9,
"Married",58932560,,12.0,,2.3,,9.6,,0.2,"*",1.3,,0.6,,0.7,
"Widowed",2611480,,5.6,"*",1.1,"*",4.4,"*","0.0","*",0.9,"*","0.0","*",0.9,"*"
"Divorced or separated",10259500,,38.5,,12.6,,25.9,,0.3,"*",5.8,,2.6,"*",3.2,
,,,,,,,,,,,,,,,,
"Female",,,,,,,,,,,,,,,,
"Never married",34004670,,39.6,,13.9,,25.7,,4.2,,2.2,,0.5,"*",1.7,
"Married",57811280,,10.8,,2.9,,7.9,,0.5,,0.8,,0.3,"*",0.5,"*"
"Widowed",11102110,,8.2,,3.4,,4.7,,0.5,"*",2.0,"*",1.6,"*",0.4,"*"
"Divorced or separated",14371590,,44.4,,17.6,,26.8,,3.2,,4.0,,2.0,"*",2.0,
,,,,,,,,,,,,,,,,
,"                 Rate per 1,000 persons age 12 and over",,,,,,,,,,,,,,,
,,,,,,,,,,,,,,,,
,"                                                   Assault",,,,,,,,,,,,,,,
"Gender and marital status","Total",," Aggravated",,"    Simple",,"Purse snatching/Pocket picking",,,,,,,,,
,,,,,,,,,,,,,,,,
"Male",,,,,,,,,,,,,,,,
"Never married",41.5,,11.4,,30.1,,1.7,,,,,,,,,
"Married",10.5,,2.9,,7.6,,0.1,"*",,,,,,,,
"Widowed",4.7,"*",1.7,"*",3.0,"*","0.0","*",,,,,,,,
"Divorced or separated",32.4,,10.4,,22.0,,1.3,"*",,,,,,,,
,,,,,,,,,,,,,,,,
,,,,,,,,,,,,,,,,
"Female",,,,,,,,,,,,,,,,
"Never married",33.2,,7.5,,25.7,,1.9,,,,,,,,,
"Married",9.4,,2.0,,7.4,,0.3,"*",,,,,,,,
"Widowed",5.7,,0.9,"*",4.8,,0.9,"*",,,,,,,,
"Divorced or separated",37.2,,8.0,,29.2,,0.5,"*",,,,,,,,
,,,,,,,,,,,,,,,,
"Note: Detail may not add to total shown because of rounding.  Excludes data on persons whose marital status was not ascertained.",,,,,,,,,,,,,,,,
"*Estimate is based on about 10 or fewer sample cases.",,,,,,,,,,,,,,,,
"a/Includes verbal threats of rape and threats of sexual assault.",,,,,,,,,,,,,,,,
