"Bureau of Justice Statistics",,,,,,,,
"filename:  cv0107.csv",,,,,,,,
"Table 7: Number of victimizations and victimization rates for persons age 12 and over, by type of crime and ethnicity of victims",,,,,,,,
"data source: National Criminal Victimization Survey, 2001   NCJ 197064",,,,,,,,
"produced by:  Cathy Maston ",,,,,,,,
"authors:  Patsy Klaus and Cathy Maston",,,,,,,,
"refer questions to:  askbjs@ojp.usdoj.gov     202-307-0765",,,,,,,,
"date of version: 10/31/02",,,,,,,,
,,,,,,,,
"Table 7. Personal crimes, 2001: Number of victimizations and victimization rates for persons age 12 and over, by type of crime and ethnicity of victims",,,,,,,,
"                                                                                                       ",,,,,,,,
,"                                                      Rate per 1,000 persons age 12 and over",,,,,,,
,"                   Total/a",,"                    Hispanic",,,,"                  Non-Hispanic",
"Type of crime","Number","Rate","Number",,"Rate",,"Number","Rate"
,,,,,,,,
"All personal crimes",5932190,25.9,767070,,30.2,,5123260,25.3
,,,,,,,,
"Crimes of violence",5743820,25.1,750000,,29.5,,4954310,24.5
"   Completed violence",1828280,8.0,279740,,11.0,,1538660,7.6
"   Attempted/threatened violence",3915540,17.1,470260,,18.5,,3415650,16.9
"   Rape/Sexual assault",248250,1.1,26740,"*",1.1,"*",219170,1.1
"      Rape/Attempted rape",146240,0.6,22030,"*",0.9,"*",124220,0.6
"         Rape",83620,0.4,17040,"*",0.7,"*",66580,0.3
"         Attempted rape/b",62620,0.3,4980,"*",0.2,"*",57640,0.3
"      Sexual assault/c",102010,0.4,4710,"*",0.2,"*",94960,0.5
"   Robbery",630690,2.8,134600,,5.3,,489320,2.4
"      Completed/property taken",426680,1.9,103860,,4.1,,320250,1.6
"         With injury",173730,0.8,41720,,1.6,,129430,0.6
"         Without injury",252950,1.1,62140,,2.4,,190820,0.9
"      Attempted to take property",204000,0.9,30740,,1.2,,169070,0.8
"         With injury",67740,0.3,19320,"*",0.8,"*",48420,0.2
"         Without injury",136260,0.6,11420,"*",0.4,"*",120650,0.6
"   Assault",4864890,21.2,588660,,23.1,,4245820,21.0
"      Aggravated",1222160,5.3,166980,,6.6,,1042110,5.2
"         With injury",391530,1.7,61900,,2.4,,324670,1.6
"         Threatened with weapon",830630,3.6,105080,,4.1,,717440,3.5
"      Simple",3642720,15.9,421680,,16.6,,3203710,15.8
"         With minor injury",844940,3.7,94690,,3.7,,750250,3.7
"         Without injury",2797780,12.2,326990,,12.9,,2453450,12.1
"  Purse snatching/Pocket picking",188370,0.8,17070,"*",0.7,"*",168950,0.8
"                                                                                          ",,,,,,,,
"Population age 12 and over",229215290,"...",25437380,,"...",,202132190,"..."
,,,,,,,,
"Note: Detail may not add to total shown because of rounding.",,,,,,,,
"*Estimate is based on about 10 or fewer sample cases.",,,,,,,,
"...Not applicable.",,,,,,,,
"a/Includes data on persons whose ethnicity was not ascertained, which are not shown separately.",,,,,,,,
"b/Includes verbal threats of rape.",,,,,,,,
"c/Includes threats.",,,,,,,,
