Name: “Table 1 of 1 on page 1 of 1”,Name: “Table 1 of 1 on page 1 of 1”
Table: 1,Table: 1
,
Warsaw Police Department,
MONTHLY COUNCIL REPORT,
February 2014,
Civic Programs Presented & Community Events,
None,
Calls for Service,62
Directed Patrols,400
Business and Property Checks Conducted,708
Follow Ups,7
Arrest,5
Assault – Domestic Violence,1
DUI,2
Embezzlement (Felony),1
Temporary Detention Order (TDO),1
Uniform Traffic Summons,33
Defective Equipment,1
Drinking While Driving,1
Drive While Suspended,1
Expired Inspection,1
Failure to Dim Headlights,2
Following too Close,1
Improper Lane Change,1
Highway Sign-Fail Obey,1
Lights – Improper Rear Lamp,1
No Child Restraint Devices,2
No Valid Driver’s License,2
Reckless Driving,3
"Seat Belt Required, Front Seat",3
Speeding,13
Submitted by:,
______________________________________,
Chandra O. Johnson - Administrative Assistant,
"""When The Community And Police Work Together We Can Make A Difference!"" – Chief C. Spare","""When The Community And Police Work Together We Can Make A Difference!"" – Chief C. Spare"
3/5/2014,
