Bureau of Justice Statistics,,,,,,,,,
Filename: pbtss11a08,,,,,,,,,
"Appendix table 8. Standard errors for table 6: Stopped drivers age 16 or older who were ticketed, by race of officer and driver and driver�s perception that police behaved properly, 2011",,,,,,,,,
"Report title: Police Behavior during Traffic and Street Stops, 2011",,,,,,,,,
"Data source: BJS Police-Public Contact Survey, 2011",,,,,,,,,
"Authors: Lynn Langton, Ph.D. and Matthew Durose",,,,,,,,,
Refer questions to: askbjs@usdoj.gov 202-307-0765,,,,,,,,,
Date of release: 09/24/13,,,,,,,,,
,,,,,,,,,
"Appendix table 8. Standard errors for table 6: Stopped drivers age 16 or older who were ticketed, by race of officer and driver and driver�s perception that police behaved properly, 2011",,,,,,,,,
,,,,Percent of stopped drivers,,,,,
Race of driver and officer,,,,,,Police behaved properly,,,
,,Percent of all drivers issued a ticket,,Ticketed,,Ticketed drivers,,Drivers not ticketed,
White driver,,0.3,%,1.8,%,1.6,%,1.4,%
,White officer,0.2,,2,,1.7,,1.5,
,Black/African American officer,0,,5.7,,4.9,,3.3,
,Hispanic/Latino officer,0,,6.5,,5.7,,5,
Black/African American driver,,0.7,%,3.3,%,3.4,%,3.4,%
,White officer,0.5,,3.9,,4,,3.8,
,Black/African American officer,0.2,,7.1,,5.7,,6.1,
,Hispanic/Latino officer,0.1,,10.8,,12.7, !,12.7, !
Hispanic/Latino driver,,0.6,%,3.3,%,2.9,%,3.4,%
,White officer,0.4,,3.9,,3.6,,3.7,
,Black/African American officer,0.1, !,14.3, !,10.6, !,16.3, !
,Hispanic/Latino officer,0.2,,6.8,,5.6,,8.3,
Other driver,,0.8,%,4.3,%,3.4,%,4.3,%
,White officer,0.7,,4.9,,3.8,,4.8,
,Black/African American officer,0.1,,12.8,,21.1, !,~, !
,Hispanic/Latino officer,0.2, !,~, !,~, !,~, !
~ Not applicable.,,,,,,,,,
! Interpret with caution. Estimate based on 10 or fewer sample cases or the coefficient of variation is greater than 50%. ,,,,,,,,,
"Source: Bureau of Justice Statistics, National Crime Victimization Survey, Police-Public Contact Survey, 2011. ",,,,,,,,,
