Bureau of Justice Statistics,,,,,,,,,
Filename: pbtss11a01,,,,,,,,,
"Appendix table 1. Standard errors and estimates for figure 1: Perceptions that police behaved properly and respectfully during most recent contact with persons age 16 or older, by type of contact, 2011",,,,,,,,,
"Report title: Police Behavior during Traffic and Street Stops, 2011",,,,,,,,,
"Data source: BJS Police-Public Contact Survey, 2011",,,,,,,,,
"Authors: Lynn Langton, Ph.D. and Matthew Durose",,,,,,,,,
Refer questions to: askbjs@usdoj.gov 202-307-0765,,,,,,,,,
Date of release: 09/24/13,,,,,,,,,
,,,,,,,,,
"Appendix table 1. Standard errors and estimates for figure 1: Perceptions that police behaved properly and respectfully during most recent contact with persons age 16 or older, by type of contact, 2011",,,,,,,,,
,,,,,,,Standard error,,
Stop characteristic,,,,,Number of persons 16 or older,,Number,Percent,
,Any contact,,,,"62,936,500",,"1,581,523",~,
Involuntary contact,,,,,"30,954,800",,"1,079,805",1.2,%
,Traffic stop,,,,"26,404,200",,"982,622",1.1,
,,Driver thought police did not behave properly,,,,,,,
,,,,,"2,547,600",,"218,913",0.7,
,,,Compliant filed,,,,,,
,,,,Yes,"110,900",,"31,184",1.2,
,,,,No,"2,436,700",,"212,649",1.5,
,,Driver thought police   were not respectful,,,,,,,
,,,,,"2,371,700",,"208,937",0.7,
,,Driver thought police were proper and respectful,,,,,,,
,,,,,"22,808,700",,"899,273",1.1,
,Street stop,,,,"1,433,300",,"150,720",0.5,
,,Person thought police did not behave properly,,,,,,,
,,,,,"351,800",,"62,186",3.5,
,,,Compliant filed,,,,,,
,,,,Yes,"10,000",,"8,183",2.3,
,,,,No,"341,800",,"61,097",2.6,
,,Person thought police were not respectful,,,,,,,
,,,,,"327,700",,"59,542",3.4,
,,Person thought police were   proper and respectful,,,,,,,
,,,,,"944,600",,"115,368",4.1,
,Arrest or other involuntary contact,,,,"3,117,300",,"249,752",0.7,
Other contact,,,,,"31,981,800",,"1,100,593",1.2,
,Voluntary,,,,"24,227,400",,"932,916",1.3,
,Traffic accident,,,,"5,533,100",,"363,573",1,
,Anti-crime program participation,,,,"2,221,300",,"200,205",0.6,
Note: Detail based on the most recent contact during the past 12 months. Detail may not sum to total due to missing data or categories that are not mutually exclusive. Estimates rounded to the nearest hundred. ,,,,,,,,,
~ Not applicable.,,,,,,,,,
! Interpret with caution. Estimate based on 10 or fewer sample cases or the coefficient of variation is greater than 50%.,,,,,,,,,
"Source: Bureau of Justice Statistics, National Crime Victimization Survey, Police-Public Contact Survey, 2011. ",,,,,,,,,
