Bureau of Justice Statistics,,,,,,
Filename: pbtss11t09,,,,,,
"Table 9. Type of force used or threatened by police against stopped drivers age 16 or older, by perception that police behaved properly, 2011",,,,,,
"Report title: Police Behavior during Traffic and Street Stops, 2011",,,,,,
"Data source: BJS Police-Public Contact Survey, 2011",,,,,,
"Authors: Lynn Langton, Ph.D. and Matthew Durose",,,,,,
Refer questions to: askbjs@usdoj.gov 202-307-0765,,,,,,
Date of release: 09/24/13,,,,,,
,,,,,,
"Table 9. Type of force used or threatened by police against stopped drivers age 16 or older, by perception that police behaved properly, 2011",,,,,,
,,,Percent of stopped drivers,,,
Type of force,,,Total,,Police behaved properly/a,
,All stops,,100,%,88.2,%
Force used,,,,,,
,Shouting or cursing/b,,1.2,%,22,% !
,Verbal threats/c,,3.4,,56.4,
,Physical force/d,,1.5,,55,
,,,Percent of drivers who experienced force,,,
,Driver thought use of force was necessary/e,,,,,
,,No,74.7,%,38.4,%
,,Yes,19.1,,83.3,
,Driver thought use of force was excessive/e,,,,,
,,No,64.6,%,68.3,%
,,Yes,33.3,,12.4, !
Note: Includes persons for whom the most recent contact with police was as a driver in a traffic stop. See appendix table 11 for standard errors. ,,,,,,
! Interpret with caution. Estimate based on 10 or fewer sample cases or the coefficient of variation is greater than 50%. ,,,,,,
a/Denominator includes about 3% of respondents who did not know or did not report whether the police behaved properly.,,,,,,
b/Excludes stopped drivers who experienced verbal threats or physical force.,,,,,,
"c/Includes threats of arrest, ticketing, or use of force. Excludes stopped drivers who experienced physical force used against them.",,,,,,
"d/Includes pushing, grabbing, hitting, kicking, handcuffing, using chemical or pepper spray, using an electroshock weapon, or pointing a gun. ",,,,,,
"e/Based on stopped drivers who had force (shouting or cursing, verbal threats, or physcial force) used against them by police. Percent of stopped drivers does not sum to 100% due to persons who did not know whether the use of force was necessary or excessive. ",,,,,,
"Source: Bureau of Justice Statistics, National Crime Victimization Survey, Police-Public Contact Survey, 2011.",,,,,,
