Bureau of Justice Statistics,,,,,,,,,,
Filename: pbtss11f01,,,,,,,,,,
"Figure 1. Perceptions that police behaved properly during contact with persons 16 or older, by type of contact, 2011. ",,,,,,,,,,
"Report title: Police Behavior during Traffic and Street Stops, 2011",,,,,,,,,,
"Data source: BJS Police-Public Contact Survey, 2011",,,,,,,,,,
"Authors: Lynn Langton, Ph.D. and Matthew Durose",,,,,,,,,,
Refer questions to: askbjs@usdoj.gov 202-307-0765,,,,,,,,,,
Date of release: 09/24/13,,,,,,,,,,
,,,,,,,,,,
"Figure 1. Perceptions that police behaved properly during contact with persons 16 or older, by type of contact, 2011. ",,,,,,,,,,
,,,,,,Number of persons 16 or older,Percent within category,,Percent of total with contact,
Any contact/a,,,,,,"62,936,500",26,%,100,%
,Other contact,,,,,"31,981,727",100,%,50.8,
,,Voluntary,,,,"24,227,381",75.8,,38.5,
,,Traffic accident,,,,"5,533,096",17.3,,8.8,
,,Anti-crime program,,,,"2,221,250",6.9,,3.5,
,Involuntary contact,,,,,"30,954,802",100,,49.2,
,,Traffic stop,,,,"26,404,244",85.3,,42,
,,,Police did not behave properly,,,"2,547,632",9.6,,4,
,,,,Compliant filed,,,,,,
,,,,,Yes,"110,934",4.4,,0.2,
,,,,,No,"2,436,698",95.6,,3.9,
,,,Police were not respectful,,,"2,371,739",9,,3.8,
,,,Police were proper and respectful,,,"22,808,672",86.4,,36.2,
,,Street stop/b,,,,"1,433,299",4.6,,2.3,
,,,Police did not behave properly,,,"351,766",24.5,,0.6,
,,,,Compliant filed,,,,,,
,,,,,Yes!,"9,996",2.8,,0,
,,,,,No,"341,770",97.2,,0.5,
,,,Police were not respectful,,,"327,670",22.9,,0.5,
,,,Police were proper and respectful,,,"944,600",65.9,,1.5,
,,Arrest,,,,"3,117,258",10.1,,5,
Note: Based on the most recent contact with police during the past 12 months. Detail may not sum to 100% due to missing data and multiple responses. See appendix table 1 for estimates and standard errors.,,,,,,,,,,
a/Includes being stopped by police as either a driver or a passenger in a motor vehicle. All other tables focus on the driver of the motor vehicle in a traffic stop. ,,,,,,,,,,
"b/Includes being stopped by police in a public place, not a moving vehicle.",,,,,,,,,,
! Interpret with caution. Estimate based on 10 or fewer sample cases or the coefficient of variation is greater than 50%.,,,,,,,,,,
"Source: Bureau of Justice Statistics, National Crime Victimization Survey, Police-Public Contact Survey, 2011. ",,,,,,,,,,
