Bureau of Justice Statistics,,,,,,,,,,,
Filename: pbtss11a06,,,,,,,,,,,
"Appendix table 6. Standard errors for table 4: Perception that reason for traffic stop was legitimate among drivers age 16 or older, by race and ethnicity of driver and officer and driver�s perception that police behaved properly, 2011",,,,,,,,,,,
"Report title: Police Behavior during Traffic and Street Stops, 2011",,,,,,,,,,,
"Data source: BJS Police-Public Contact Survey, 2011",,,,,,,,,,,
"Authors: Lynn Langton, Ph.D. and Matthew Durose",,,,,,,,,,,
Refer questions to: askbjs@usdoj.gov 202-307-0765,,,,,,,,,,,
Date of release: 09/24/13,,,,,,,,,,,
,,,,,,,,,,,
"Appendix table 6. Standard errors for table 4: Perception that reason for traffic stop was legitimate among drivers age 16 or older, by race and ethnicity of driver and officer and driver�s perception that police behaved properly, 2011",,,,,,,,,,,
,,,,Percent of stopped drivers,,,,,,,
,,,,,,,,Police behaved properly,,,
Race and ethnicity of driver and officer,,Percent of all drivers,,Total,,Reason for stop was legitimate,,Reason for stop was legitimate,,Reason for stop was not legitimate,
,Total,0.4,%,~,%,1.4,%,0.9,%,2.7,%
White driver,,0.4,%,~,%,1.4,%,1,%,3.4,%
,White officer,0.4,,1.5,,1.5,,1.1,,3.6,
,Black/African American officer,0.1,,0.6,,4.6,,2.4,,12.2,
,Hispanic/Latino officer,0.1,,0.5,,5.6,,2.1,,11.9,
Black/African American driver,,0.9,%,~,%,3.2,%,1.9,%,5.1,%
,White officer,0.7,,3.2,,3.7,,2.3,,6.3,
,Black/African American officer,0.3,,2.1,,6.8,,4.8,,8.6,
,Hispanic/Latino officer,0.2,,1.3,,10.8,,~,,14.4, !
Hispanic/Latino driver,,0.8,%,~,%,3,%,1.8,%,5.6,%
,White officer,0.6,,3.3,,3.6,,2.2,,6.7,
,Black/African American officer,0.1,,1,,12.7,,7.8, !,26, !
,Hispanic/Latino officer,0.3,,2.3,,5.8,,3.8,,13.2,
Other driver,,1,%,~,%,3.8,%,2.8,%,7,%
,White officer,0.9,,4.1,,4.1,,2.9,,8.9, !
,Black/African American officer,0.1, !,1.3, !,20.3, !,27.5, !,23.6, !
,Hispanic/Latino officer,0.2, !,1.8, !,12.9, !,~, !,~, !
~ Not applicable.,,,,,,,,,,,
! Interpret with caution. Estimate based on 10 or fewer sample cases or the coefficient of variation was greater than 50%.,,,,,,,,,,,
"Source: Bureau of Justice Statistics, National Crime Victimization Survey, Police-Public Contact Survey, 2011. ",,,,,,,,,,,
