Bureau of Justice Statistics,,,,,,
Filename: pbtss11a11,,,,,,
"Appendix table 11. Standard errors for table 9: Type of force used or threatened by police against stopped drivers, by driver�s perception that police behaved properly, 2011",,,,,,
"Report title: Police Behavior during Traffic and Street Stops, 2011",,,,,,
"Data source: BJS Police-Public Contact Survey, 2011",,,,,,
"Authors: Lynn Langton, Ph.D. and Matthew Durose",,,,,,
Refer questions to: askbjs@usdoj.gov 202-307-0765,,,,,,
Date of release: 09/24/13,,,,,,
,,,,,,
"Appendix table 11. Standard errors for table 9: Type of force used or threatened by police against stopped drivers, by driver�s perception that police behaved properly, 2011",,,,,,
,,,,,,
,,,Percent of stopped drivers,,,
Type of force,,,Total,,Police behaved properly,
,All stops,,~,%,1.1,%
Force used,,,,,,
,Shouting or cursing,,0.2,%,6.8,% !
,Verbal threats,,0.4,,5.6,
,Physical force,,0.3,,7.7,
,,,Percent of drivers who experienced force,,,
,Driver thought use of force was necessary,,,,,
,,No,3.9,%,4.7,%
,,Yes,3.2,,6.6,
,Driver thought use of force was excessive,,,,,
,,No,4.2,%,4.9,%
,,Yes,4,,4.2, !
~ Not applicable.,,,,,,
! Interpret with caution. Estimate based on 10 or fewer sample cases or the coefficient of variation is greater than 50%. ,,,,,,
"Source: Bureau of Justice Statistics, National Crime Victimization Survey, Police-Public Contact Survey, 2011.",,,,,,
