Bureau of Justice Statistics,,,,,,,,,
Filename: pbtss11t10,,,,,,,,,
"Table 10. Reason for street stops involving persons age 16 or older, by perceptions that stop was legitimate and police behaved properly, 2011",,,,,,,,,
"Report title: Police Behavior during Traffic and Street Stops, 2011",,,,,,,,,
"Data source: BJS Police-Public Contact Survey, 2011",,,,,,,,,
"Authors: Lynn Langton, Ph.D. and Matthew Durose",,,,,,,,,
Refer questions to: askbjs@usdoj.gov 202-307-0765,,,,,,,,,
Date of release: 09/24/13,,,,,,,,,
,,,,,,,,,
"Table 10. Reason for street stops involving persons age 16 or older, by perceptions that stop was legitimate and police behaved properly, 2011",,,,,,,,,
, ,,,Percent of stopped persons,,,,,
Reason for street stop,,Percent of all persons,,Total,,Reason for stop was legitimate/a,,Police behaved properly/b,
,Any reasons,0.6,%,100,%,64.1,%,70.7,%
Suspected of something or matched description of someone police were looking for/c,,0.2,,40.7,,60.8,,68.5,
Police were seeking information about another person or investigating a crime,,0.1,,15.5,,92.1,,89.8,
Police were providing a service,,--,,6.9,,90.8,,95.9,
No reason given by police,,0.1,,16.5,,29.7,,49,
Unknown/d,,0.1,,20.4,,68.1,,69.8,
"Note: Based on persons for whom the most recent contact with police involved being stopped by police in public or on the street, not in a moving vehicle. See appendix table 12 for standard errors.",,,,,,,,,
-- Less than 0.05%.,,,,,,,,,
a/Denominator includes less than 1% of respondents who did know or did not report whether police had a legitimate reason for the stop. ,,,,,,,,,
b/Denominator includes about 3% of respondents who did know or did not report whether police behaved properly.,,,,,,,,,
c/Includes street stops in which the respondent was with someone who the police suspected of something or who matched the description of someone for whom they were looking. ,,,,,,,,,
d/No reason reported. ,,,,,,,,,
"Source: Bureau of Justice Statistics, National Crime Victimization Survey, Police-Public Contact Survey, 2011. ",,,,,,,,,
