Bureau of Justice Statistics,,,,,,,,,
Filename: pbtss11t03,,,,,,,,,
"Table 3. Perception that reason for traffic stop was legitimate among drivers age 16 or older, by reason for stop and whether driver and officer were intra- or interracial, 2011",,,,,,,,,
"Report title: Police Behavior during Traffic and Street Stops, 2011",,,,,,,,,
"Data source: BJS Police-Public Contact Survey, 2011",,,,,,,,,
"Authors: Lynn Langton, Ph.D. and Matthew Durose",,,,,,,,,
Refer questions to: askbjs@usdoj.gov 202-307-0765,,,,,,,,,
Date of release: 09/24/13,,,,,,,,,
,,,,,,,,,
"Table 3. Perception that reason for traffic stop was legitimate among drivers age 16 or older, by reason for stop and whether driver and officer were intra- or interracial, 2011",,,,,,,,,
, ,Intraracial driver and officer,,,,Interracial driver and officer,,,
Reason for traffic stop,,Total stopped drivers ,,Reason for stop was legitimate/a,,Total stopped drivers,,Reason for stop was legitimate/a,
,Any reasons,100,%,83.3,%,100,%,74.4,%
Police gave reason for the stop,,,,,,,,,
,Speeding,51.1,,89.4,,42.3,,83.6,
,Vehicle defect,13,,84.4,,16.7,,74.6,
,Record check,8.7,,79.3,,9.6,,80.8,
,Roadside sobriety check,1.4,,83.4,,0.4, !,38.5, !
,Seatbelt or cell phone violation,6.1,,86.2,,7.2,,70.4,
,Illegal turn or lane change,6.6,,75.2,,7.3,,67.7,
,Stop sign/light violation,6,,70.9,,7.5,,62.3,
,Other reason/b,4.6,,63.6,,5.8,,45.6,
Police did not give reason for the stop,,2.4,,46.8,,3.1,,41.8,
Note: Based on persons for whom the most recent contact with police was as a driver in a traffic stop. Information on the race or Hispanic origin of the officer is based on respondent�s perception. Excludes drivers who were stopped by two or more officers of different races or Hispanic origin and officers whose race or Hispanic origin were unknown to the driver. See appendix table 5 for standard errors. ,,,,,,,,,
a/Denominator includes approximately 3% of respondents who did not know or did not report whether the reason for the stop was legitimate.,,,,,,,,,
"b/Includes reasons such as reckless driving, littering, failure to yield, following too closely, obstructed license plate, and noise violations.",,,,,,,,,
! Interpret with caution. Estimate based on 10 or fewer sample cases or the coefficient of variation is greater than 50%. ,,,,,,,,,
"Source: Bureau of Justice Statistics, National Crime Victimization Survey, Police-Public Contact Survey, 2011. ",,,,,,,,,
