Bureau of Justice Statistics,,,,,,,,,
Filename: pbtss11a05,,,,,,,,,
"Appendix table 5. Standard errors for table 3: Perception that reason for traffic stop was legitimate among drivers age 16 or older, by reason for stop and whether driver and officer were intra- or interracial, 2011",,,,,,,,,
"Report title: Police Behavior during Traffic and Street Stops, 2011",,,,,,,,,
"Data source: BJS Police-Public Contact Survey, 2011",,,,,,,,,
"Authors: Lynn Langton, Ph.D. and Matthew Durose",,,,,,,,,
Refer questions to: askbjs@usdoj.gov 202-307-0765,,,,,,,,,
Date of release: 09/24/13,,,,,,,,,
,,,,,,,,,
"Appendix table 5. Standard errors for table 3: Perception that reason for traffic stop was legitimate among drivers age 16 or older, by reason for stop and whether driver and officer were intra- or interracial, 2011",,,,,,,,,
,,Intraracial driver and officer,,,,Interracial driver and officer,,,
Reason for traffic stop,,Total stopped drivers,,Reason for stop was legitimate,,Total stopped drivers,,Reason for stop was legitimate,
,All reasons,~,%,1.5,%,~,%,2.3,%
Police gave reason for the stop,,,,,,,,,
,Speeding,1.9,,1.6,,2.5,,2.6,
,Vehicle defect,1.1,,3,,1.7,,4.4,
,Record check,0.9,,3.9,,1.3,,5,
,Roadside sobriety check,0.3,,7.7,,0.2, !,25.8, !
,Seatbelt or cell phone violation,0.7,,3.8,,1.1,,6.5,
,Illegal turn or lane change,0.8,,4.6,,1.1,,6.6,
,Stop sign/light violation,0.7,,5,,1.1,,6.7,
,Other reason,0.6,,5.9,,1,,7.6,
Police did not give reason for the stop,,0.4,,7.9,,0.7,,9.9,
~ Not applicable.,,,,,,,,,
! Interpret with caution. Estimate based on 10 or fewer sample cases or the coefficient of variation is greater than 50%. ,,,,,,,,,
"Source: Bureau of Justice Statistics, National Crime Victimization Survey, Police-Public Contact Survey, 2011. ",,,,,,,,,
