Bureau of Justice Statistics,,,,,,,,,,,
Filename: pbtss11t02,,,,,,,,,,,
"Table 2. Perception that reason for traffic stop was legitimate among drivers age 16 or older, by race or Hispanic origin of driver and reason for stop, 2011",,,,,,,,,,,
"Report title: Police Behavior during Traffic and Street Stops, 2011",,,,,,,,,,,
"Data source: BJS Police-Public Contact Survey, 2011",,,,,,,,,,,
"Authors: Lynn Langton, Ph.D. and Matthew Durose",,,,,,,,,,,
Refer questions to: askbjs@usdoj.gov 202-307-0765,,,,,,,,,,,
Date of release: 09/24/13,,,,,,,,,,,
,,,,,,,,,,,
"Table 2. Perception that reason for traffic stop was legitimate among drivers age 16 or older, by race or Hispanic origin of driver and reason for stop, 2011",,,,,,,,,,,
,,Percent of stopped drivers,,,,,,,,,
Reason for traffic stop,,All,,White/a,,Black/AfricanAmerican/a,,Hispanic/Latino,,"Other/a,b",
,Any reasons,100,%,100,%,100,%,100,%,100,%
Police gave reason for the stop,,,,,,,,,,,
,Speeding,46.5,,50.1,,37.7,,39.2,,37.3,
,Vehicle defect,14.1,,12.7,,19,,16.5,,14.6,
,Record check,9.7,,9,,14,,9.7,,9.9,
,Roadside sobriety check,1.3,,1.6,,0.4, !,1, !,1, !
,Seatbelt or cell phone violation,6.6,,6.6,,6.5,,6.5,,7.4,
,Illegal turn or lane change,7,,6.6,,7,,7.1,,10.8,
,Stop sign/light violation,6.7,,6.1,,5.5,,9.9,,9.4,
,Other reason/c,5.1,,4.7,,5.3,,6.8,,5.2,
Police did not give reason for the stop,,3.1,,2.6,,4.7,,3.3,,4.2, !
,,,,,,,,,,,
,,Percent reporting reason for stop was legitimate/d,,,,,,,,,
Reason for traffic stop,,All,,White/a,,Black/African American/a,,Hispanic/Latino,,"Other/a,b",
,Any reasons,80,%,83.6,%,67.5,%,73.6,%,78.4,%
Police gave reason for the stop,,,,,,,,,,,
,Speeding,87.1,,89.6,,72.8,,83.1,,87.3,
,Vehicle defect,81.2,,86.4,,69,,74.4,,79.3,
,Record check,80,,80.9,,83,,70.7,,81.2,
,Roadside sobriety check,79.4,,86,,--, !,56.6, !,68.1, !
,Seatbelt or cell phone violation,79.7,,84,,63.8,,77.3,,69, !
,Illegal turn or lane change,73,,75.4,,65,,72.6,,67.1,
,Stop sign/light violation,68.4,,68.8,,69.2,,63.6,,74.6,
,Other reason/c,59.1,,65.2,,21.6, !,61.9,,67.8, !
Police did not give reason for the stop,,44.6,,51,,36.6, !,18.3, !,59.8, !
Note: Based on persons for whom the most recent contact with police was as a driver in a traffic stop. See appendix table 4 for standard errors. ,,,,,,,,,,,
! Interpret with caution. Estimate based on 10 or fewer cases or the coefficient of variation is greater than 50%.,,,,,,,,,,,
-- Less than 0.05%.,,,,,,,,,,,
a/Excludes persons of Hispanic or Latino origin.,,,,,,,,,,,
"b/Includes persons identifying as American Indian, Alaska Native, Asian, Native Hawaiian, or other Pacific Islander, and persons of two or more races. ",,,,,,,,,,,
"c/Denominator includes approximately 3% of white, 6% of black, 3% of Hispanic, and 4% of other race drivers who did not know or did not report whether the reason for the stop was legitimate. ",,,,,,,,,,,
"d/Includes reasons such as reckless driving, littering, failure to yield, following too closely, obstructed license plate, and noise violations.",,,,,,,,,,,
"Source: Bureau of Justice Statistics, National Crime Victimization Survey, Police-Public Contact Survey, 2011. ",,,,,,,,,,,
