Bureau of Justice Statistics,,,,,,
Filename: pbtss11a10,,,,,,
"Appendix table 10. Standard errors for table 8: Stopped drivers age 16 or older who had their person or vehicle searched by police, by driver�s perception that police behaved properly, 2011",,,,,,
"Report title: Police Behavior during Traffic and Street Stops, 2011",,,,,,
"Data source: BJS Police-Public Contact Survey, 2011",,,,,,
"Authors: Lynn Langton, Ph.D. and Matthew Durose",,,,,,
Refer questions to: askbjs@usdoj.gov 202-307-0765,,,,,,
Date of release: 09/24/13,,,,,,
 ,,,,,,
"Appendix table 10. Standard errors for table 8: Stopped drivers age 16 or older who had their person or vehicle searched by police, by driver�s perception that police behaved properly, 2011",,,,,,
,,,,,,
,,,Percent of stopped drivers,,,
Stop characteristics,,,Total,,Police behaved properly,
,All stops,,~,%,1.1,%
Police searched driver or vehicle,,,,,,
,No,,0.7,%,1.1,%
,Yes,,0.4,,5.4,
,,,Percent of searched drivers,,,
,Police asked permission to search,,,,,
,,No,5.3,%,8,%
,,Yes,5.4,,6.2,
,Driver thought search was legitimate,,,,,
,,No,5.4,%,6.7,%
,,Yes,5.3,,5.8,
~ Not applicable.,,,,,,
"Source: Bureau of Justice Statistics, National Crime Victimization Survey, Police-Public Contact Survey, 2011. ",,,,,,
