Bureau of Justice Statistics,,,,,,,
Filename: pbtss11a13,,,,,,,
"Appendix table 13. Standard errors for table 11: Characteristics of persons age 16 or older involved in street stops and outcomes of the stop, by perceptions that police behaved properly, 2011",,,,,,,
"Report title: Police Behavior during Traffic and Street Stops, 2011",,,,,,,
"Data source: BJS Police-Public Contact Survey, 2011",,,,,,,
"Authors: Lynn Langton, Ph.D. and Matthew Durose",,,,,,,
Refer questions to: askbjs@usdoj.gov 202-307-0765,,,,,,,
Date of release: 09/24/13,,,,,,,
,,,,,,,
"Appendix table 13. Standard errors for table 11: Characteristics of persons age 16 or older involved in street stops and outcomes of the stop, by perceptions that police behaved properly, 2011",,,,,,,
,,,,Percent of stopped persons,,,
Stop characteristics,,,,Total,,Police behaved properly,
,All stops,,,~,%,3.9,%
Person thought officer and  respondent were the same race or Hispanic origin,,,,,,,
  ,,,,,,,
,No,,,3.4,%,7.7,%
,Yes,,,4.2,,4.5,
,Unknown,,,3.4,,7.7,
Person thought reason for stop was legitimate,,,,,,,
,,,,,,,
,No,,,4,%,6.2,%
,Yes,,,4.1,,3.2,
Searched or frisked,,,,,,,
,No,,,3.6,%,4,%
,Yes,,,3.1,,8.4,
,,Person thought search was legitimate,,,,,
,,,,,,,
,,,No,5,%,9.6,%
,,,Yes,4.3,,8.2,
Force used,,,,,,,
,No,,,3.8,%,3.6,%
,Yes,,,3.5,,6.7,
,,Person thought force was excessive,,,,,
 ,,,,,,,
,,,No,5.4,%,8.7,%
,,,Yes,3.5,,0, !
~ Not applicable. ,,,,,,,
! Interpret with caution. Estimate based on 10 or fewer sample cases or the coefficient of variation is greater than 50%. ,,,,,,,
"Source: Bureau of Justice Statistics, National Crime Victimization Survey, Police-Public Contact Survey, 2011.",,,,,,,
