Bureau of Justice Statistics,,,,,,,,,,,
Filename: pbtss11a04,,,,,,,,,,,
"Appendix table 4. Standard errors for table 2: Perception that reason for traffic stop was legitimate among drivers age 16 or older, by race or Hispanic origin of driver and reason for stop, 2011",,,,,,,,,,,
"Report title: Police Behavior during Traffic and Street Stops, 2011",,,,,,,,,,,
"Data source: BJS Police-Public Contact Survey, 2011",,,,,,,,,,,
"Authors: Lynn Langton, Ph.D. and Matthew Durose",,,,,,,,,,,
Refer questions to: askbjs@usdoj.gov 202-307-0765,,,,,,,,,,,
Date of release: 09/24/13,,,,,,,,,,,
,,,,,,,,,,,
"Appendix table 4. Standard errors for table 2: Perception that reason for traffic stop was legitimate among drivers age 16 or older, by race or Hispanic origin of driver and reason for stop, 2011",,,,,,,,,,,
,,Percent of stopped drivers,,,,,,,,,
Reason for traffic stop,,All,,White,,Black/AfricanAmerican,,Hispanic/Latino,,Other,
,Any reasons,~,%,~,%,~,%,0.8,%,~,%
Police gave reason for the stop,,,,,,,,,,,
,Speeding,1.6,,1.8,,3.2,,0.5,,4.2,
,Vehicle defect,1,,1.1,,2.4,,0.3,,2.9,
,Record check,0.8,,0.9,,2.1,,0.2,,2.4,
,Roadside sobriety check,0.2,,0.3,,0.3, !,0.1, !,0.7, !
,Seatbelt or cell phone violation,0.6,,0.7,,1.4,,0.2,,2.1,
,Illegal turn or lane change,0.7,,0.7,,1.5,,0.2,,2.5,
,Stop sign/light violation,0.6,,0.7,,1.3,,0.2,,2.3,
,Other reason,0.6,,0.6,,1.3,,0.2,,1.7,
Police did not give reason for the stop,,0.4,,0.4,,1.2,,0.1,,1.6, !
,,Percent reporting reason for stop was legitimate,,,,,,,,,
Reason for traffic stop,,All,,White,,Black/African American,,Hispanic/Latino,,Other,
,Any reasons,1.4,%,1.4,%,3.2,%,3.1,%,3.8,%
Police gave reason for the stop,,,,,,,,,,,
,Speeding,1.5,,1.5,,4.4,,3.7,,4.5,
,Vehicle defect,2.6,,2.7,,6,,6.1,,8.2,
,Record check,3,,3.5,,5.6,,8,,9.4,
,Roadside sobriety check,6.8,,6.4,,~, !,24.6, !,32.5, !
,Seatbelt or cell phone violation,3.5,,3.7,,9.9,,8.8,,12.7, !
,Illegal turn or lane change,3.8,,4.3,,9.5,,9,,10.8,
,Stop sign/light violation,4,,4.8,,10.3,,8.4,,10.7,
,Other reason,4.7,,5.4,,9, !,9.9,,15, !
Police did not give reason for the stop,,1.4,,7.2,,11.3, !,10.6, !,17.3, !
! Interpret with caution. Estimate based on 10 or fewer cases or the coefficient of variation is greater than 50%.,,,,,,,,,,,
~ Not applicable.,,,,,,,,,,,
"Source: Bureau of Justice Statistics, National Crime Victimization Survey, Police-Public Contact Survey, 2011. ",,,,,,,,,,,
