Bureau of Justice Statistics,,,,,,
Filename: pbtss11t08,,,,,,
"Table 8. Stopped drivers age 16 or older who had their person or vehicle searched by police, by perception that police behaved properly, 2011",,,,,,
"Report title: Police Behavior during Traffic and Street Stops, 2011",,,,,,
"Data source: BJS Police-Public Contact Survey, 2011",,,,,,
"Authors: Lynn Langton, Ph.D. and Matthew Durose",,,,,,
Refer questions to: askbjs@usdoj.gov 202-307-0765,,,,,,
Date of release: 09/24/13,,,,,,
,,,,,,
"Table 8. Stopped drivers age 16 or older who had their person or vehicle searched by police, by perception that police behaved properly, 2011",,,,,,
,,,Percent of stopped drivers,,,
Stop characteristics,,,Total,,Police behaved properly/a,
,All stops,,100,%,88.2,%
Police searched driver or vehicle,,,,,,
,No,,96.4,%,89.3,%
,Yes,,3.5,,61.4,
,,,Percent of searched drivers,,,
,Police asked permission to search/b,,,,,
,,No,40.2,%,46,%
,,Yes,59.8,,71.8,
,Driver thought search was legitimate/b,,,,,
,,No,61.4,%,46.1,%
,,Yes,38.6,,85.8,
Note: Based on persons for whom the most recent contact with police was as a driver in a traffic stop. See appendix table 10 for standard errors. ,,,,,,
a/Denominator includes about 6% of searched and 2% of other stopped drivers not searched who did not know or did not report whether the police behaved properly.,,,,,,
b/Based on the number of drivers who experienced a personal or vehicular search.,,,,,,
"Source: Bureau of Justice Statistics, National Crime Victimization Survey, Police-Public Contact Survey, 2011. ",,,,,,
