Bureau of Justice Statistics,,,,,,,
Filename: pbtss11t11,,,,,,,
"Table 11. Characteristics of persons age 16 or older involved in street stops and outcomes of the stop, by perceptions that police behaved properly, 2011",,,,,,,
"Report title: Police Behavior during Traffic and Street Stops, 2011",,,,,,,
"Data source: BJS Police-Public Contact Survey, 2011",,,,,,,
"Authors: Lynn Langton, Ph.D. and Matthew Durose",,,,,,,
Refer questions to: askbjs@usdoj.gov 202-307-0765,,,,,,,
Date of release: 09/24/13,,,,,,,
,,,,,,,
"Table 11. Characteristics of persons age 16 or older involved in street stops and outcomes of the stop, by perceptions that police behaved properly, 2011",,,,,,,
,,,,Percent of stopped persons,,,
Stop characteristics,,,,Total,,Police behaved properly/a,
,All stops,,,100,%,70.7,%
Officer and respondent were the same race or Hispanic origin/b,,,,,,,
,No,,,22.4,%,62.3,%
,Yes,,,54.5,,78.8,
,Unknown/c,,,23.1,,59.8,
Reason for stop was legitimate,,,,,,,
,No,,,35.6,%,37.5,%
,Yes,,,64.1,,89.5,
Searched or frisked,,,,,,,
,No,,,78.9,%,76.6,%
,Yes,,,19.1,,53.8,
,,Person thought search was legitimate,,,,,
,,,No,11.1,%,29.5,%
,,,Yes,8,,87.9,
Force used,,,,,,,
,No,,,74.6,%,84.5,%
,Yes,,,25.4,,30.3,
,,Person thought force  was excessive,,,,,
,,,No,17.3,%,44.5,%
,,,Yes,7,,--, !
"Note: Based on persons for whom the most recent contact with police involved being stopped by police in public or on the street, not in a moving vehicle. See appendix table 13 for standard errors. ",,,,,,,
 -- Less than 0.05%.,,,,,,,
! Interpret with caution. Estimate based on 10 or fewer sample cases or the coefficient of variation is greater than 50%. ,,,,,,,
a/Denominator includes about 4% of respondents who did know or did not report whether police behaved properly.,,,,,,,
b/Information on the race or Hispanic origin of the officer is based on the person�s perception.,,,,,,,
c/Includes person who were stopped by two or more officers of different races or Hispanic origin and officers whose race or Hispanic origin was unknown to the person.,,,,,,,
"Source: Bureau of Justice Statistics, National Crime Victimization Survey, Police-Public Contact Survey, 2011",,,,,,,
