Bureau of Justice Statistics,,,,,,,,,
Filename: pbtss11a12,,,,,,,,,
"Appendix table 12. Standard errors for table 10: Reason for street stops involving persons age 16 or older, by perceptions that stop was legitimate and police behaved properly, 2011",,,,,,,,,
"Report title: Police Behavior during Traffic and Street Stops, 2011",,,,,,,,,
"Data source: BJS Police-Public Contact Survey, 2011",,,,,,,,,
"Authors: Lynn Langton, Ph.D. and Matthew Durose",,,,,,,,,
Refer questions to: askbjs@usdoj.gov 202-307-0765,,,,,,,,,
Date of release: 09/24/13,,,,,,,,,
,,,,,,,,,
"Appendix table 12. Standard errors for table 10: Reason for street stops involving persons age 16 or older, by perceptions that stop was legitimate and police behaved properly, 2011",,,,,,,,,
,,,,Percent of stopped persons,,,,,
Reason for street stop,,Percent of all persons in a street stop,,Total,,Reason for stop was legitimate,,Police behaved properly,
,Any reasons,0.1,%,~,%,4.1,%,3.9,%
Suspected of something or matched description of someone police were looking for,,0,,4.1,,6,,5.8,
Police were seeking information about another person or investigating a crime,,0,,2.8,,5.1,,5.7,
Police were providing a service,,~,,1.9,,7.8,,5.3,
No reason given by police,,0,,2.9,,8.1, !,9,
Unknown,,0,,3.2,,7.7,,7.6,
~ Not applicable.,,,,,,,,,
! Interpret with caution. Estimate based on 10 or fewer sample cases or the coefficient of variation is greater than 50%.,,,,,,,,,
"Source: Bureau of Justice Statistics, National Crime Victimization Survey, Police-Public Contact Survey, 2011. ",,,,,,,,,
