AUGUSTA COUNTY
SHERIFF’S OFFICE
ANNUAL REPORT 2010
1
,T ABLE OF C ONTENTS,T ABLE OF C ONTENTS,
1.,IN TR OD UC T ION,PA GE,3
2.,TH E COU NT Y O F A U GU STA,PA G E,4
3.,SH ER IFF,PA GE,5
4.,MIS S IO N ST AT EME NT,PA GE,6
5.,TH E AUG US TA CO UN TY SH ER IFF ’S O FF ICE,PA GE,7
6.,ST AFF OF F IC ER S,PA GE,8
7.,U N ITS,PA GE,9- 11
8.,O RG AN IZ AT ION AL C HAR T,PA G E,12
9.,2010 ST A T IST ICS,PA GE,13
10.,2010 A W AR DS,PA GE,14
11.,2010 A C T IV IT IE S,PA GE,15- 16
,,,2
,,INTRODUCTION,INTRODUCTION,INTRODUCTION,INTRODUCTION,INTRODUCTION,INTRODUCTION,INTRODUCTION,,
The,Augusta,Augusta,County,County,Sheriff’s,Sheriff’s,Office,,respectfully,respectfully
submits the following information as its 2010 Annual,submits the following information as its 2010 Annual,submits the following information as its 2010 Annual,submits the following information as its 2010 Annual,submits the following information as its 2010 Annual,submits the following information as its 2010 Annual,submits the following information as its 2010 Annual,submits the following information as its 2010 Annual,submits the following information as its 2010 Annual,submits the following information as its 2010 Annual,submits the following information as its 2010 Annual
Report.,Throughout,Throughout,Throughout,"2010,","2010,",the,Augusta,Augusta,County,County
Sheriff’s Office has continued its dedicated efforts to,Sheriff’s Office has continued its dedicated efforts to,Sheriff’s Office has continued its dedicated efforts to,Sheriff’s Office has continued its dedicated efforts to,Sheriff’s Office has continued its dedicated efforts to,Sheriff’s Office has continued its dedicated efforts to,Sheriff’s Office has continued its dedicated efforts to,Sheriff’s Office has continued its dedicated efforts to,Sheriff’s Office has continued its dedicated efforts to,Sheriff’s Office has continued its dedicated efforts to,Sheriff’s Office has continued its dedicated efforts to
keep Augusta County safe for all citizen’s and visitors.,keep Augusta County safe for all citizen’s and visitors.,keep Augusta County safe for all citizen’s and visitors.,keep Augusta County safe for all citizen’s and visitors.,keep Augusta County safe for all citizen’s and visitors.,keep Augusta County safe for all citizen’s and visitors.,keep Augusta County safe for all citizen’s and visitors.,keep Augusta County safe for all citizen’s and visitors.,keep Augusta County safe for all citizen’s and visitors.,keep Augusta County safe for all citizen’s and visitors.,keep Augusta County safe for all citizen’s and visitors.
2010,was,a,very,busy,year,for,the,members,of,the
Sheriff’s,Office,Office,and,we,are,proud,of,our,efforts,and
accomplishments throughout the year.,accomplishments throughout the year.,accomplishments throughout the year.,accomplishments throughout the year.,accomplishments throughout the year.,accomplishments throughout the year.,accomplishments throughout the year.,accomplishments throughout the year.,,,
,A UGUSTA C OUNTY SHERIFF ’S OFFICE,A UGUSTA C OUNTY SHERIFF ’S OFFICE,A UGUSTA C OUNTY SHERIFF ’S OFFICE,A UGUSTA C OUNTY SHERIFF ’S OFFICE,A UGUSTA C OUNTY SHERIFF ’S OFFICE,A UGUSTA C OUNTY SHERIFF ’S OFFICE,A UGUSTA C OUNTY SHERIFF ’S OFFICE,A UGUSTA C OUNTY SHERIFF ’S OFFICE,,
,,,Randall D. Fisher,Randall D. Fisher,Randall D. Fisher,Randall D. Fisher,,,,
,,,,,,,,,,3
HISTORY
"Augusta County was formed in 1738 and named for Augusta, the Princess of Wales and Mother of"
"King George, III. The county boundaries once stretched all the way to the Mississippi River."
"Currently, the County covers 967 square miles, more than half of the size of Rhode Island. It is the"
second largest county (in land area) in Virginia.
POPULATION
"According to the 2000 Census, there are 65,615 people in Augusta County. Combined with"
"Staunton and Waynesboro, VA, the area population exceeds 110,000. The median age in"
Augusta County is 39.
GOVERNMENT
Augusta County is governed by a seven member Board of Supervisors. The County is divided into
s even magisterial districts with Board members elected from each district. The Board of
Supervisors meets on the second and fourth Wednesday of each month at 7:00 p.m.
ECONOMY
Augusta County has a diverse economy. While manufacturing accounts for approximately 30% of
"the jobs in the County, the governmental, services, and trade sectors are also very strong. In fact,"
the Augusta Correctional Center and Target are two of the County's largest employers.
AGRICULTURE
Agriculture has traditionally been an important part of the County's economy. This remains true
"today. As of January 1, 2000, Augusta County had 37,400 beef cows and 75,000 sheep and"
"lambs, ranking first in both categories in Virginia. According to the latest Census of Agriculture,"
"there are 1,499 farms in Augusta County covering more that 282,000 acres. The average farm"
in the County is 188 acres.
4
R ANDALL F ISHER
"SHERIFF AUGUSTA COUNTY, VIRGINIA"
Randall “Randy” Fisher joined the Augusta County Sheriff’s Office in 1972 as a jail officer.
"He worked his way through the ranks as a Patrol Deputy, Investigator, Lieutenant, and"
Captain. Randy was appointed interim Sheriff in 1998 after the untimely death of Sheriff
"Glenn P. Lloyd, who had held the office for almost 14 years. Randy was elected as Sheriff"
"in a special election in 1998, and ran unopposed in the regular election in 1999. He has"
been re-elected to two additional terms. Randy resides near the village of Crimora with his
"wife Elizabeth. They have two sons, Matthew and Alex."
Sheriff Fisher is a graduate of Blue Ridge Community College and the Virginia Forensic
Academy. The Sheriff is also a 1992 graduate of the FBI National Academy. Sheriff Fisher
currently serves on numerous local boards and he recently served as the interim director
of the Central Shenandoah Criminal Justice Training Academy.
5
,MISSION S TATEMENT,MISSION S TATEMENT,MISSION S TATEMENT,MISSION S TATEMENT,MISSION S TATEMENT,MISSION S TATEMENT,MISSION S TATEMENT,MISSION S TATEMENT,MISSION S TATEMENT,
“THE,M ISSION,M ISSION,OF,THE,AUGUSTA,AUGUSTA,COUNTY,COUNTY,SHERIFF’S,SHERIFF’S
OFFICE,IS,TO,PROVIDE,PROVIDE,PROVIDE,THE,HIGHEST,HIGHEST,LEVEL,OF
"EFFECTIVE ,","EFFECTIVE ,",EFFICENT,EFFICENT,EFFICENT,,AND,PROACTIVE,PROACTIVE,PROACTIVE,LAW
ENFORCEMENT SERVICES AVAILABLE TO ALL WHO LIVE IN,ENFORCEMENT SERVICES AVAILABLE TO ALL WHO LIVE IN,ENFORCEMENT SERVICES AVAILABLE TO ALL WHO LIVE IN,ENFORCEMENT SERVICES AVAILABLE TO ALL WHO LIVE IN,ENFORCEMENT SERVICES AVAILABLE TO ALL WHO LIVE IN,ENFORCEMENT SERVICES AVAILABLE TO ALL WHO LIVE IN,ENFORCEMENT SERVICES AVAILABLE TO ALL WHO LIVE IN,ENFORCEMENT SERVICES AVAILABLE TO ALL WHO LIVE IN,ENFORCEMENT SERVICES AVAILABLE TO ALL WHO LIVE IN,ENFORCEMENT SERVICES AVAILABLE TO ALL WHO LIVE IN,ENFORCEMENT SERVICES AVAILABLE TO ALL WHO LIVE IN
OR,TRAVEL,THROUGH,THROUGH,THROUGH,A UGUSTA,A UGUSTA,COUNTY,COUNTY,WITHOUT,WITHOUT
"REGUARD TO RACE , ETHNICITY OR RELIGION .","REGUARD TO RACE , ETHNICITY OR RELIGION .","REGUARD TO RACE , ETHNICITY OR RELIGION .","REGUARD TO RACE , ETHNICITY OR RELIGION .","REGUARD TO RACE , ETHNICITY OR RELIGION .","REGUARD TO RACE , ETHNICITY OR RELIGION .","REGUARD TO RACE , ETHNICITY OR RELIGION .","REGUARD TO RACE , ETHNICITY OR RELIGION .","REGUARD TO RACE , ETHNICITY OR RELIGION .",,
THE PARAMOUNT GOAL IN DOING SO SHALL BE TO MAKE,THE PARAMOUNT GOAL IN DOING SO SHALL BE TO MAKE,THE PARAMOUNT GOAL IN DOING SO SHALL BE TO MAKE,THE PARAMOUNT GOAL IN DOING SO SHALL BE TO MAKE,THE PARAMOUNT GOAL IN DOING SO SHALL BE TO MAKE,THE PARAMOUNT GOAL IN DOING SO SHALL BE TO MAKE,THE PARAMOUNT GOAL IN DOING SO SHALL BE TO MAKE,THE PARAMOUNT GOAL IN DOING SO SHALL BE TO MAKE,THE PARAMOUNT GOAL IN DOING SO SHALL BE TO MAKE,THE PARAMOUNT GOAL IN DOING SO SHALL BE TO MAKE,THE PARAMOUNT GOAL IN DOING SO SHALL BE TO MAKE
A UGUSTA,A UGUSTA,COUNTY,COUNTY,A,PLACE,WHERE,WHERE,PEOPLE,CAN,VISIT
AND,LIVE,WITHOUT,WITHOUT,,ANY,FEAR,FOR,THE,SAFETY,OR
WELLBEING,WELLBEING,OF,"THEMSELVES ,","THEMSELVES ,","THEMSELVES ,",THEIR,THEIR,"FAMILY,",OR,THEIR
PROPERTY .,PROPERTY .,,,,,,,,,
"D EDICATION ,","D EDICATION ,","LOYALTY , INTEGRITY , AND","LOYALTY , INTEGRITY , AND","LOYALTY , INTEGRITY , AND","LOYALTY , INTEGRITY , AND","LOYALTY , INTEGRITY , AND","LOYALTY , INTEGRITY , AND",JUSTICE,JUSTICE,SHALL
BE,THE HALLMARKS OF OUR EFFORT AND A QUALITY OF,THE HALLMARKS OF OUR EFFORT AND A QUALITY OF,THE HALLMARKS OF OUR EFFORT AND A QUALITY OF,THE HALLMARKS OF OUR EFFORT AND A QUALITY OF,THE HALLMARKS OF OUR EFFORT AND A QUALITY OF,THE HALLMARKS OF OUR EFFORT AND A QUALITY OF,THE HALLMARKS OF OUR EFFORT AND A QUALITY OF,THE HALLMARKS OF OUR EFFORT AND A QUALITY OF,THE HALLMARKS OF OUR EFFORT AND A QUALITY OF,THE HALLMARKS OF OUR EFFORT AND A QUALITY OF
LIFE,ENJOYED,BY,THE,THE,"PUBLIC, UNFETTERED","PUBLIC, UNFETTERED","PUBLIC, UNFETTERED","PUBLIC, UNFETTERED",BY,"CRIME,"
"SHALL SERVE AS THE BENCHMARK OF OUR SUCCESS.""","SHALL SERVE AS THE BENCHMARK OF OUR SUCCESS.""","SHALL SERVE AS THE BENCHMARK OF OUR SUCCESS.""","SHALL SERVE AS THE BENCHMARK OF OUR SUCCESS.""","SHALL SERVE AS THE BENCHMARK OF OUR SUCCESS.""","SHALL SERVE AS THE BENCHMARK OF OUR SUCCESS.""","SHALL SERVE AS THE BENCHMARK OF OUR SUCCESS.""","SHALL SERVE AS THE BENCHMARK OF OUR SUCCESS.""","SHALL SERVE AS THE BENCHMARK OF OUR SUCCESS.""","SHALL SERVE AS THE BENCHMARK OF OUR SUCCESS.""",
,,,,,,,,,,6
,,A U GU STA C OUN TY,A U GU STA C OUN TY,A U GU STA C OUN TY,A U GU STA C OUN TY,A U GU STA C OUN TY,A U GU STA C OUN TY,A U GU STA C OUN TY,A U GU STA C OUN TY,A U GU STA C OUN TY,A U GU STA C OUN TY,A U GU STA C OUN TY,A U GU STA C OUN TY,A U GU STA C OUN TY,
,,S HERIFF ’S OFFIC E,S HERIFF ’S OFFIC E,S HERIFF ’S OFFIC E,S HERIFF ’S OFFIC E,S HERIFF ’S OFFIC E,S HERIFF ’S OFFIC E,S HERIFF ’S OFFIC E,S HERIFF ’S OFFIC E,S HERIFF ’S OFFIC E,S HERIFF ’S OFFIC E,S HERIFF ’S OFFIC E,S HERIFF ’S OFFIC E,,
The A ugust a C ount y Sher if f ’s O f f ice is an or ganiz at ion of highly,The A ugust a C ount y Sher if f ’s O f f ice is an or ganiz at ion of highly,The A ugust a C ount y Sher if f ’s O f f ice is an or ganiz at ion of highly,The A ugust a C ount y Sher if f ’s O f f ice is an or ganiz at ion of highly,The A ugust a C ount y Sher if f ’s O f f ice is an or ganiz at ion of highly,The A ugust a C ount y Sher if f ’s O f f ice is an or ganiz at ion of highly,The A ugust a C ount y Sher if f ’s O f f ice is an or ganiz at ion of highly,The A ugust a C ount y Sher if f ’s O f f ice is an or ganiz at ion of highly,The A ugust a C ount y Sher if f ’s O f f ice is an or ganiz at ion of highly,The A ugust a C ount y Sher if f ’s O f f ice is an or ganiz at ion of highly,The A ugust a C ount y Sher if f ’s O f f ice is an or ganiz at ion of highly,The A ugust a C ount y Sher if f ’s O f f ice is an or ganiz at ion of highly,The A ugust a C ount y Sher if f ’s O f f ice is an or ganiz at ion of highly,The A ugust a C ount y Sher if f ’s O f f ice is an or ganiz at ion of highly,The A ugust a C ount y Sher if f ’s O f f ice is an or ganiz at ion of highly,The A ugust a C ount y Sher if f ’s O f f ice is an or ganiz at ion of highly
mot ivat ed,mot ivat ed,mot ivat ed,public,public,ser v ant s,ser v ant s,ser v ant s,w ho,ar e,dedicat ed,dedicat ed,t o,impr oving,impr oving,t he
saf et y,saf et y,and,qualit y,qualit y,of,life,of,of,count y,r eside nt s,r eside nt s,and,visit or s.,visit or s.,The
A ugusta C ount y Sher if f ’s O f fice consist s of 66 sw or n deput ies.,A ugusta C ount y Sher if f ’s O f fice consist s of 66 sw or n deput ies.,A ugusta C ount y Sher if f ’s O f fice consist s of 66 sw or n deput ies.,A ugusta C ount y Sher if f ’s O f fice consist s of 66 sw or n deput ies.,A ugusta C ount y Sher if f ’s O f fice consist s of 66 sw or n deput ies.,A ugusta C ount y Sher if f ’s O f fice consist s of 66 sw or n deput ies.,A ugusta C ount y Sher if f ’s O f fice consist s of 66 sw or n deput ies.,A ugusta C ount y Sher if f ’s O f fice consist s of 66 sw or n deput ies.,A ugusta C ount y Sher if f ’s O f fice consist s of 66 sw or n deput ies.,A ugusta C ount y Sher if f ’s O f fice consist s of 66 sw or n deput ies.,A ugusta C ount y Sher if f ’s O f fice consist s of 66 sw or n deput ies.,A ugusta C ount y Sher if f ’s O f fice consist s of 66 sw or n deput ies.,A ugusta C ount y Sher if f ’s O f fice consist s of 66 sw or n deput ies.,A ugusta C ount y Sher if f ’s O f fice consist s of 66 sw or n deput ies.,A ugusta C ount y Sher if f ’s O f fice consist s of 66 sw or n deput ies.,A ugusta C ount y Sher if f ’s O f fice consist s of 66 sw or n deput ies.
Those,Those,64,Full,t ime,and,and,2,par t - t ime,par t - t ime,of f icer s,ser ve,ser ve,i n,t he,"Pat r ol,"
"Tr af f ic,","Tr af f ic,","Invest i gat ions,","Invest i gat ions,","Invest i gat ions,","Invest i gat ions,","Invest i gat ions,",C ivil,C ivil,"Pr ocess,","C our t s,","C our t s,",C r ime,C r ime,pr e vent ion,pr e vent ion
and,Administ r at ive,Administ r at ive,Administ r at ive,Administ r at ive,D ivisions.,D ivisions.,D ivisions.,D ivisions.,Sher if f ’s,Sher if f ’s,O f f ice,O f f ice,Suppor t,Suppor t,st af f
includes,includes,includes,an,A dminist r at ive,A dminist r at ive,A dminist r at ive,A dminist r at ive,A dminist r at ive,"A s sist ant ,","A s sist ant ,",,Inf or mat ion,Inf or mat ion,Inf or mat ion,and
"Technology C oor dinat or , an O f f ice Manage r and seven se r vice s","Technology C oor dinat or , an O f f ice Manage r and seven se r vice s","Technology C oor dinat or , an O f f ice Manage r and seven se r vice s","Technology C oor dinat or , an O f f ice Manage r and seven se r vice s","Technology C oor dinat or , an O f f ice Manage r and seven se r vice s","Technology C oor dinat or , an O f f ice Manage r and seven se r vice s","Technology C oor dinat or , an O f f ice Manage r and seven se r vice s","Technology C oor dinat or , an O f f ice Manage r and seven se r vice s","Technology C oor dinat or , an O f f ice Manage r and seven se r vice s","Technology C oor dinat or , an O f f ice Manage r and seven se r vice s","Technology C oor dinat or , an O f f ice Manage r and seven se r vice s","Technology C oor dinat or , an O f f ice Manage r and seven se r vice s","Technology C oor dinat or , an O f f ice Manage r and seven se r vice s","Technology C oor dinat or , an O f f ice Manage r and seven se r vice s","Technology C oor dinat or , an O f f ice Manage r and seven se r vice s","Technology C oor dinat or , an O f f ice Manage r and seven se r vice s"
suppor t per sonnel.,suppor t per sonnel.,suppor t per sonnel.,suppor t per sonnel.,suppor t per sonnel.,,,,,,,,,,,
"D ur ing 2010 our agenc y r espo nded t o 15,1 99 calls f o r ser vic e an d","D ur ing 2010 our agenc y r espo nded t o 15,1 99 calls f o r ser vic e an d","D ur ing 2010 our agenc y r espo nded t o 15,1 99 calls f o r ser vic e an d","D ur ing 2010 our agenc y r espo nded t o 15,1 99 calls f o r ser vic e an d","D ur ing 2010 our agenc y r espo nded t o 15,1 99 calls f o r ser vic e an d","D ur ing 2010 our agenc y r espo nded t o 15,1 99 calls f o r ser vic e an d","D ur ing 2010 our agenc y r espo nded t o 15,1 99 calls f o r ser vic e an d","D ur ing 2010 our agenc y r espo nded t o 15,1 99 calls f o r ser vic e an d","D ur ing 2010 our agenc y r espo nded t o 15,1 99 calls f o r ser vic e an d","D ur ing 2010 our agenc y r espo nded t o 15,1 99 calls f o r ser vic e an d","D ur ing 2010 our agenc y r espo nded t o 15,1 99 calls f o r ser vic e an d","D ur ing 2010 our agenc y r espo nded t o 15,1 99 calls f o r ser vic e an d","D ur ing 2010 our agenc y r espo nded t o 15,1 99 calls f o r ser vic e an d","D ur ing 2010 our agenc y r espo nded t o 15,1 99 calls f o r ser vic e an d","D ur ing 2010 our agenc y r espo nded t o 15,1 99 calls f o r ser vic e an d","D ur ing 2010 our agenc y r espo nded t o 15,1 99 calls f o r ser vic e an d"
w e,had,"15,70 1","15,70 1",self,in it iat ed,in it iat ed,in it iat ed,in it iat ed,incident s,f or,a,combined,combined,t ot al,of
"30,90 0 i ncident s.","30,90 0 i ncident s.","30,90 0 i ncident s.","30,90 0 i ncident s.","30,90 0 i ncident s.",,,,,,,,,,,
,,,6 4 TOTAL SWORN PERSONNEL,6 4 TOTAL SWORN PERSONNEL,6 4 TOTAL SWORN PERSONNEL,6 4 TOTAL SWORN PERSONNEL,6 4 TOTAL SWORN PERSONNEL,6 4 TOTAL SWORN PERSONNEL,6 4 TOTAL SWORN PERSONNEL,6 4 TOTAL SWORN PERSONNEL,6 4 TOTAL SWORN PERSONNEL,6 4 TOTAL SWORN PERSONNEL,6 4 TOTAL SWORN PERSONNEL,,
30,,,,,,,,,,,,,,,
25,,,,,,,,,,,,,,,
,,,,,,,,,,,,,,Patrol,
,,,,,,,,,,,,,,Investigations,Investigations
20,,,,,,,,,,,,,,,
,,,,,,,,,,,,,,Civil Process,Civil Process
,,,,,,,,,,,,,,Courts,
15,,,,,,,,,,,,,,,
,,,,,,,,,,,,,,SRO/DARE/K9,SRO/DARE/K9
,,,,,,,,,,,,,,Ad min,
10,,,,,,,,,,,,,,,
,,,,,,,,,,,,,,Tra ffic,
,,,,,,,,,,,,,,Part-time,
5,,,,,,,,,,,,,,,
0,,,,,,,,,,,,,,,
,30,,10,7,,7,,6,3,1,2,,,,
,,,,,,,,,,,,,,,7
,ACSO STA FF OFFIC ER S,
,CA PTA IN GLEN N HA N G ER,
,C H IEF D E PUT Y,
P A T R OL,IN VE ST IGA T ION S,TR A F F IC
LT . DENNI S BAC K,LT . A. C. PO WER S,L T . J AM ES M ADE R
,,8
,SHERIFF’S OFFICE,SHERIFF’S OFFICE,SHERIFF’S OFFICE,SHERIFF’S OFFICE,SHERIFF’S OFFICE,SHERIFF’S OFFICE,SHERIFF’S OFFICE,SHERIFF’S OFFICE,SHERIFF’S OFFICE,
,,,,UNITS,UNITS,UNITS,UNITS,,,
,,,PATROL DIVISION,PATROL DIVISION,PATROL DIVISION,PATROL DIVISION,PATROL DIVISION,PATROL DIVISION,,
The Patrol Division is the backbone of the Department’s traffic enforcement efforts,The Patrol Division is the backbone of the Department’s traffic enforcement efforts,The Patrol Division is the backbone of the Department’s traffic enforcement efforts,The Patrol Division is the backbone of the Department’s traffic enforcement efforts,The Patrol Division is the backbone of the Department’s traffic enforcement efforts,The Patrol Division is the backbone of the Department’s traffic enforcement efforts,The Patrol Division is the backbone of the Department’s traffic enforcement efforts,The Patrol Division is the backbone of the Department’s traffic enforcement efforts,The Patrol Division is the backbone of the Department’s traffic enforcement efforts,The Patrol Division is the backbone of the Department’s traffic enforcement efforts,The Patrol Division is the backbone of the Department’s traffic enforcement efforts
"and with only 28 assigned personnel, the division not only answers calls for service","and with only 28 assigned personnel, the division not only answers calls for service","and with only 28 assigned personnel, the division not only answers calls for service","and with only 28 assigned personnel, the division not only answers calls for service","and with only 28 assigned personnel, the division not only answers calls for service","and with only 28 assigned personnel, the division not only answers calls for service","and with only 28 assigned personnel, the division not only answers calls for service","and with only 28 assigned personnel, the division not only answers calls for service","and with only 28 assigned personnel, the division not only answers calls for service","and with only 28 assigned personnel, the division not only answers calls for service","and with only 28 assigned personnel, the division not only answers calls for service"
"and investigates all manner of criminal complaints, they also contribute the lion’s","and investigates all manner of criminal complaints, they also contribute the lion’s","and investigates all manner of criminal complaints, they also contribute the lion’s","and investigates all manner of criminal complaints, they also contribute the lion’s","and investigates all manner of criminal complaints, they also contribute the lion’s","and investigates all manner of criminal complaints, they also contribute the lion’s","and investigates all manner of criminal complaints, they also contribute the lion’s","and investigates all manner of criminal complaints, they also contribute the lion’s","and investigates all manner of criminal complaints, they also contribute the lion’s","and investigates all manner of criminal complaints, they also contribute the lion’s","and investigates all manner of criminal complaints, they also contribute the lion’s"
share of effort that is directed by the Department in the area of criminal and traffic,share of effort that is directed by the Department in the area of criminal and traffic,share of effort that is directed by the Department in the area of criminal and traffic,share of effort that is directed by the Department in the area of criminal and traffic,share of effort that is directed by the Department in the area of criminal and traffic,share of effort that is directed by the Department in the area of criminal and traffic,share of effort that is directed by the Department in the area of criminal and traffic,share of effort that is directed by the Department in the area of criminal and traffic,share of effort that is directed by the Department in the area of criminal and traffic,share of effort that is directed by the Department in the area of criminal and traffic,share of effort that is directed by the Department in the area of criminal and traffic
"enforcement. Each year, manpower fluctuates and the demands on the division’s","enforcement. Each year, manpower fluctuates and the demands on the division’s","enforcement. Each year, manpower fluctuates and the demands on the division’s","enforcement. Each year, manpower fluctuates and the demands on the division’s","enforcement. Each year, manpower fluctuates and the demands on the division’s","enforcement. Each year, manpower fluctuates and the demands on the division’s","enforcement. Each year, manpower fluctuates and the demands on the division’s","enforcement. Each year, manpower fluctuates and the demands on the division’s","enforcement. Each year, manpower fluctuates and the demands on the division’s","enforcement. Each year, manpower fluctuates and the demands on the division’s","enforcement. Each year, manpower fluctuates and the demands on the division’s"
"resources are stretched, but the division manages to successfully combat all types","resources are stretched, but the division manages to successfully combat all types","resources are stretched, but the division manages to successfully combat all types","resources are stretched, but the division manages to successfully combat all types","resources are stretched, but the division manages to successfully combat all types","resources are stretched, but the division manages to successfully combat all types","resources are stretched, but the division manages to successfully combat all types","resources are stretched, but the division manages to successfully combat all types","resources are stretched, but the division manages to successfully combat all types","resources are stretched, but the division manages to successfully combat all types","resources are stretched, but the division manages to successfully combat all types"
of violations.,of violations.,of violations.,,,,,,,,
The Division is divided into 4 rotating shifts that work 12 Hour tours of duty. These,The Division is divided into 4 rotating shifts that work 12 Hour tours of duty. These,The Division is divided into 4 rotating shifts that work 12 Hour tours of duty. These,The Division is divided into 4 rotating shifts that work 12 Hour tours of duty. These,The Division is divided into 4 rotating shifts that work 12 Hour tours of duty. These,The Division is divided into 4 rotating shifts that work 12 Hour tours of duty. These,The Division is divided into 4 rotating shifts that work 12 Hour tours of duty. These,The Division is divided into 4 rotating shifts that work 12 Hour tours of duty. These,The Division is divided into 4 rotating shifts that work 12 Hour tours of duty. These,The Division is divided into 4 rotating shifts that work 12 Hour tours of duty. These,The Division is divided into 4 rotating shifts that work 12 Hour tours of duty. These
shifts,are,commanded,by,Sergeants.,The,Division,is,commanded,by,Lieutenant
"Dennis Back and in 2010 the Division wrote 3,327 Crime Incident Reports.","Dennis Back and in 2010 the Division wrote 3,327 Crime Incident Reports.","Dennis Back and in 2010 the Division wrote 3,327 Crime Incident Reports.","Dennis Back and in 2010 the Division wrote 3,327 Crime Incident Reports.","Dennis Back and in 2010 the Division wrote 3,327 Crime Incident Reports.","Dennis Back and in 2010 the Division wrote 3,327 Crime Incident Reports.","Dennis Back and in 2010 the Division wrote 3,327 Crime Incident Reports.","Dennis Back and in 2010 the Division wrote 3,327 Crime Incident Reports.","Dennis Back and in 2010 the Division wrote 3,327 Crime Incident Reports.","Dennis Back and in 2010 the Division wrote 3,327 Crime Incident Reports.",
,,,ACSO PATROL DIVISION,ACSO PATROL DIVISION,ACSO PATROL DIVISION,ACSO PATROL DIVISION,ACSO PATROL DIVISION,ACSO PATROL DIVISION,,
,10,,,,,,,,,
,9,,,,,,,,,
,8,,,,,,,,,
,,,,,,,,,,A Shift
,7,,,,,,,,,
,,,,,,,,,,B Shift
,6,,,,,,,,,
,,,,,,,,,,C Shift
,5,,,,,,,,,
,,,,,,,,,,D Shift
,4,,,,,,,,,
,,,,,,,,,,Admin
,3,,,,,,,,,
,2,,,,,,,,,
,1,,,,,,,,,
,0,,,,,,,,,
,,7 Dep uties,7 Deputies,7 Deputies,7 Deputies,,Lieutenant,Lieutenant,,
,,,,,,,,,,9
,,,COURT SERVICES DIVISION,COURT SERVICES DIVISION,COURT SERVICES DIVISION,COURT SERVICES DIVISION,COURT SERVICES DIVISION,COURT SERVICES DIVISION,COURT SERVICES DIVISION,COURT SERVICES DIVISION,COURT SERVICES DIVISION,COURT SERVICES DIVISION,,,
The,Augusta,Augusta,County,Sheriff’s,Sheriff’s,Office,Court,Court,Services,Services,Division,Division,consists,of,Sgt.
Michael,Michael,"Painter,",Corporal,Corporal,Jerry,Shifflett,Shifflett,and,5,fulltime,fulltime,deputies.,The,Division,Division
provides,provides,court,security,in,three,county,courts,courts,and,is,responsible,responsible,for,transporting,transporting
"prisoners to and from the court complex. In 2010 the Division served 1,116 civil","prisoners to and from the court complex. In 2010 the Division served 1,116 civil","prisoners to and from the court complex. In 2010 the Division served 1,116 civil","prisoners to and from the court complex. In 2010 the Division served 1,116 civil","prisoners to and from the court complex. In 2010 the Division served 1,116 civil","prisoners to and from the court complex. In 2010 the Division served 1,116 civil","prisoners to and from the court complex. In 2010 the Division served 1,116 civil","prisoners to and from the court complex. In 2010 the Division served 1,116 civil","prisoners to and from the court complex. In 2010 the Division served 1,116 civil","prisoners to and from the court complex. In 2010 the Division served 1,116 civil","prisoners to and from the court complex. In 2010 the Division served 1,116 civil","prisoners to and from the court complex. In 2010 the Division served 1,116 civil","prisoners to and from the court complex. In 2010 the Division served 1,116 civil","prisoners to and from the court complex. In 2010 the Division served 1,116 civil","prisoners to and from the court complex. In 2010 the Division served 1,116 civil","prisoners to and from the court complex. In 2010 the Division served 1,116 civil"
"papers and processed 93,271 people at court security entrances.","papers and processed 93,271 people at court security entrances.","papers and processed 93,271 people at court security entrances.","papers and processed 93,271 people at court security entrances.","papers and processed 93,271 people at court security entrances.","papers and processed 93,271 people at court security entrances.","papers and processed 93,271 people at court security entrances.","papers and processed 93,271 people at court security entrances.","papers and processed 93,271 people at court security entrances.","papers and processed 93,271 people at court security entrances.","papers and processed 93,271 people at court security entrances.","papers and processed 93,271 people at court security entrances.","papers and processed 93,271 people at court security entrances.",,,
,,,CIVIL PROCESS DIVISION,CIVIL PROCESS DIVISION,CIVIL PROCESS DIVISION,CIVIL PROCESS DIVISION,CIVIL PROCESS DIVISION,CIVIL PROCESS DIVISION,CIVIL PROCESS DIVISION,CIVIL PROCESS DIVISION,CIVIL PROCESS DIVISION,CIVIL PROCESS DIVISION,,,
The Augusta County Sheriff’s Office Civil Process Division consists of Sgt. James,The Augusta County Sheriff’s Office Civil Process Division consists of Sgt. James,The Augusta County Sheriff’s Office Civil Process Division consists of Sgt. James,The Augusta County Sheriff’s Office Civil Process Division consists of Sgt. James,The Augusta County Sheriff’s Office Civil Process Division consists of Sgt. James,The Augusta County Sheriff’s Office Civil Process Division consists of Sgt. James,The Augusta County Sheriff’s Office Civil Process Division consists of Sgt. James,The Augusta County Sheriff’s Office Civil Process Division consists of Sgt. James,The Augusta County Sheriff’s Office Civil Process Division consists of Sgt. James,The Augusta County Sheriff’s Office Civil Process Division consists of Sgt. James,The Augusta County Sheriff’s Office Civil Process Division consists of Sgt. James,The Augusta County Sheriff’s Office Civil Process Division consists of Sgt. James,The Augusta County Sheriff’s Office Civil Process Division consists of Sgt. James,The Augusta County Sheriff’s Office Civil Process Division consists of Sgt. James,The Augusta County Sheriff’s Office Civil Process Division consists of Sgt. James,The Augusta County Sheriff’s Office Civil Process Division consists of Sgt. James
“Monty” Sellers and 6 fulltime deputies. In 2010 the Civil Process Division served,“Monty” Sellers and 6 fulltime deputies. In 2010 the Civil Process Division served,“Monty” Sellers and 6 fulltime deputies. In 2010 the Civil Process Division served,“Monty” Sellers and 6 fulltime deputies. In 2010 the Civil Process Division served,“Monty” Sellers and 6 fulltime deputies. In 2010 the Civil Process Division served,“Monty” Sellers and 6 fulltime deputies. In 2010 the Civil Process Division served,“Monty” Sellers and 6 fulltime deputies. In 2010 the Civil Process Division served,“Monty” Sellers and 6 fulltime deputies. In 2010 the Civil Process Division served,“Monty” Sellers and 6 fulltime deputies. In 2010 the Civil Process Division served,“Monty” Sellers and 6 fulltime deputies. In 2010 the Civil Process Division served,“Monty” Sellers and 6 fulltime deputies. In 2010 the Civil Process Division served,“Monty” Sellers and 6 fulltime deputies. In 2010 the Civil Process Division served,“Monty” Sellers and 6 fulltime deputies. In 2010 the Civil Process Division served,“Monty” Sellers and 6 fulltime deputies. In 2010 the Civil Process Division served,“Monty” Sellers and 6 fulltime deputies. In 2010 the Civil Process Division served,“Monty” Sellers and 6 fulltime deputies. In 2010 the Civil Process Division served
"20,079 pieces of civil process of all types.","20,079 pieces of civil process of all types.","20,079 pieces of civil process of all types.","20,079 pieces of civil process of all types.","20,079 pieces of civil process of all types.","20,079 pieces of civil process of all types.","20,079 pieces of civil process of all types.","20,079 pieces of civil process of all types.",,,,,,,,
,,,,TRAFFIC DIVISION,TRAFFIC DIVISION,TRAFFIC DIVISION,TRAFFIC DIVISION,TRAFFIC DIVISION,TRAFFIC DIVISION,TRAFFIC DIVISION,,,,,
The,Augusta,Augusta,County,Sheriff’s,Sheriff’s,Office,has,a,small,,but,active,Traffic,Division.,Division.
Lieutenant James Mader has been serving as the Department’s Traffic Officer for,Lieutenant James Mader has been serving as the Department’s Traffic Officer for,Lieutenant James Mader has been serving as the Department’s Traffic Officer for,Lieutenant James Mader has been serving as the Department’s Traffic Officer for,Lieutenant James Mader has been serving as the Department’s Traffic Officer for,Lieutenant James Mader has been serving as the Department’s Traffic Officer for,Lieutenant James Mader has been serving as the Department’s Traffic Officer for,Lieutenant James Mader has been serving as the Department’s Traffic Officer for,Lieutenant James Mader has been serving as the Department’s Traffic Officer for,Lieutenant James Mader has been serving as the Department’s Traffic Officer for,Lieutenant James Mader has been serving as the Department’s Traffic Officer for,Lieutenant James Mader has been serving as the Department’s Traffic Officer for,Lieutenant James Mader has been serving as the Department’s Traffic Officer for,Lieutenant James Mader has been serving as the Department’s Traffic Officer for,Lieutenant James Mader has been serving as the Department’s Traffic Officer for,Lieutenant James Mader has been serving as the Department’s Traffic Officer for
several years and he is the most active traffic enforcer in the Department. In 2010,several years and he is the most active traffic enforcer in the Department. In 2010,several years and he is the most active traffic enforcer in the Department. In 2010,several years and he is the most active traffic enforcer in the Department. In 2010,several years and he is the most active traffic enforcer in the Department. In 2010,several years and he is the most active traffic enforcer in the Department. In 2010,several years and he is the most active traffic enforcer in the Department. In 2010,several years and he is the most active traffic enforcer in the Department. In 2010,several years and he is the most active traffic enforcer in the Department. In 2010,several years and he is the most active traffic enforcer in the Department. In 2010,several years and he is the most active traffic enforcer in the Department. In 2010,several years and he is the most active traffic enforcer in the Department. In 2010,several years and he is the most active traffic enforcer in the Department. In 2010,several years and he is the most active traffic enforcer in the Department. In 2010,several years and he is the most active traffic enforcer in the Department. In 2010,several years and he is the most active traffic enforcer in the Department. In 2010
Lt. Mader issued 1096 Virginia Uniform Summonses.,Lt. Mader issued 1096 Virginia Uniform Summonses.,Lt. Mader issued 1096 Virginia Uniform Summonses.,Lt. Mader issued 1096 Virginia Uniform Summonses.,Lt. Mader issued 1096 Virginia Uniform Summonses.,Lt. Mader issued 1096 Virginia Uniform Summonses.,Lt. Mader issued 1096 Virginia Uniform Summonses.,Lt. Mader issued 1096 Virginia Uniform Summonses.,Lt. Mader issued 1096 Virginia Uniform Summonses.,Lt. Mader issued 1096 Virginia Uniform Summonses.,,,,,,
,,,I NVESTIGATIONS DIVISION,I NVESTIGATIONS DIVISION,I NVESTIGATIONS DIVISION,I NVESTIGATIONS DIVISION,I NVESTIGATIONS DIVISION,I NVESTIGATIONS DIVISION,I NVESTIGATIONS DIVISION,I NVESTIGATIONS DIVISION,I NVESTIGATIONS DIVISION,I NVESTIGATIONS DIVISION,,,
The Augusta County Sheriff’s Office Criminal Investigations Division is commanded,The Augusta County Sheriff’s Office Criminal Investigations Division is commanded,The Augusta County Sheriff’s Office Criminal Investigations Division is commanded,The Augusta County Sheriff’s Office Criminal Investigations Division is commanded,The Augusta County Sheriff’s Office Criminal Investigations Division is commanded,The Augusta County Sheriff’s Office Criminal Investigations Division is commanded,The Augusta County Sheriff’s Office Criminal Investigations Division is commanded,The Augusta County Sheriff’s Office Criminal Investigations Division is commanded,The Augusta County Sheriff’s Office Criminal Investigations Division is commanded,The Augusta County Sheriff’s Office Criminal Investigations Division is commanded,The Augusta County Sheriff’s Office Criminal Investigations Division is commanded,The Augusta County Sheriff’s Office Criminal Investigations Division is commanded,The Augusta County Sheriff’s Office Criminal Investigations Division is commanded,The Augusta County Sheriff’s Office Criminal Investigations Division is commanded,The Augusta County Sheriff’s Office Criminal Investigations Division is commanded,The Augusta County Sheriff’s Office Criminal Investigations Division is commanded
by,Lt.,A.C.,Powers,and,consists,of,Sgt.,Aaron,Leveck,Leveck,and,four,investigators,investigators,in
General Investigations. These investigators are on call for all manner of criminal,General Investigations. These investigators are on call for all manner of criminal,General Investigations. These investigators are on call for all manner of criminal,General Investigations. These investigators are on call for all manner of criminal,General Investigations. These investigators are on call for all manner of criminal,General Investigations. These investigators are on call for all manner of criminal,General Investigations. These investigators are on call for all manner of criminal,General Investigations. These investigators are on call for all manner of criminal,General Investigations. These investigators are on call for all manner of criminal,General Investigations. These investigators are on call for all manner of criminal,General Investigations. These investigators are on call for all manner of criminal,General Investigations. These investigators are on call for all manner of criminal,General Investigations. These investigators are on call for all manner of criminal,General Investigations. These investigators are on call for all manner of criminal,General Investigations. These investigators are on call for all manner of criminal,General Investigations. These investigators are on call for all manner of criminal
investigations and in 2010 they handled 569 assigned cases.,investigations and in 2010 they handled 569 assigned cases.,investigations and in 2010 they handled 569 assigned cases.,investigations and in 2010 they handled 569 assigned cases.,investigations and in 2010 they handled 569 assigned cases.,investigations and in 2010 they handled 569 assigned cases.,investigations and in 2010 they handled 569 assigned cases.,investigations and in 2010 they handled 569 assigned cases.,investigations and in 2010 they handled 569 assigned cases.,investigations and in 2010 they handled 569 assigned cases.,investigations and in 2010 they handled 569 assigned cases.,investigations and in 2010 they handled 569 assigned cases.,,,,
Investigators can also be found in specialized units such as the Drug Task Force,Investigators can also be found in specialized units such as the Drug Task Force,Investigators can also be found in specialized units such as the Drug Task Force,Investigators can also be found in specialized units such as the Drug Task Force,Investigators can also be found in specialized units such as the Drug Task Force,Investigators can also be found in specialized units such as the Drug Task Force,Investigators can also be found in specialized units such as the Drug Task Force,Investigators can also be found in specialized units such as the Drug Task Force,Investigators can also be found in specialized units such as the Drug Task Force,Investigators can also be found in specialized units such as the Drug Task Force,Investigators can also be found in specialized units such as the Drug Task Force,Investigators can also be found in specialized units such as the Drug Task Force,Investigators can also be found in specialized units such as the Drug Task Force,Investigators can also be found in specialized units such as the Drug Task Force,Investigators can also be found in specialized units such as the Drug Task Force,Investigators can also be found in specialized units such as the Drug Task Force
which has a Sergeant and two investigators and the Regional Gang Task Force,which has a Sergeant and two investigators and the Regional Gang Task Force,which has a Sergeant and two investigators and the Regional Gang Task Force,which has a Sergeant and two investigators and the Regional Gang Task Force,which has a Sergeant and two investigators and the Regional Gang Task Force,which has a Sergeant and two investigators and the Regional Gang Task Force,which has a Sergeant and two investigators and the Regional Gang Task Force,which has a Sergeant and two investigators and the Regional Gang Task Force,which has a Sergeant and two investigators and the Regional Gang Task Force,which has a Sergeant and two investigators and the Regional Gang Task Force,which has a Sergeant and two investigators and the Regional Gang Task Force,which has a Sergeant and two investigators and the Regional Gang Task Force,which has a Sergeant and two investigators and the Regional Gang Task Force,which has a Sergeant and two investigators and the Regional Gang Task Force,which has a Sergeant and two investigators and the Regional Gang Task Force,which has a Sergeant and two investigators and the Regional Gang Task Force
which has one investigator.,which has one investigator.,which has one investigator.,which has one investigator.,which has one investigator.,which has one investigator.,,,,,,,,,,
,,,,,,,,,,,,,,,10
SCHOOL RESOURCE DIVISION,SCHOOL RESOURCE DIVISION
The Augusta County Sheriff’s Office School Resource Division is commanded by,The Augusta County Sheriff’s Office School Resource Division is commanded by
Sgt. Bill Bishop and consists of Corporal Rick Modlin and three School Resource,Sgt. Bill Bishop and consists of Corporal Rick Modlin and three School Resource
Officers. These deputies provide police services at all of the County’s High,Officers. These deputies provide police services at all of the County’s High
"Schools, Middle Schools and Elementary Schools.",
DARE,
Kathy Bishop is the Sheriff’s Office D.A.R.E Officer and she is responsible for,Kathy Bishop is the Sheriff’s Office D.A.R.E Officer and she is responsible for
teaching the DARE program throughout Augusta County Public Schools. During,teaching the DARE program throughout Augusta County Public Schools. During
th,
2010 Kathy taught 504 45 minute DARE classes and 950 5,graders in all
schools participated in the program.,
CRIME PREVENTION,
The Augusta County Sheriff’s Office Crime Prevention Officer is Corporal Derek,The Augusta County Sheriff’s Office Crime Prevention Officer is Corporal Derek
"Almarode. He is responsible for the Department’s Neighborhood Watch Program,","Almarode. He is responsible for the Department’s Neighborhood Watch Program,"
"Business Watch Program, National Night out and virtually every aspect of our Crime","Business Watch Program, National Night out and virtually every aspect of our Crime"
Prevention activities.,
,11
ORGANIZATIONAL CHART
12
STATISTICS FOR 2010
"Total Civil Process Served: 21,195"
"Initial Crime Incident Reports: 3,327"
"Criminal Warrants Served: 2,889"
Protective Orders Served: 850
"Traffic Charges: 6,362"
DUI Arrests: 71
ADDITIONAL CRIME DATA IS PENDING
THE RELEASE OF THE 2010 IBR REPORT
13
2010 AWARDS
In 2010 the Augusta County Sheriff’s Office received several
Departmental Awards including the following:
1 st Place in the 2009 Virginia Law Enforcement Challenge
2 nd Place in the 2009 National Law Enforcement Challenge
Individual officers and units also received the following recognition:
2010 Deputy of the Year – Deputy Jesse Bryant
Distinguished Service Medal – Sheriff Randall D. Fisher
Sheriff’s Medal – Deputy Jonathan Wells
Sheriff’s Unit Commendation – Narcotics Unit
Supervisors Commendation – Lt. A.C. Powers
Sergeant Jonathan Sholes
Sergeant James Sellers
Deputy Douglas Cole
Deputy Caleb Spence
Deputy Jonathan Wells
Deputy Robert Hildebrand
Investigator Brian Jenkins
Investigator Paul McCormick
2010 Occupant Protection Award – Lieutenant James Mader
2010 DUI Enforcement Award – Deputy Matthew Carter (Tie)
Deputy Douglas Cole
2010 Speed Enforcement Award – Lieutenant James Mader
14
2010 ACTIVITIES
Augusta County Sheriff’s Office
2010 Public Meetings and Forums
""
""
"January 12, 2010 Security Threat Assessment Meeting Augusta County Government Center"
"January 12, 2010 Meeting Churchville Lions Club"
"January 15, 2010 Crime Stoppers Meeting"
"January 21, 2010 County Staff Meeting"
"January 21, 2010 Security Meeting w/ Advance Telephone Government Center"
"January 21, 2010 Plaza Apartment Neighborhood Watch Meeting"
"February 1, 2010 Neighborhood Watch Meeting with Coordinator Carol Turrentine"
"February 1, 2010 Security Meeting, Augusta County Government Center"
"February 16, 2010 Cub Scout Presentation Pac #122 Swoope"
"February 16, 2010 Young Farmers Meeting Riverheads High School"
"February 18, 2010 County Staff Meeting"
"February 19, 2010 Crime Stoppers Meeting"
"February 24, 2010 Bethel Preschool Tour of Building"
"February 25, 2010 Security Threat Assessment of Augusta County Federal Credit Union"
"February 26, 2010 Target Meeting - Grant Funding for Crime Prevention"
"March 2, 2010   Fraud Program Meeting"
Cub Scouts Pack #190
"March 3, 2010   Riverheads Ruritan Club"
"March 4, 2010   Security Threat Assessment Committee Meeting"
"March 5, 2010   Kids Matter Day Committee Meeting"
Cub Scouts Tour – Sheriff’s Office
"March 13, 2010 Dog on Family Fun – Augusta County Library"
"March 16, 2010 Government Center – Parking Lot Security Walk Through"
"March 19, 2010 Crime Stoppers Meeting"
"March 24, 2010 Kids Matter Day Committee Meeting"
"April 16, 2010   Crime Stoppers Meeting"
Kids Matter Day Committee Meeting
"April 27, 2010   Law Enforcement Program Valley Vo-Tech Criminal Justice Class"
Two morning Sessions
"April 28, 2010   FDHS ESL Class Tour of the Sheriff’s Office"
"April 29, 2010   Augusta Health Hospice / Home Health Care Training “Situational Awareness”"
Am and PM Sessions
"May 1, 2010      Kids Matter Day Event Gypsy Hill Park"
"May 4, 2010      Riverheads Elementary School K-9 Program / Demo"
"May 5, 2010      May 6, 2010 Market Animal Show – Augusta County Schools"
"May 13, 2010   Tech School Tour of the Sheriff’s Office"
"May 14, 2010   Relay for Life – Beverly Manor Middle School"
"May 14, 2010   Verona Moose Awards –"
Sheriff’s Office Crime Prevention / Gang Unit Receives and Award
"May 18, 2010   Community Helpers Program Verona United Methodist Church Daycare Program"
"May 24, 2010   Security Assessment Fishersville United Methodist Church"
"May 26, 2010   K-9 Demo/ Crime Prevention Program Sunshine Pre-School Mt Vernon Church"
15
"June 1, 2010     Security Meeting Fishersville United Methodist Church"
"June 2, 2010     Community Awareness Meeting Claymont Homeowners Association"
"June 18, 2010   Crime Stoppers Meeting"
"June 21, 2010   Broadmoore Neighborhood Watch Meeting – Stuarts Draft Rescue"
"July 13, 2010    K-9 Demo Clymore Elementary"
"July 15, 2010    Plaza Apartments Neighborhood Watch Meeting"
"August 3, 2010 National Night Out"
"August 4, 2010 Valley Community Services Board Security Assessment"
"August 9, 2010 Awareness Program at the Commonwealth Center for Adolescence"
"August 10, 2010 Valley Community Services Board Security Assessment"
"August 14, 2010 Camp Help Stuarts Draft"
"August 16, 2010 Cub Pack 81 Safety Talk"
"August 18, 2010 Government Center Security Committee"
"September 1, 2010 Valley Community Services Board Security Assessment"
"September 7, 2010 Identity Theft Program for “TOPS” Fishersville"
"September 13, 2010 Scene Safety Preston Yancy Fire Company"
"September 17, 2010 Crime Stoppers"
"October 5, 2010 Personal Safety / Identity Theft Calvary Baptist Church"
"October 15, 2010 Crime Stoppers Meeting"
"October 16, 2010 Tammy Myers Golf Benefit for Cancer"
"October 18, 2010 – October 19, 2010 Virginia Gang Conference"
"October 25, 2010 Camera Security Assessment Social Services Building Verona and Waynesboro"
"November 2, 2010 Neighborhood Watch Meeting Apple Hill Estates New Group"
"November 3, 2010 Public Safety Forum BRCC"
"November 17, 2010 Government Center Security Locking System Upgrade Walk Through"
"November 18, 2010 – November 19, 2010 ASIST Training Roanoke Virginia"
"November 30, 2010 Home Security “TOPS” Fishersville"
"December 2, 2010 Scene Safety Waynesboro First Aid Crew"
"December 3, 2010 Scene Safety Waynesboro First Aid Crew"
"December 4, 2010 Identity Theft for Daughters of the American Revolution – Waynesboro"
"December 8, 2010 Neighborhood Watch Group – New – Belvidere Subdivision"
"December 14, 2010 Senior Safe Program – Augusta County Parks and Recreation"
"December 17, 2010 Crime Stoppers Meeting"
16
