Name: “Table 1 of 1 on page 9 of 16”,Name: “Table 1 of 1 on page 9 of 16”,Name: “Table 1 of 1 on page 9 of 16”,Name: “Table 1 of 1 on page 9 of 16”,Name: “Table 1 of 1 on page 9 of 16”,Name: “Table 1 of 1 on page 9 of 16”,Name: “Table 1 of 1 on page 9 of 16”,Name: “Table 1 of 1 on page 9 of 16”,Name: “Table 1 of 1 on page 9 of 16”,Name: “Table 1 of 1 on page 9 of 16”,Name: “Table 1 of 1 on page 9 of 16”
Table: 9,Table: 9,Table: 9,Table: 9,Table: 9,Table: 9,Table: 9,Table: 9,Table: 9,Table: 9,Table: 9
,,,,,,,,,,
,SHERIFF’S OFFICE,SHERIFF’S OFFICE,SHERIFF’S OFFICE,SHERIFF’S OFFICE,SHERIFF’S OFFICE,SHERIFF’S OFFICE,SHERIFF’S OFFICE,SHERIFF’S OFFICE,SHERIFF’S OFFICE,
,,,,UNITS,UNITS,UNITS,UNITS,,,
,,,PATROL DIVISION,PATROL DIVISION,PATROL DIVISION,PATROL DIVISION,PATROL DIVISION,PATROL DIVISION,,
The Patrol Division is the backbone of the Department’s traffic enforcement efforts,The Patrol Division is the backbone of the Department’s traffic enforcement efforts,The Patrol Division is the backbone of the Department’s traffic enforcement efforts,The Patrol Division is the backbone of the Department’s traffic enforcement efforts,The Patrol Division is the backbone of the Department’s traffic enforcement efforts,The Patrol Division is the backbone of the Department’s traffic enforcement efforts,The Patrol Division is the backbone of the Department’s traffic enforcement efforts,The Patrol Division is the backbone of the Department’s traffic enforcement efforts,The Patrol Division is the backbone of the Department’s traffic enforcement efforts,The Patrol Division is the backbone of the Department’s traffic enforcement efforts,The Patrol Division is the backbone of the Department’s traffic enforcement efforts
"and with only 28 assigned personnel, the division not only answers calls for service","and with only 28 assigned personnel, the division not only answers calls for service","and with only 28 assigned personnel, the division not only answers calls for service","and with only 28 assigned personnel, the division not only answers calls for service","and with only 28 assigned personnel, the division not only answers calls for service","and with only 28 assigned personnel, the division not only answers calls for service","and with only 28 assigned personnel, the division not only answers calls for service","and with only 28 assigned personnel, the division not only answers calls for service","and with only 28 assigned personnel, the division not only answers calls for service","and with only 28 assigned personnel, the division not only answers calls for service","and with only 28 assigned personnel, the division not only answers calls for service"
"and investigates all manner of criminal complaints, they also contribute the lion’s","and investigates all manner of criminal complaints, they also contribute the lion’s","and investigates all manner of criminal complaints, they also contribute the lion’s","and investigates all manner of criminal complaints, they also contribute the lion’s","and investigates all manner of criminal complaints, they also contribute the lion’s","and investigates all manner of criminal complaints, they also contribute the lion’s","and investigates all manner of criminal complaints, they also contribute the lion’s","and investigates all manner of criminal complaints, they also contribute the lion’s","and investigates all manner of criminal complaints, they also contribute the lion’s","and investigates all manner of criminal complaints, they also contribute the lion’s","and investigates all manner of criminal complaints, they also contribute the lion’s"
share of effort that is directed by the Department in the area of criminal and traffic,share of effort that is directed by the Department in the area of criminal and traffic,share of effort that is directed by the Department in the area of criminal and traffic,share of effort that is directed by the Department in the area of criminal and traffic,share of effort that is directed by the Department in the area of criminal and traffic,share of effort that is directed by the Department in the area of criminal and traffic,share of effort that is directed by the Department in the area of criminal and traffic,share of effort that is directed by the Department in the area of criminal and traffic,share of effort that is directed by the Department in the area of criminal and traffic,share of effort that is directed by the Department in the area of criminal and traffic,share of effort that is directed by the Department in the area of criminal and traffic
"enforcement. Each year, manpower fluctuates and the demands on the division’s","enforcement. Each year, manpower fluctuates and the demands on the division’s","enforcement. Each year, manpower fluctuates and the demands on the division’s","enforcement. Each year, manpower fluctuates and the demands on the division’s","enforcement. Each year, manpower fluctuates and the demands on the division’s","enforcement. Each year, manpower fluctuates and the demands on the division’s","enforcement. Each year, manpower fluctuates and the demands on the division’s","enforcement. Each year, manpower fluctuates and the demands on the division’s","enforcement. Each year, manpower fluctuates and the demands on the division’s","enforcement. Each year, manpower fluctuates and the demands on the division’s","enforcement. Each year, manpower fluctuates and the demands on the division’s"
"resources are stretched, but the division manages to successfully combat all types","resources are stretched, but the division manages to successfully combat all types","resources are stretched, but the division manages to successfully combat all types","resources are stretched, but the division manages to successfully combat all types","resources are stretched, but the division manages to successfully combat all types","resources are stretched, but the division manages to successfully combat all types","resources are stretched, but the division manages to successfully combat all types","resources are stretched, but the division manages to successfully combat all types","resources are stretched, but the division manages to successfully combat all types","resources are stretched, but the division manages to successfully combat all types","resources are stretched, but the division manages to successfully combat all types"
of violations.,of violations.,of violations.,,,,,,,,
The Division is divided into 4 rotating shifts that work 12 Hour tours of duty. These,The Division is divided into 4 rotating shifts that work 12 Hour tours of duty. These,The Division is divided into 4 rotating shifts that work 12 Hour tours of duty. These,The Division is divided into 4 rotating shifts that work 12 Hour tours of duty. These,The Division is divided into 4 rotating shifts that work 12 Hour tours of duty. These,The Division is divided into 4 rotating shifts that work 12 Hour tours of duty. These,The Division is divided into 4 rotating shifts that work 12 Hour tours of duty. These,The Division is divided into 4 rotating shifts that work 12 Hour tours of duty. These,The Division is divided into 4 rotating shifts that work 12 Hour tours of duty. These,The Division is divided into 4 rotating shifts that work 12 Hour tours of duty. These,The Division is divided into 4 rotating shifts that work 12 Hour tours of duty. These
shifts,are,commanded,by,Sergeants.,The,Division,is,commanded,by,Lieutenant
"Dennis Back and in 2010 the Division wrote 3,327 Crime Incident Reports.","Dennis Back and in 2010 the Division wrote 3,327 Crime Incident Reports.","Dennis Back and in 2010 the Division wrote 3,327 Crime Incident Reports.","Dennis Back and in 2010 the Division wrote 3,327 Crime Incident Reports.","Dennis Back and in 2010 the Division wrote 3,327 Crime Incident Reports.","Dennis Back and in 2010 the Division wrote 3,327 Crime Incident Reports.","Dennis Back and in 2010 the Division wrote 3,327 Crime Incident Reports.","Dennis Back and in 2010 the Division wrote 3,327 Crime Incident Reports.","Dennis Back and in 2010 the Division wrote 3,327 Crime Incident Reports.","Dennis Back and in 2010 the Division wrote 3,327 Crime Incident Reports.",
,,,ACSO PATROL DIVISION,ACSO PATROL DIVISION,ACSO PATROL DIVISION,ACSO PATROL DIVISION,ACSO PATROL DIVISION,ACSO PATROL DIVISION,,
,10,,,,,,,,,
,9,,,,,,,,,
,8,,,,,,,,,
,,,,,,,,,,A Shift
,7,,,,,,,,,
,,,,,,,,,,B Shift
,6,,,,,,,,,
,,,,,,,,,,C Shift
,5,,,,,,,,,
,,,,,,,,,,D Shift
,4,,,,,,,,,
,,,,,,,,,,Admin
,3,,,,,,,,,
,2,,,,,,,,,
,1,,,,,,,,,
,0,,,,,,,,,
,,7 Dep uties,7 Deputies,7 Deputies,7 Deputies,,Lieutenant,Lieutenant,,
,,,,,,,,,,9
