Name: “Table 1 of 1 on page 1 of 1”,Name: “Table 1 of 1 on page 1 of 1”,Name: “Table 1 of 1 on page 1 of 1”
Table: 1,Table: 1,Table: 1
,,
,Warsaw Police Department,Warsaw Police Department
,MONTHLY COUNCIL REPORT,MONTHLY COUNCIL REPORT
,May 2013,
Civic Programs Presented & Community Events,Civic Programs Presented & Community Events,
May 2,"National Day of Prayer (Chief Spare, Officer Scholes)","National Day of Prayer (Chief Spare, Officer Scholes)"
May 4,"Because We Care Relay For Life at RHS (Chief Spare, Officers","Because We Care Relay For Life at RHS (Chief Spare, Officers"
,Scholes & Taylor),
May 4,Car Seat Safety Check at Cuddlebugs Child Development Center,Car Seat Safety Check at Cuddlebugs Child Development Center
,"(Chief Spare, Officers Scholes & Taylor)",
May 4,YMCA Color Me Healthy 5k Run & Healthy Kids Day (Chief,YMCA Color Me Healthy 5k Run & Healthy Kids Day (Chief
,"Spare, Officers Scholes & Taylor",
May 4,"Gun Show (Chief Spare, Officers Scholes & Taylor)","Gun Show (Chief Spare, Officers Scholes & Taylor)"
May 11,Warsaw Farmer’s Market (Officer Scholes),
May 11,Senior Law Day (Chief Spare),
May 14,Richmond County Resource Council (Chief Spare),Richmond County Resource Council (Chief Spare)
May 15,Community Helpers at Cuddlebugs Child Development Center (Chief Spare),Community Helpers at Cuddlebugs Child Development Center (Chief Spare)
May 21,"Triad Health & Safety Fair (Chief Spare, Officer Scholes, Chandra Johnson)","Triad Health & Safety Fair (Chief Spare, Officer Scholes, Chandra Johnson)"
May 24,Richmond Co. Elem School Fun Day (Chief Spare) **Rained**,Richmond Co. Elem School Fun Day (Chief Spare) **Rained**
May 25,"Crime Stoppers Pig Pickin (Chief Spare, Officer’s Scholes and Taylor)","Crime Stoppers Pig Pickin (Chief Spare, Officer’s Scholes and Taylor)"
Calls for Service,Calls for Service,41
Directed Patrols,Directed Patrols,366
Property & Business Checks Conducted,Property & Business Checks Conducted,819
Follow Ups,,11
Arrest,,1
Probation Violation,Probation Violation,1
Uniform Traffic Summons,Uniform Traffic Summons,48
Defective Equipment,Defective Equipment,1
Expired Inspection,Expired Inspection,1
Fail to Yield Right of Way,Fail to Yield Right of Way,1
Following too Close,Following too Close,1
Speeding,,44
Submitted by:,Submitted by:,
_________________________,_________________________,
Chandra O. Johnson - Administrative Assistant,Chandra O. Johnson - Administrative Assistant,
"""When The Community And Police Work Together We Can Make A Difference!"" – Chief C. Spare","""When The Community And Police Work Together We Can Make A Difference!"" – Chief C. Spare","""When The Community And Police Work Together We Can Make A Difference!"" – Chief C. Spare"
,6/7/2013,
