"Bureau of Justice Statistics",,,,,,,,,,,,,,,,
"filename:  cv9850.csv",,,,,,,,,,,,,,,,
"Table 50: Victimization rates for persons age 12 and over,",,,,,,,,,,,,,,,,
"by type of crime and number of years lived at current residence",,,,,,,,,,,,,,,,
"data source: National Criminal Victimization Survey, 1998    NCJ 181585",,,,,,,,,,,,,,,,
"produced by:  Cathy Maston ",,,,,,,,,,,,,,,,
"authors:  Patsy Klaus and Cathy Maston",,,,,,,,,,,,,,,,
"refer questions to:  askbjs@ojp.usdoj.gov     202-307-0765",,,,,,,,,,,,,,,,
"date of version: 03/27/00",,,,,,,,,,,,,,,,
,,,,,,,,,,,,,,,,
,,,,,,,,,,,,,,,,
"Table 50. Violent crimes, 1998:",,,,,,,,,,,,,,,,
,,,,,,,,,,,,,,,,
"Victimization rates for persons age 12 and over,",,,,,,,,,,,,,,,,
"by type of crime and number of years lived at current residence",,,,,,,,,,,,,,,,
,,,,,,,,,,,,,,,,
"       ",,,,,,,,,,,"Rate per 1,000 persons age 12 and over",,,,,
,,,,"       Less than",,"        6 months",,,,,,,,,,"       5 years"
"Type of crime",,"Total",,"       6 months/a",,"        to 1 year",,"          1 year",,"        2 years",,"        3 years",,"       4 years",,"       or more"
,,,,,,,,,,,,,,,,
,,,,,,,,,,,,,,,,
"  Crimes of violence",,36.5,,95.8,,61.5,,47.5,,45.0,,34.4,,36.8,,21.8
,,,,,,,,,,,,,,,,
"    Completed violence",,11.6,,34.7,,20.3,,15.1,,14.1,,7.8,,12.5,,6.4
"    Attempted/threatened violence",,25.0,,61.2,,41.2,,32.5,,30.9,,26.7,,24.3,,15.3
"    Rape/Sexual assault/b",,1.5,,5.3,,2.4,,1.4,"*",0.4,"*",1.0,"*",2.5,,1.0
"    Robbery",,4.0,,11.7,,7.0,,6.1,,5.2,,3.0,,3.3,,2.1
"      Completed/property taken",,2.7,,8.7,,4.3,,4.9,,3.3,,2.0,,1.9,"*",1.4
"      Attempted to take property",,1.2,,2.9,,2.7,,1.2,"*",1.9,,1.0,"*",1.4,"*",0.7
"    Assault",,31.1,,78.8,,52.0,,40.0,,39.4,,30.4,,31.0,,18.7
"      Aggravated",,7.5,,22.7,,14.8,,9.0,,8.7,,7.5,,5.4,,4.1
"        With injury",,2.5,,7.4,,6.1,,2.0,,3.3,"*",1.6,"*",1.7,"*",1.4
"        Threatened with weapon",,5.1,,15.3,,8.7,,6.9,,5.4,,5.9,,3.7,,2.7
"      Simple",,23.5,,56.1,,37.2,,31.0,,30.7,,22.9,,25.6,,14.5
"        With minor injury",,5.3,,14.7,,9.1,,6.8,,7.1,,3.6,,6.4,,3.0
"        Without injury",,18.2,,41.4,,28.2,,24.2,,23.6,,19.3,,19.2,,11.6
,,,,,,,,,,,,,,,,
"Total population",,220624260,,19454310,,14150110,,15820000,,19808470,,16101430,,12568140,,122721800
"  age 12 and over",,,,,,,,,,,,,,,,
,,,,,,,,,,,,,,,,
,,,,,,,,,,,,,,,,
"Note:  Detail may not add to total shown because of rounding.",,,,,,,,,,,,,,,,
"Excludes data on persons whose mobility was not ascertained.",,,,,,,,,,,,,,,,
"* Estimate is based on about 10 or fewer sample cases.",,,,,,,,,,,,,,,,
"a/These numbers are unbounded estimates.  For more information, refer to Appendix III.",,,,,,,,,,,,,,,,
"b/Includes verbal threats of rape and threats of sexual assault.",,,,,,,,,,,,,,,,
