"Bureau of Justice Statistics",,,,,,,,,,,,,,
"filename:  cv9831.csv",,,,,,,,,,,,,,
"Table 31: Percent of victimizations involving strangers,",,,,,,,,,,,,,,
"by gender and marital status of victims",,,,,,,,,,,,,,
"and type of crime",,,,,,,,,,,,,,
"data source: National Criminal Victimization Survey, 1998    NCJ 181585",,,,,,,,,,,,,,
"produced by:  Cathy Maston",,,,,,,,,,,,,,
"authors:  Patsy Klaus and Cathy Maston",,,,,,,,,,,,,,
"refer questions to:  askbjs@ojp.usdoj.gov     202-307-0765",,,,,,,,,,,,,,
"date of version: 03/28/00",,,,,,,,,,,,,,
,,,,,,,,,,,,,,
,,,,,,,,,,,,,,
"Table 31. Personal crimes of violence, 1998:",,,,,,,,,,,,,,
,,,,,,,,,,,,,,
"Percent of victimizations involving strangers,",,,,,,,,,,,,,,
"by gender and marital status of victims",,,,,,,,,,,,,,
"and type of crime",,,,,,,,,,,,,,
"                                                                                                                               ",,,,,,,,,,,,,,
,,,,,,,,,,"                                                                                                                                                                                                  Percent of victimizations involving strangers",,,,
,,,"Crimes",,"Rape/",,,,,,,,,
"Gender and",,,"of",,"Sexual",,,,,,"Assault",,,
"marital status",,,"violence",,"assault/a",,"Robbery",,"     Total",,"Aggravated",,"   Simple",
,,,,,,,,,,,,,,
,,,,,,,,,,,,,,
"Both gender",,,,,,,,,,,,,,
,"Never married",,48.4,,25.4,,65.7,,47.2,,55.3,,44.8,
,"Married",,56.3,,38.3,"*",76.6,,55.1,,58.3,,54.0,
,"Widowed",,35.1,,100.0,"*",12.6,"*",37.4,"*",32.1,"*",39.5,"*"
,"Divorced or separated",,37.0,,25.3,"*",53.5,,35.3,,38.8,,34.0,
,,,,,,,,,,,,,,
"Male",,,,,,,,,,,,,,
,"Never married",,56.9,,30.0,"*",72.9,,54.7,,59.2,,53.2,
,"Married",,62.7,,24.5,"*",89.9,,61.1,,64.5,,59.9,
,"Widowed",,50.6,"*",0.0,"*",0.0,"*",58.1,"*",61.5,"*",52.6,"*"
,"Divorced or separated",,57.6,,0.0,"*",91.5,,54.2,,54.6,,54.0,
,,,,,,,,,,,,,,
"Female",,,,,,,,,,,,,,
,"Never married",,35.0,,25.2,,53.4,,33.7,,44.9,,31.3,
,"Married",,45.4,,42.2,"*",59.1,,44.2,,46.6,,43.3,
,"Widowed",,32.2,"*",100.0,"*",14.2,"*",32.8,"*",14.4,"*",38.1,"*"
,"Divorced or separated",,24.8,,26.7,"*",36.1,,22.9,,16.8,"*",24.2,
,,,,,,,,,,,,,,
,,,,,,,,,,,,,,
"Note: Excludes data on persons whose marital status was not ascertained.",,,,,,,,,,,,,,
"* Estimate is based on about 10 or fewer sample cases.",,,,,,,,,,,,,,
"a/Includes verbal threats of rape and threats of sexual assault.",,,,,,,,,,,,,,
