"Bureau of Justice Statistics",,,,,,
"filename:  cv9801.csv",,,,,,
"Table 1: Number, percent distribution, and rate of victimizations, by type of crime",,,,,,
"data source: National Criminal Victimization Survey, 1998    NCJ 181585",,,,,,
"produced by:  Cathy Maston ",,,,,,
"authors:  Patsy Klaus and Cathy Maston",,,,,,
"refer questions to:  askbjs@ojp.usdoj.gov     202-307-0765",,,,,,
"date of version: 03/22/00",,,,,,
,,,,,,
,,,,,,
"Table 1. Personal and property crimes, 1998:",,,,,,
,,,,,,
"Number, percent distribution, and rate of victimizations,",,,,,,
"by type of crime",,,,,,
,,,,,,
"              ",,,,"Percent ",,"Rate per"
" ",,"Number of",,"of all ",,"1,000 persons"
"Type of crime",,"victimizations",,"victimizations",,"or households"
,,,,,,
,,,,,,
"All crimes",,31306760,,100.0,"%","         ..."
"                                                                                      ",,,,,,
"Personal crimes",,8411860,,26.9,"%",37.9
,,,,,,
"Crimes of violence",,8116240,,25.9,,36.6
"   Completed violence",,2563740,,8.2,,11.6
"   Attempted/threatened violence",,5552500,,17.7,,25.0
"   Rape/Sexual assault",,332500,,1.1,,1.5
"      Rape/Attempted rape",,199760,,0.6,,0.9
"         Rape",,110270,,0.4,,0.5
"         Attempted rape/a",,89490,,0.3,,0.4
"      Sexual assault/b",,132740,,0.4,,0.6
"   Robbery",,886490,,2.8,,4.0
"      Completed/property taken",,609710,,1.9,,2.7
"         With injury",,170290,,0.5,,0.8
"         Without injury",,439420,,1.4,,2.0
"      Attempted to take property",,276780,,0.9,,1.2
"         With injury",,69500,,0.2,,0.3
"         Without injury",,207290,,0.7,,0.9
"   Assault",,6897250,,22.0,,31.1
"      Aggravated",,1673640,,5.3,,7.5
"         With injury",,547280,,1.7,,2.5
"         Threatened with weapon",,1126370,,3.6,,5.1
"      Simple",,5223610,,16.7,,23.5
"         With minor injury",,1175470,,3.8,,5.3
"         Without injury",,4048140,,12.9,,18.2
"Purse snatching/Pocket picking",,295620,,0.9,,1.3
"   Completed purse snatching",,47350,,0.2,,0.2
"   Attempted purse snatching",,9290,"*",0.0,"*",0.0
"   Pocket picking",,238980,,0.8,,1.1
,,,,,,
"Total population age 12 and over",,221880960,,"...",,"..."
,,,,,,
"Property crimes",,22894900,,73.1,"%",217.4
,,,,,,
"Household burglary",,4054170,,12.9,,38.5
"   Completed",,3380260,,10.8,,32.1
"      Forcible entry",,1310080,,4.2,,12.4
"      Unlawful entry without force",,2070190,,6.6,,19.7
"   Attempted forcible entry",,673910,,2.2,,6.4
"Motor vehicle theft",,1137940,,3.6,,10.8
"   Completed",,821950,,2.6,,7.8
"   Attempted",,315990,,1.0,,3.0
"Theft",,17702790,,56.5,,168.1
"   Completed",,17073810,,54.5,,162.1
"      Less than $50",,6168710,,19.7,,58.6
"      $50 - $249",,6082700,,19.4,,57.8
"      $250 or more",,3692940,,11.8,,35.1
"      Amount not available",,1129460,,3.6,,10.7
"   Attempted",,628980,,2.0,,6.0
,,,,,,
"Total number of households",,105322920,,"           ...",,"           ..."
,,,,,,
"Note: Detail may not add to total shown because of rounding.",,,,,,
"* Estimate is based on about 10 or fewer sample cases.",,,,,,
"Percent distribution is based on unrounded figures.",,,,,,
"... Not applicable.",,,,,,
"a/Includes verbal threats of rape.",,,,,,
"b/Includes threats.",,,,,,
