"Bureau of Justice Statistics",,,,,,
"filename:  cv9888.csv",,,,,,
"Table 88: Percent of victimizations resulting in loss of time",,,,,,
"from work, by type of crime and race of victims",,,,,,
"data source: National Criminal Victimization Survey, 1998    NCJ 181585",,,,,,
"produced by:  Cathy Maston ",,,,,,
"authors:  Patsy Klaus and Cathy Maston",,,,,,
"refer questions to:  askbjs@ojp.usdoj.gov     202-307-0765",,,,,,
"date of version: 03/30/00",,,,,,
,,,,,,
,,,,,,
"Table 88. Selected personal and property crimes, 1998:",,,,,,
,,,,,,
"Percent of victimizations resulting in loss of time",,,,,,
"from work, by type of crime and race of victims",,,,,,
,,,,,,
,,,,,,"                                                             Percent of all victimizations"
"Type of crime",,,"White",,"Black",
"All personal crimes/a",,,6.4,"%",10.0,"%"
,,,,,,
"Crimes of violence",,,6.5,,10.3,
"   Completed violence",,,12.8,,19.8,
"   Attempted/threatened violence",,,3.8,,4.3,
"   Rape/Sexual assault/b",,,10.2,"*",5.0,"*"
"   Robbery",,,10.8,,20.3,
"   Assault",,,5.8,,8.8,
,,,,,,
"All property crimes",,,5.5,"%",5.5,"%"
,,,,,,
"   Completed",,,5.5,,5.4,
"   Attempted",,,5.4,,6.4,"*"
"   Household burglary",,,6.6,,5.3,
"   Motor vehicle theft                     ",,,21.4,,25.1,
"   Theft",,,4.4,,3.3,
"Note: Excludes data on persons of ""Other"" races.",,,,,,
"* Estimate is based on about 10 or fewer sample cases.",,,,,,
"a/Includes data on purse snatching/pocket picking, not shown separately.",,,,,,
"b/Includes verbal threats of rape and threats of sexual assault.",,,,,,
