"Bureau of Justice Statistics",,,,,,,,,,,,,,,
"filename:  cv9827.csv",,,,,,,,,,,,,,,
"Table 27: Number and percent distribution of incidents,",,,,,,,,,,,,,,,
"by type of crime and victim-offender relationship",,,,,,,,,,,,,,,
"data source: National Criminal Victimization Survey, 1998    NCJ 181585",,,,,,,,,,,,,,,
"produced by:  Cathy Maston",,,,,,,,,,,,,,,
"authors:  Patsy Klaus and Cathy Maston",,,,,,,,,,,,,,,
"refer questions to:  askbjs@ojp.usdoj.gov     202-307-0765",,,,,,,,,,,,,,,
"date of version: 03/28/00",,,,,,,,,,,,,,,
,,,,,,,,,,,,,,,
,,,,,,,,,,,,,,,
"Table 27. Personal crimes of violence, 1998:",,,,,,,,,,,,,,,
,,,,,,,,,,,,,,,
"Number and percent distribution of incidents,",,,,,,,,,,,,,,,
"by type of crime and victim-offender relationship",,,,,,,,,,,,,,,
,,,,,,,,,,,,,,,
,,,,,,,,"Percent of incidents",,,,,,,
,,"                                            All incidents",,,,,,,"                                                                Involving strangers",,,"                                      Involving nonstrangers",,,
"Type of crime         ",,"    Number",,"Percent",,,"    Number",,"Percent",,,"    Number",,"Percent",
,,,,,,,,,,,,,,,
,,,,,,,,,,,,,,,
"Crimes of violence",,7433670,,100,"%",,3524740," ",47.4,"%",,3908920," ",52.6,"%"
,,,,,,,,,,,,,,,
"   Completed violence",,2350550,,100,"%",,980260,,41.7,,,1370290,,58.3,
"   Attempted/threatened violence",,5083120,,100,"%",,2544490,,50.1,,,2538630,,49.9,
"   Rape/Sexual assault",,328130,,100,"%",,89360,,27.2,,,238770,,72.8,
"      Rape/Attempted rape",,195400,,100,"%",,53810,,27.5,,,141580,,72.5,
"         Rape",,109120,,100,"%",,25390,"*",23.3,"*",,83730,,76.7,
"         Attempted rape/a",,86270,,100,"%",,28420,,32.9,,,57860,,67.1,
"      Sexual assault/b",,132740,,100,"%",,35550,,26.8,,,97190,,73.2,
"   Robbery",,833050,,100,"%",,528920,,63.5,,,304130,,36.5,
"      Completed/property taken",,572270,,100,"%",,368220,,64.3,,,204060,,35.7,
"         With injury",,159090,,100,"%",,108710,,68.3,,,50380,,31.7,
"         Without injury",,413180,,100,"%",,259500,,62.8,,,153680,,37.2,
"      Attempted to take property",,260770,,100,"%",,160700,,61.6,,,100070,,38.4,
"         With injury",,64880,,100,"%",,42370,,65.3,,,22500,"*",34.7,"*"
"         Without injury",,195900,,100,"%",,118320,,60.4,,,77570,,39.6,
"   Assault",,6272490,,100,"%",,2906470,,46.3,,,3366020,,53.7,
"      Aggravated",,1457800,,100,"%",,752590,,51.6,,,705210,,48.4,
"         With injury",,474320,,100,"%",,207970,,43.8,,,266360,,56.2,
"         Threatened with weapon",,983480,,100,"%",,544620,,55.4,,,438860,,44.6,
"      Simple",,4814690,,100,"%",,2153880,,44.7,,,2660810,,55.3,
"         With minor injury",,1073810,,100,"%",,349840,,32.6,,,723970,,67.4,
"         Without injury",,3740870,,100,"%",,1804040,,48.2,,,1936830,,51.8,
,,,,,,,,,,,,,,,
"Note: Detail may not add to total shown because of rounding.",,,,,,,,,,,,,,,
"* Estimate is based on about 10 or fewer sample cases.",,,,,,,,,,,,,,,
"a/Includes verbal threats of rape.",,,,,,,,,,,,,,,
"b/Includes threats.",,,,,,,,,,,,,,,
