"Bureau of Justice Statistics",,,,,,,,,,,,
"filename:  cv9871.csv",,,,,,,,,,,,
"Table 71: Percent distribution of self-protective measures employed",,,,,,,,,,,,
"by victims, by selected characteristics of victims",,,,,,,,,,,,
"data source: National Criminal Victimization Survey, 1998    NCJ 181585",,,,,,,,,,,,
"produced by:  Cathy Maston ",,,,,,,,,,,,
"authors:  Patsy Klaus and Cathy Maston",,,,,,,,,,,,
"refer questions to:  askbjs@ojp.usdoj.gov     202-307-0765",,,,,,,,,,,,
"date of version: 03/29/00",,,,,,,,,,,,
,,,,,,,,,,,,
,,,,,,,,,,,,
"Table 71. Personal crimes of violence, 1998:",,,,,,,,,,,,
,,,,,,,,,,,,
"Percent distribution of self-protective measures employed",,,,,,,,,,,,
"by victims, by selected characteristics of victims",,,,,,,,,,,,
,,,,,,,,,,,,
,,,,,,,,,"                                                 Percent of self-protective measures",,,
,,,,,,"Gender",,,,"Race/a",,
"Self-protective measure",,,"    Both gender",,"Male",,"Female",,"White",,"Black",
,,,,,,,,,,,,
,,,,,,,,,,,,
"Total",,,100.0,"%",100.0,"%",100.0,"%",100.0,"%",100.0,"%"
,"Attacked offender with weapon",,1.0,,1.4,,0.5,"*",1.1,,0.9,"*"
,"Attacked offender without weapon",,11.4,,13.2,,9.2,,11.8,,8.9,
,"Threatened offender with weapon",,1.1,,1.3,,1.0,,1.1,,1.0,"*"
,"Threatened offender without weapon",,2.2,,2.6,,1.7,,2.4,,1.1,"*"
,"Resisted or captured offender",,20.4,,22.1,,18.3,,20.0,,22.8,
,"Scared or warned offender",,8.8,,7.3,,10.7,,9.0,,7.0,
,"Persuaded or appeased offender",,11.0,,10.1,,12.0,,11.1,,9.2,
,"Ran away or hid",,13.3,,14.6,,11.8,,12.7,,16.7,
,"Got help or gave alarm",,10.4,,7.4,,14.3,,10.2,,10.8,
,"Screamed from pain or fear",,2.3,,0.8,,4.3,,2.4,,2.2,"*"
,"Took other measures",,18.1,,19.4,,16.3,,18.1,,19.2,
,,,,,,,,,,,,
,,,,,,,,,,,,
"Note: Detail may not add to total shown because of rounding.",,,,,,,,,,,,
"Some respondents may have cited more than one self-protective measure employed.",,,,,,,,,,,,
"* Estimate is based on about 10 or fewer sample cases.",,,,,,,,,,,,
"a/Excludes data on persons of ""Other"" races.",,,,,,,,,,,,
