"Bureau of Justice Statistics",,,,,,,,,,,,,
"filename:  cv9805.csv",,,,,,,,,,,,,
"Table 5: Number of victimizations and victimization rates for persons age 12 and over,",,,,,,,,,,,,,
"by type of crime and race of victims",,,,,,,,,,,,,
"data source: National Criminal Victimization Survey, 1998    NCJ 181585",,,,,,,,,,,,,
"produced by:  Cathy Maston ",,,,,,,,,,,,,
"authors:  Patsy Klaus and Cathy Maston",,,,,,,,,,,,,
"refer questions to:  askbjs@ojp.usdoj.gov     202-307-0765",,,,,,,,,,,,,
"date of version: 03/22/00",,,,,,,,,,,,,
,,,,,,,,,,,,,
,,,,,,,,,,,,,
"Table 5. Personal crimes, 1998:",,,,,,,,,,,,,
,,,,,,,,,,,,,
"Number of victimizations and victimization rates for persons age 12 and over,",,,,,,,,,,,,,
"by type of crime and race of victims",,,,,,,,,,,,,
,,,,,,,,,,,,,
"              ",,,,,,,,,"         Rate per 1,000 persons age 12 and over",,,,
,,,"White",,,"         ","Black",,,,"Other",,
,,,,,,,,,,,,,
"Type of crime",,"Number",,"Rate",,"Number",,"Rate",,"Number",,"Rate",
,,,,,,,,,,,,,
,,,,,,,,,,,,,
"All personal crimes",,6967690,,37.5,,1181700,,43.7,,262480,,29.1,
,,,,,,,,,,,,,
"Crimes of violence",,6741160,,36.3,,1125440,,41.7,,249640,,27.6,
"   Completed violence",,2023880,,10.9,,432990,,16.0,,106880,,11.8,
"   Attempted/threatened violence",,4717280,,25.4,,692450,,25.6,,142770,,15.8,
"   Rape/Sexual assault",,270860,,1.5,,54890,,2.0,,6750,"*",0.7,"*"
"      Rape/Attempted rape",,165270,,0.9,,30000,,1.1,,4500,"*",0.5,"*"
"         Rape",,90700,,0.5,,15070,"*",0.6,"*",4500,"*",0.5,"*"
"         Attempted rape/a",,74570,,0.4,,14930,"*",0.6,"*","0","*",0.0,"*"
"      Sexual assault/b",,105600,,0.6,,24890,"*",0.9,"*",2250,"*",0.2,"*"
"   Robbery",,687600,,3.7,,159220,,5.9,,39670,,4.4,
"      Completed/property taken",,443890,,2.4,,134330,,5.0,,31490,,3.5,
"         With injury",,130510,,0.7,,28130,,1.0,,11640,"*",1.3,"*"
"         Without injury",,313380,,1.7,,106190,,3.9,,19850,"*",2.2,"*"
"      Attempted to take property",,243710,,1.3,,24890,"*",0.9,"*",8180,"*",0.9,"*"
"         With injury",,63790,,0.3,,5710,"*",0.2,"*","0","*",0.0,"*"
"         Without injury",,179920,,1.0,,19190,"*",0.7,"*",8180,"*",0.9,"*"
"   Assault",,5782690,,31.1,,911330,,33.7,,203220,,22.5,
"      Aggravated",,1292450,,7.0,,321910,,11.9,,59280,,6.6,
"         With injury",,389780,,2.1,,133280,,4.9,,24220,"*",2.7,"*"
"         Threatened with weapon",,902670,,4.9,,188630,,7.0,,35060,,3.9,
"      Simple",,4490240,,24.2,,589430,,21.8,,143940,,15.9,
"         With minor injury",,1001150,,5.4,,129900,,4.8,,44420,,4.9,
"         Without injury",,3489090,,18.8,,459530,,17.0,,99520,,11.0,
"Purse snatching/Pocket picking",,226530,,1.2,,56260,,2.1,,12840,"*",1.4,"*"
"                                                                                          ",,,,,,,,,,,,,
"Population age 12 and over",,185831440,,"...",,27020600,,"...",,9028930,,"...",
,,,,,,,,,,,,,
"Note: Detail may not add to total shown because of rounding.",,,,,,,,,,,,,
"* Estimate is based on about 10 or fewer sample cases.",,,,,,,,,,,,,
"...Not applicable",,,,,,,,,,,,,
"a/Includes verbal threats of rape.",,,,,,,,,,,,,
"b/Includes threats.",,,,,,,,,,,,,
