"Bureau of Justice Statistics",,,,,,,,,,,,,,,,,
"filename:  cv98106.csv",,,,,,,,,,,,,,,,,
"Table 106: Percent distribution of police response to a reported incident,",,,,,,,,,,,,,,,,,
"by type of crime",,,,,,,,,,,,,,,,,
"data source: National Criminal Victimization Survey, 1998   NCJ 181585",,,,,,,,,,,,,,,,,
"produced by:  Cathy Maston",,,,,,,,,,,,,,,,,
"authors:  Patsy Klaus and Cathy Maston",,,,,,,,,,,,,,,,,
"refer questions to:  askbjs@ojp.usdoj.gov     202-307-0765",,,,,,,,,,,,,,,,,
"date of version: 03/30/00",,,,,,,,,,,,,,,,,
,,,,,,,,,,,,,,,,,
,,,,,,,,,,,,,,,,,
"Table 106. Personal and property crimes, 1998:",,,,,,,,,,,,,,,,,
,,,,,,,,,,,,,,,,,
"Percent distribution of police response to a reported incident,",,,,,,,,,,,,,,,,,
"by type of crime",,,,,,,,,,,,,,,,,
,,,,,,,,,,,,,,,,,
,,,,,,,,,,,"                   Percent of incidents",,,,,,
"       ",,,,,,"Police",,"Victim",,"Contact with",,"Police",,"Not known",,"Police",
"                                                                                         ",,"Number of",,,,"came",,"went to",,"police- don't",,"did not",,"if police",,"were at",
"Type of crime",,"incidents",,"Total",,"to victim",,"police",,"know how",,"come",,"came",,"the scene",
"Crimes of violence",,3168010,,100,"%",74.9,"%",6.1,"%",0.2,"%*",12.1,"%",1.9,"%",4.7,"%"
,,,,,,,,,," ",,,,,,,
"   Rape/Sexual assault/a",,95690,,100,"%",69.4,,11.1,"*",0.0,"*",17.0,"*",2.6,"*",0.0,"*"
"   Robbery",,497830,,100,"%",84.1,,5.0,"*",0.6,"*",7.8,,0.3,"*",2.2,"*"
"   Aggravated assault",,777280,,100,"%",74.2,,5.8,,0.4,"*",11.3,,1.7,"*",6.5,
"   Simple assault",,1797200,,100,"%",73.0,,6.3,,0.0,"*",13.4,,2.5,,4.9,
"Purse snatching/Pocket picking",,100420,,100,"%",47.4,,15.9,"*",0.0,"*",33.8,,0.0,"*",2.8,"*"
,,,,,,,,,," ",,,,,,,
"Property crimes",,7810210,,100,"%",63.5,"%",6.1,"%",0.1,"%*",27.4,"%",2.0,"%",0.9,"%"
,,,,,,,,,,,,,,,,,
"   Household burglary",,1952860,,100,"%",81.7,,2.2,,0.0,"*",14.5,,1.6,,0.1,"*"
"   Motor vehicle theft",,872680,,100,"%",66.8,,7.1,,0.0,"*",24.1,,0.7,"*",1.4,"*"
"   Theft",,4984680,,100,"%",55.8,,7.5,,0.1,"*",33.0,,2.4,,1.2,
,,,,,,,,,,,,,,,,,
,,,,,,,,,,,,,,,,,
"Note: Detail may not add to total shown because of rounding.",,,,,,,,,,,,,,,,,
"* Estimate is based on about 10 or fewer sample cases.",,,,,,,,,,,,,,,,,
"a/Includes verbal threats of rape and threats of sexual assault.",,,,,,,,,,,,,,,,,
