"Bureau of Justice Statistics",,,,,,,,,,,,,,
"filename:  cv9836.csv",,,,,,,,,,,,,,
"Table 36: Percent distribution of incidents, by type of crime ",,,,,,,,,,,,,,
"and number of victims",,,,,,,,,,,,,,
"data source: National Criminal Victimization Survey, 1998    NCJ 181585",,,,,,,,,,,,,,
"produced by:  Cathy Maston",,,,,,,,,,,,,,
"authors:  Patsy Klaus and Cathy Maston",,,,,,,,,,,,,,
"refer questions to:  askbjs@ojp.usdoj.gov     202-307-0765",,,,,,,,,,,,,,
"date of version: 03/28/00",,,,,,,,,,,,,,
,,,,,,,,,,,,,,
,,,,,,,,,,,,,,
"Table 36. Personal crimes of violence, 1998:",,,,,,,,,,,,,,
,,,,,,,,,,,,,,
"Percent distribution of incidents, by type of crime",,,,,,,,,,,,,,
"and number of victims",,,,,,,,,,,,,,
,,,,,,,,,,,,,,
,,,,,,,,,"Percent of incidents",,,,,
,,,,,,,,,,"Number of victims",,,,
,,,"  Number of",,,,,,,,,," Four",
"Type of crime",,,"  incidents",,"Total/a",,"  One",,"  Two",,"  Three",," or more",
,,,,,,,,,,,,,,
,,,,,,,,,,,,,,
"Crimes of violence",,,7433660,,100,"%",93.3,"%",5.2,"%",0.9,"%",0.5,"%"
,,,,,,,,,,,,,,
"   Completed violence",,,2350550,,100,"%",93.2,,5.5,,0.8,"*",0.5,"*"
"   Attempted/threatened violence",,,5083110,,100,"%",93.4,,5.1,,0.9,,0.6,
"   Rape/Sexual assault/b",,,328130,,100,"%",98.7,,1.3,"*",0.0,"*",0.0,"*"
"   Robbery",,,833040,,100,"%",95.8,,3.2,"*",0.5,"*",0.5,"*"
"      Completed/property taken",,,572270,,100,"%",95.9,,3.1,"*",0.3,"*",0.7,"*"
"         With injury",,,159090,,100,"%",96.8,,1.7,"*",0.0,"*",1.5,"*"
"         Without injury",,,413180,,100,"%",95.6,,3.6,"*",0.4,"*",0.3,"*"
"      Attempted to take property",,,260770,,100,"%",95.3,,3.5,"*",0.8,"*",0.3,"*"
"         With injury",,,64870,,100,"%",94.5,,3.9,"*",1.6,"*",0.0,"*"
"         Without injury",,,195890,,100,"%",95.6,,3.4,"*",0.6,"*",0.4,"*"
"   Assault",,,6272480,,100,"%",92.7,,5.7,,1.0,,0.6,
"      Aggravated",,,1457800,,100,"%",89.5,,7.8,,1.6,"*",1.0,
"      Simple",,,4814680,,100,"%",93.7,,5.0,,0.8,,0.4,
,,,,,,,,,,,,,,
,,,,,,,,,,,,,,
"Note: Detail may not add to total shown because of rounding.",,,,,,,,,,,,,,
"* Estimate is based on about 10 or fewer sample cases.",,,,,,,,,,,,,,
"a/Excludes incidents for which the number of victims was not ascertained.",,,,,,,,,,,,,,
"b/Includes verbal threats of rape and threats of sexual assault.",,,,,,,,,,,,,,
