"Bureau of Justice Statistics",,,,,,,,,,,,,,,
"filename:  cv9889.csv",,,,,,,,,,,,,,,
"Table 89: Percent distribution of victimizations resulting in loss of time from work,",,,,,,,,,,,,,,,
"by type of crime and number of days lost",,,,,,,,,,,,,,,
"data source: National Criminal Victimization Survey, 1998    NCJ 181585",,,,,,,,,,,,,,,
"produced by:  Cathy Maston",,,,,,,,,,,,,,,
"authors:  Patsy Klaus and Cathy Maston",,,,,,,,,,,,,,,
"refer questions to:  askbjs@ojp.usdoj.gov     202-307-0765",,,,,,,,,,,,,,,
"date of version: 03/30/00",,,,,,,,,,,,,,,
,,,,,,,,,,,,,,,
,,,,,,,,,,,,,,,
"Table 89. Selected personal and property crimes, 1998:",,,,,,,,,,,,,,,
,,,,,,,,,,,,,,,
"Percent distribution of victimizations resulting in loss of time from work,",,,,,,,,,,,,,,,
"by type of crime and number of days lost",,,,,,,,,,,,,,,
,,,,,,,,,,,,,,,
,,,,,,,,,,"                             Percent of victimizations",,,,,
,,,,,,,,,,,,,,"Not known",
,,"Number of",,,,"Less than",,"1-5",,"6-10",,"11 days",,"and not",
"Type of crime         ",,"victimizations",,"Total",,"1 day",,"days",,"days",,"or more",,"available",
,,,,,,,,,,,,,,,
,,,,,,,,,,,,,,,
"All personal crimes/a",,584700,,100,"%",17.6,"%",55.4,"%",9.8,"%",12.5,"%",4.7,"%*"
,,,,,,,,,,,,,,,
"Crimes of violence",,569860,,100,"%",17.6,,54.7,,10.1,,12.8,,4.8,"*"
"  Completed violence",,358770,,100,"%",6.9,"*",58.9,,12.5,,16.1,,5.6,"*"
"  Attempted/threatened violence",,211080,,100,"%",35.8,,47.6,,5.9,"*",7.3,"*",3.4,"*"
"  Rape/Sexual assault/b",,30340,,100,"%",6.9,"*",35.9,"*",33.3,"*",16.7,"*",7.2,"*"
"  Robbery",,106590,,100,"%",7.9,"*",68.4,,0.0,"*",23.7,"*",0.0,"*"
"  Assault",,432920,,100,"%",20.7,,52.7,,10.9,,9.9,,5.8,"*"
,,,,,,,,,,,,,,,
"All property crimes",,1269890,,100,"%",49.5,"%",40.7,"%",2.1,"%",1.6,"%",6.1,"%"
,,,,,,,,,,,,,,,
"  Completed",,1176300,,100,"%",48.7,,40.9,,2.3,"*",1.5,"*",6.6,
"  Attempted",,93590,,100,"%",59.4,,38.1,,0.0,"*",2.5,"*",0.0,"*"
"  Household burglary",,268400,,100,"%",38.2,,51.5,,4.9,"*",1.7,"*",3.8,"*"
"  Motor vehicle theft",,252040,,100,"%",32.3,,55.1,,1.7,"*",2.6,"*",8.4,"*"
"  Theft",,749460,,100,"%",59.3,,32.0,,1.3,"*",1.2,"*",6.2,
,,,,,,,,,,,,,,,
,,,,,,,,,,,,,,,
"Note: Detail may not add to total shown because of rounding.",,,,,,,,,,,,,,,
"* Estimate is based on about 10 or fewer sample cases.",,,,,,,,,,,,,,,
"a/Includes data on purse snatching/pocket picking, not shown separately.",,,,,,,,,,,,,,,
"b/Includes verbal threats of rape and threats of sexual assault.",,,,,,,,,,,,,,,
