"Bureau of Justice Statistics",,,,,,,,,,,,,,,,,,,
"filename:  cv98107.csv",,,,,,,,,,,,,,,,,,,
"Table 107: Percent distribution of incidents where police came to the victim,",,,,,,,,,,,,,,,,,,,
"by police response time and type of crime",,,,,,,,,,,,,,,,,,,
"data source: National Criminal Victimization Survey, 1998   NCJ 181585",,,,,,,,,,,,,,,,,,,
"produced by:  Cathy Maston",,,,,,,,,,,,,,,,,,,
"authors:  Patsy Klaus and Cathy Maston",,,,,,,,,,,,,,,,,,,
"refer questions to:  askbjs@ojp.usdoj.gov     202-307-0765",,,,,,,,,,,,,,,,,,,
"date of version: 04/04/00",,,,,,,,,,,,,,,,,,,
,,,,,,,,,,,,,,,,,,,
,,,,,,,,,,,,,,,,,,,
"Table 107. Personal and property crimes, 1998:",,,,,,,,,,,,,,,,,,,
,,,,,,,,,,,,,,,,,,,
"Percent distribution of incidents where police came to the victim,",,,,,,,,,,,,,,,,,,,
"by police response time and type of crime",,,,,,,,,,,,,,,,,,,
,,,,,,,,,,,,,,,,,,,
,,,,,,,,,,,,"          Percent of incidents",,,,,,,
,,,,,,,,,,,,,,"  Longer",,"Length of",,,
"                                                                                               ",,,,,,"Within 5",,"6-10",,"11 minutes-",," Within",,"  than 1",,"time not",,"Not",
"Type of crime",,,," Total",,"minutes",,"minutes",,"1 hour",,"1 day",,"  day",,"known",,"ascertained",
,,,,,,,,,,,,,,,,,,,
,,,,,,,,,,,,,,,,,,,
"Crimes of violence/a",,,,100,"%",25.8,"%",28.5,"%",31.8,"%",5.2,"%",1.1,"%",7.6,"%",0.0,"%*"
,,,,,,,,,,,,,,,,,," ",
"   Robbery",,,,100,"%",30.8,,26.8,,33.4,,4.1,,0.0,"*",4.9,"*",0.0,"*"
"   Aggravated assault",,,,100,"%",26.1,,29.7,,28.7,,3.3,,0.0,"*",12.2,,0.0,"*"
"   Simple assault",,,,100,"%",24.1,,28.6,,33.3,,5.8,,1.7,"*",6.5,,0.0,"*"
,,,,,,,,,,,,,,,,,,,
"Property crimes",,,,100,"%",10.5,"%",20.1,"%",49.0,"%",12.3,"%",1.5,"%",6.6,"%",0.1,"%*"
,,,,,,,,,,,,,,,,,,,
"   Household burglary",,,,100,"%",10.2,,21.0,,48.6,,12.8,,1.2,"*",6.3,,0.0,"*"
"   Motor vehicle theft",,,,100,"%",10.3,,22.8,,51.2,,8.6,,1.3,"*",5.7,,0.0,"*"
"   Theft",,,,100,"%",10.7,,18.9,,48.7,,12.8,,1.7,,6.9,,0.3,"*"
,,,,,,,,,,,,,,,,,,,
,,,,,,,,,,,,,,,,,,,
"Note: Detail may not add to total shown because of rounding.",,,,,,,,,,,,,,,,,,,
"* Estimate is based on about 10 or fewer sample cases.",,,,,,,,,,,,,,,,,,,
"a/Crimes of violence includes data on rape and sexual assault, not shown separately.",,,,,,,,,,,,,,,,,,,
