"Bureau of Justice Statistics",,,,,,,
"filename:  cv9868.csv",,,,,,,
"Table 68: Percent of victimizations in which victims took self-protective",,,,,,,
"measures, by type of crime and victim-offender relationship",,,,,,,
"data source: National Criminal Victimization Survey, 1998    NCJ 181585",,,,,,,
"produced by:  Cathy Maston ",,,,,,,
"authors:  Patsy Klaus and Cathy Maston",,,,,,,
"refer questions to:  askbjs@ojp.usdoj.gov     202-307-0765",,,,,,,
"date of version: 03/29/00",,,,,,,
,,,,,,,
,,,,,,,
"Table 68. Personal crimes of violence, 1998:",,,,,,,
,,,,,,,
"Percent of victimizations in which victims took self-protective",,,,,,,
"measures, by type of crime and victim-offender relationship",,,,,,,
,,,,,,,
,,,,,"                                                                                                 Percent of all victimizations",,
,,"All",,"Involving",,"Involving",
"Type of crime",,"victimizations",,"strangers",,"nonstrangers",
,,,,,,,
,,,,,,,
"Crimes of violence",,69.7,"%",68.5,"%",70.8,"%"
,,,,,,,
"   Completed violence",,69.5,,63.6,,73.9,
"   Attempted/threatened violence",,69.7,,70.3,,69.1,
"   Rape/Sexual assault/a",,79.0,,76.6,,80.0,
"   Robbery",,62.5,,59.0,,68.6,
"      Completed/property taken",,52.3,,48.7,,58.9,
"         With injury",,52.3,,44.7,,68.7,
"         Without injury",,52.2,,50.4,,55.5,
"      Attempted to take property",,85.0,,83.0,,88.1,
"         With injury",,93.0,,93.1,,92.7,"*"
"         Without injury",,82.3,,79.5,,86.6,
"   Assault",,70.1,,69.9,,70.3,
"      Aggravated",,73.6,,71.7,,75.7,
"         With injury",,71.2,,69.9,,72.4,
"         Threatened with weapon",,74.7,,72.5,,77.6,
"      Simple",,69.0,,69.2,,68.9,
"         With minor injury",,76.3,,72.9,,78.1,
"         Without injury",,66.9,,68.4,,65.4,
,,,,,,,
"* Estimate is based on about 10 or fewer sample cases.",,,,,,,
"a/Includes verbal threats of rape and threats of sexual assault.",,,,,,,
