"Bureau of Justice Statistics",,,,,,,,,
"filename:  cv9824.csv",,,,,,,,,
"Table 24: Victimization rates by type of crime",,,,,,,,,
"and number of persons in household",,,,,,,,,
"data source: National Criminal Victimization Survey, 1998    NCJ 181585",,,,,,,,,
"produced by:  Cathy Maston",,,,,,,,,
"authors:  Patsy Klaus and Cathy Maston",,,,,,,,,
"refer questions to:  askbjs@ojp.usdoj.gov     202-307-0765",,,,,,,,,
"date of version: 03/27/00",,,,,,,,,
,,,,,,,,,
,,,,,,,,,
"Table 24. Property crimes, 1998:",,,,,,,,,
,,,,,,,,,
"Victimization rates by type of crime",,,,,,,,,
"and number of persons in household",,,,,,,,,
,,,,,,,,,
,,,,,,"                                                                                                                                       Rate per 1,000 households",,,
"Type of crime",,"One",,"Two-three",,"Four-five",,"Six or more",
,,,,,,,,,
,,,,,,,,,
"Property crimes",,129.4,,211.9,,310.4,,455.1,
"                                                                                           ",,,,,,,,,
"  Household burglary",,33.4,,37.9,,43.6,,57.4,
"    Completed",,26.8,,31.3,,38.2,,50.2,
"      Forcible entry",,12.5,,12.0,,12.6,,18.0,
"      Unlawful entry without force",,14.3,,19.3,,25.6,,32.3,
"    Attempted forcible entry",,6.6,,6.6,,5.4,,7.1,"*"
"  Motor vehicle theft",,8.1,,10.3,,14.7,,16.3,
"    Completed",,5.9,,7.1,,11.3,,13.2,
"    Attempted",,2.2,,3.3,,3.3,,3.1,"*"
"  Theft/a",,87.8,,163.6,,252.1,,381.4,
"    Completed",,83.9,,157.6,,243.6,,374.6,
"       Less than $50",,29.1,,55.9,,90.5,,146.3,
"       $50 - $249",,28.0,,55.1,,92.1,,131.6,
"       $250 or more",,20.5,,36.0,,46.2,,73.0,
"       Amount not available",,6.3,,10.6,,14.8,,23.7,
"     Attempted",,3.9,,6.0,,8.5,,6.8,"*"
,,,,,,,,,
"Total number of households",,27789750,,53193510,,21056660,,3283010,
,,,,,,,,,
"Note: Detail may not add to total shown because of rounding.",,,,,,,,,
"Excludes data on households where the number of persons was not ascertained.",,,,,,,,,
"* Estimate is based on about 10 or fewer sample cases.",,,,,,,,,
