"Bureau of Justice Statistics",,,,,,,,,,,,,,,,
"filename:  cv9848.csv",,,,,,,,,,,,,,,,
"Table 48: Percent distribution of multiple-offender victimizations",,,,,,,,,,,,,,,,
"by type of crime, race of victims and perceived race of offenders",,,,,,,,,,,,,,,,
"data source: National Criminal Victimization Survey, 1998    NCJ 181585",,,,,,,,,,,,,,,,
"produced by:  Cathy Maston ",,,,,,,,,,,,,,,,
"authors:  Patsy Klaus and Cathy Maston",,,,,,,,,,,,,,,,
"refer questions to:  askbjs@ojp.usdoj.gov     202-307-0765",,,,,,,,,,,,,,,,
"date of version: 03/28/00",,,,,,,,,,,,,,,,
,,,,,,,,,,,,,,,,
,,,,,,,,,,,,,,,,
"Table 48. Personal crimes of violence, 1998:",,,,,,,,,,,,,,,,
,,,,,,,,,,,,,,,,
"Percent distribution of multiple-offender victimizations",,,,,,,,,,,,,,,,
"by type of crime, race of victims and perceived race of offenders",,,,,,,,,,,,,,,,
,,,,,,,,,,,,,,,,
,,,,,,,,,,,"Percent of multiple-offender victimizations",,,,,
,,,"Number of ",,,,,,,,,"Perceived race of offenders",,,,
,,,"multiple-",,,,,,,,,,,,"Not known",
"Type of crime",,,"offender",,,," All",," All",," All",," Mixed",,"and not",
"and race of victim",,,"victimizations",,"Total",," white",," black",," other",," races",,"available",
,,,,,,,,,,,,,,,,
,,,,,,,,,,,,,,,,
"Crimes of violence/a",,,,,,,,,,,,,,,,
,"White",,1357640,,100,"%",51.0,"%",15.6,"%",11.7,"%",14.2,"%",7.4,"%"
,"Black",,260240,,100,"%",1.7,"*",75.6,,10.4,"*",6.5,"*",5.8,"*"
,,,,,,,,,,,,,,,,
"Robbery",,,,,,,,,,,,,,,,
,"White",,245690,,100,"%",35.4,,28.1,,15.8,,11.1,"*",9.6,"*"
,"Black",,55780,,100,"%",7.8,"*",73.7,,0.0,"*",0.0,"*",18.5,"*"
,,,,,,,,,,,,,,,,
"Assault",,,,,,,,,,,,,,,,
,"White",,1071580,,100,"%",53.6,,13.4,,10.9,,15.3,,6.9,
,"Black",,197000,,100,"%",0.0,"*",75.2,,13.7,"*",8.6,"*",2.5,"*"
,,,,,,,,,,,,,,,,
,,,,,,,,,,,,,,,,
"Note: Detail may not add to total shown because of rounding.",,,,,,,,,,,,,,,,
"* Estimate is based on about 10 or fewer sample cases.",,,,,,,,,,,,,,,,
"a/Includes data on rape and sexual assault, not shown separately.",,,,,,,,,,,,,,,,
