"Bureau of Justice Statistics",,,,,,,,,,,,,,,,,,,
"filename:  cv9873.csv",,,,,,,,,,,,,,,,,,,
"Table 73: Percent distribution of victimizations in which",,,,,,,,,,,,,,,,,,,
"self-protective measures taken by the victim were helpful",,,,,,,,,,,,,,,,,,,
"data source: National Criminal Victimization Survey, 1998    NCJ 181585",,,,,,,,,,,,,,,,,,,
"produced by:  Cathy Maston",,,,,,,,,,,,,,,,,,,
"authors:  Patsy Klaus and Cathy Maston",,,,,,,,,,,,,,,,,,,
"refer questions to:  askbjs@ojp.usdoj.gov     202-307-0765",,,,,,,,,,,,,,,,,,,
"date of version: 03/29/00",,,,,,,,,,,,,,,,,,,
,,,,,,,,,,,,,,,,,,,
,,,,,,,,,,,,,,,,,,,
"Table 73. Personal crimes of violence, 1998:",,,,,,,,,,,,,,,,,,,
,,,,,,,,,,,,,,,,,,,
"Percent distribution of victimizations in which",,,,,,,,,,,,,,,,,,,
"self-protective measures taken by the victim were helpful",,,,,,,,,,,,,,,,,,,
"       ",,,,,,,,,,,,,,,,,,,
,,,,,,,,,,,,"Percent of victimizations",,,,,,,
,,,,,,"Avoided",,,,,,,,,,,,,
"       ",,,,,,"injury",,,,,,,,"Protected",,,,,
"                                                                                                          ",,"Number of",,,,"or greater",,"Scared",,,,"Protected",,"other",,"In other",,"Not",
"Type of crime",,"victimizations",," Total",,"injury",,"offender off",,"Escaped",,"property",,"people",,"ways",,"available",
,,,,,,,,,,,,,,,,,,,
,,,,,,,,,,,,,,,,,,,
"Crimes of violence",,5248970,,100,"%",46.0,"%",14.9,"%",17.2,"%",4.2,"%",5.5,"%",12.0,"%",0.2,"%*"
,,,,,,,,,,,,,," ",,,,,
"   Rape/Sexual assault/a",,219820,,100,"%",33.9,,22.6,,28.3,,0.0,"*",0.0,"*",15.2,,0.0,"*"
"   Robbery",,524870,,100,"%",38.7,,19.8,,14.6,,14.7,,3.7,"*",7.9,,0.5,"*"
"   Assault",,4504290,,100,"%",47.4,,13.9,,16.9,,3.2,,6.0,,12.4,,0.2,"*"
"      Aggravated",,1243090,,100,"%",47.9,,11.9,,16.3,,4.1,,9.3,,10.5,,0.0,"*"
"      Simple",,3261200,,100,"%",47.2,,14.7,,17.2,,2.8,,4.8,,13.1,,0.2,"*"
,,,,,,,,,,,,,,,,,,,
,,,,,,,,,,,,,,,,,,,
"Note: Detail may not add to total shown because of rounding.",,,,,,,,,,,,,,,,,,,
"Excludes victimizations in which no self-protective actions were taken.",,,,,,,,,,,,,,,,,,,
"* Estimate is based on about 10 or fewer sample cases.",,,,,,,,,,,,,,,,,,,
"a/Includes verbal threats of rape and threats of sexual assault.",,,,,,,,,,,,,,,,,,,
