"Bureau of Justice Statistics",,,,,,,,,,,,
"filename:  cv9802.csv",,,,,,,,,,,,
"Table 2: Number of victimizations and victimization rates for persons age 12 and over,",,,,,,,,,,,,
"by type of crime and gender of victims",,,,,,,,,,,,
"data source: National Criminal Victimization Survey, 1998   NCJ 181585",,,,,,,,,,,,
"produced by:  Cathy Maston",,,,,,,,,,,,
"authors:  Patsy Klaus and Cathy Maston",,,,,,,,,,,,
"refer questions to:  askbjs@ojp.usdoj.gov     202-307-0765",,,,,,,,,,,,
"date of version: 03/22/00",,,,,,,,,,,,
,,,,,,,,,,,,
,,,,,,,,,,,,
"Table 2. Personal crimes, 1998:",,,,,,,,,,,,
,,,,,,,,,,,,
"Number of victimizations and victimization rates for persons age 12 and over,",,,,,,,,,,,,
"by type of crime and gender of victims",,,,,,,,,,,,
"              ",,,,,,,,,,,,
,,,,,,,,,"                                                                                             Rate per 1,000 persons age 12 and over",,,
,,"                                    Both gender",,,,"                                                    Male",,,,,"                                                   Female",
"Type of crime         ",,"Number",,"Rate",,"Number",,"Rate",,"Number",,"Rate"
,,,,,,,,,,,,
,,,,,,,,,,,,
"All personal crimes",,8411860,,37.9,,4765110,,44.3,,3646750,,31.9
,,,,,,,,,,,,
"Crimes of violence",,8116240,,36.6,,4641350,,43.1,,3474890,,30.4
"   Completed violence",,2563740,,11.6,,1314370,,12.2,,1249370,,10.9
"   Attempted/threatened violence",,5552500,,25.0,,3326980,,30.9,,2225510,,19.5
"   Rape/Sexual assault",,332500,,1.5,,25390,"*",0.2,"*",307110,,2.7
"      Rape/Attempted rape",,199760,,0.9,,16320,"*",0.2,"*",183440,,1.6
"         Rape",,110270,,0.5,,7070,"*",0.1,"*",103200,,0.9
"         Attempted rape/a",,89490,,0.4,,9250,"*",0.0,"*",80240,,0.7
"      Sexual assault/b",,132740,,0.6,,9060,"*",0.1,"*",123670,,1.1
"   Robbery",,886490,,4.0,,490600,,4.6,,395890,,3.5
"      Completed/property taken",,609710,,2.7,,325280,,3.0,,284430,,2.5
"         With injury",,170290,,0.8,,94460,,0.9,,75830,,0.7
"         Without injury",,439420,,2.0,,230820,,2.1,,208600,,1.8
"      Attempted to take property",,276780,,1.2,,165310,,1.5,,111470,,1.0
"         With injury",,69500,,0.3,,40760,,0.4,,28740,,0.3
"         Without injury",,207290,,0.9,,124560,,1.2,,82730,,0.7
"   Assault",,6897250,,31.1,,4125370,,38.3,,2771880,,24.3
"      Aggravated",,1673640,,7.5,,1131000,,10.5,,542640,,4.7
"         With injury",,547280,,2.5,,384490,,3.6,,162790,,1.4
"         Threatened with weapon",,1126370,,5.1,,746510,,6.9,,379860,,3.3
"      Simple",,5223610,,23.5,,2994370,,27.8,,2229240,,19.5
"         With minor injury",,1175470,,5.3,,588460,,5.5,,587000,,5.1
"         Without injury",,4048140,,18.2,,2405910,,22.4,,1642230,,14.4
"Purse snatching/Pocket picking",,295620,,1.3,,123760,,1.2,,171860,,1.5
,,,,,,,,,,,,
"Population age 12 and over",,221880960,,"...",,107595530,,"...",,114285430,,"..."
,,,,,,,,,,,,
,,,,,,,,,,,,
"Note: Detail may not add to total shown because of rounding.",,,,,,,,,,,,
"* Estimate is based on about 10 or fewer sample cases.",,,,,,,,,,,,
"... Not applicable",,,,,,,,,,,,
"a/Includes verbal threats of rape.",,,,,,,,,,,,
"b/Includes threats.",,,,,,,,,,,,
