Bureau of Justice Statistics,,,,,,,,,,
Filename: dcst01fd1.csv,,,,,,,,,,
"Table 1. Number of local jail inmate deaths, by cause of death, 2000-2007",,,,,,,,,,
Report title: Deaths in Custody Reporting Program web tables,,,,,,,,,,
Data source(s): Deaths in Custody Reporting Program,,,,,,,,,,
Author: Margaret E. Noonan,,,,,,,,,,
Refer questions to: askbjs@usdoj.gov  (202) 307-0765,,,,,,,,,,
Date of version: 10-27-2010,,,,,,,,,,
,,,,,,,,,,
"Table 1. Number of local jail inmate deaths, by cause of death, 2000-2007",,,,,,,,,,
,,Number of local jail inmate deaths,,,,,,,,
Cause of death,,2000-2007,2000,2001,2002,2003,2004,2005,2006,2007
,All causes,"8,097",904,944,972,"1,004","1,024","1,049","1,098",1102
Illness,,"3,871",459,429,457,460,481,464,555,566
AIDS,,410,57,59,51,54,52,40,54,43
Suicide,,"2,361",289,314,314,296,299,286,278,285
Drug/alcohol intoxication,,566,37,58,55,89,77,84,87,79
Accident,,229,25,35,35,28,32,24,32,18
Homicide,,171,17,19,18,15,24,22,36,20
Other/unknown,,489,20,30,42,62,59,129,56,91
