Bureau of Justice Statistics,,,,,,,,,,
Filename: dcst07lj7.csv,,,,,,,,,,
"Jail table 7. Number of local jail inmate deaths, by 50 largest jail jurisdictions, 2000-2007",,,,,,,,,,
Title: Deaths in Custody Reporting Program web tables,,,,,,,,,,
Data source(s): Deaths in Custody Reporting Program and Annual Survey of Jails,,,,,,,,,,
Author: Margaret E. Noonan,,,,,,,,,,
Refer questions to: askbjs@usdoj.gov  (202) 307-0765,,,,,,,,,,
Date of version: 10-27-2010,,,,,,,,,,
,,,,,,,,,,
"Jail table 7. Number of local jail inmate deaths, by 50 largest jail jurisdictions, 2000-2007",,,,,,,,,,
,,Number of local jail inmate deaths,,,,,,,,
Jurisdiction,,2000-2007,2000,2001,2002,2003,2004,2005,2006,2007
,Total,"2,851",331,330,355,330,343,363,411,388
"Los Angeles County, CA",,273,35,36,33,28,23,43,38,37
"New York City, NY",,247,38,37,24,30,25,30,33,30
"Maricopa County, AZ",,90,10,7,14,8,9,17,12,13
"Cook County, IL",,129,22,14,12,8,24,14,23,12
"Harris County, TX",,127,13,17,22,17,11,9,22,16
"Philadelphia City, PA",,138,14,14,13,13,22,21,21,20
"Dallas County, TX",,83,7,6,16,13,12,8,13,8
"Dade County, FL",,124,14,16,16,16,13,14,17,18
"Orange County, CA",,37,3,1,2,6,3,5,10,7
"Broward County, FL",,66,11,12,5,7,5,8,11,7
"San Bernardino County, CA",,56,3,4,7,6,4,10,15,7
"San Diego County, CA",,80,7,10,6,9,14,15,10,9
"Shelby County, TN",,63,7,8,7,6,9,11,8,7
"Santa Clara County, CA",,42,4,3,7,5,3,8,4,8
"Hillsborough County, FL/a",,35,8,3,5,2,6,2,4,5
"Baltimore City, MD",,99,11,10,18,9,9,9,13,20
"Sacramento County, CA",,50,2,7,11,7,6,13,2,2
"Bexar County, TX",,73,6,10,9,14,13,9,5,7
"Alameda County, CA",,69,10,6,13,12,7,4,8,9
"Orange County, FL",,34,6,4,5,1,2,3,5,8
District of Columbia,,72,4,0,10,12,13,11,12,10
"Fresno County, CA",,32,5,3,6,4,8,1,3,2
"Pinellas County, FL",,41,5,5,4,7,4,3,8,5
"Tarrant County, TX",,33,6,3,1,3,10,2,3,5
"Jacksonville City, FL",,57,7,12,10,6,3,7,3,9
"Clark County, NV",,42,8,9,4,3,1,6,6,5
"Allegheny County, PA",,46,3,6,7,6,5,8,8,3
"Riverside County, CA",,37,2,2,4,2,4,6,9,8
"Davidson County, TN",,55,6,6,8,6,6,8,7,8
"De Kalb County, GA",,28,2,4,1,4,7,4,2,4
"Marion County, IN",,36,7,6,3,6,2,2,5,5
"Fulton County, GA",,15,4,0,5,5,0,0,0,1
"Milwaukee County, WI",,24,0,4,2,2,6,3,3,4
"Wayne County, MI",,33,6,7,4,3,0,5,4,4
"Oklahoma County, OK",,36,0,5,2,5,5,5,8,6
"Gwinnett County, GA",,21,4,3,2,1,4,3,3,1
"Palm Beach County, FL",,35,5,6,2,5,4,3,4,6
"Polk County, FL",,15,0,0,2,4,1,2,4,2
"Travis County, TX",,29,4,4,3,2,3,3,5,5
"Franklin County, OH",,22,3,2,5,3,2,2,2,3
"King County, WA",,18,0,0,2,5,3,1,2,5
"Cobb County, GA",,22,1,0,4,0,7,1,7,2
"Denver County, CO",,24,0,5,1,2,2,2,4,8
"Suffolk County, MA/b",,12,0,2,0,1,2,1,2,4
"Hamilton County, OH",,32,3,4,4,4,3,4,6,4
"Mecklenburg County, NC",,15,0,0,3,2,0,0,2,8
"Bernalillo County, NM",,32,4,1,3,3,4,5,9,3
"Kern County, CA",,24,3,3,2,2,6,3,3,2
"El Paso County, TX",,30,5,1,4,2,7,5,1,5
"Hampden County, MA",,18,3,2,2,3,1,4,2,1
"Note: Fifty largest jurisdictions as of June 30, 2006, displayed from largest to smallest.",,,,,,,,,,
a/Hillsborough County data for 2003 cover the first calendar quarter; quarters 2 through 4 were not reported.,,,,,,,,,,
b/Suffolk County data for 2000 exclude the Suffolk County House of Corrections.,,,,,,,,,,
