Bureau of Justice Statistics,,,,,,,,,,
Filename: dcst07lj8.csv,,,,,,,,,,
"Jail table 8. Mortality rate per 100,000 local jail inmates, by 50 largest jail jurisdictions, 2000-2007",,,,,,,,,,
Title: Deaths in Custody Reporting Program web tables,,,,,,,,,,
Data source(s): Deaths in Custody Reporting Program and Annual Survey of Jails,,,,,,,,,,
Author: Margaret E. Noonan,,,,,,,,,,
Refer questions to: askbjs@usdoj.gov  (202) 307-0765,,,,,,,,,,
Date of version: 10-27-2010,,,,,,,,,,
,,,,,,,,,,
"Jail table 8. Mortality rate per 100,000 local jail inmates, by 50 largest jail jurisdictions, 2000-2007",,,,,,,,,,
,,,"Mortality rate per 100,000 local jail inmates",,,,,,,
Jurisdiction,,"Average annual mortality rate per 100,000 local jail inmates, 2000-2007",2000,2001,2002,2003,2004,2005,2006,2007
,Total,167,163,164,176,158,160,165,181,171
"Los Angeles County, CA",,178,178,186,171,132,124,240,197,192
"New York City, NY",,218,245,255,172,206,182,221,245,214
"Maricopa County, AZ",,136,150,99,175,99,104,188,123,145
"Cook County, IL",,160,224,137,110,74,228,136,246,126
"Harris County, TX",,201,158,239,331,233,134,100,242,170
"Philadelphia City, PA",,230,216,199,180,199,298,273,239,237
"Dallas County, TX",,152,96,96,244,191,169,110,182,125
"Dade County, FL",,231,204,250,240,233,196,208,251,263
"Orange County, CA",,80,62,21,44,118,54,82,154,107
"Broward County, FL",,158,229,253,98,141,96,146,185,116
"San Bernardino County, CA",,129,59,75,141,112,75,178,262,128
"San Diego County, CA",,195,132,204,123,182,271,286,188,174
"Shelby County, TN",,153,121,155,145,128,185,217,151,126
"Santa Clara County, CA",,122,92,73,179,129,72,179,84,165
"Hillsborough County, FL/a",,115,239,86,143,53,141,43,91,126
"Baltimore City, MD",,326,345,304,495,236,209,225,313,485
"Sacramento County, CA",,170,66,218,334,193,150,310,49,44
"Bexar County, TX",,246,168,293,247,389,344,233,125,172
"Alameda County, CA",,215,236,156,335,313,173,99,201,210
"Orange County, FL",,107,145,96,132,26,58,79,130,193
District of Columbia,,315,256,0,572,378,369,311,335,301
"Fresno County, CA",,152,222,128,264,151,268,33,85,65
"Pinellas County, FL",,167,200,183,139,238,130,83,228,137
"Tarrant County, TX",,118,158,86,32,88,291,60,86,143
"Jacksonville City, FL",,226,256,397,337,197,88,203,86,242
"Clark County, NV",,187,336,355,146,117,34,187,177,140
"Allegheny County, PA",,207,131,209,283,229,183,284,237,98
"Riverside County, CA",,145,78,76,122,62,124,185,276,233
"Davidson County, TN",,228,215,229,280,204,186,256,219,232
"De Kalb County, GA",,126,68,127,38,145,269,142,64,153
"Marion County, IN",,176,289,245,122,216,81,83,163,206
"Fulton County, GA",,68,133,0,182,193,0,0,0,34
"Milwaukee County, WI",,96,0,116,64,62,177,107,104,138
"Wayne County, MI",,152,214,261,148,115,0,192,140,143
"Oklahoma County, OK",,184,0,268,89,197,189,214,291,221
"Gwinnett County, GA",,124,238,174,108,56,163,111,110,33
"Palm Beach County, FL",,168,195,255,77,202,145,108,152,208
"Polk County, FL",,80,0,0,107,189,38,70,154,81
"Travis County, TX",,139,156,150,118,81,125,109,193,178
"Franklin County, OH",,110,139,88,199,112,75,74,78,116
"King County, WA",,88,0,0,74,208,124,40,78,184
"Cobb County, GA",,116,49,0,182,0,299,41,279,78
"Denver County, CO",,140,0,274,53,105,107,89,162,331
"Suffolk County, MA/b",,62,0,87,0,41,79,39,84,165
"Hamilton County, OH",,183,143,202,200,188,134,172,256,170
"Mecklenburg County, NC",,81,0,0,157,102,0,0,86,302
"Bernalillo County, NM",,211,293,70,213,179,191,232,393,120
"Kern County, CA",,128,118,114,78,90,274,136,132,86
"El Paso County, TX",,167,250,47,167,84,292,229,47,220
"Hampden County, MA",,128,175,119,121,189,62,207,97,50
"Note: Fifty largest jurisdictions as of June 30, 2006, displayed from largest to smallest. Mortality rates are based on average daily population (ADP).",,,,,,,,,,
a/Hillsborough County data for 2003 cover the first calendar quarter; quarters 2 through 4 were not reported.,,,,,,,,,,
b/Suffolk County data for 2000 exclude the Suffolk County House of Corrections.,,,,,,,,,,
