Bureau of Justice Statistics,,,,,,,,,,,,,,,,,,,,,,,,,,,,
"Filename: Criminal Victimization in the United States, 2008 Statistical Tables",,,,,,,,,,,,,,,,,,,,,,,,,,,,
"Table 64. Percent distribution of incidents, by victim's activity at time of incident and type of crime",,,,,,,,,,,,,,,,,,,,,,,,,,,,
"Report title: Criminal Victimization in the United States, 2008 Statistical Tables",,,,,,,,,,,,,,,,,,,,,,,,,,,,
Data sources: National Crime Victimization Survey,,,,,,,,,,,,,,,,,,,,,,,,,,,,
Author(s): Michael Rand and Jayne E. Robinson,,,,,,,,,,,,,,,,,,,,,,,,,,,,
Refer questions to: askbjs@usdoj.gov 202-307-0765,,,,,,,,,,,,,,,,,,,,,,,,,,,,
Date of version: 5/1/2011,,,,,,,,,,,,,,,,,,,,,,,,,,,,
,,,,,,,,,,,,,,,,,,,,,,,,,,,,
"Table 64. Personal and property crimes, 2008:",,,,,,,,,,,,,,,,,,,,,,,,,,,,
,,,,,,,,,,,,,,,,,,,,,,,,,,,,
"Percent distribution of incidents, by victim's activity at time of incident and type of crime",,,,,,,,,,,,,,,,,,,,,,,,,,,,
,,,,,,,,,,,,,,,,,,,,,,,,,,,,
,,,,,,,,,,,,,,On the way to or from some other place,,,,Attending school,,Leisure activity away from home,,Sleeping,,Other activities at home,,Other,,Don't know
,,,,,,,,Working,,On the way,,On the way,,,,Shopping,,,,,,,,,,,,
                                                                                                                             ,,,,     Number of,,,,or on,,to or from,,to or from,,,,or running,,,,,,,,,,,,
Type of crime,,,,     incidents,,  Total,,duty,,work,,school,,,,errands,,,,,,,,,,,,
Crimes of violence,,,,"4,581,260",,100,%,14.8,,3.9,,5.1,,7.4,,5.1,,10.1,,20.6,,2.7,,25.4,,3.5,,1.4
,,,,,,,,,,,,,,,,,,,,,,,,,,,,
   Rape/sexual assaulta,,,,"200,520",,100,%,6.3,*,2,*,6.4,*,8.2,*,1.6,*,12.1,*,17.7,*,6.6,*,39,,0,*,0
   Robbery,,,,"504,110",,100,%,2.3,*,11.8,,7.1,*,13.4,,9.5,,4.6,*,22.6,,5.8,*,18.2,,3.2,*,1.5
   Aggravated assault,,,,"768,770",,100,%,12.9,,3.5,*,2.9,*,10.1,,7.4,,4.4,*,23.1,,2,*,27.1,,3.3,*,3.3
   Simple assault,,,,"3,107,870",,100,%,17.8,,2.9,,5.2,,5.7,,4.1,,12.2,,19.9,,2.1,,25.2,,3.8,,1
                                                                                         ,,,,,,,,,,,,,,,,,,,,,,,,,,,,
Purse snatching/pocket picking,,,,"136,710",,100,%,3.8,*,5.9,*,8.6,*,9.5,*,19.3,*,4.8,*,36.8,,4.2,*,4.5,*,2.5,*,0
,,,,,,,,,,,,,,,,,,,,,,,,,,,,
Property crimes,,,,"16,319,180",,100,%,14.7,,0.9,,0.4,,1.7,,5.3,,4.5,,14.2,,27.5,,11,,3.4,,16.2
,,,,,,,,,,,,,,,,,,,,,,,,,,,,
   Household burglary,,,,"3,188,620",,100,%,23.6,,1.2,,0.2,*,3.5,,5.9,,1.1,*,19.1,,15.5,,8.6,,4.2,,17.2
   Motor vehicle theft,,,,"795,160",,100,%,9.5,,1.1,*,0,*,0.4,*,6,,0,*,11.4,,41.4,,14.3,,4.1,*,11.8
   Theft,,,,"12,335,400",,100,%,12.8,,0.8,,0.5,,1.4,,5.1,,5.7,,13.2,,29.7,,11.4,,3.2,,16.3
,,,,,,,,,,,,,,,,,,,,,,,,,,,,
Note: Detail may not add to total shown because of rounding.,,,,,,,,,,,,,,,,,,,,,,,,,,,,
*Estimate is based on 10 or fewer sample cases.,,,,,,,,,,,,,,,,,,,,,,,,,,,,
aIncludes verbal threats of rape and threats of sexual assault.,,,,,,,,,,,,,,,,,,,,,,,,,,,,
