Bureau of Justice Statistics,,,,,,,,,,,,,,,,,,,,,,,,,,,,,,,
"Filename: Criminal Victimization in the United States, 2008 Statistical Tables",,,,,,,,,,,,,,,,,,,,,,,,,,,,,,,
"Table 62. Percent distribution of incidents, by type of crime, type of offender, and place of occurrence",,,,,,,,,,,,,,,,,,,,,,,,,,,,,,,
"Report title: Criminal Victimization in the United States, 2008 Statistical Tables",,,,,,,,,,,,,,,,,,,,,,,,,,,,,,,
Data sources: National Crime Victimization Survey,,,,,,,,,,,,,,,,,,,,,,,,,,,,,,,
Author(s): Michael Rand and Jayne E. Robinson,,,,,,,,,,,,,,,,,,,,,,,,,,,,,,,
Refer questions to: askbjs@usdoj.gov 202-307-0765,,,,,,,,,,,,,,,,,,,,,,,,,,,,,,,
Date of version: 5/1/2011,,,,,,,,,,,,,,,,,,,,,,,,,,,,,,,
,,,,,,,,,,,,,,,,,,,,,,,,,,,,,,,
,,,,,,,,,,,,,,,,,,,,,,,,,,,,,,,
Table 62. Personal robbery and assault,,,,,,,,,,,,,,,,,,,,,,,,,,,,,,,
"by armed or unarmed offenders, 2008:",,,,,,,,,,,,,,,,,,,,,,,,,,,,,,,
,,,,,,,,,,,,,,,,,,,,,,,,,,,,,,,
"Percent distribution of incidents, by type of crime, type of offender, and place of occurrence",,,,,,,,,,,,,,,,,,,,,,,,,,,,,,,
,,,,,,,,,,,,,,,,,,,,,,,,,,,,,,,
,,,,,,,,,,,,,"At, in, or near a friend's, relative's, or neighbor's home",,,,,,,,Inside school building/on school property,,"In apartment yard, park, field, or",,On street other than near own home,,On public transporta-tion or inside station,,,,
,,,,,,,At or in respond-ent's home,,,,  On the ,,,,Inside a,,,,,,,,,,,,,,,,
,,,,,,,,,,,  street,,,,"restaurant,",,Other,,Parking lot or garage,,,,,,,,,,,,
Type of crime,,,  Number of,,,,,,  Near,,  near,,,,"bar, or",,commercial,,,,,,,,,,,,,,
and offender,,,  incidents,,  Total,,,,  home,,  home,,,,nightclub,,building,,,,,,playground,,,,,,,Other,
Robbery,,,,,,,,,,,,,,,,,,,,,,,,,,,,,,,
,By armed offenders,,"200,930",,100,%,15.2,*,12.8,*,11.8,*,4.9,*,2,*,2.5,*,20.9,,3.3,*,0,*,20.3,,0,*,,6.4,
,By unarmed offenders,,"248,420",,100,%,18.3,,3,*,11.2,*,11.9,*,0,*,5.1,*,15.1,*,6.6,*,0,*,24.8,,0.7,*,,3.3,*
,,,,,,,,,,,,,,,,,,,,,,,,,,,,,,,
Assault,,,,,,,,,,,,,,,,,,,,,,,,,,,,,,,
,By armed offenders,,"701,440",,100,%,16.5,,13.7,,6.8,,8.9,,3.2,*,7.9,,10.1,,6.7,,2.8,*,16.4,,1,*,,6.1,
,By unarmed offenders,,"2,967,070",,100,%,18.4,,10.9,,4.8,,8.9,,3.8,,9.7,,5,,16.5,,1.7,,11.3,,0.7,*,,8.2,
,,,,,,,,,,,,,,,,,,,,,,,,,,,,,,,
Note: Detail may not add to total shown because of rounding. Excludes incidents in which the presence of a weapon was not ascertained.,,,,,,,,,,,,,,,,,,,,,,,,,,,,,,,
*Estimate is based on 10 or fewer sample cases.,,,,,,,,,,,,,,,,,,,,,,,,,,,,,,,
