Bureau of Justice Statistics,,,,,,,,,,,,,,,,,,,,,,,,,,,,,,,,,,,,,,,,,,,,,,
"Filename: Criminal Victimization in the United States, 2008 Statistical Tables",,,,,,,,,,,,,,,,,,,,,,,,,,,,,,,,,,,,,,,,,,,,,,
"Table 65. Percent distribution of incidents, by distance from home and type of crime",,,,,,,,,,,,,,,,,,,,,,,,,,,,,,,,,,,,,,,,,,,,,,
"Report title: Criminal Victimization in the United States, 2008 Statistical Tables",,,,,,,,,,,,,,,,,,,,,,,,,,,,,,,,,,,,,,,,,,,,,,
Data sources: National Crime Victimization Survey,,,,,,,,,,,,,,,,,,,,,,,,,,,,,,,,,,,,,,,,,,,,,,
Author(s): Michael Rand and Jayne E. Robinson,,,,,,,,,,,,,,,,,,,,,,,,,,,,,,,,,,,,,,,,,,,,,,
Refer questions to: askbjs@usdoj.gov 202-307-0765,,,,,,,,,,,,,,,,,,,,,,,,,,,,,,,,,,,,,,,,,,,,,,
Date of version: 5/1/2011,,,,,,,,,,,,,,,,,,,,,,,,,,,,,,,,,,,,,,,,,,,,,,
,,,,,,,,,,,,,,,,,,,,,,,,,,,,,,,,,,,,,,,,,,,,,,
"Table 65. Select personal and property crimes, 2008:",,,,,,,,,,,,,,,,,,,,,,,,,,,,,,,,,,,,,,,,,,,,,,
,,,,,,,,,,,,,,,,,,,,,,,,,,,,,\C,{GOTO}aa115~/RE{pgdn}{bigright}{bigright}~,,,,,,,,,,,,,,,,
"Percent distribution of incidents, by distance from home and type of crime",,,,,,,,,,,,,,,,,,,,,,,,,,,,,,{GOTO}AA115~/FCCE{ESC}{ESC}T:\csb-sh\ncvs\camtabs\2003tabs\2003ints\TAB212A.WKS~,,,,,,,,,,,,,,,,
       ,,,,,,,,,,,,,,,,,,,,,,,,,,,,,,,,,,,,,,,,,,,,,,
                                                                                                          ,,,,,,,,,,,,,,,,,,,,,,,,,,,,,,{GOTO}Aa115~,,,,,,,,,,,,,,,,
,,,,,,,,Inside,,Near,,,One mile,,Five miles from home or less,,50 miles from home or less,,More than 50 miles from home,,Don't know or not available,,,,,,,,,{DOWN (NUM1)},,,,,,,,,,,,,,,,
,,,,    Number of,,,,home or,,respondent's,,,from home,,,,,,,,,,,,,,,,,"{IF @CELLPOINTER(""CONTENTS"")<=@@(""<<T:\csb-sh\ncvs\camtabs\thresh.wk4>>a21"")}{PUT ROCOL1,0,(NUM1),*}",,,,,,,,,,,,,,,,
Type of crime,,,,    incidents,,  Total,,lodging,,home,,,or less,,,,,,,,,,,,,,,,,,,,,,,,,,,,,,,,,
,,,,,,,,,,,,,,,,,,,,,,,,,,,,,1,"{FOR NUM2,0,0,1,ENTSTAR2}{BRANCH ENTSTAR31}",,,,,,,,,,,,,,,,
,,,,,,,,,,,,,,,,,,,,,,,,,,,,,,,,,,,,,,,,,,,,,,
Crimes of violence,,,,"4,581,260",,100,%,18.4,,17.9,,,17.9,,21,,20.2,,3.8,,0.8,,,,,,,,,{GOTO}Aa124~,,,,,,,,,,,,,,,,
,,,,,,,,,,,,,,,,,,,,,,,,,,,,,,{DOWN (NUM2)},,,,,,,,,,,,,,,,
   Rape/sexual assaulta,,,,"200,520",,100,%,35,,13.5,*,,23.5,,16.3,*,9.9,*,1.7,*,0,*,,,,,,,,"{IF @CELLPOINTER(""CONTENTS"")<=@@(""<<T:\csb-sh\ncvs\camtabs\thresh.wk4>>a21"")}{PUT ROCOL2,0,(NUM2),b%*}",,,,,,,,,,,,,,,,
   Robbery,,,,"504,110",,100,%,16,,18.1,,,28.2,,12.6,,19.7,,5.4,*,0,*,,,,,,,,"{IF @CELLPOINTER(""CONTENTS"")>@@(""<<T:\csb-sh\ncvs\camtabs\thresh.wk4>>a21"")}{PUT ROCOL2,0,(NUM2),b%}",,,,,,,,,,,,,,,,
   Assault,,,,"3,876,640",,100,%,17.8,,18.1,,,16.3,,22.3,,20.8,,3.7,,1,,,,,,,,,,,,,,,,,,,,,,,,,
      Aggravated,,,,"768,770",,100,%,16.4,,21.6,,,18.9,,19,,19,,4.4,*,0.8,*,,,,,,,8,"{FOR NUM3,0,7,1,ENTSTAR3}{BRANCH ENTSTAR41}",,,,,,,,,,,,,,,,
      Simple,,,,"3,107,870",,100,%,18.2,,17.2,,,15.7,,23.1,,21.2,,3.6,,1.1,*,,,,,,,,,,,,,,,,,,,,,,,,
,,,,,,,,,,,,,,,,,,,,,,,,,,,,,,{GOTO}Aa125~,,,,,,,,,,,,,,,,
Purse snatching/pocket picking,,,,"136,710",,100,%,8.7,*,3.7,*,,26.7,*,48,,6.5,*,4.9,*,1.6,*,,,,,,,,{DOWN (NUM3)},,,,,,,,,,,,,,,,
,,,,,,,,,,,,,,,,,,,,,,,,,,,,,,"{IF @CELLPOINTER(""CONTENTS"")<=@@(""<<T:\csb-sh\ncvs\camtabs\thresh.wk4>>a21"")}{PUT ROCOL3,0,(NUM3),*}",,,,,,,,,,,,,,,,
Property crimes,,,,,,,,,,,,,,,,,,,,,,,,,,,,,,,,,,,,,,,,,,,,,,
,,,,,,,,,,,,,,,,,,,,,,,,,,,,,1,"{FOR NUM4,0,0,1,ENTSTAR4}{BRANCH ENTSTAR51}",,,,,,,,,,,,,,,,
   Motor vehicle theft,,,,"795,160",,100,%,4.5,*,60.1,,,7.2,,12.5,,11,,3.9,*,0.8,*,,,,,,,,,,,,,,,,,,,,,,,,
   Theft,,,,"12,335,400",,100,%,11.2,,52.4,,,6.9,,13.7,,10.8,,3.5,,1.4,,,,,,,,,{GOTO}Aa115~,,,,,,,,,,,,,,,,
Note: Detail may not add to total shown because of rounding.,,,,,,,,,,,,,,,,,,,,,,,,,,,,,,{GOTO}Ae124~,,,,,,,,,,,,,,,,
*Estimate is based on 10 or fewer sample cases.,,,,,,,,,,,,,,,,,,,,,,,,,,,,,,{DOWN (NUM8)},,,,,,,,,,,,,,,,
aIncludes verbal threats of rape and threats of sexual assault.,,,,,,,,,,,,,,,,,,,,,,,,,,,,,,"{IF @CELLPOINTER(""CONTENTS"")<=@@(""<<T:\csb-sh\ncvs\camtabs\thresh.wk4>>a21"")}{PUT ROCOL8,0,(NUM8),b%*}",,,,,,,,,,,,,,,,
,,,,,,,,,,,,,,,,,,,,,,,,,,,,,,{DOWN (NUM9)},,,,,,,,,,,,,,,,
,,,,,,,,,,,,,,,,,,,,,,,,,,,,,,"{IF @CELLPOINTER(""CONTENTS"")<=@@(""<<T:\csb-sh\ncvs\camtabs\thresh.wk4>>a21"")}{PUT ROCOL9,0,(NUM9),*}",,,,,,,,,,,,,,,,
,,,,,,,,,,,,,,,,,,,,,,,,,,,,,,,,,,,,,,,,,,,,,,
,,,,,,,,,,,,,,,,,,,,,,,,,,,,,1,"{FOR NUM10,0,0,1,ENTSTAR10}{branch entstar111}",,,,,,,,,,,,,,,,
,,,,,,,,,,,,,,,,,,,,,,,,,,,,,,,,,,,,,,,,,,,,,,
,,,,,,,,,,,,,,,,,,,,,,,,,,,,,,{GOTO}Ai115~,,,,,,,,,,,,,,,,
,,,,,,,,,,,,,,,,,,,,,,,,,,,,,,{DOWN (NUM10)},,,,,,,,,,,,,,,,
,,,,,,,,,,,,,,,,,,,,,,,,,,,,,,"{IF @CELLPOINTER(""CONTENTS"")<=@@(""<<T:\csb-sh\ncvs\camtabs\thresh.wk4>>a21"")}{PUT ROCOL10,0,(NUM10),b%*}",,,,,,,,,,,,,,,,
,,,,,,,,,,,,,,,,,,,,,,,,,,,,,,"{IF @CELLPOINTER(""CONTENTS"")>@@(""<<T:\csb-sh\ncvs\camtabs\thresh.wk4>>a21"")}{PUT ROCOL10,0,(NUM10),b%}",,,,,,,,,,,,,,,,
,,,,,,,,,,,,,,,,,,,,,,,,,,,,,,,,,,,,,,,,,,,,,,
,,,,,,,,,,,,,,,,,,,,,,,,,,,,,8,"{FOR NUM11,0,7,1,ENTSTAR11}{BRANCH ENTSTAR121}",,,,,,,,,,,,,,,,
,,,,,,,,,,,,,,,,,,,,,,,,,,,,,,,,,,,,,,,,,,,,,,
,,,,,,,,,,,,,,,,,,,,,,,,,,,,,,{GOTO}Ai116~,,,,,,,,,,,,,,,,
,,,,,,,,,,,,,,,,,,,,,,,,,,,,,,{DOWN (NUM11)},,,,,,,,,,,,,,,,
,,,,,,,,,,,,,,,,,,,,,,,,,,,,,,"{IF @CELLPOINTER(""CONTENTS"")<=@@(""<<T:\csb-sh\ncvs\camtabs\thresh.wk4>>a21"")}{PUT ROCOL11,0,(NUM11),*}",,,,,,,,,,,,,,,,
,,,,,,,,,,,,,,,,,,,,,,,,,,,,,,,,,,,,,,,,,,,,,,
,,,,,,,,,,,,,,,,,,,,,,,,,,,,,1,"{FOR NUM12,0,0,1,ENTSTAR12}{BRANCH ENTSTAR131}",,,,,,,,,,,,,,,,
,,,,,,,,,,,,,,,,,,,,,,,,,,,,,,,,,,,,,,,,,,,,,,
,,,,,,,,,,,,,,,,,,,,,,,,,,,,,,{GOTO}Ai124~,,,,,,,,,,,,,,,,
,,,,,,,,,,,,,,,,,,,,,,,,,,,,,,{DOWN (NUM12)},,,,,,,,,,,,,,,,
,,,,,,,,,,,,,,,,,,,,,,,,,,,,,,"{IF @CELLPOINTER(""CONTENTS"")<=@@(""<<T:\csb-sh\ncvs\camtabs\thresh.wk4>>a21"")}{PUT ROCOL12,0,(NUM12),b%*}",,,,,,,,,,,,,,,,
,,,,,,,,,,,,,,,,,,,,,,,,,,,,,,"{IF @CELLPOINTER(""CONTENTS"")>@@(""<<T:\csb-sh\ncvs\camtabs\thresh.wk4>>a21"")}{PUT ROCOL12,0,(NUM12),b%}",,,,,,,,,,,,,,,,
,,,,,,,,,,,,,,,,,,,,,,,,,,,,,,,,,,,,,,,,,,,,,,
,,,,,,,,,,,,,,,,,,,,,,,,,,,,,8,"{FOR NUM13,0,7,1,ENTSTAR13}{BRANCH ENTSTAR141}",,,,,,,,,,,,,,,,
,,,,,,,,,,,,,,,,,,,,,,,,,,,,,,,,,,,,,,,,,,,,,,
,,,,,,,,,,,,,,,,,,,,,,,,,,,,,,{GOTO}Ai125~,,,,,,,,,,,,,,,,
,,,,,,,,,,,,,,,,,,,,,,,,,,,,,,{DOWN (NUM13)},,,,,,,,,,,,,,,,
,,,,,,,,,,,,,,,,,,,,,,,,,,,,,,"{IF @CELLPOINTER(""CONTENTS"")<=@@(""<<T:\csb-sh\ncvs\camtabs\thresh.wk4>>a21"")}{PUT ROCOL13,0,(NUM13),*}",,,,,,,,,,,,,,,,
,,,,,,,,,,,,,,,,,,,,,,,,,,,,,,,,,,,,,,,,,,,,,,
,,,,,,,,,,,,,,,,,,,,,,,,,,,,,1,"{FOR NUM14,0,0,1,ENTSTAR14}{branch entstar151}",,,,,,,,,,,,,,,,
,,,,,,,,,,,,,,,,,,,,,,,,,,,,,,,,,,,,,,,,,,,,,,
,,,,,,,,,,,,,,,,,,,,,,,,,,,,,,{GOTO}Am115~,,,,,,,,,,,,,,,,
,,,,,,,,,,,,,,,,,,,,,,,,,,,,,,{DOWN (NUM14)},,,,,,,,,,,,,,,,
,,,,,,,,,,,,,,,,,,,,,,,,,,,,,,"{IF @CELLPOINTER(""CONTENTS"")<=@@(""<<T:\csb-sh\ncvs\camtabs\thresh.wk4>>a21"")}{PUT ROCOL14,0,(NUM14),b%*}",,,,,,,,,,,,,,,,
,,,,,,,,,,,,,,,,,,,,,,,,,,,,,,"{IF @CELLPOINTER(""CONTENTS"")>@@(""<<T:\csb-sh\ncvs\camtabs\thresh.wk4>>a21"")}{PUT ROCOL14,0,(NUM14),b%}",,,,,,,,,,,,,,,,
,,,,,,,,,,,,,,,,,,,,,,,,,,,,,,,,,,,,,,,,,,,,,,
,,,,,,,,,,,,,,,,,,,,,,,,,,,,,8,"{FOR NUM15,0,7,1,ENTSTAR15}{BRANCH ENTSTAR161}",,,,,,,,,,,,,,,,
,,,,,,,,,,,,,,,,,,,,,,,,,,,,,,,,,,,,,,,,,,,,,,
,,,,,,,,,,,,,,,,,,,,,,,,,,,,,,{GOTO}Am116~,,,,,,,,,,,,,,,,
,,,,,,,,,,,,,,,,,,,,,,,,,,,,,,{DOWN (NUM15)},,,,,,,,,,,,,,,,
,,,,,,,,,,,,,,,,,,,,,,,,,,,,,,"{IF @CELLPOINTER(""CONTENTS"")<=@@(""<<T:\csb-sh\ncvs\camtabs\thresh.wk4>>a21"")}{PUT ROCOL15,0,(NUM15),*}",,,,,,,,,,,,,,,,
,,,,,,,,,,,,,,,,,,,,,,,,,,,,,,,,,,,,,,,,,,,,,,
,,,,,,,,,,,,,,,,,,,,,,,,,,,,,1,"{FOR NUM16,0,0,1,ENTSTAR16}{BRANCH ENTSTAR171}",,,,,,,,,,,,,,,,
,,,,,,,,,,,,,,,,,,,,,,,,,,,,,,,,,,,,,,,,,,,,,,
,,,,,,,,,,,,,,,,,,,,,,,,,,,,,,{GOTO}Aq115~,,,,,,,,,,,,,,,,
,,,,,,,,,,,,,,,,,,,,,,,,,,,,,,{DOWN (NUM16)},,,,,,,,,,,,,,,,
,,,,,,,,,,,,,,,,,,,,,,,,,,,,,,"{IF @CELLPOINTER(""CONTENTS"")<=@@(""<<T:\csb-sh\ncvs\camtabs\thresh.wk4>>a21"")}{PUT ROCOL16,0,(NUM16),b%*}",,,,,,,,,,,,,,,,
,,,,,,,,,,,,,,,,,,,,,,,,,,,,,,"{IF @CELLPOINTER(""CONTENTS"")>@@(""<<T:\csb-sh\ncvs\camtabs\thresh.wk4>>a21"")}{PUT ROCOL16,0,(NUM16),b%}",,,,,,,,,,,,,,,,
,,,,,,,,,,,,,,,,,,,,,,,,,,,,,,,,,,,,,,,,,,,,,,
,,,,,,,,,,,,,,,,,,,,,,,,,,,,,8,"{FOR NUM17,0,7,1,ENTSTAR17}",,,,,,,,,,,,,,,,
,,,,,,,,,,,,,,,,,,,,,,,,,,,,,,,,,,,,,,,,,,,,,,
,,,,,,,,,,,,,,,,,,,,,,,,,,,,,,{GOTO}Aq116~,,,,,,,,,,,,,,,,
,,,,,,,,,,,,,,,,,,,,,,,,,,,,,,{DOWN (NUM17)},,,,,,,,,,,,,,,,
,,,,,,,,,,,,,,,,,,,,,,,,,,,,,,"{IF @CELLPOINTER(""CONTENTS"")<=@@(""<<T:\csb-sh\ncvs\camtabs\thresh.wk4>>a21"")}{PUT ROCOL17,0,(NUM17),*}",,,,,,,,,,,,,,,,
,,,,,,,,,,,,,,,,,,,,,,,,,,,,,,,,,,,,,,,,,,,,,,
,,,,,,,,,,,,,,,,,,,,,,,,,,,,"4,949,380",,100,b%,"832,820",b%,16.8,,"754,360",b%,15.2,,"1,010,550",b%,20.4,,"1,170,840",b%,23.7
,,,,,,,,,,,,,,,,,,,,,,,,,,,,"191,350",,100,%,"64,210",,33.6,,"16,550",*,8.6,,"29,400",*,15.4,,"35,330",,18.5
,,,,,,,,,,,,,,,,,,,,,,,,,,,,"552,830",,100,%,"108,910",,19.7,,"87,740",,15.9,,"118,530",,21.4,,"134,130",,24.3
,,,,,,,,,,,,,,,,,,,,,,,,,,,,"4,205,190",,100,%,"659,700",,15.7,,"650,070",,15.5,,"862,620",,20.5,,"1,001,370",,23.8
,,,,,,,,,,,,,,,,,,,,,,,,,,,,"947,780",,100,%,"129,020",,13.6,,"162,050",,17.1,,"251,370",,26.5,,"152,820",,16.1
,,,,,,,,,,,,,,,,,,,,,,,,,,,,"3,257,410",,100,%,"530,680",,16.3,,"488,030",,15,,"611,250",,18.8,,"848,550",,26
,,,,,,,,,,,,,,,,,,,,,,,,,,,,"182,110",,100,%,0,*,0,,"5,160",*,2.8,,"55,950",,30.7,,"58,880",,32.3
,,,,,,,,,,,,,,,,,,,,,,,,,,,,"1,032,470",,100,%,"14,650",*,1.4,,"641,960",,62.2,,"59,600",,5.8,,"125,140",,12.1
,,,,,,,,,,,,,,,,,,,,,,,,,,,,"14,198,290",,100,%,"1,293,800",,9.1,,"6,646,490",,46.8,,"1,180,480",,8.3,,"2,119,170",,14.9
,,,,,,,,,,,,,,,,,,,,,,,,,,,,"944,410",b%,19.1,,"183,020",b%,3.7,,"53,400",b%,1.1,,,,,,,,
,,,,,,,,,,,,,,,,,,,,,,,,,,,,"37,150",,19.4,,"8,710",*,4.6,,0,*,0,,,,,,,,
,,,,,,,,,,,,,,,,,,,,,,,,,,,,"74,350",,13.4,,"20,840",*,3.8,,"8,340",*,1.5,,,,,,,,
,,,,,,,,,,,,,,,,,,,,,,,,,,,,"832,910",,19.8,,"153,460",,3.6,,"45,060",,1.1,,,,,,,,
,,,,,,,,,,,,,,,,,,,,,,,,,,,,"202,140",,21.3,,"47,300",,5,,"3,100",*,0.3,,,,,,,,
,,,,,,,,,,,,,,,,,,,,,,,,,,,,"630,770",,19.4,,"106,170",,3.3,,"41,960",,1.3,,,,,,,,
,,,,,,,,,,,,,,,,,,,,,,,,,,,,"46,170",,25.4,,"15,930",*,8.7,,0,*,0,,,,,,,,
,,,,,,,,,,,,,,,,,,,,,,,,,,,,"152,990",,14.8,,"20,020",*,1.9,,"18,100",*,1.8,,,,,,,,
,,,,,,,,,,,,,,,,,,,,,,,,,,,,"2,097,130",,14.8,,"523,240",,3.7,,"337,990",,2.4,,,,,,,,
