Bureau of Justice Statistics,,,,,,,,,
"Filename: Criminal Victimization in the United States, 2008 Statistical Tables",,,,,,,,,
"Table 77.Percent of victimizations in which victims incurred medical expenses, by selected characteristics of victims and type of crime",,,,,,,,,
"Report title: Criminal Victimization in the United States, 2008 Statistical Tables",,,,,,,,,
Data sources: National Crime Victimization Survey,,,,,,,,,
Author(s): Michael Rand and Jayne E. Robinson,,,,,,,,,
Refer questions to: askbjs@usdoj.gov 202-307-0765,,,,,,,,,
Date of version: 5/1/2011,,,,,,,,,
,,,,,,,,,
"Table 77. Personal crimes of violence, 2008:",,,,,,,,,
,,,,,,,,,
"Percent of victimizations in which victims incurred medical expenses, ",,,,,,,,,
by selected characteristics of victims and type of crime,,,,,,,,,
,,,,,,,,,
,,,,,,,,,
,,,,Percent of victimizations,,,,,
,,,, Crimes of,,,,,
Characteristic,,,, violencea,,  Robbery,,  Assault,
,,,,,,,,,
,,,,,,,,,
Race,,,,,,,,,
,,All racesb,,5.8,%,8.4,%,5.2,%
,,White only,,5.2,,10.4,*,4.3,
,,Black only,,9.4,,3.3,*,11.6,
,,,,,,,,,
Victim-offender relationship,,,,,,,,,
,,Strangers,,6.4,,9.9,*,5.8,
,,Nonstrangers,,5.2,,5.2,*,4.6,
,,,,,,,,,
Note: Includes victimizations in which the amount of medical expenses incurred was not ,,,,,,,,,
ascertained.,,,,,,,,,
*Estimate is based on 10 or fewer sample cases.,,,,,,,,,
aIncludes data on rape and sexual assault (not shown separately).,,,,,,,,,
"bIncludes data on persons other than white only or black only, not shown separately.",,,,,,,,,
