Bureau of Justice Statistics,,,,,,,,,,,,,,,,,,
"Filename: Criminal Victimization in the United States, 2008 Statistical Tables",,,,,,,,,,,,,,,,,,
"Table 60. Percent distribution of incidents, by type of crime, type of offender, and time of occurrence",,,,,,,,,,,,,,,,,,
"Report title: Criminal Victimization in the United States, 2008 Statistical Tables",,,,,,,,,,,,,,,,,,
Data sources: National Crime Victimization Survey,,,,,,,,,,,,,,,,,,
Author(s): Michael Rand and Jayne E. Robinson,,,,,,,,,,,,,,,,,,
Refer questions to: askbjs@usdoj.gov 202-307-0765,,,,,,,,,,,,,,,,,,
Date of version: 5/1/2011,,,,,,,,,,,,,,,,,,
,,,,,,,,,,,,,,,,,,
Table 60. Personal robbery and assault,,,,,,,,,,,,,,,,,,
"by armed or unarmed offenders, 2008:",,,,,,,,,,,,,,,,,,
,,,,,,,,,,,,,,,,,,
"Percent distribution of incidents, by type of crime, type of offender, and time of occurrence",,,,,,,,,,,,,,,,,,
,,,,,,,,,,,,,,,,,,
,,,,,Percent of incidents,,,,,,,,,,,,,
,,,,,,,Daytime,,Nighttime,,,,,,,,Not known,
Type of crime,,,  Number of,,,,6 a.m. -,,,,6 p.m.-,,Midnight -,,  Not,,or not,
and offender,,,  incidents,,Total,,6 p.m.,,  Total,,midnight,,6 a.m.,,  known,,available,
,,,,,,,,,,,,,,,,,,
,,,,,,,,,,,,,,,,,,
Robbery,,,,,,,,,,,,,,,,,,
,By armed offenders,,"200,930",,100,%,44.8,,55.2,,37.2,,18,*,0,*,0,*
,By unarmed offenders,,"248,420",,100,%,56.2,,43.8,,24.6,,15.9,,3.3,*,0,*
,,,,,,,,,,,,,,,,,,
Assault,,,,,,,,,,,,,,,,,,
,By armed offenders,,"701,440",,100,%,46,,50.8,,40.3,,10.4,,0,*,3.2,*
,By unarmed offenders,,"2,967,070",,100,%,57.9,,38.9,,27.6,,10,,1.2,*,3.2,
,,,,,,,,,,,,,,,,,,
,,,,,,,,,,,,,,,,,,
Note: Detail may not add to total shown because of rounding. Excludes data in which the presence of a weapon was not ascertained.,,,,,,,,,,,,,,,,,,
*Estimate is based on 10 or fewer sample cases.,,,,,,,,,,,,,,,,,,
