Bureau of Justice Statistics,,,,,,,,,,,,,,,,,,,,
"Filename: Criminal Victimization in the United States, 2008 Statistical Tables",,,,,,,,,,,,,,,,,,,,
"Table 76.Percent distribution of victims receiving medical care, by type of crime and where care was received",,,,,,,,,,,,,,,,,,,,
"Report title: Criminal Victimization in the United States, 2008 Statistical Tables",,,,,,,,,,,,,,,,,,,,
Data sources: National Crime Victimization Survey,,,,,,,,,,,,,,,,,,,,
Author(s): Michael Rand and Jayne E. Robinson,,,,,,,,,,,,,,,,,,,,
Refer questions to: askbjs@usdoj.gov 202-307-0765,,,,,,,,,,,,,,,,,,,,
Date of version: 5/1/2011,,,,,,,,,,,,,,,,,,,,
,,,,,,,,,,,,,,,,,,,,
"Table 76. Personal crimes of violence, 2008:",,,,,,,,,,,,,,,,,,,,
,,,,,,,,,,,,,,,,,,,,
"Percent distribution of victims receiving medical care,",,,,,,,,,,,,,,,,,,,,
by type of crime and where care was received,,,,,,,,,,,,,,,,,,,,
,,,,,,,,,,,,,,,,,,,,
,,,,,Percent distribution of where care was received,,,,,,,,,,,,,,,
,,,,,,,,,,,,,,,Emergency,,,,,
,,,,,,,,,At home,,Health unit,,Doctor's,,room at,,,,,
,,,Number of ,,,,,,or neighbor's,,at work or,,office,,hospital;,,,,,
,,,victims receiving,,,,At the,,or friend's,,first-aid,,or health,,emergency,,,,,
Type of crime,,,medical care,, Total,,scene,,home,,station,,clinic,,clinic,,Hospital,,Other,
,,,,,,,,,,,,,,,,,,,,
,,,,,,,,,,,,,,,,,,,,
Crimes of violence,,,"542,280",,100,%,15.6,,26.1,,2.7,*,9.9,,35.3,,9,,0.7,*
,,,,,,,,,,,,,,,,,,,,
   Completed violence,,,"523,720",,100,%,16.2,,24.2,,2.7,*,10.2,,35.9,,9.3,,0.7,*
   Attempted/threatened violence,,,"18,550",*,100,%*,0,*,82,*,0,*,0,*,18,*,0,*,0,*
   Rape/sexual assaulta,,,"39,480",,100,%,0,*,9.5,*,0,*,34.2,*,43.1,*,13.2,*,0,*
   Robbery,,,"104,900",,100,%,15.6,*,31.2,*,0,*,4.9,*,30.1,*,18.2,*,0,*
      Completed/property taken,,,"86,350",,100,%,19,*,20.3,*,0,*,5.9,*,32.7,*,22.1,*,0,*
      Attempted to take property,,,"18,550",*,100,%*,0,*,82,*,0,*,0,*,18,*,0,*,0,*
   Assault,,,"397,890",,100,%,17.2,,26.5,,3.6,*,8.8,*,35.9,,6.1,*,0.9,*
      Aggravated,,,"176,900",,100,%,12.4,*,17.4,*,3.4,*,6.7,*,49.6,,10.5,*,0,*
      Simple,,,"220,990",,100,%,21,,33.7,,3.8,*,10.4,*,24.9,,2.7,*,1.7,*
,,,,,,,,,,,,,,,,,,,,
Note: Detail may not add to total shown because of rounding. Respondents may have received medical attention at more than one location.,,,,,,,,,,,,,,,,,,,,
,,,,,,,,,,,,,,,,,,,,
*Estimate is based on 10 or fewer sample cases.,,,,,,,,,,,,,,,,,,,,
aIncludes verbal threats of rape and threats of sexual assault.,,,,,,,,,,,,,,,,,,,,
