Bureau of Justice Statistics,,,,,,,,,
"Filename: Criminal Victimization in the United States, 2008 Statistical Tables",,,,,,,,,
"Table 79.Percent of victimizations in which victims received hospital care, by selected characteristics of victims and type of crime",,,,,,,,,
"Report title: Criminal Victimization in the United States, 2008 Statistical Tables",,,,,,,,,
Data sources: National Crime Victimization Survey,,,,,,,,,
Author(s): Michael Rand and Jayne E. Robinson,,,,,,,,,
Refer questions to: askbjs@usdoj.gov 202-307-0765,,,,,,,,,
Date of version: 5/1/2011,,,,,,,,,
,,,,,,,,,
"Table 79. Personal crimes of violence, 2008:",,,,,,,,,
,,,,,,,,,
"Percent of victimizations in which victims received hospital care, ",,,,,,,,,
by selected characteristics of victims and type of crime,,,,,,,,,
,,,,,,,,,
,,,,Percent of victimizations,,,,,
,,,,Crimes of,,,,,
Characteristic,,,,violencea,,Robbery,,Assault,
,Total,,,4.9,%,9.2,%,4.1,%
Sex,,,,,,,,,
,,Male,,5,,10.9,*,4.2,
,,Female,,4.9,,6.7,*,3.9,
,,,,,,,,,
Age,,,,,,,,,
,,19-Dec,,5.5,,3.5,*,6.1,
,,20-34,,6.6,,12.9,*,5.3,
,,35-49,,4.4,,14.7,*,2.2,*
,,50-64,,0.3,*,0,*,0.4,*
,,65 or older,,2.7,*,0,*,0,*
,,,,,,,,,
Race,,,,,,,,,
,,White only,,4.6,,11.7,*,3.7,
,,Black only,,7.4,,3.3,*,7.7,
,,,,,,,,,
Victim-offender relationship,,,,,,,,,
,,Strangers,,6,,11.5,,4.8,
,,Nonstrangers,,3.9,,4,*,3.4,
,,,,,,,,,
*Estimate is based on 10 or fewer sample cases.,,,,,,,,,
"aIncludes data on rape and sexual assault, not shown separately.",,,,,,,,,
