Bureau of Justice Statistics,,,,,,,
filename:  cv0675.csv,,,,,,,
"Table 75. Percent of victimizations in which victims sustained physical injury, by selected characteristics of victims and type of crime",,,,,,,
"data source: National Criminal Victimization Survey, 2006  NCJ 223436",,,,,,,
produced by:  Cathy Maston ,,,,,,,
authors:  Patsy Klaus and Cathy Maston,,,,,,,
refer questions to: askbjs@usdoj.gov  202-307-0765,,,,,,,
data of version:  08/29/08,,,,,,,

"Table 75. Personal robbery and assault, 2006: Percent of victimizations in which victims sustained physical injury, by selected characteristics of victims and type of crime",,,,,,,
,,Percent of all victims who sustained physical injury,,,,,
Characteristic,,Robbery and assault,,Robbery,,Assault,
Gender,,,,,,,
,Both genders,27.8,%,35.3,%,26.7,%
,Male,25.8,,33.5,,24.5,
,Female,30.1,,38.6,,29.2,
Age,,,,,,,
                                                                         , 12-15,30.1,,31.4,*,30,
                                                                         ,16-19,29.4,,26.9,*,29.7,
                                                                         ,20-34,30.7,,41.3,,28.9,
                                                                         ,35-49,22.4,,24.9,*,22,
                                                                         ,50-64,24.8,,45.8,*,22.4,
                                                                         ,65 and over,19,*,24.9,*,16.2,*
Race/a,,,,,,,
,White only,25.6,,35.4,,24.2,
,Black only,38.7,,46.3,,37.6,
Victim-offender relationship,,,,,,,
,Strangers,23.8,,31.1,,22.2,
,Nonstrangers,31.3,,47,,30.3,
Income/b,,,,,,,
,"Less than $7,500",28.6,,30,*,28.5,
,"$7,500-$14,999",37.4,,48.1,,35.5,
,"$15,000-$24,999",31.7,,35.1,*,31.1
,"$25,000-$34,999",32.3,,33.5,,32
,"$35,000-$49,999",23.3,,54.5,*,20.9
,"$50,000-$74,999",26,,31.2,*,25.5
,"$75,000 or more",20.7,,34.5,,18.3
"Note: Many incident characteristics were unaffected or minimally affected by changes in methodology in the 2006 National Crime Victimization. However, caution should be used in comparing 2006 rates of individual variables, particularly those with small sample sizes, to previous years. See Criminal Victimization, 2006, at <http://www.ojp.usdoj.gov/bjs/abstract/cv06.htm>.",,,,,,
*Estimate is based on about 10 or fewer sample cases.,,,,,,
"a/Excludes data on persons of ""Other"" races and persons indicating two or more races.",,,,,,
b/Excludes data on persons whose family income level was not ascertained.,,,,,,
