Bureau of Justice Statistics,,,,,,,,,,,,,,,
filename:  cv0616.csv,,,,,,,,,,,,,,,
Table 16. Number of victimizations and victimization rates by type of crime and race of head of household,,,,,,,,,,,,,,,
"data source: National Criminal Victimization Survey, 2006  NCJ 223436",,,,,,,,,,,,,,,
produced by:  Cathy Maston ,,,,,,,,,,,,,,,
authors:  Patsy Klaus and Cathy Maston,,,,,,,,,,,,,,,
refer questions to: askbjs@usdoj.gov  202-307-0765,,,,,,,,,,,,,,,
data of version:  08/29/08,,,,,,,,,,,,,,,

"Table 16. Property crimes, 2006:  Number of victimizations and victimization rates by type of crime and race of head of household",,,,,,,,,,,,,,,
,"Rate per 1,000 households",,,,,,,,,,,,,,
,         All Races,,White only,,Black only,,,,Other race only/a,,,,Two or more races/b,,
Type of crime,Number,Rate,Number,Rate,Number,,Rate,,Number,,Rate,,Number,,Rate
Property crimes,"18,915,740",160.5,"15,078,490",156.7,"2,751,190",,185.6,,"767,860",,137.7,,"318,190",,254.3
   Household burglary,"3,560,920",30.2,"2,747,200",28.6,"628,630",,42.4,,"121,790",,21.8,,"63,300",,50.6
      Completed,"2,848,210",24.2,"2,223,600",23.1,"482,050",,32.5,,"95,190",,17.1,,"47,360",,37.8
         Forcible entry,"1,024,030",8.7,"770,210",8,"207,810",,14,,"30,970",*,5.6,*,"15,050",*,12,*
         Unlawful entry without force,"1,824,180",15.5,"1,453,400",15.1,"274,250",,18.5,,"64,230",,11.5,,"32,310",*,25.8,*
      Attempted forcible entry,"712,710",6,"523,590",5.4,"146,570",,9.9,,"26,590",*,4.8,*,"15,950",*,12.7,*
   Motor vehicle theft,"992,260",8.4,"707,010",7.3,"219,150",,14.8,,"57,150",,10.2,,"8,950",*,7.2,*
      Completed,"791,840",6.7,"576,960",6,"170,490",,11.5,,"42,610",,7.6,,"1,780",*,1.4,*
      Attempted,"200,410",1.7,"130,050",1.4,"48,650",,3.3,,"14,540",*,2.6,*,"7,170",*,5.7,*
   Theft,"14,362,570",121.9,"11,624,280",120.8,"1,903,420",,128.4,,"588,920",,105.6,,"245,940",,196.5,
      Completed,"13,791,020",117,"11,159,650",116,"1,838,530",,124.1,,"552,570",,99.1,,"240,260",,192,
         Less than $50,"3,822,200",32.4,"3,157,470",32.8,"478,340",,32.3,,"126,260",,22.6,,"60,130",,48,
         $50 - $249,"4,940,790",41.9,"3,940,350",41,"664,370",,44.8,,"223,490",,40.1,,"112,570",,90,
         $250 or more,"3,718,530",31.6,"2,980,410",31,"514,330",,34.7,,"159,020",,28.5,,"64,770",,51.8,
         Amount not available,"1,309,500",11.1,"1,081,420",11.2,"181,490",,12.2,,"43,800",,7.9,,"2,790",*,2.2,*
      Attempted,"571,550",4.8,"464,630",4.8,"64,890",,4.4,,"36,350",*,6.5,*,"5,680",*,4.5,*
Total number of households,"117,858,380",...,"96,211,280",...,"14,820,190",,...,,"5,575,500",,...,,"1,251,420",,...,
"Note: Due to changes in methodology, the 2006 national crime victimization rates are not comparable to previous years and cannot be used for yearly trend comparisons. However, the overall patterns of victimization at the national level can be examined. See Criminal Victimization, 2006, at <http://www.ojp.usdoj.gov/bjs/abstract/cv06.htm>.",,,,,,,,,,,,,,,,
Detail may not add to total shown because of rounding.,,,,,,,,,,,,,,,,
*Estimate is based on about 10 or fewer sample cases.
...Not applicable.
"a/Includes American Indian, Eskimo, Asian Pacific Islander if only one of these races is given."
"b/Includes all persons of any race, indicating two or more races."
