Bureau of Justice Statistics,,,,,,,,,,,,,,,
filename:  cv06109.csv,,,,,,,,,,,,,,,
"Table 109. Percent distribution of the kind of agency providing assistance, by type of crime",,,,,,,,,,,,,,,
"data source: National Criminal Victimization Survey, 2006  NCJ 223436",,,,,,,,,,,,,,,
produced by:  Cathy Maston ,,,,,,,,,,,,,,,
authors:  Patsy Klaus and Cathy Maston,,,,,,,,,,,,,,,
refer questions to: askbjs@usdoj.gov  202-307-0765,,,,,,,,,,,,,,,
data of version:  08/29/08,,,,,,,,,,,,,,,

"Table 109. Personal and property crimes, 2006: Percent distribution of the kind of agency providing assistance, by type of crime",,,,,,,,,,,,,,,
,,Percent of agency type providing assistance,,,,,,,,,,,,,
Type of crime,Number of victimizations,Total,,Government,,Private,,Don't know type of agency,,Received no assistance,,Don't know if assistance was provided,,Not applicable,
Personal crimes,"6,267,610",100,%,4.7,%,1.9,%,0.8,%,91.9,%,0.4,%*,0.3,%*
Crimes of violence,"6,094,390",100,%,4.9,,1.9,,0.8,,91.7,,0.4,*,0.3,*
   Completed violence,"2,019,260",100,%,7.2,,2.3,,1.1,*,88.4,,0.9,*,0,*
   Attempted/threatened violence,"4,075,130",100,%,3.7,,1.7,,0.7,*,93.3,,0.2,*,0.5,*
   Rape/Sexual assault/a,"260,940",100,%,9,*,5.4,*,0,*,85.6,,0,*,0,*
   Robbery,"712,610",100,%,2.7,*,2.6,*,1.9,*,91.2,,1.6,*,0,*
   Assault,"5,120,840",100,%,4.9,,1.6,,0.7,*,92.1,,0.3,*,0.4,*
      Aggravated,"1,344,280",100,%,7.6,,1.4,*,0.5,*,89.2,,0.1,*,1.2,*
      Simple,"3,776,550",100,%,4,,1.7,,0.8,*,93.1,,0.3,*,0.1,*
Purse snatching/Pocket picking,"173,220",100,%,0,*,1.7,*,0,*,98.3,,0,*,0,*
Property crimes,"18,915,740",100,%,0.7,%,0.7,%,0.2,*,97.8,%,0.5,%,0.1,%*
Household burglary,"3,560,920",100,%,0.9,*,0.1,*,0.1,*,98.3,,0.3,*,0.2,*
Motor vehicle theft,"992,260",100,%,0.9,*,0.9,*,0.2,*,96.9,,1,*,0,*
Theft,"14,362,570",100,%,0.6,,0.8,,0.2,*,97.7,,0.5,,0.1,*
"Note: Many incident characteristics were unaffected or minimally affected by changes in methodology in the 2006 National Crime Victimization. However, caution should be used in comparing 2006 rates of individual variables, particularly those with small sample sizes, to previous years. See Criminal Victimization, 2006, at <http://www.ojp.usdoj.gov/bjs/abstract/cv06.htm>.",,,,,,,,,,,,,,,
*Estimate is based on about 10 or fewer sample cases.,,,,,,,,,,,,,,,
a/Includes verbal threats of rape and threats of sexual assault.,,,,,,,,,,,,,,,
