Bureau of Justice Statistics,,,,,,,,,,,,,
filename:  cv0633.csv,,,,,,,,,,,,,
"Table 33. Number of victimizations, by type of crime and relationship to offender",,,,,,,,,,,,,
"data source: National Criminal Victimization Survey, 2006  NCJ 223436",,,,,,,,,,,,,
produced by:  Cathy Maston ,,,,,,,,,,,,,
authors:  Patsy Klaus and Cathy Maston,,,,,,,,,,,,,
refer questions to: askbjs@usdoj.gov  202-307-0765,,,,,,,,,,,,,
data of version:  08/29/08,,,,,,,,,,,,,

"Table 33. Family violence, 2006:  Number of victimizations, by type of crime and relationship to offender",,,,,,,,,,,,,
,,,Number of victimizations,,,,,,,,,,
,,,Related,,,,,,,,,,
Type of crime,Total number of victimizations,,     Total,, Spouse,,Ex-spouse,,Parent,,Own child,,Other relatives
Crimes of violence,"6,094,390",,"715,440",,"220,170",,"97,470",,"53,030",,"93,150",,"251,620"
   Completed violence,"2,019,260",,"271,190",,"100,100",,"35,030",*,"25,770",*,"24,910",*,"85,380"
   Attempted/threatened violence,"4,075,130",,"444,250",,"120,070",,"62,440",,"27,260",*,"68,240",,"166,250"
   Rape/Sexual assault/b,"260,940",,"20,190",*,"20,190",*,0,*,0,*,0,*,0,*
   Robbery,"712,610",,"44,930",,"13,010",*,"13,570",*,0,*,"3,790",*,"14,560",*
      Completed/property taken,"482,290",,"38,060",,"13,010",*,"6,700",*,0,*,"3,790",*,"14,560",*
      Attempted to take property,"230,320",,"6,870",*,0,*,"6,870",*,0,*,0,*,0,*
   Assault,"5,120,840",,"650,320",,"186,980",,"83,890",,"53,030",,"89,360",,"237,060",
      Aggravated,"1,344,280",,"183,790",,"18,870",*,"30,950",*,"22,490",*,"32,310",*,"79,160",
      Simple,"3,776,550",,"466,530",,"168,110",,"52,940",,"30,530",*,"57,050",,"157,900",
Type of crime,Well-known/a,,Casual acquaintances,,Don't know relationship,,Strangers,,Don't know number of offenders,,,,,
Crimes of violence,"1,500,170",,"987,580",,"423,890",,"2,314,580",,"152,730",,,,,
   Completed violence,"606,510",,"244,810",,"118,430",,"730,110",,"48,210",,,,,
   Attempted/threatened violence,"893,660",,"742,770",,"305,460",,"1,584,470",,"104,520",,,,,
   Rape/Sexual assault/b,"71,510",,"69,320",,"11,320",*,"88,590",,0,*,,,,
   Robbery,"93,470",,"49,180",,"76,240",,"422,050",,"26,750",*,,,,
      Completed/property taken,"72,460",,"34,160",*,"56,320",,"257,220",,"24,080",*,,,,
      Attempted to take property,"21,000",*,"15,020",*,"19,910",*,"164,830",,"2,680",*,,,,
   Assault,"1,335,190",,"869,080",,"336,340",,"1,803,940",,"125,970",,,,,
      Aggravated,"324,720",,"182,030",,"88,660",,"521,220",,"43,870"
      Simple,"1,010,480",,"687,050",,"247,670",,"1,282,720",,"82,100"
Note: Detail may not add to total shown because of rounding.,,,,,,,,,
*Estimate is based on about 10 or fewer sample cases.,,,,,,,,,
a/Includes data on offenders well known to the victims whose relationship to the victim could not be ascertained.,,,,,,,,,
b/Includes verbal threats of rape and threats of sexual assault.,,,,,,,,,
