Bureau of Justice Statistics,,,,,,,,,,,,
filename:  cv0694.csv,,,,,,,,,,,,
"Table 94. Percent of victimizations reported to the police, by type of crime, victim-offender relationship and race of victims",,,,,,,,,,,,
"data source: National Criminal Victimization Survey, 2006  NCJ 223436",,,,,,,,,,,,
produced by:  Cathy Maston ,,,,,,,,,,,,
authors:  Patsy Klaus and Cathy Maston,,,,,,,,,,,,
refer questions to: askbjs@usdoj.gov  202-307-0765,,,,,,,,,,,,
data of version:  08/29/08,,,,,,,,,,,,

"Table 94. Violent crimes, 2006: Percent of victimizations reported to the police, by type of crime, victim-offender relationship and race of victims",,,,,,,,,,,,
,Percent of all victimizations reported to the police,,,,,,,,,,,
,All victimizations,,,,Involving strangers,,,,Involving nonstrangers,,,
Type of crime,White only,,Black only,,White only,,Black only,,White only,,Black only,
Crimes of violence,48.1,%,54.7,%,48.3,%,58.8,%,47.8,%,51.2,%
   Completed violence,59.9,,74.2,,59.6,,79.2,,60.1,,69.8,
   Attempted/threatened violence,42.8,,40.1,,43.9,,43.2,,41.6,,37.5,
   Rape/Sexual assault/a,45.6,,49.5,*,58.7,,52.3,*,38.5,,44.9,*
   Robbery,52.5,,74.6,,54.7,,75,,45.9,,73.7,*
      Completed/property taken,55.1,,78.8,,60.6,,83.6,,41.4,,70.2,*
         With injury,56.9,,75.9,*,58.8,,73.3,*,52.2,*,78.1,*
         Without injury,53.6,,81.1,,62,,88.4,*,32,*,52.9,*
      Attempted to take property,47.6,,62.6,*,45,,56.7,*,60.1,*,100,*
         With injury,70,*,58.9,*,46.7,*,43.3,*,100,*,100,*
         Without injury,43.6,,66.4,*,44.8,,66.4,*,35.6,*,0,*
   Assault,47.6,,52.2,,46.4,,55.4,,48.6,,49.8,
      Aggravated,61.5,,60.1,,64.6,,64.2,,58.8,,56.2,
         With injury,73.1,,89,,81.1,,85.8,,67.6,,92.1,
         Threatened with weapon,56.2,,39.7,,58.4,,48.9,,54.1,,30.9,*
      Simple,43.2,,47.8,,40.4,,49.3,,45.5,,46.9,
         With minor injury,59.2,,62.1,,43.9,,66.8,,66.1,,59.4,
         Attempted threat without weapon,38.7,,39.9,,39.8,,40.4,,37.8,,39.6,
"Note: Many incident characteristics were unaffected or minimally affected by changes in methodology in the 2006 National Crime Victimization. However, caution should be used in comparing 2006 rates of individual variables, particularly those with small sample sizes, to previous years. See Criminal Victimization, 2006, at <http://www.ojp.usdoj.gov/bjs/abstract/cv06.htm>.",,,,,,,,,,,,
Excludes data on persons with races other than White only and Black only.
*Estimate is based on about 10 or fewer sample cases.
a/Includes verbal threats of rape and threats of sexual assault.
