Bureau of Justice Statistics,,,,,,,,,,,,,,,,,
filename:  cv0674.csv,,,,,,,,,,,,,,,,,
Table 74. Percent distribution of victimizations in which self-protective measures taken by the victim were harmful,,,,,,,,,,,,,,,,,
"data source: National Criminal Victimization Survey, 2006  NCJ 223436",,,,,,,,,,,,,,,,,
produced by:  Cathy Maston ,,,,,,,,,,,,,,,,,
authors:  Patsy Klaus and Cathy Maston,,,,,,,,,,,,,,,,,
refer questions to: askbjs@usdoj.gov  202-307-0765,,,,,,,,,,,,,,,,,
data of version:  08/29/08,,,,,,,,,,,,,,,,,

"Table 74. Personal crimes of violence, 2006: Percent distribution of victimizations in which self-protective measures taken by the victim were harmful",,,,,,,,,,,,,,,,,
,,Percent of victimizations,,,,,,,,,,,,,,,
Type of crime,Number of victimizations, Total,,"Made offender angrier, more aggressive",,Led to injury or greater injury,,Caused greater property damage,,Caused other to get hurt,,Let offender get away,,Made situation worse in other ways,,Not available,
Crimes of violence/a,"567,200",100,%,66.1,%,12.1,%,4.9,%*,1.9,%*,2.1,%*,12.4,%,0.6,%*
   Robbery,"64,800",100,%,61.2,,14.7,*,17.4,*,0,*,0,*,6.7,*,0,*
   Assault,"478,430",100,%,67.3,,11.7,,3.5,*,2.2,*,1.5,*,13.8,,0,*
      Aggravated,"118,860",100,%,49.5,,26,*,0,*,3.5,*,6,*,15.1,*,0,*
      Simple,"359,570",100,%,73.2,,7,*,4.7,*,1.8,*,0,*,13.3,,0,*
"Note: Many incident characteristics were unaffected or minimally affected by changes in methodology in the 2006 National Crime Victimization. However, caution should be used in comparing 2006 rates of individual variables, particularly those with small sample sizes, to previous years. See Criminal Victimization, 2006, at <http://www.ojp.usdoj.gov/bjs/abstract/cv06.htm>.",,,,,,,,,,,,,,,,,
Detail may not add to total shown because of rounding.,,,,,,,,,,,,,,,,,
Excludes victimizations in which no self-protective actions were taken.,,,,,,,,,,,,,,,,,
*Estimate is based on about 10 or fewer sample cases.,,,,,,,,,,,,,,,,,
"a/Includes data on rape and sexual assault, not shown separately.",,,,,,,,,,,,,,,,,
