Bureau of Justice Statistics,,,,,,,,
filename:  cv0617.csv,,,,,,,,
Table 17. Number of victimizations and victimization rates by type of crime and ethnicity of head of household,,,,,,,,
"data source: National Criminal Victimization Survey, 2006  NCJ 223436",,,,,,,,
produced by:  Cathy Maston ,,,,,,,,
authors:  Patsy Klaus and Cathy Maston,,,,,,,,
refer questions to: askbjs@usdoj.gov  202-307-0765,,,,,,,,
data of version:  08/29/08,,,,,,,,

"Table 17. Property crimes, 2006:  Number of victimizations and victimization rates by type of crime and ethnicity of head of household",,,,,,,,
                                                                                           ,"Rate per 1,000 households",,,,,,,
,         Total/a,,Hispanic,,,,Non-Hispanic,
Type of crime,Number,Rate,Number,,Rate,,Number,Rate
Property crimes,"18,915,740",160.5,"2,588,550",,211.7,,"16,246,680",154.7
   Household burglary,"3,560,920",30.2,"491,600",,40.2,,"3,051,390",29.1
      Completed,"2,848,210",24.2,"382,150",,31.2,,"2,454,070",23.4
         Forcible entry,"1,024,030",8.7,"149,150",,12.2,,"866,210",8.2
         Unlawful entry without force,"1,824,180",15.5,"233,000",,19.1,,"1,587,860",15.1
      Attempted forcible entry,"712,710",6,"109,450",,8.9,,"597,330",5.7
   Motor vehicle theft,"992,260",8.4,"165,030",,13.5,,"816,510",7.8
      Completed,"791,840",6.7,"132,610",,10.8,,"651,660",6.2
      Attempted,"200,410",1.7,"32,420",*,2.7,*,"164,850",1.6
   Theft,"14,362,570",121.9,"1,931,920",,158,,"12,378,780",117.9
      Completed,"13,791,020",117,"1,869,420",,152.9,,"11,873,260",113.1
         Less than $50,"3,822,200",32.4,"381,740",,31.2,,"3,428,560",32.7
         $50 - $249,"4,940,790",41.9,"738,850",,60.4,,"4,186,200",39.9
         $250 or more,"3,718,530",31.6,"504,400",,41.2,,"3,201,920",30.5
         Amount not available,"1,309,500",11.1,"244,430",,20,,"1,056,580",10.1
      Attempted,"571,550",4.8,"62,500",,5.1,,"505,510",4.8
Total number of households,"117,858,380",...,"12,229,380",,...,,"105,009,170",...
"Note: Due to changes in methodology, the 2006 national crime victimization rates are not comparable to previous years and cannot be used for yearly trend comparisons. However, the overall patterns of victimization at the national level can be examined. See Criminal Victimization, 2006, at <http://www.ojp.usdoj.gov/bjs/abstract/cv06.htm>.",,,,,,,,
Detail may not add to total shown because of rounding.,,,,,,,,
...Not applicable.
"a/Includes data on persons whose ethnicity was not ascertained, which is not shown separately."
