Bureau of Justice Statistics,,,,,,,,,,,,
filename:  cv0627.csv,,,,,,,,,,,,
"Table 27. Number and percent distribution of incidents, by type of crime and victim-offender relationship",,,,,,,,,,,,
"data source: National Criminal Victimization Survey, 2006  NCJ 223436",,,,,,,,,,,,
produced by:  Cathy Maston ,,,,,,,,,,,,
authors:  Patsy Klaus and Cathy Maston,,,,,,,,,,,,
refer questions to: askbjs@usdoj.gov  202-307-0765,,,,,,,,,,,,
data of version:  08/29/08,,,,,,,,,,,,

"Table 27. Personal crimes of violence, 2006:  Number and percent distribution of incidents, by type of crime and victim-offender relationship",,,,,,,,,,,,
,Percent of incidents,,,,,,,,,,,
,All incidents,,,,Involving strangers,,,,Involving nonstrangers,,,
Type of crime         ,    Number,,Percent,,    Number,,Percent,,    Number,,Percent,
Crimes of violence,"5,685,620",,100,%,"2,683,500",,47.2,%,"3,002,120",,52.8,%
   Completed violence,"1,877,320",,100,%,"833,740",,44.4,,"1,043,580",,55.6,
   Attempted/threatened violence,"3,808,300",,100,%,"1,849,770",,48.6,,"1,958,540",,51.4,
   Rape/Sexual assault,"255,630",,100,%,"99,910",,39.1,,"155,720",,60.9,
      Rape/Attempted rape,"187,010",,100,%,"65,880",,35.2,,"121,130",,64.8,
         Rape,"113,290",,100,%,"31,780",*,28.1,*,"81,510",,71.9,
         Attempted rape/a,"73,720",,100,%,"34,100",*,46.3,*,"39,620",,53.7,
      Sexual assault/b,"68,620",,100,%,"34,030",*,49.6,*,"34,590",*,50.4,*
   Robbery,"645,950",,100,%,"487,440",,75.5,,"158,500",,24.5,
      Completed/property taken,"455,530",,100,%,"323,190",,70.9,,"132,350",,29.1,
         With injury,"201,430",,100,%,"129,920",,64.5,,"71,510",,35.5,
         Without injury,"254,110",,100,%,"193,270",,76.1,,"60,830",,23.9,
      Attempted to take property,"190,410",,100,%,"164,260",,86.3,,"26,160",*,13.7,*
         With injury,"30,950",*,100,%*,"22,910",*,74,*,"8,040",*,26,*
         Without injury,"159,460",,100,%,"141,340",,88.6,,"18,120",*,11.4,*
   Assault,"4,784,040",,100,%,"2,096,150",,43.8,,"2,687,890",,56.2,
      Aggravated,"1,209,730",,100,%,"589,120",,48.7,,"620,600",,51.3,
         With injury,"413,610",,100,%,"182,010",,44,,"231,600",,56,
         Threatened with weapon,"796,120",,100,%,"407,120",,51.1,,"389,000",,48.9,
      Simple,"3,574,320",,100,%,"1,507,030",,42.2,,"2,067,290",,57.8
         With minor injury,"841,980",,100,%,"270,890",,32.2,,"571,090",,67.8
         Threatened without weapon,"2,732,340",,100,%,"1,236,140",,45.2,,"1,496,200",,54.8
"Note: Many incident characteristics were unaffected or minimally affected by changes in methodology in the 2006 National Crime Victimization. However, caution should be used in comparing 2006 rates of individual variables, particularly those with small sample sizes, to previous years. See Criminal Victimization, 2006, at <http://www.ojp.usdoj.gov/bjs/abstract/cv06.htm>.",,,,,,,,,,,
Detail may not add to total shown because of rounding.,,,,,,,,,,,
*Estimate is based on about 10 or fewer sample cases.,,,,,,,,,,,
a/Includes verbal threats of rape.,,,,,,,,,,,
b/Includes threats.,,,,,,,,,,,
