Bureau of Justice Statistics,,,,,,,,,,,,,,
filename:  cv0646.csv,,,,,,,,,,,,,,
"Table 46. Percent distribution of multiple-offender victimizations, by type of crime and perceived race of offenders",,,,,,,,,,,,,,
"data source: National Criminal Victimization Survey, 2006  NCJ 223436",,,,,,,,,,,,,,
produced by:  Cathy Maston ,,,,,,,,,,,,,,
authors:  Patsy Klaus and Cathy Maston,,,,,,,,,,,,,,
refer questions to: askbjs@usdoj.gov  202-307-0765,,,,,,,,,,,,,,
data of version:  08/29/08,,,,,,,,,,,,,,

"Table 46. Personal crimes of violence, 2006:  Percent distribution of multiple-offender victimizations, by type of crime and perceived race of offenders",,,,,,,,,,,,,,
                                                                                                                Not known  ,,,Percent of all multiple-offender victimizations,,,,,,,,,,,
                                                                                                       Mixed      or not   ,,,,,Perceived race of offenders,,,,,,,,,
Type of crime,Number of multiple-offender victimizations,,Total,,All white,,All black,,All other,,Mixed races,,Not known and not available,
Crimes of violence,"1,207,340",,100,%,37.6,%,33,%,7.8,%,12.9,%,8.7,%
   Completed violence,"531,200",,100,,32.4,,35.3,,10.6,,16.3,,5.4,*
   Attempted/threatened violence,"676,140",,100,,41.7,,31.1,,5.6,,10.3,,11.2,
   Rape/Sexual assault/a,"38,520",,100,,19.1,*,58.8,*,14.1,*,0,*,8,*
   Robbery,"328,990",,100,,36,,39.9,,7.2,*,10.5,*,6.4,*
      Completed/property taken,"242,820",,100,,42.4,,35.9,,4.8,*,9.4,*,7.5,*
         With injury,"124,700",,100,,63,,24.2,*,0,*,12.7,*,0,*
         Without injury,"118,120",,100,,20.6,*,48.2,,9.9,*,5.9,*,15.5,*
      Attempted to take property,"86,160",,100,,17.9,*,51.2,,14,*,13.6,*,3.2,*
         With injury,"4,600",*,100,*,0,*,100,*,0,*,0,*,0,*
         Without injury,"81,560",,100,,18.9,*,48.5,,14.8,*,14.4,*,3.3,*
   Assault,"839,820",,100,,39.1,,29,,7.7,,14.5,,9.6,
      Aggravated,"274,840",,100,,30.6,,31.1,,10.1,*,20.6,,7.6,*
      Simple,"564,980",,100,,43.3,,28.1,,6.6,,11.5,,10.6,
"Note: Many incident characteristics were unaffected or minimally affected by changes in methodology in the 2006 National Crime Victimization. However, caution should be used in comparing 2006 rates of individual variables, particularly those with small sample sizes, to previous years. See Criminal Victimization, 2006, at <http://www.ojp.usdoj.gov/bjs/abstract/cv06.htm>.",,,,,,,,,,,,,,
Detail may not add to total shown because of rounding.,,,,,,,,,,,,,,
"Excludes data on persons of ""Other"" races and persons indicating two or more races.",,,,,,,,,,,,,,
*Estimate is based on about 10 or fewer sample cases.,,,,,,,,,,,,,,
a/Includes verbal threats of rape and threats of sexual assault.,,,,,,,,,,,,,,
