Bureau of Justice Statistics,,,,,,,,
filename:  cv0622.csv,,,,,,,,
"Table 22. Victimization rates by race of head of household, annual family income, and type of theft",,,,,,,,
"data source: National Criminal Victimization Survey, 2006  NCJ 223436",,,,,,,,
produced by:  Cathy Maston ,,,,,,,,
authors:  Patsy Klaus and Cathy Maston,,,,,,,,
refer questions to: askbjs@usdoj.gov  202-307-0765,,,,,,,,
data of version:  08/29/08,,,,,,,,

"Table 22. Theft, 2006:  Victimization rates by race of head of household, annual family income, and type of theft",,,,,,,,
                                                                                                                                         ,,"Rate per 1,000 households",,,,,,
,,,Completed theft,,,,,
Race and income,Total households,Theft/a,Less than $50,$50-$249,$250 or more,,Attempted,
White only,,,,,,,,
"Less than $7,500","3,140,580",174.9,57.2,65.2,35.7,,5.6,*
"$7,500-$14,999","6,096,270",127.4,33.5,47.8,31.3,,5.1,*
"$15,000-$24,999","8,671,360",128.1,39.5,38.4,31.3,,4,*
"$25,000-$34,999","8,864,520",131.7,36.9,51.9,23,,7.1,
"$35,000-$49,999","11,568,240",124.3,36.4,45.1,27.3,,5.8,
"$50,000-$74,999","13,892,560",130.3,37.3,44.3,35.2,,4.7,
"$75,000 or more","19,953,140",133.8,31.9,43.4,41.5,,5.6,
Black only,,,,,,,,
"Less than $7,500","1,361,790",103.4,28,50.3,18.7,*,0,*
"$7,500-$14,999","1,497,090",185.8,35.2,57.5,73.9,,3.2,*
"$15,000-$24,999","1,622,500",145.4,41.6,38,43.6,,1.4,*
"$25,000-$34,999","1,464,920",152.2,34.2,73.6,28.4,,8.9,*
"$35,000-$49,999","1,674,180",128.1,41.2,36.3,39.3,,2.6,*
"$50,000-$74,999","1,327,850",150.3,43.7,55.3,34.3,,8.6,*
"$75,000 or more","1,187,460",147.6,33.2,55.4,39.7,,3,*
"Note: Due to changes in methodology, the 2006 national crime victimization rates are not comparable to previous years and cannot be used for yearly trend comparisons. However, the overall patterns of victimization at the national level can be examined. See Criminal Victimization, 2006, at <http://www.ojp.usdoj.gov/bjs/abstract/cv06.htm>.",,,,,,,,
Detail may not add to total shown because of rounding.,,,,,,,,
"Excludes data on families whose income level was not ascertained and data on persons of ""Other"" races and persons indicating two or more races.",,,,,,,,
*Estimate is based on about 10 or fewer sample cases.
"a/Includes data, not shown separately, on thefts for which the value of loss was not ascertained."
