Bureau of Justice Statistics,,,,,,
filename:  cv0619.csv,,,,,,
Table 19. Victimization rates by type of crime and age of head of household,,,,,,
"data source: National Criminal Victimization Survey, 2006  NCJ 223436",,,,,,
produced by:  Cathy Maston ,,,,,,
authors:  Patsy Klaus and Cathy Maston,,,,,,
refer questions to: askbjs@usdoj.gov  202-307-0765,,,,,,
data of version:  08/29/08,,,,,,

"Table 19. Property crimes, 2006: Victimization rates by type of crime and age of head of household",,,,,,
,"Rate per 1,000 households",,,,,
Type of crime, 12-19,,20-34,35-49,50-64,65 and over
Property crimes,366.5,,214.4,190.1,140.5,70.2
  Household burglary,44.9,,41.8,32.7,27.3,16.4
    Completed,33.8,*,34.7,26.7,20.1,13.2
      Forcible entry,22,*,13.8,10.1,5.8,3.7
      Unlawful entry without force,11.8,*,20.9,16.6,14.2,9.4,
    Attempted forcible entry,11,*,7.1,6,7.2,3.2,
  Motor vehicle theft,20.1,*,14.6,8.6,6.5,3.1,
    Completed,20.1,*,12.2,6.6,5.2,2,
    Attempted,0,*,2.3,1.9,1.3,1.2,*
  Theft,301.6,,158,148.8,106.7,50.7,
    Completed,291.8,,151.2,143.6,101.8,49,
       Less than $50,55.2,,40.2,37.2,31.4,16.6,
       $50 - $249,133.9,,54.5,54.4,34.6,13.6,
       $250 or more,80.5,,45.3,38.6,25.4,10.9,
       Amount not available,22.2,*,11.2,13.3,10.5,7.9,
     Attempted,9.8,*,6.8,5.2,4.9,1.7,
Total number of households,"1,073,350",,"26,665,840","36,364,320","30,165,640","23,589,240",
"Note: Due to changes in methodology, the 2006 national crime victimization rates are not comparable to previous years and cannot be used for yearly trend comparisons. However, the overall patterns of victimization at the national level can be examined. See Criminal Victimization, 2006, at <http://www.ojp.usdoj.gov/bjs/abstract/cv06.htm>.",,,,,,,
Detail may not add to total shown because of rounding.,,,,,,,
*Estimate is based on about 10 or fewer sample cases.,,,,,,,
