Bureau of Justice Statistics,,,,,,,,,,,,
filename:  cv0642.csv,,,,,,,,,,,,
"Table 42. Percent distribution of single-offender victimizations, based on race of victims, by type of crime and perceived race of offender",,,,,,,,,,,,
"data source: National Criminal Victimization Survey, 2006  NCJ 223436",,,,,,,,,,,,
produced by:  Cathy Maston ,,,,,,,,,,,,
authors:  Patsy Klaus and Cathy Maston,,,,,,,,,,,,
refer questions to: askbjs@usdoj.gov  202-307-0765,,,,,,,,,,,,
data of version:  08/29/08,,,,,,,,,,,,

"Table 42. Personal crimes of violence, 2006: Percent distribution of single-offender victimizations, based on race of victims, by type of crime and perceived race of offender",,,,,,,,,,,,
,,,Percent of single-offender victimizations,,,,,,,,,
,,,,,Perceived race of offender,,,,,,,
Type of crime and race of victim,Number of single-offender victimizations,,Total,,White,,Black,, Other,,Not known and not available,
Crimes of violence,,,,,,,,,,,,
White only,"3,699,360",,100,%,69.3,%,13,%,9.7,%,8,%
Black only,"719,880",,100,%,11.5,,74.8,,7.1,,6.6,
   Completed violence,,,,,,,,,,,,
White only,"1,057,920",,100,%,65.2,,19.2,,9.8,,5.8,
Black only,"299,970",,100,%,9.5,*,80.1,,6.5,*,3.9,*
   Attempted/threatened violence,,,,,,,,,,,,
White only,"2,641,450",,100,%,70.9,,10.5,,9.7,,8.9,
Black only,"419,920",,100,%,12.9,,71,,7.4,*,8.6,*
   Rape/Sexual assault/a,,,,,,,,,,,,
White only,"194,270",,100,%,50.6,,16.7,*,15.5,*,17.2,*
Black only,"17,920",*,100,%*,0,*,43,*,32.3,*,24.7,*
   Robbery,,,,,,,,,,,,
White only,"280,030",,100,%,46.2,,32,,15.2,,6.6,*
Black only,"60,700",,100,%,6.6,*,66.6,,9.9,*,16.9,*
       Completed/property taken,,,,,,,,,,,,
White only,"160,580",,100,%,41.9,,35.9,,16.8,*,5.5,*
Black only,"44,520",,100,%,0,*,70.3,*,13.5,*,16.2,*
         With injury,,,,,,,,,,,,
White only,"57,680",,100,%,29.1,*,41.5,*,21.7,*,7.7,*
Black only,"13,290",*,100,%*,0,*,100,*,0,*,0,*
         Without injury,,,,,,,,,,,,
White only,"102,900",,100,%,49,,32.7,*,14,*,4.3,*
Black only,"31,230",*,100,%*,0,*,57.6,*,19.2,*,23.2,*
      Attempted to take property,,,,,,,,,,,,
White only,"119,450",,100,%,52,,26.7,*,13.1,*,8.1,*
Black only,"16,170",*,100,%*,24.9,*,56.5,*,0,*,18.6,*
         With injury,,,,,,,,,,,,
White only,"26,010",*,100,%*,53.4,*,46.6,*,0,*,0,*
Black only,"10,050",*,100,%*,40.1,*,29.9,*,0,*,29.9,*
         Without injury,,,,,,,,,,,,
White only,"93,440",,100,%,51.6,,21.2,*,16.8,*,10.4,*
Black only,"6,120",*,100,%*,0,*,100,*,0,*,0,*
   Assault,,,,,,,,,,,,
White only,"3,225,070",,100,%,72.4,,11.1,,8.9,,7.6,
Black only,"641,270",,100,%,12.3,,76.5,,6.1,,5.2,*
      Aggravated,,,,,,,,,,,,
White only,"708,070",,100,%,73.5,,8.8,,10.7,,6.9,
Black only,"232,210",,100,%,13.3,*,72,,7.7,*,7,*
      Simple,,,,,,,,,,,,
White only,"2,517,000",,100,%,72.1,,11.8,,8.3,,7.7,
Black only,"409,060",,100,%,11.7,,79,,5.2,*,4.1,*
"Note: Many incident characteristics were unaffected or minimally affected by changes in methodology in the 2006 National Crime Victimization. However, caution should be used in comparing 2006 rates of individual variables, particularly those with small sample sizes, to previous years. See Criminal Victimization, 2006, at <http://www.ojp.usdoj.gov/bjs/abstract/cv06.htm>.",,,,,,,,,,,,
Detail may not add to total shown because of rounding.,,,,,,,,,,,,
"Excludes data on persons of ""Other"" races and persons indicating two or more races.",,,,,,,,,,,,
*Estimate is based on about 10 or fewer sample cases.,,,,,,,,,,,,
a/Includes verbal threats of rape and threats of sexual assault.,,,,,,,,,,,,
