Bureau of Justice Statistics,,,,,,,
filename:  cv0677.csv,,,,,,,
"Table 77. Percent of victimizations in which victims incurred medical expenses, by selected characteristics of victims and type of crime",,,,,,,
"data source: National Criminal Victimization Survey, 2006  NCJ 223436",,,,,,,
produced by:  Cathy Maston ,,,,,,,
authors:  Patsy Klaus and Cathy Maston,,,,,,,
refer questions to: askbjs@usdoj.gov  202-307-0765,,,,,,,
data of version:  08/29/08,,,,,,,

"Table 77. Personal crimes of violence, 2006: Percent of victimizations in which victims incurred medical expenses, by selected characteristics of victims and type of crime",,,,,,,
,,Percent of victimizations,,,,,
Characteristic,,Crime of violence/a,,  Robbery,,  Assault,
Race,,,,,,,
,All races/b,7.9,%,10.8,%,6.9,%
,White only,7.2,,9.6,,6.3,
,Black only,11,,20.6,*,8.7,
Victim-offender relationship,,,,,,
,Strangers,8.9,,10.3,,8.1
,Nonstrangers,6.9,,12.1,*,6
"Note: Many incident characteristics were unaffected or minimally affected by changes in methodology in the 2006 National Crime Victimization. However, caution should be used in comparing 2006 rates of individual variables, particularly those with small sample sizes, to previous years. See Criminal Victimization, 2006, at <http://www.ojp.usdoj.gov/bjs/abstract/cv06.htm>.",,,,,,
Data includes victimizations in which the amount of medical expenses incurred was not ascertained.,,,,,,
*Estimate is based on about 10 or fewer sample cases.,,,,,,
"a/Includes data on rape and sexual assault, not shown separately.",,,,,,
"b/Includes data on persons of ""Other"" races and persons indicating two or more races, not shown separately.",,,,,,
