Bureau of Justice Statistics,,,,,,,,,,,,,,,,
filename:  cv0680.csv,,,,,,,,,,,,,,,,
"Table 80. Percent distribution of victimizations in which injured victims received hospital care, by selected characteristics of victims, type of crime and type of hospital care",,,,,,,,,,,,,,,,
"data source: National Criminal Victimization Survey, 2006  NCJ 223436",,,,,,,,,,,,,,,,
produced by:  Cathy Maston ,,,,,,,,,,,,,,,,
authors:  Patsy Klaus and Cathy Maston,,,,,,,,,,,,,,,,
refer questions to: askbjs@usdoj.gov  202-307-0765,,,,,,,,,,,,,,,,
data of version:  08/29/08,,,,,,,,,,,,,,,,

"Table 80. Personal crimes of violence, 2006: Percent distribution of victimizations in which injured victims received hospital care, by selected characteristics of victims, type of crime and type of hospital care",,,,,,,,,,,,,,,,
        ,,,Percent of injured victims receiving care,,,,,,,,,,,,,
                                                                                                                        ,,,,,,,Inpatient care,,,,,,,,,
Characteristic and type of crime,Number of victimizations,,Total,,Emergency room care,,Total,,Less than 1 day,,1-3 days,,4 days or more,,Not available,
Gender,,,,,,,,,,,,,,,,
   Both genders,,,,,,,,,,,,,,,,
        Crimes of violence/a,"313,000",,100,%,66.3,%,33.7,%,17.8,%,6.1,%*,7.6,%*,2.2,%*
        Robbery,"53,040",,100,%,58.5,*,41.5,*,29.7,*,0,*,8.7,*,3.2,*
        Assault,"240,150",,100,%,68.9,,31.1,,13,*,8,*,8,*,2.2,*
   Male,,,,,,,,,,,,,,,,
        Crimes of violence/a,"152,010",,100,%,58.1,,41.9,,18,*,7.6,*,12.9,*,3.4,*
        Robbery,"31,460",*,100,%*,59.1,*,40.9,*,26.3,*,0,*,14.6,*,0,*
        Assault,"120,540",,100,%,57.8,,42.2,,15.9,*,9.6,*,12.4,*,4.3,*
   Female,,,,,,,,,,,,,,,,
        Crimes of violence/a,"161,000",,100,%,74.2,,25.8,,17.5,*,4.7,*,2.6,*,1.1,*
        Robbery,"21,570",*,100,%*,57.6,*,42.4,*,34.6,*,0,*,0,*,7.9,*
        Assault,"119,610",,100,%,80.2,,19.8,*,10,*,6.4,*,3.4,*,0,*
Race/b,,,,,,,,,,,,,,,,
   White only,,,,,,,,,,,,,,,,
        Crimes of violence/a,"223,000",,100,%,64.3,,35.7,,21.6,,6.7,*,6.6,*,0.8,*
        Robbery,"32,570",*,100,%*,58.4,*,41.6,*,36.4,*,0,*,0,*,5.2,*
        Assault,"170,620",,100,%,66.4,,33.6,,16.2,*,8.7,*,8.6,*,0,*
   Black only,,,,,,,,,,,,,,,,
        Crimes of violence/a,"69,170",,100,%,74.1,,25.9,*,5.6,*,6.2,*,6.7,*,7.5,*
        Robbery,"20,470",*,100,%*,58.6,*,41.4,*,18.9,*,0,*,22.5,*,0,*
        Assault,"48,700",,100,%,80.6,,19.4,*,0,*,8.8,*,0,*,10.6,*
Victim-offender relationship,,,,,,,,,,,,,,,,
   Involving strangers,,,,,,,,,,,,,,,,
        Crimes of violence/a,"154,490",,100,%,62.6,,37.4,,18.6,*,4.4,*,11.1,*,,
        Robbery,"34,510",*,100,%*,53.8,*,46.2,*,32.8,*,0,*,13.3,*,3.4,*
        Assault,"113,710",,100,%,66.2,,33.8,,12.3,*,5.9,*,11,*,0,*
   Involving nonstrangers,,,,,,,,,,,,,,,4.6,*
        Crimes of violence/a,"158,510",,100,%,70,,30,,16.9,*,7.9,*,4.1,*,,
        Robbery,"18,530",*,100,%*,67,*,33,*,23.8,*,0,*,0,*,1.1,*
        Assault,"126,440",,100,%,71.4,,28.6,*,13.6,*,9.8,*,5.2,*,9.2,*
"Note: Many incident characteristics were unaffected or minimally affected by changes in methodology in the 2006 National Crime Victimization. However, caution should be used in comparing 2006 rates of individual variables, particularly those with small sample sizes, to previous years. See Criminal Victimization, 2006, at <http://www.ojp.usdoj.gov/bjs/abstract/cv06.htm>.",,,,,,,,,,,,,,,0,*
Detail may not add to total shown because of rounding.,,,,,,,,,,,,,,,,
*Estimate is based on about 10 or fewer sample cases.,,,,,,,,,,,,,,,,
"a/Includes data on rape and sexual assault, not shown separately.",,,,,,,,,,,,,,,,
"b/Excludes data on persons of ""Other"" races and persons indicating two or more races."
