Bureau of Justice Statistics,,,,,,,,
filename:  cv06mex3.csv,,,,,,,,
"Example 3--Aggravated assaults, males and females, 2006",,,,,,,,
"data source: National Criminal Victimization Survey, 2006  NCJ 223436",,,,,,,,
produced by:  Cathy Maston ,,,,,,,,
authors:  Patsy Klaus and Cathy Maston,,,,,,,,
refer questions to: askbjs@usdoj.gov  202-307-0765,,,,,,,,
data of version:  08/29/08,,,,,,,,


SIG2LNU,,,"Revised November 14, 1994",,,,8/8/2008,
                  Enter 1 if you want to compare rates per 1000.  Enter 2 if you want to compare percents.,,,,,,,,1
,,,,,,,       Are rhos needed (Y/N)?,n
Comment:,,,"Aggravated assault, males and females, 2006",,,,,
From Table:,,,Example 3--Test for significant differences,,,,,
SERIES 1,,,,,,,,
,,,,,,,,Calculated,,,Keyed
Set,"""b""","""c""",Base,  Rates,90% CI,95% CI,Characteristic,Rho,,Variance,Rho
1,"4,160",2.72,"120,465,800",6.3,0.945,1.126,Males: Aggravated assault 2006,0,,0.33023,
2,"4,160",2.72,"126,767,280",4.6,0.772,0.92,Females: Aggravated aslt 2006, ,,0.22049,
3,,,,,#DIV/0!,#DIV/0!,,0,,#DIV/0!,
4,,,,,#DIV/0!,#DIV/0!,, ,,#DIV/0!,
5,,,,,#DIV/0!,#DIV/0!,,0,,#DIV/0!,
6,,,,,#DIV/0!,#DIV/0!,, ,,#DIV/0!,
7,,,,,#DIV/0!,#DIV/0!,,0,,#DIV/0!,
8,,,,,#DIV/0!,#DIV/0!,, ,,#DIV/0!,
9,,,,,#DIV/0!,#DIV/0!,,0,,#DIV/0!,
10,,,,,#DIV/0!,#DIV/0!,, ,,#DIV/0!,
11,,,,,#DIV/0!,#DIV/0!,,0,,#DIV/0!,
12,,,,,#DIV/0!,#DIV/0!,, ,,#DIV/0!,
13,,,,,#DIV/0!,#DIV/0!,,0,,#DIV/0!,
14,,,,,#DIV/0!,#DIV/0!,, ,,#DIV/0!,
15,,,,,#DIV/0!,#DIV/0!,,0,,#DIV/0!
16,,,,,#DIV/0!,#DIV/0!,,,,#DIV/0!
17,,,,,#DIV/0!,#DIV/0!,,0,,#DIV/0!
18,,,,,#DIV/0!,#DIV/0!,, ,,#DIV/0!
19,,,,,#DIV/0!,#DIV/0!,,0,,#DIV/0!
20,,,,,#DIV/0!,#DIV/0!,,,,#DIV/0!
21,,,,,#DIV/0!,#DIV/0!,,0,,#DIV/0!
22,,,,,#DIV/0!,#DIV/0!,,,,#DIV/0!
23,,,,,#DIV/0!,#DIV/0!,,0,,#DIV/0!
24,,,,,#DIV/0!,#DIV/0!,,,,#DIV/0!
25,,,,,#DIV/0!,#DIV/0!,,0,,#DIV/0!
26,,,,,#DIV/0!,#DIV/0!,,,,#DIV/0!
27,,,,,#DIV/0!,#DIV/0!,,0,,#DIV/0!
28,,,,,#DIV/0!,#DIV/0!,,,,#DIV/0!
29,,,,,#DIV/0!,#DIV/0!,,0,,#DIV/0!
30,,,,,#DIV/0!,#DIV/0!,,,,#DIV/0!


Set,Diff,Sigma,Diff/SE,      Result
1:02,1.7,0.742,2.291,Significant at 5%
1:03,6.3,#DIV/0!,#DIV/0!,#DIV/0!
1:04,6.3,#DIV/0!,#DIV/0!,#DIV/0!
1:05,6.3,#DIV/0!,#DIV/0!,#DIV/0!
1:06,6.3,#DIV/0!,#DIV/0!,#DIV/0!
1:07,6.3,#DIV/0!,#DIV/0!,#DIV/0!
1:08,6.3,#DIV/0!,#DIV/0!,#DIV/0!
1:09,6.3,#DIV/0!,#DIV/0!,#DIV/0!
1:10,6.3,#DIV/0!,#DIV/0!,#DIV/0!
1:11,6.3,#DIV/0!,#DIV/0!,#DIV/0!
1:12,6.3,#DIV/0!,#DIV/0!,#DIV/0!
1:13,6.3,#DIV/0!,#DIV/0!,#DIV/0!
1:14,6.3,#DIV/0!,#DIV/0!,#DIV/0!
1:15,6.3,#DIV/0!,#DIV/0!,#DIV/0!
1:16,6.3,#DIV/0!,#DIV/0!,#DIV/0!
1:17,6.3,#DIV/0!,#DIV/0!,#DIV/0!
1:18,6.3,#DIV/0!,#DIV/0!,#DIV/0!
1:19,6.3,#DIV/0!,#DIV/0!,#DIV/0!
1:20,6.3,#DIV/0!,#DIV/0!,#DIV/0!
1:21,6.3,#DIV/0!,#DIV/0!,#DIV/0!
1:22,6.3,#DIV/0!,#DIV/0!,#DIV/0!
1:23,6.3,#DIV/0!,#DIV/0!,#DIV/0!
1:24,6.3,#DIV/0!,#DIV/0!,#DIV/0!
1:25,6.3,#DIV/0!,#DIV/0!,#DIV/0!
1:26,6.3,#DIV/0!,#DIV/0!,#DIV/0!
1:27,6.3,#DIV/0!,#DIV/0!,#DIV/0!
1:28,6.3,#DIV/0!,#DIV/0!,#DIV/0!
1:29,6.3,#DIV/0!,#DIV/0!,#DIV/0!
1:30,6.3,#DIV/0!,#DIV/0!,#DIV/0!
2:03,4.6,#DIV/0!,#DIV/0!,#DIV/0!
2:04,4.6,#DIV/0!,#DIV/0!,#DIV/0!
2:05,4.6,#DIV/0!,#DIV/0!,#DIV/0!
2:06,4.6,#DIV/0!,#DIV/0!,#DIV/0!
2:07,4.6,#DIV/0!,#DIV/0!,#DIV/0!
2:08,4.6,#DIV/0!,#DIV/0!,#DIV/0!
2:09,4.6,#DIV/0!,#DIV/0!,#DIV/0!
2:10,4.6,#DIV/0!,#DIV/0!,#DIV/0!
2:11,4.6,#DIV/0!,#DIV/0!,#DIV/0!
2:12,4.6,#DIV/0!,#DIV/0!,#DIV/0!
2:13,4.6,#DIV/0!,#DIV/0!,#DIV/0!
2:14,4.6,#DIV/0!,#DIV/0!,#DIV/0!
2:15,4.6,#DIV/0!,#DIV/0!,#DIV/0!
2:16,4.6,#DIV/0!,#DIV/0!,#DIV/0!
2:17,4.6,#DIV/0!,#DIV/0!,#DIV/0!
2:18,4.6,#DIV/0!,#DIV/0!,#DIV/0!
2:19,4.6,#DIV/0!,#DIV/0!,#DIV/0!
2:20,4.6,#DIV/0!,#DIV/0!,#DIV/0!
2:21,4.6,#DIV/0!,#DIV/0!,#DIV/0!
2:22,4.6,#DIV/0!,#DIV/0!,#DIV/0!
2:23,4.6,#DIV/0!,#DIV/0!,#DIV/0!
2:24,4.6,#DIV/0!,#DIV/0!,#DIV/0!
2:25,4.6,#DIV/0!,#DIV/0!,#DIV/0!
2:26,4.6,#DIV/0!,#DIV/0!,#DIV/0!
2:27,4.6,#DIV/0!,#DIV/0!,#DIV/0!
2:28,4.6,#DIV/0!,#DIV/0!,#DIV/0!
2:29,4.6,#DIV/0!,#DIV/0!,#DIV/0!
2:30,4.6,#DIV/0!,#DIV/0!,#DIV/0!
3:04,0,#DIV/0!,#DIV/0!,#DIV/0!
3:05,0,#DIV/0!,#DIV/0!,#DIV/0!
3:06,0,#DIV/0!,#DIV/0!,#DIV/0!
3:07,0,#DIV/0!,#DIV/0!,#DIV/0!
3:08,0,#DIV/0!,#DIV/0!,#DIV/0!
3:09,0,#DIV/0!,#DIV/0!,#DIV/0!
3:10,0,#DIV/0!,#DIV/0!,#DIV/0!
3:11,0,#DIV/0!,#DIV/0!,#DIV/0!
3:12,0,#DIV/0!,#DIV/0!,#DIV/0!
3:13,0,#DIV/0!,#DIV/0!,#DIV/0!
3:14,0,#DIV/0!,#DIV/0!,#DIV/0!
3:15,0,#DIV/0!,#DIV/0!,#DIV/0!
3:16,0,#DIV/0!,#DIV/0!,#DIV/0!
3:17,0,#DIV/0!,#DIV/0!,#DIV/0!
3:18,0,#DIV/0!,#DIV/0!,#DIV/0!
3:19,0,#DIV/0!,#DIV/0!,#DIV/0!
3:20,0,#DIV/0!,#DIV/0!,#DIV/0!
3:21,0,#DIV/0!,#DIV/0!,#DIV/0!
3:22,0,#DIV/0!,#DIV/0!,#DIV/0!
3:23,0,#DIV/0!,#DIV/0!,#DIV/0!
3:24,0,#DIV/0!,#DIV/0!,#DIV/0!
3:25,0,#DIV/0!,#DIV/0!,#DIV/0!
3:26,0,#DIV/0!,#DIV/0!,#DIV/0!
3:27,0,#DIV/0!,#DIV/0!,#DIV/0!
3:28,0,#DIV/0!,#DIV/0!,#DIV/0!
3:29,0,#DIV/0!,#DIV/0!,#DIV/0!
3:30,0,#DIV/0!,#DIV/0!,#DIV/0!
4:05,0,#DIV/0!,#DIV/0!,#DIV/0!
4:06,0,#DIV/0!,#DIV/0!,#DIV/0!
4:07,0,#DIV/0!,#DIV/0!,#DIV/0!
4:08,0,#DIV/0!,#DIV/0!,#DIV/0!
4:09,0,#DIV/0!,#DIV/0!,#DIV/0!
4:10,0,#DIV/0!,#DIV/0!,#DIV/0!
4:11,0,#DIV/0!,#DIV/0!,#DIV/0!
4:12,0,#DIV/0!,#DIV/0!,#DIV/0!
4:13,0,#DIV/0!,#DIV/0!,#DIV/0!
4:14,0,#DIV/0!,#DIV/0!,#DIV/0!
4:15,0,#DIV/0!,#DIV/0!,#DIV/0!
4:16,0,#DIV/0!,#DIV/0!,#DIV/0!
4:17,0,#DIV/0!,#DIV/0!,#DIV/0!
4:18,0,#DIV/0!,#DIV/0!,#DIV/0!
4:19,0,#DIV/0!,#DIV/0!,#DIV/0!
4:20,0,#DIV/0!,#DIV/0!,#DIV/0!
4:21,0,#DIV/0!,#DIV/0!,#DIV/0!
4:22,0,#DIV/0!,#DIV/0!,#DIV/0!
4:23,0,#DIV/0!,#DIV/0!,#DIV/0!
4:24,0,#DIV/0!,#DIV/0!,#DIV/0!
4:25,0,#DIV/0!,#DIV/0!,#DIV/0!
4:26,0,#DIV/0!,#DIV/0!,#DIV/0!
4:27,0,#DIV/0!,#DIV/0!,#DIV/0!
4:28,0,#DIV/0!,#DIV/0!,#DIV/0!
4:29,0,#DIV/0!,#DIV/0!,#DIV/0!
4:30,0,#DIV/0!,#DIV/0!,#DIV/0!
5:06,0,#DIV/0!,#DIV/0!,#DIV/0!
5:07,0,#DIV/0!,#DIV/0!,#DIV/0!
5:08,0,#DIV/0!,#DIV/0!,#DIV/0!
5:09,0,#DIV/0!,#DIV/0!,#DIV/0!
5:10,0,#DIV/0!,#DIV/0!,#DIV/0!
5:11,0,#DIV/0!,#DIV/0!,#DIV/0!
5:12,0,#DIV/0!,#DIV/0!,#DIV/0!
5:13,0,#DIV/0!,#DIV/0!,#DIV/0!
5:14,0,#DIV/0!,#DIV/0!,#DIV/0!
5:15,0,#DIV/0!,#DIV/0!,#DIV/0!
5:16,0,#DIV/0!,#DIV/0!,#DIV/0!
5:17,0,#DIV/0!,#DIV/0!,#DIV/0!
5:18,0,#DIV/0!,#DIV/0!,#DIV/0!
5:19,0,#DIV/0!,#DIV/0!,#DIV/0!
5:20,0,#DIV/0!,#DIV/0!,#DIV/0!
5:21,0,#DIV/0!,#DIV/0!,#DIV/0!
5:22,0,#DIV/0!,#DIV/0!,#DIV/0!
5:23,0,#DIV/0!,#DIV/0!,#DIV/0!
5:24,0,#DIV/0!,#DIV/0!,#DIV/0!
5:25,0,#DIV/0!,#DIV/0!,#DIV/0!
5:26,0,#DIV/0!,#DIV/0!,#DIV/0!
5:27,0,#DIV/0!,#DIV/0!,#DIV/0!
5:28,0,#DIV/0!,#DIV/0!,#DIV/0!
5:29,0,#DIV/0!,#DIV/0!,#DIV/0!
5:30,0,#DIV/0!,#DIV/0!,#DIV/0!
6:07,0,#DIV/0!,#DIV/0!,#DIV/0!
6:08,0,#DIV/0!,#DIV/0!,#DIV/0!
6:09,0,#DIV/0!,#DIV/0!,#DIV/0!
6:10,0,#DIV/0!,#DIV/0!,#DIV/0!
6:11,0,#DIV/0!,#DIV/0!,#DIV/0!
6:12,0,#DIV/0!,#DIV/0!,#DIV/0!
6:13,0,#DIV/0!,#DIV/0!,#DIV/0!
6:14,0,#DIV/0!,#DIV/0!,#DIV/0!
6:15,0,#DIV/0!,#DIV/0!,#DIV/0!
6:16,0,#DIV/0!,#DIV/0!,#DIV/0!
6:17,0,#DIV/0!,#DIV/0!,#DIV/0!
6:18,0,#DIV/0!,#DIV/0!,#DIV/0!
6:19,0,#DIV/0!,#DIV/0!,#DIV/0!
6:20,0,#DIV/0!,#DIV/0!,#DIV/0!
6:21,0,#DIV/0!,#DIV/0!,#DIV/0!
6:22,0,#DIV/0!,#DIV/0!,#DIV/0!
6:23,0,#DIV/0!,#DIV/0!,#DIV/0!
6:24,0,#DIV/0!,#DIV/0!,#DIV/0!
6:25,0,#DIV/0!,#DIV/0!,#DIV/0!
6:26,0,#DIV/0!,#DIV/0!,#DIV/0!
6:27,0,#DIV/0!,#DIV/0!,#DIV/0!
6:28,0,#DIV/0!,#DIV/0!,#DIV/0!
6:29,0,#DIV/0!,#DIV/0!,#DIV/0!
6:30,0,#DIV/0!,#DIV/0!,#DIV/0!
7:08,0,#DIV/0!,#DIV/0!,#DIV/0!
7:09,0,#DIV/0!,#DIV/0!,#DIV/0!
7:10,0,#DIV/0!,#DIV/0!,#DIV/0!
7:11,0,#DIV/0!,#DIV/0!,#DIV/0!
7:12,0,#DIV/0!,#DIV/0!,#DIV/0!
7:13,0,#DIV/0!,#DIV/0!,#DIV/0!
7:14,0,#DIV/0!,#DIV/0!,#DIV/0!
7:15,0,#DIV/0!,#DIV/0!,#DIV/0!
7:16,0,#DIV/0!,#DIV/0!,#DIV/0!
7:17,0,#DIV/0!,#DIV/0!,#DIV/0!
7:18,0,#DIV/0!,#DIV/0!,#DIV/0!
7:19,0,#DIV/0!,#DIV/0!,#DIV/0!
7:20,0,#DIV/0!,#DIV/0!,#DIV/0!
7:21,0,#DIV/0!,#DIV/0!,#DIV/0!
7:22,0,#DIV/0!,#DIV/0!,#DIV/0!
7:23,0,#DIV/0!,#DIV/0!,#DIV/0!
7:24,0,#DIV/0!,#DIV/0!,#DIV/0!
7:25,0,#DIV/0!,#DIV/0!,#DIV/0!
7:26,0,#DIV/0!,#DIV/0!,#DIV/0!
7:27,0,#DIV/0!,#DIV/0!,#DIV/0!
7:28,0,#DIV/0!,#DIV/0!,#DIV/0!
7:29,0,#DIV/0!,#DIV/0!,#DIV/0!
7:30,0,#DIV/0!,#DIV/0!,#DIV/0!
8:09,0,#DIV/0!,#DIV/0!,#DIV/0!
8:10,0,#DIV/0!,#DIV/0!,#DIV/0!
8:11,0,#DIV/0!,#DIV/0!,#DIV/0!
8:12,0,#DIV/0!,#DIV/0!,#DIV/0!
8:13,0,#DIV/0!,#DIV/0!,#DIV/0!
8:14,0,#DIV/0!,#DIV/0!,#DIV/0!
8:15,0,#DIV/0!,#DIV/0!,#DIV/0!
8:16,0,#DIV/0!,#DIV/0!,#DIV/0!
8:17,0,#DIV/0!,#DIV/0!,#DIV/0!
8:18,0,#DIV/0!,#DIV/0!,#DIV/0!
8:19,0,#DIV/0!,#DIV/0!,#DIV/0!
8:20,0,#DIV/0!,#DIV/0!,#DIV/0!
8:21,0,#DIV/0!,#DIV/0!,#DIV/0!
8:22,0,#DIV/0!,#DIV/0!,#DIV/0!
8:23,0,#DIV/0!,#DIV/0!,#DIV/0!
8:24,0,#DIV/0!,#DIV/0!,#DIV/0!
8:25,0,#DIV/0!,#DIV/0!,#DIV/0!
8:26,0,#DIV/0!,#DIV/0!,#DIV/0!
8:27,0,#DIV/0!,#DIV/0!,#DIV/0!
8:28,0,#DIV/0!,#DIV/0!,#DIV/0!
8:29,0,#DIV/0!,#DIV/0!,#DIV/0!
8:30,0,#DIV/0!,#DIV/0!,#DIV/0!
9:10,0,#DIV/0!,#DIV/0!,#DIV/0!
9:11,0,#DIV/0!,#DIV/0!,#DIV/0!
9:12,0,#DIV/0!,#DIV/0!,#DIV/0!
9:13,0,#DIV/0!,#DIV/0!,#DIV/0!
9:14,0,#DIV/0!,#DIV/0!,#DIV/0!
9:15,0,#DIV/0!,#DIV/0!,#DIV/0!
9:16,0,#DIV/0!,#DIV/0!,#DIV/0!
9:17,0,#DIV/0!,#DIV/0!,#DIV/0!
9:18,0,#DIV/0!,#DIV/0!,#DIV/0!
9:19,0,#DIV/0!,#DIV/0!,#DIV/0!
9:20,0,#DIV/0!,#DIV/0!,#DIV/0!
9:21,0,#DIV/0!,#DIV/0!,#DIV/0!
9:22,0,#DIV/0!,#DIV/0!,#DIV/0!
9:23,0,#DIV/0!,#DIV/0!,#DIV/0!
9:24,0,#DIV/0!,#DIV/0!,#DIV/0!
9:25,0,#DIV/0!,#DIV/0!,#DIV/0!
9:26,0,#DIV/0!,#DIV/0!,#DIV/0!
9:27,0,#DIV/0!,#DIV/0!,#DIV/0!
9:28,0,#DIV/0!,#DIV/0!,#DIV/0!
9:29,0,#DIV/0!,#DIV/0!,#DIV/0!
9:30,0,#DIV/0!,#DIV/0!,#DIV/0!
10:11,0,#DIV/0!,#DIV/0!,#DIV/0!
10:12,0,#DIV/0!,#DIV/0!,#DIV/0!
10:13,0,#DIV/0!,#DIV/0!,#DIV/0!
10:14,0,#DIV/0!,#DIV/0!,#DIV/0!
10:15,0,#DIV/0!,#DIV/0!,#DIV/0!
10:16,0,#DIV/0!,#DIV/0!,#DIV/0!
10:17,0,#DIV/0!,#DIV/0!,#DIV/0!
10:18,0,#DIV/0!,#DIV/0!,#DIV/0!
10:19,0,#DIV/0!,#DIV/0!,#DIV/0!
10:20,0,#DIV/0!,#DIV/0!,#DIV/0!
10:21,0,#DIV/0!,#DIV/0!,#DIV/0!
10:22,0,#DIV/0!,#DIV/0!,#DIV/0!
10:23,0,#DIV/0!,#DIV/0!,#DIV/0!
10:24,0,#DIV/0!,#DIV/0!,#DIV/0!
10:25,0,#DIV/0!,#DIV/0!,#DIV/0!
10:26,0,#DIV/0!,#DIV/0!,#DIV/0!
10:27,0,#DIV/0!,#DIV/0!,#DIV/0!
10:28,0,#DIV/0!,#DIV/0!,#DIV/0!
10:29,0,#DIV/0!,#DIV/0!,#DIV/0!
10:30,0,#DIV/0!,#DIV/0!,#DIV/0!
11:12,0,#DIV/0!,#DIV/0!,#DIV/0!
11:13,0,#DIV/0!,#DIV/0!,#DIV/0!
11:14,0,#DIV/0!,#DIV/0!,#DIV/0!
11:15,0,#DIV/0!,#DIV/0!,#DIV/0!
11:16,0,#DIV/0!,#DIV/0!,#DIV/0!
11:17,0,#DIV/0!,#DIV/0!,#DIV/0!
11:18,0,#DIV/0!,#DIV/0!,#DIV/0!
11:19,0,#DIV/0!,#DIV/0!,#DIV/0!
11:20,0,#DIV/0!,#DIV/0!,#DIV/0!
11:21,0,#DIV/0!,#DIV/0!,#DIV/0!
11:22,0,#DIV/0!,#DIV/0!,#DIV/0!
11:23,0,#DIV/0!,#DIV/0!,#DIV/0!
11:24,0,#DIV/0!,#DIV/0!,#DIV/0!
11:25,0,#DIV/0!,#DIV/0!,#DIV/0!
11:26,0,#DIV/0!,#DIV/0!,#DIV/0!
11:27,0,#DIV/0!,#DIV/0!,#DIV/0!
11:28,0,#DIV/0!,#DIV/0!,#DIV/0!
11:29,0,#DIV/0!,#DIV/0!,#DIV/0!
11:30,0,#DIV/0!,#DIV/0!,#DIV/0!
12:13,0,#DIV/0!,#DIV/0!,#DIV/0!
12:14,0,#DIV/0!,#DIV/0!,#DIV/0!
12:15,0,#DIV/0!,#DIV/0!,#DIV/0!
12:16,0,#DIV/0!,#DIV/0!,#DIV/0!
12:17,0,#DIV/0!,#DIV/0!,#DIV/0!
12:18,0,#DIV/0!,#DIV/0!,#DIV/0!
12:19,0,#DIV/0!,#DIV/0!,#DIV/0!
12:20,0,#DIV/0!,#DIV/0!,#DIV/0!
12:21,0,#DIV/0!,#DIV/0!,#DIV/0!
12:22,0,#DIV/0!,#DIV/0!,#DIV/0!
12:23,0,#DIV/0!,#DIV/0!,#DIV/0!
12:24,0,#DIV/0!,#DIV/0!,#DIV/0!
12:25,0,#DIV/0!,#DIV/0!,#DIV/0!
12:26,0,#DIV/0!,#DIV/0!,#DIV/0!
12:27,0,#DIV/0!,#DIV/0!,#DIV/0!
12:28,0,#DIV/0!,#DIV/0!,#DIV/0!
12:29,0,#DIV/0!,#DIV/0!,#DIV/0!
12:30,0,#DIV/0!,#DIV/0!,#DIV/0!
13:14,0,#DIV/0!,#DIV/0!,#DIV/0!
13:15,0,#DIV/0!,#DIV/0!,#DIV/0!
13:16,0,#DIV/0!,#DIV/0!,#DIV/0!
13:17,0,#DIV/0!,#DIV/0!,#DIV/0!
13:18,0,#DIV/0!,#DIV/0!,#DIV/0!
13:19,0,#DIV/0!,#DIV/0!,#DIV/0!
13:20,0,#DIV/0!,#DIV/0!,#DIV/0!
13:21,0,#DIV/0!,#DIV/0!,#DIV/0!
13:22,0,#DIV/0!,#DIV/0!,#DIV/0!
13:23,0,#DIV/0!,#DIV/0!,#DIV/0!
13:24,0,#DIV/0!,#DIV/0!,#DIV/0!
13:25,0,#DIV/0!,#DIV/0!,#DIV/0!
13:26,0,#DIV/0!,#DIV/0!,#DIV/0!
13:27,0,#DIV/0!,#DIV/0!,#DIV/0!
13:28,0,#DIV/0!,#DIV/0!,#DIV/0!
13:29,0,#DIV/0!,#DIV/0!,#DIV/0!
13:30,0,#DIV/0!,#DIV/0!,#DIV/0!
14:15,0,#DIV/0!,#DIV/0!,#DIV/0!
14:16,0,#DIV/0!,#DIV/0!,#DIV/0!
14:17,0,#DIV/0!,#DIV/0!,#DIV/0!
14:18,0,#DIV/0!,#DIV/0!,#DIV/0!
14:19,0,#DIV/0!,#DIV/0!,#DIV/0!
14:20,0,#DIV/0!,#DIV/0!,#DIV/0!
14:21,0,#DIV/0!,#DIV/0!,#DIV/0!
14:22,0,#DIV/0!,#DIV/0!,#DIV/0!
14:23,0,#DIV/0!,#DIV/0!,#DIV/0!
14:24,0,#DIV/0!,#DIV/0!,#DIV/0!
14:25,0,#DIV/0!,#DIV/0!,#DIV/0!
14:26,0,#DIV/0!,#DIV/0!,#DIV/0!
14:27,0,#DIV/0!,#DIV/0!,#DIV/0!
14:28,0,#DIV/0!,#DIV/0!,#DIV/0!
14:29,0,#DIV/0!,#DIV/0!,#DIV/0!
14:30,0,#DIV/0!,#DIV/0!,#DIV/0!
15:16,0,#DIV/0!,#DIV/0!,#DIV/0!
15:17,0,#DIV/0!,#DIV/0!,#DIV/0!
15:18,0,#DIV/0!,#DIV/0!,#DIV/0!
15:19,0,#DIV/0!,#DIV/0!,#DIV/0!
15:20,0,#DIV/0!,#DIV/0!,#DIV/0!
15:21,0,#DIV/0!,#DIV/0!,#DIV/0!
15:22,0,#DIV/0!,#DIV/0!,#DIV/0!
15:23,0,#DIV/0!,#DIV/0!,#DIV/0!
15:24,0,#DIV/0!,#DIV/0!,#DIV/0!
15:25,0,#DIV/0!,#DIV/0!,#DIV/0!
15:26,0,#DIV/0!,#DIV/0!,#DIV/0!
15:27,0,#DIV/0!,#DIV/0!,#DIV/0!
15:28,0,#DIV/0!,#DIV/0!,#DIV/0!
15:29,0,#DIV/0!,#DIV/0!,#DIV/0!
15:30,0,#DIV/0!,#DIV/0!,#DIV/0!
16:17,0,#DIV/0!,#DIV/0!,#DIV/0!
16:18,0,#DIV/0!,#DIV/0!,#DIV/0!
16:19,0,#DIV/0!,#DIV/0!,#DIV/0!
16:20,0,#DIV/0!,#DIV/0!,#DIV/0!
16:21,0,#DIV/0!,#DIV/0!,#DIV/0!
16:22,0,#DIV/0!,#DIV/0!,#DIV/0!
16:23,0,#DIV/0!,#DIV/0!,#DIV/0!
16:24,0,#DIV/0!,#DIV/0!,#DIV/0!
16:25,0,#DIV/0!,#DIV/0!,#DIV/0!
16:26,0,#DIV/0!,#DIV/0!,#DIV/0!
16:27,0,#DIV/0!,#DIV/0!,#DIV/0!
16:28,0,#DIV/0!,#DIV/0!,#DIV/0!
16:29,0,#DIV/0!,#DIV/0!,#DIV/0!
16:30,0,#DIV/0!,#DIV/0!,#DIV/0!
17:18,0,#DIV/0!,#DIV/0!,#DIV/0!
17:19,0,#DIV/0!,#DIV/0!,#DIV/0!
17:20,0,#DIV/0!,#DIV/0!,#DIV/0!
17:21,0,#DIV/0!,#DIV/0!,#DIV/0!
17:22,0,#DIV/0!,#DIV/0!,#DIV/0!
17:23,0,#DIV/0!,#DIV/0!,#DIV/0!
17:24,0,#DIV/0!,#DIV/0!,#DIV/0!
17:25,0,#DIV/0!,#DIV/0!,#DIV/0!
17:26,0,#DIV/0!,#DIV/0!,#DIV/0!
17:27,0,#DIV/0!,#DIV/0!,#DIV/0!
17:28,0,#DIV/0!,#DIV/0!,#DIV/0!
17:29,0,#DIV/0!,#DIV/0!,#DIV/0!
17:30,0,#DIV/0!,#DIV/0!,#DIV/0!
18:19,0,#DIV/0!,#DIV/0!,#DIV/0!
18:20,0,#DIV/0!,#DIV/0!,#DIV/0!
18:21,0,#DIV/0!,#DIV/0!,#DIV/0!
18:22,0,#DIV/0!,#DIV/0!,#DIV/0!
18:23,0,#DIV/0!,#DIV/0!,#DIV/0!
18:24,0,#DIV/0!,#DIV/0!,#DIV/0!
18:25,0,#DIV/0!,#DIV/0!,#DIV/0!
18:26,0,#DIV/0!,#DIV/0!,#DIV/0!
18:27,0,#DIV/0!,#DIV/0!,#DIV/0!
18:28,0,#DIV/0!,#DIV/0!,#DIV/0!
18:29,0,#DIV/0!,#DIV/0!,#DIV/0!
18:30,0,#DIV/0!,#DIV/0!,#DIV/0!
19:20,0,#DIV/0!,#DIV/0!,#DIV/0!
19:21,0,#DIV/0!,#DIV/0!,#DIV/0!
19:22,0,#DIV/0!,#DIV/0!,#DIV/0!
19:23,0,#DIV/0!,#DIV/0!,#DIV/0!
19:24,0,#DIV/0!,#DIV/0!,#DIV/0!
19:25,0,#DIV/0!,#DIV/0!,#DIV/0!
19:26,0,#DIV/0!,#DIV/0!,#DIV/0!
19:27,0,#DIV/0!,#DIV/0!,#DIV/0!
19:28,0,#DIV/0!,#DIV/0!,#DIV/0!
19:29,0,#DIV/0!,#DIV/0!,#DIV/0!
19:30,0,#DIV/0!,#DIV/0!,#DIV/0!
20:21,0,#DIV/0!,#DIV/0!,#DIV/0!
20:22,0,#DIV/0!,#DIV/0!,#DIV/0!
20:23,0,#DIV/0!,#DIV/0!,#DIV/0!
20:24,0,#DIV/0!,#DIV/0!,#DIV/0!
20:25,0,#DIV/0!,#DIV/0!,#DIV/0!
20:26,0,#DIV/0!,#DIV/0!,#DIV/0!
20:27,0,#DIV/0!,#DIV/0!,#DIV/0!
20:28,0,#DIV/0!,#DIV/0!,#DIV/0!
20:29,0,#DIV/0!,#DIV/0!,#DIV/0!
20:30,0,#DIV/0!,#DIV/0!,#DIV/0!
21:22,0,#DIV/0!,#DIV/0!,#DIV/0!
21:23,0,#DIV/0!,#DIV/0!,#DIV/0!
21:24,0,#DIV/0!,#DIV/0!,#DIV/0!
21:25,0,#DIV/0!,#DIV/0!,#DIV/0!
21:26,0,#DIV/0!,#DIV/0!,#DIV/0!
21:27,0,#DIV/0!,#DIV/0!,#DIV/0!
21:28,0,#DIV/0!,#DIV/0!,#DIV/0!
21:29,0,#DIV/0!,#DIV/0!,#DIV/0!
21:30,0,#DIV/0!,#DIV/0!,#DIV/0!
22:23,0,#DIV/0!,#DIV/0!,#DIV/0!
22:24,0,#DIV/0!,#DIV/0!,#DIV/0!
22:25,0,#DIV/0!,#DIV/0!,#DIV/0!
22:26,0,#DIV/0!,#DIV/0!,#DIV/0!
22:27,0,#DIV/0!,#DIV/0!,#DIV/0!
22:28,0,#DIV/0!,#DIV/0!,#DIV/0!
22:29,0,#DIV/0!,#DIV/0!,#DIV/0!
22:30,0,#DIV/0!,#DIV/0!,#DIV/0!
23:24,0,#DIV/0!,#DIV/0!,#DIV/0!
23:25,0,#DIV/0!,#DIV/0!,#DIV/0!
23:26,0,#DIV/0!,#DIV/0!,#DIV/0!
23:27,0,#DIV/0!,#DIV/0!,#DIV/0!
23:28,0,#DIV/0!,#DIV/0!,#DIV/0!
23:29,0,#DIV/0!,#DIV/0!,#DIV/0!
23:30,0,#DIV/0!,#DIV/0!,#DIV/0!
24:25:00,0,#DIV/0!,#DIV/0!,#DIV/0!
24:26:00,0,#DIV/0!,#DIV/0!,#DIV/0!
24:27:00,0,#DIV/0!,#DIV/0!,#DIV/0!
24:28:00,0,#DIV/0!,#DIV/0!,#DIV/0!
24:29:00,0,#DIV/0!,#DIV/0!,#DIV/0!
24:30:00,0,#DIV/0!,#DIV/0!,#DIV/0!
25:26:00,0,#DIV/0!,#DIV/0!,#DIV/0!
25:27:00,0,#DIV/0!,#DIV/0!,#DIV/0!
25:28:00,0,#DIV/0!,#DIV/0!,#DIV/0!
25:29:00,0,#DIV/0!,#DIV/0!,#DIV/0!
25:30:00,0,#DIV/0!,#DIV/0!,#DIV/0!
26:27:00,0,#DIV/0!,#DIV/0!,#DIV/0!
26:28:00,0,#DIV/0!,#DIV/0!,#DIV/0!
26:29:00,0,#DIV/0!,#DIV/0!,#DIV/0!
26:30:00,0,#DIV/0!,#DIV/0!,#DIV/0!
27:28:00,0,#DIV/0!,#DIV/0!,#DIV/0!,
27:29:00,0,#DIV/0!,#DIV/0!,#DIV/0!,
27:30:00,0,#DIV/0!,#DIV/0!,#DIV/0!,
28:29:00,0,#DIV/0!,#DIV/0!,#DIV/0!,
28:30:00,0,#DIV/0!,#DIV/0!,#DIV/0!,
29:30:00,0,#DIV/0!,#DIV/0!,#DIV/0!,

SERIES 2,,,,,
Set,with Set,Diff,Sigma,Diff/SE,   Result
1:02,3:04,1.7,#DIV/0!,#DIV/0!,#DIV/0!
1:02,5:06,1.7,#DIV/0!,#DIV/0!,#DIV/0!
1:02,7:08,1.7,#DIV/0!,#DIV/0!,#DIV/0!
1:02,9:10,1.7,#DIV/0!,#DIV/0!,#DIV/0!
1:02,11:12,1.7,#DIV/0!,#DIV/0!,#DIV/0!
1:02,13:14,1.7,#DIV/0!,#DIV/0!,#DIV/0!
1:02,15:16,1.7,#DIV/0!,#DIV/0!,#DIV/0!
1:02,17:18,1.7,#DIV/0!,#DIV/0!,#DIV/0!
1:02,19:20,1.7,#DIV/0!,#DIV/0!,#DIV/0!
1:02,21:22,1.7,#DIV/0!,#DIV/0!,#DIV/0!
1:02,23:24,1.7,#DIV/0!,#DIV/0!,#DIV/0!
1:02,25:26:00,1.7,#DIV/0!,#DIV/0!,#DIV/0!
1:02,27:28:00,1.7,#DIV/0!,#DIV/0!,#DIV/0!
1:02,29:30:00,1.7,#DIV/0!,#DIV/0!,#DIV/0!
3:04,5:06,0,#DIV/0!,#DIV/0!,#DIV/0!
3:04,7:08,0,#DIV/0!,#DIV/0!,#DIV/0!
3:04,9:10,0,#DIV/0!,#DIV/0!,#DIV/0!
3:04,11:12,0,#DIV/0!,#DIV/0!,#DIV/0!
3:04,13:14,0,#DIV/0!,#DIV/0!,#DIV/0!
3:04,15:16,0,#DIV/0!,#DIV/0!,#DIV/0!
3:04,17:18,0,#DIV/0!,#DIV/0!,#DIV/0!
3:04,19:20,0,#DIV/0!,#DIV/0!,#DIV/0!
3:04,21:22,0,#DIV/0!,#DIV/0!,#DIV/0!
3:04,23:24,0,#DIV/0!,#DIV/0!,#DIV/0!
3:04,25:26:00,0,#DIV/0!,#DIV/0!,#DIV/0!
3:04,27:28:00,0,#DIV/0!,#DIV/0!,#DIV/0!
3:04,29:30:00,0,#DIV/0!,#DIV/0!,#DIV/0!
5:06,7:08,0,#DIV/0!,#DIV/0!,#DIV/0!
5:06,9:10,0,#DIV/0!,#DIV/0!,#DIV/0!
5:06,11:12,0,#DIV/0!,#DIV/0!,#DIV/0!
5:06,13:14,0,#DIV/0!,#DIV/0!,#DIV/0!
5:06,15:16,0,#DIV/0!,#DIV/0!,#DIV/0!
5:06,17:18,0,#DIV/0!,#DIV/0!,#DIV/0!
5:06,19:20,0,#DIV/0!,#DIV/0!,#DIV/0!
5:06,21:22,0,#DIV/0!,#DIV/0!,#DIV/0!
5:06,23:24,0,#DIV/0!,#DIV/0!,#DIV/0!
5:06,25:26:00,0,#DIV/0!,#DIV/0!,#DIV/0!
5:06,27:28:00,0,#DIV/0!,#DIV/0!,#DIV/0!
5:06,29:30:00,0,#DIV/0!,#DIV/0!,#DIV/0!
7:08,9:10,0,#DIV/0!,#DIV/0!,#DIV/0!
7:08,11:12,0,#DIV/0!,#DIV/0!,#DIV/0!
7:08,13:14,0,#DIV/0!,#DIV/0!,#DIV/0!
7:08,15:16,0,#DIV/0!,#DIV/0!,#DIV/0!
7:08,17:18,0,#DIV/0!,#DIV/0!,#DIV/0!
7:08,19:20,0,#DIV/0!,#DIV/0!,#DIV/0!
7:08,21:22,0,#DIV/0!,#DIV/0!,#DIV/0!
7:08,23:24,0,#DIV/0!,#DIV/0!,#DIV/0!
7:08,25:26:00,0,#DIV/0!,#DIV/0!,#DIV/0!
7:08,27:28:00,0,#DIV/0!,#DIV/0!,#DIV/0!
7:08,29:30:00,0,#DIV/0!,#DIV/0!,#DIV/0!
9:10,11:12,0,#DIV/0!,#DIV/0!,#DIV/0!
9:10,13:14,0,#DIV/0!,#DIV/0!,#DIV/0!
9:10,15:16,0,#DIV/0!,#DIV/0!,#DIV/0!
9:10,17:18,0,#DIV/0!,#DIV/0!,#DIV/0!
9:10,19:20,0,#DIV/0!,#DIV/0!,#DIV/0!
9:10,21:22,0,#DIV/0!,#DIV/0!,#DIV/0!
9:10,23:24,0,#DIV/0!,#DIV/0!,#DIV/0!
9:10,25:26:00,0,#DIV/0!,#DIV/0!,#DIV/0!
9:10,27:28:00,0,#DIV/0!,#DIV/0!,#DIV/0!
9:10,29:30:00,0,#DIV/0!,#DIV/0!,#DIV/0!
11:12,13:14,0,#DIV/0!,#DIV/0!,#DIV/0!
11:12,15:16,0,#DIV/0!,#DIV/0!,#DIV/0!
11:12,17:18,0,#DIV/0!,#DIV/0!,#DIV/0!
11:12,19:20,0,#DIV/0!,#DIV/0!,#DIV/0!
11:12,21:22,0,#DIV/0!,#DIV/0!,#DIV/0!
11:12,23:24,0,#DIV/0!,#DIV/0!,#DIV/0!
11:12,25:26:00,0,#DIV/0!,#DIV/0!,#DIV/0!
11:12,27:28:00,0,#DIV/0!,#DIV/0!,#DIV/0!
11:12,29:30:00,0,#DIV/0!,#DIV/0!,#DIV/0!
13:14,15:16,0,#DIV/0!,#DIV/0!,#DIV/0!
13:14,17:18,0,#DIV/0!,#DIV/0!,#DIV/0!
13:14,19:20,0,#DIV/0!,#DIV/0!,#DIV/0!
13:14,21:22,0,#DIV/0!,#DIV/0!,#DIV/0!
13:14,23:24,0,#DIV/0!,#DIV/0!,#DIV/0!
13:14,25:26:00,0,#DIV/0!,#DIV/0!,#DIV/0!
13:14,27:28:00,0,#DIV/0!,#DIV/0!,#DIV/0!
13:14,29:30:00,0,#DIV/0!,#DIV/0!,#DIV/0!
15:16,17:18,0,#DIV/0!,#DIV/0!,#DIV/0!
15:16,19:20,0,#DIV/0!,#DIV/0!,#DIV/0!
15:16,21:22,0,#DIV/0!,#DIV/0!,#DIV/0!
15:16,23:24,0,#DIV/0!,#DIV/0!,#DIV/0!
15:16,25:26:00,0,#DIV/0!,#DIV/0!,#DIV/0!
15:16,27:28:00,0,#DIV/0!,#DIV/0!,#DIV/0!
15:16,29:30:00,0,#DIV/0!,#DIV/0!,#DIV/0!
17:18,19:20,0,#DIV/0!,#DIV/0!,#DIV/0!
17:18,21:22,0,#DIV/0!,#DIV/0!,#DIV/0!
17:18,23:24,0,#DIV/0!,#DIV/0!,#DIV/0!
17:18,25:26:00,0,#DIV/0!,#DIV/0!,#DIV/0!
17:18,27:28:00,0,#DIV/0!,#DIV/0!,#DIV/0!
17:18,29:30:00,0,#DIV/0!,#DIV/0!,#DIV/0!
19:20,21:22,0,#DIV/0!,#DIV/0!,#DIV/0!
19:20,23:24,0,#DIV/0!,#DIV/0!,#DIV/0!
19:20,25:26:00,0,#DIV/0!,#DIV/0!,#DIV/0!
19:20,27:28:00,0,#DIV/0!,#DIV/0!,#DIV/0!
19:20,29:30:00,0,#DIV/0!,#DIV/0!,#DIV/0!
21:22,23:24,0,#DIV/0!,#DIV/0!,#DIV/0!
21:22,25:26:00,0,#DIV/0!,#DIV/0!,#DIV/0!
21:22,27:28:00,0,#DIV/0!,#DIV/0!,#DIV/0!
21:22,29:30:00,0,#DIV/0!,#DIV/0!,#DIV/0!
23:24,25:26:00,0,#DIV/0!,#DIV/0!,#DIV/0!
23:24,27:28:00,0,#DIV/0!,#DIV/0!,#DIV/0!
23:24,29:30:00,0,#DIV/0!,#DIV/0!,#DIV/0!
25:26:00,27:28:00,0,#DIV/0!,#DIV/0!,#DIV/0!
25:26:00,29:30:00,0,#DIV/0!,#DIV/0!,#DIV/0!
27:28:00,29:30:00,0,#DIV/0!,#DIV/0!,#DIV/0!

"Print 78 columns, regular.",,,,,

Significant at 10%,,,,,
Significant at 5%,,,,,
Not Significant ,,,,,
,1.645,,,,
,1.96,,,,
