Bureau of Justice Statistics,,,,,,,,,,,,,,,,
filename:  cv0672.csv,,,,,,,,,,,,,,,,
"Table 72. Percent of victimizations in which self-protective measures were employed, by person taking the measure, outcome of action and type of crime",,,,,,,,,,,,,,,,
"data source: National Criminal Victimization Survey, 2006  NCJ 223436",,,,,,,,,,,,,,,,
produced by:  Cathy Maston ,,,,,,,,,,,,,,,,
authors:  Patsy Klaus and Cathy Maston,,,,,,,,,,,,,,,,
refer questions to: askbjs@usdoj.gov  202-307-0765,,,,,,,,,,,,,,,,
data of version:  08/29/08,,,,,,,,,,,,,,,,

"Table 72. Personal crimes of violence, 2006: Percent of victimizations in which self-protective measures were employed, by person taking the measure, outcome of action and type of crime",,,,,,,,,,,,,,,,
,,,Percent of victimizations,,,,,,,,,,,,,
Person taking action and type of crime,,Number of victimizations,         Total,,Helped situation,,Hunt situation,,Both helped and hurt situation,,Neither helped nor hurt situation,,Don't know,,Not available,
Measure taken by victim,,,,,,,,,,,,,,,,
,Crimes of violence,"3,803,360",100,%,62.9,%,7.8,%,6,%,11.5,%,10.7,%,1.1,%
,   Rape/Sexual assault/a,"152,220",100,%,63.8,,13.8,*,1.9,*,12.7,*,7.8,*,0,*
,   Robbery,"420,510",100,%,58.6,,7.7,*,6.3,*,14.7,,11.6,,1.1,*
,   Assault,"3,230,620",100,%,63.4,,7.6,,6.1,,11,,10.7,,1.2,
,      Aggravated,"906,680",100,%,68.3,,5.6,,4.7,,10.1,,10.6,,0.6,*
,      Simple,"2,323,940",100,%,61.5,,8.3,,6.7,,11.3,,10.8,,1.4,*
Measure taken by others,,,,,,,,,,,,,,,,
,Crimes of violence,"3,863,650",100,%,31.1,%,9.3,%,1.9,%,39.8,%,7.2,%,10.8,%
,   Rape/Sexual assault/a,"103,140",100,%,30.3,*,9.6,*,0,*,36.4,,0,*,23.7,*
,   Robbery,"374,590",100,%,28.1,,15.7,,0.8,*,34.3,,9,*,12.2,
,   Assault,"3,385,910",100,%,31.4,,8.5,,2,,40.6,,7.2,,10.2,
,      Aggravated,"886,850",100,%,38.4,,5.7,,3.3,*,41.2,,4.5,,6.9,
,      Simple,"2,499,060",100,%,29,,9.5,,1.6,,40.3,,8.2,,11.4,
"Note: Many incident characteristics were unaffected or minimally affected by changes in methodology in the 2006 National Crime Victimization. However, caution should be used in comparing 2006 rates of individual variables, particularly those with small sample sizes, to previous years. See Criminal Victimization, 2006, at <http://www.ojp.usdoj.gov/bjs/abstract/cv06.htm>.",,,,,,,,,,,,,,,,
Detail may not add to total shown because of rounding.,,,,,,,,,,,,,,,,
"Excludes victimizations in which no self-protective actions were taken.  Of those victimizations in which a self-protective measure or measures was/were employed, the victim and/or someone else may have taken the action.  Therefore, the above categories are not mutually exclusive.",,,,,,,,,,,,,,,,
*Estimate is based on about 10 or fewer sample cases.,,,,,,,,,,,,,,,,
a/Includes verbal threats of rape and threats of sexual assault.,,,,,,,,,,,,,,,,




































































































,,,,,,,,,,,,,,,,11.3
,,,,,,,,,,,,,,,,17.2
,,,,,,,,,,,,,,,,10.9
,,,,,,,,,,,,,,,,11
,,,,,,,,,,,,,,,,10.5
,,,,,,,,,,,,,,,,11.2






,,,,,,,,,,,,,,,,42.5
,,,,,,,,,,,,,,,,38.4
,,,,,,,,,,,,,,,,49.2
,,,,,,,,,,,,,,,,41.8
,,,,,,,,,,,,,,,,42.2
,,,,,,,,,,,,,,,,41.7
