Bureau of Justice Statistics,,,,,,,,,,,,,,,
filename:  cv0637.csv,,,,,,,,,,,,,,,
"Table 37. Percent distribution of incidents, by victim-offender relationship, type of crime and number of offenders",,,,,,,,,,,,,,,
"data source: National Criminal Victimization Survey, 2006  NCJ 223436",,,,,,,,,,,,,,,
produced by:  Cathy Maston ,,,,,,,,,,,,,,,
authors:  Patsy Klaus and Cathy Maston,,,,,,,,,,,,,,,
refer questions to: askbjs@usdoj.gov  202-307-0765,,,,,,,,,,,,,,,
data of version:  08/29/08,,,,,,,,,,,,,,,

"Table 37. Personal crimes of violence, 2006:  Percent distribution of incidents, by victim-offender relationship, type of crime and number of offenders",,,,,,,,,,,,,,,
,,,,Percent of incidents,,,,,,,,,,,
,,,,,,Number of offenders,,,,,,,,,
Relationship and type of crime,,Number of  incidents,,Total,,  One,,  Two,, Three,,Four or more,,Not known and not available,
All incidents,,,,,,,,,,,,,,,
,Crimes of violence,"5,685,620",,100,%,78.7,%,8,%,3.7,%,5.6,%,4,%
,   Completed violence,"1,877,320",,100,,72.5,,11.1,,6,,7,,3.5,
,   Attempted/threatened violence,"3,808,300",,100,,81.7,,6.4,,2.6,,4.9,,4.3,
,   Rape/Sexual assault/a,"255,630",,100,,85.7,,11,*,0.8,*,1.3,*,1.2,*
,   Robbery,"645,950",,100,,50,,21,,12.3,,11,,5.8,
,      Completed/property taken,"455,530",,100,,45.4,,20.4,,17,,10.1,,7.1,*
,      Attempted to take property,"190,410",,100,,60.9,,22.4,,0.8,*,13.1,*,2.8,*
,   Assault,"4,784,040",,100,,82.2,,6,,2.7,,5.1,,3.9,
,      Aggravated,"1,209,730",,100,,79.1,,7.5,,3.1,,5.6,,4.7,
,      Simple,"3,574,320",,100,,83.2,,5.5,,2.6,,5,,3.7,
Involving strangers,,,,,,,,,,,,,,,
,Crimes of violence,"2,683,500",,100,%,66.1,,11.1,,5.8,,9.1,,7.9,
,   Completed violence,"833,740",,100,,54.2,,16.3,,10.5,,11.9,,7.1,
,   Attempted/threatened violence,"1,849,770",,100,,71.5,,8.7,,3.6,,7.9,,8.3,
,   Rape/Sexual assault/a,"99,910",,100,,73.9,,22.7,*,0,*,3.4,*,0,*
,   Robbery,"487,440",,100,,42.1,,24.7,,13.8,,11.7,,7.7,
,      Completed/property taken,"323,190",,100,,35.7,,24,,20.4,,9.9,*,9.9,*
,      Attempted to take property,"164,260",,100,,54.7,,25.9,,0.9,*,15.2,*,3.3,*
,   Assault,"2,096,150",,100,,71.3,,7.4,,4.2,,8.8,,8.3,
,      Aggravated,"589,120",,100,,66.9,,9.5,,5.6,*,8.2,,9.7,
,      Simple,"1,507,030",,100,,73,,6.5,,3.6,,9,,7.8,
Involving nonstrangers,,,,,,,,,,,,,,,
,Crimes of violence,"3,002,120",,100,%,89.9,,5.2,,1.9,,2.5,,0.6,*
,   Completed violence,"1,043,580",,100,,87.1,,6.8,,2.4,*,3.1,*,0.6,*
,   Attempted/threatened violence,"1,958,540",,100,,91.4,,4.3,,1.7,*,2.1,,0.5,*
,   Rape/Sexual assault/a,"155,720",,100,,93.3,,3.5,*,1.3,*,0,*,2,*
,   Robbery,"158,500",,100,,74.1,,9.7,*,7.5,*,8.7,*,0,*
,      Completed/property taken,"132,350",,100,,69,,11.7,*,8.9,*,10.4,*,0,*
,      Attempted to take property,"26,160",*,100,*,100,*,0,*,0,*,0,*,0,*
,   Assault,"2,687,890",,100,,90.6,,5,,1.6,,2.2,,0.5,*
,      Aggravated,"620,600",,100,,90.7,,5.7,*,0.7,*,3,*,0,*
,      Simple,"2,067,290",,100,,90.6,,4.8,,1.9,,2,,0.7,*
"Note: Many incident characteristics were unaffected or minimally affected by changes in methodology in the 2006 National Crime Victimization. However, caution should be used in comparing 2006 rates of individual variables, particularly those with small sample sizes, to previous years. See Criminal Victimization, 2006, at <http://www.ojp.usdoj.gov/bjs/abstract/cv06.htm>.",,,,,,,,,,,,,,,
Detail may not add to total shown because of rounding.,,,,,,,,,,,,,,,
*Estimate is based on about 10 or fewer sample cases.
a/Includes verbal threats of rape and threats of sexual assault.
