Bureau of Justice Statistics,,,,,,,,,,,,,,,,,,,,,
filename:  cv0669.csv,,,,,,,,,,,,,,,,,,,,,
"Table 69. Percent of victimizations in which victims took self-protective measures, by characteristics of victims and type of crime",,,,,,,,,,,,,,,,,,,,,
"data source: National Criminal Victimization Survey, 2006  NCJ 223436",,,,,,,,,,,,,,,,,,,,,
produced by:  Cathy Maston ,,,,,,,,,,,,,,,,,,,,,
authors:  Patsy Klaus and Cathy Maston,,,,,,,,,,,,,,,,,,,,,
refer questions to: askbjs@usdoj.gov  202-307-0765,,,,,,,,,,,,,,,,,,,,,
data of version:  08/29/08,,,,,,,,,,,,,,,,,,,,,

"Table 69. Personal crimes of violence, 2006: Percent of victimizations in which victims took self-protective measures, by characteristics of victims and type of crime",,,,,,,,,,,,,,,,,,,,,
,,Percent of all victimizations,,,,,,,,,,,,,,,,,,,
Characteristic,,Crime of violence,,Completed violence,,Attempted/threatened violence,,Rape/Sexual assault/a,, Total,,With injury,,Without injury,, Total,,Aggravated,,Simple,
Gender,,,,,,,,,,,,,,,,,,,,,
,Male,62,%,63,%,61.6,%,35.4,%*,56.4,%,70.6,%,49.2,%,63.3,%,70,%,60.7,%
,Female,62.8,,69.3,,59.2,,61.1,,63.9,,71.3,,59.3,,62.9,,64.1,,62.5,
Race/b,,,,,,,,,,,,,,,,,,,,,
,White only,61.3,,64.4,,60,,54.9,,58.3,,66.5,,53.8,,62.1,,67.6,,60.4,
,Black only,66.2,,75.4,,59.3,,69.7,*,70.3,,86,,56.8,*,65.5,,69.3,,63.3,
Age,,,,,,,,,,,,,,,,,,,,,
, 12-19,58.6,,64.6,,55.4,,73.3,,56.9,,65.1,*,53.5,,57.7,,63.6,,55.9,
,20-34,66.1,,71.8,,63,,52.2,,65.5,,82.8,,53.3,,66.9,,70.7,,65.3,
,35-49,61.4,,64.4,,60.1,,44.9,*,55,,72,*,49.4,,62.8,,64.1,,62.3,
,50-64,62.4,,50.9,,67.3,,47.1,*,40,*,32.6,*,46.2,*,65.7,,74.3,,63.3,
,65 and over,54.2,,68.1,*,48.2,,0,*,57.9,*,44.2,*,62.4,*,52.3,,52.7,*,52.2,*
"Note: Many incident characteristics were unaffected or minimally affected by changes in methodology in the 2006 National Crime Victimization. However, caution should be used in comparing 2006 rates of individual variables, particularly those with small sample sizes, to previous years. See Criminal Victimization, 2006, at <http://www.ojp.usdoj.gov/bjs/abstract/cv06.htm>.",,,,,,,,,,,,,,,,,,,,,
Detail may not add to total shown because of rounding.,,,,,,,,,,,,,,,,,,,,,
*Estimate is based on about 10 or fewer sample cases.,,,,,,,,,,,,,,,,,,,,,
a/Includes verbal threats of rape and threats of sexual assault.,,,,,,,,,,,,,,,,,,,,,
"b/Excludes data on persons of ""Other"" races and persons indicating two or more races.",,,,,,,,,,,,,,,,,,,,,
