Bureau of Justice Statistics,,,,,,,,,,,,,,
filename:  cv0689.csv,,,,,,,,,,,,,,
"Table 89. Percent distribution of victimizations resulting in loss of time from work, by type of crime and number of days lost",,,,,,,,,,,,,,
"data source: National Criminal Victimization Survey, 2006  NCJ 223436",,,,,,,,,,,,,,
produced by:  Cathy Maston ,,,,,,,,,,,,,,
authors:  Patsy Klaus and Cathy Maston,,,,,,,,,,,,,,
refer questions to: askbjs@usdoj.gov  202-307-0765,,,,,,,,,,,,,,
data of version:  08/29/08,,,,,,,,,,,,,,

"Table 89. Selected personal and property crimes, 2006: Percent distribution of victimizations resulting in loss of time from work, by type of crime and number of days lost",,,,,,,,,,,,,,
,,,Percent of victimizations,,,,,,,,,,,
Type of crime         ,Number of victimizations,,Total,,Less than 1 day,,1-5 days,,6-10 days,,11 days or more,,Not known and not available,
All personal crimes/a,"539,570",,100,%,18.6,%,47.5,%,11.8,%,14.9,%,7.2,%
Crimes of violence,"523,760",,100,,18.6,,47,,11.7,,15.3,,7.4,
  Completed violence,"342,010",,100,,13.5,,50.1,,11.4,,17.8,,7.2,*
  Attempted/threatened violence,"181,750",,100,,28.1,,41.1,,12.2,*,10.7,*,8,*
  Rape/Sexual assault/b,"31,920",*,100,*,13.1,*,31.8,*,8.4,*,18,*,28.8,*
  Robbery,"76,950",,100,,20.6,*,45.7,*,12.3,*,11.1,*,10.2,*
  Assault,"414,890",,100,,18.6,,48.4,,11.8,,15.9,,5.3,*
All property crimes,"1,182,050",,100,%,39.9,%,45.7,%,4.7,%,5.7,%,4.1,%
  Completed,"1,091,460",,100,,38.9,,45.5,,5.1,,6.2,,4.4,
  Attempted,"90,580",,100,,51.8,,48.2,,0,*,0,*,0,*
  Household burglary,"252,280",,100,,40.9,,46.9,,3.6,*,3.5,*,5.1,*
  Motor vehicle theft,"226,690",,100,,18.2,,68.5,,3.9,*,2.9,*,6.6,*
  Theft,"703,070",,100,,46.5,,37.9,,5.3,,7.4,,2.9,*
"Note: Many incident characteristics were unaffected or minimally affected by changes in methodology in the 2006 National Crime Victimization. However, caution should be used in comparing 2006 rates of individual variables, particularly those with small sample sizes, to previous years. See Criminal Victimization, 2006, at <http://www.ojp.usdoj.gov/bjs/abstract/cv06.htm>.",,,,,,,,,,,,,,
Detail may not add to total shown because of rounding.,,,,,,,,,,,,,,
*Estimate is based on about 10 or fewer sample cases.,,,,,,,,,,,,,,
"a/Includes data on purse snatching/pocket picking, not shown separately.",,,,,,,,,,,,,,
b/Includes verbal threats of rape and threats of sexual assault.,,,,,,,,,,,,,,







































































,,,,,,,,,7
