Bureau of Justice Statistics,,,
filename:  cv06mpar.csv,,,
2006 Parameter Set,,,
"data source: National Criminal Victimization Survey, 2006  NCJ  223436",,,
produced by:  Cathy Maston ,,,
authors:  Patsy Klaus and Cathy Maston,,,
refer questions to: askbjs@usdoj.gov  202-307-0765,,,
data of version:  08/29/08,,,

2006 Parameter Set,a,b,c
1.  Overall Person Crime Estimates,-0.0001069,"4,561",1.391
2.  Person Crime Domain Estimates,-0.00028219,"4,160",2.719
3.  Overall Property Crime Estimates,-0.0001823,"3,272",1.679
4.  Property Crime Domain Estimates,-0.00073,"3,677",1.597
