Bureau of Justice Statistics,,,,,,,,,,
filename:  cv0638.csv,,,,,,,,,,
"Table 38. Percent distribution of single-offender victimizations, by type of crime and perceived gender of offender",,,,,,,,,,
"data source: National Criminal Victimization Survey, 2006  NCJ 223436",,,,,,,,,,
produced by:  Cathy Maston ,,,,,,,,,,
authors:  Patsy Klaus and Cathy Maston,,,,,,,,,,
refer questions to: askbjs@usdoj.gov  202-307-0765,,,,,,,,,,
data of version:  08/29/08,,,,,,,,,,

"Table 38. Personal crimes of violence, 2006:  Percent distribution of single-offender victimizations, by type of crime and perceived gender of offender",,,,,,,,,,
,,,Percent of single offender victimizations,,,,,,,
,,,,,Perceived gender of offender,,,,,
Type of crime,Number of single-offender victimizations,,  Total,,  Male,,Female,,Not known and not available,
Crimes of violence,"4,734,310",,100,%,78.3,%,19.7,%,1.9,%
   Completed violence,"1,439,840",,100,,78.4,,20.5,,1.1,*
   Attempted/threatened violence,"3,294,460",,100,,78.3,,19.4,,2.3,
   Rape/Sexual assault/a,"222,400",,100,,95.4,,2.9,*,1.8,*
   Robbery,"356,860",,100,,82.6,,15.4,,2,*
      Completed/property taken,"215,380",,100,,82,,16,*,2,*
         With injury,"73,360",,100,,80.9,,19.1,*,0,*
         Without injury,"142,020",,100,,82.5,,14.4,*,3.1,*
      Attempted to take property,"141,470",,100,,83.6,,14.5,*,2,*
         With injury,"36,060",*,100,*,67.5,*,32.5,*,0,*
         Without injury,"105,410",,100,,89.1,,8.3,*,2.6,*
   Assault,"4,155,030",,100,,77,,21,,1.9,
      Aggravated,"1,025,560",,100,,79.9,,17.6,,2.5,*
      Simple,"3,129,470",,100,,76.1,,22.1,,1.7,
"Note: Many incident characteristics were unaffected or minimally affected by changes in methodology in the 2006 National Crime Victimization. However, caution should be used in comparing 2006 rates of individual variables, particularly those with small sample sizes, to previous years. See Criminal Victimization, 2006, at <http://www.ojp.usdoj.gov/bjs/abstract/cv06.htm>.",,,,,,,,,,
Detail may not add to total shown because of rounding.,,,,,,,,,,
*Estimate is based on about 10 or fewer sample cases.,,,,,,,,,,
a/Includes verbal threats of rape and threats of sexual assault.,,,,,,,,,,
