Bureau of Justice Statistics,,,,,,,,,,,,,
filename:  cv0614.csv,,,,,,,,,,,,,
"Table 14. Victimization rates for persons age 12 and over, by type of crime and annual family income of victims",,,,,,,,,,,,,
"data source: National Criminal Victimization Survey, 2006  NCJ 223436",,,,,,,,,,,,,
produced by:  Cathy Maston ,,,,,,,,,,,,,
authors:  Patsy Klaus and Cathy Maston,,,,,,,,,,,,,
refer questions to: askbjs@usdoj.gov  202-307-0765,,,,,,,,,,,,,
data of version: 08/29/08,,,,,,,,,,,,,

"Table 14. Personal crimes, 2006:  Victimization rates for persons age 12 and over, by type of crime and annual family income of victims",,,,,,,,,,,,,
,"Rate per 1,000 persons age 12 and over",,,,,,,,,,,,
Type of crime         ,"Less than $7,500",,"$7,500-$14,999",," $15,000-$24,999",,"$25,000-$34,999",,"$35,000-$49,999",,"$50,000-$74,999",,"$75,000 or more"
All personal crimes,64.6,,45.9,,31.4,,34.5,,22.5,,24.5,,14.6
Crimes of violence,63.5,,45,,29.8,,33.6,,22.3,,24,,13.9
   Completed violence,22.8,,18.2,,11.3,,13.3,,5.5,,7.7,,3.5
   Attempted/threatened violence,40.7,,26.8,,18.6,,20.3,,16.7,,16.3,,10.5
   Rape/Sexual assault,5.1,,0.5,*,1.2,*,1.6,*,0.5,*,1.1,,0.4,*
      Rape/Attempted rape,4.6,,0.5,*,0.6,*,1.4,*,0.3,*,0.7,*,0.4,*
         Rape,2.9,*,0.5,*,0.3,*,1,*,0.3,*,0.6,*,0.1,*
         Attempted rape/a,1.7,*,0,*,0.3,*,0.4,*,0,*,0.1,*,0.3,*
      Sexual assault/b,0.5,*,0,*,0.6,*,0.2,*,0.2,*,0.4,*,0,*
   Robbery,7.2,,6.5,,4.2,,5.3,,1.5,,2.2,,2,
      Completed/property taken,5.4,,4.2,,2.8,,3.8,,0.8,*,1.5,,1.3,
         With injury,2.2,*,2.6,*,1.4,*,1.3,*,0.4,*,0.7,*,0.6,*
         Without injury,3.2,*,1.6,*,1.4,*,2.5,,0.4,*,0.8,*,0.7,
      Attempted to take property,1.9,*,2.3,*,1.4,*,1.5,*,0.7,*,0.8,*,0.7,
         With injury,0,*,0.5,*,0.1,*,0.5,*,0.5,*,0,*,0.1,*
         Without injury,1.9,*,1.8,*,1.3,*,1,*,0.3,*,0.8,*,0.6,*
   Assault,51.2,,38.1,,24.4,,26.6,,20.2,,20.7,,11.5,
      Aggravated,13.3,,8.3,,8.3,,7.6,,4.8,,5.6,,2.9,
         With injury,4.5,,3.6,,3.6,,2.9,,1.4,,2.3,,0.5,*
         Threatened with weapon,8.7,,4.8,,4.7,,4.7,,3.4,,3.3,,2.4,
      Simple,38,,29.7,,16.2,,19,,15.5,,15.2,,8.7
         With minor injury,10.1,,10,,4,,5.6,,2.9,,3,,1.6
         Without injury,27.9,,19.8,,12.2,,13.4,,12.6,,12.1,,7
  Purse snatching/Pocket picking,1.1,*,0.9,*,1.6,*,1,*,0.3,*,0.4,*,0.7
Population age 12 and over,"8,151,610",,"13,771,120",,"21,134,420",,"22,225,720",,"29,778,480",,"37,046,580",,"55,938,130"
"Note: Due to changes in methodology, the 2006 national crime victimization rates are not comparable to previous years and cannot be used for yearly trend comparisons. However, the overall patterns of victimization at the national level can be examined. See Criminal Victimization, 2006, at <http://www.ojp.usdoj.gov/bjs/abstract/cv06.htm>.",,,,,,,,,,,,,
Detail may not add to total shown because of rounding.,,,,,,,,,,,,,
Excludes data on persons whose family income level was not ascertained.,,,,,,,,,,,,,
*Estimate is based on about 10 or fewer sample cases.,,,,,,,,,,,,,
a/Includes verbal threats of rape.,,,,,,,,,,,,,
b/Includes threats.,,,,,,,,,,,,,
