Bureau of Justice Statistics,,,,,,
filename:  cv0668.csv,,,,,,
"Table 68. Percent of victimizations in which victims took self-protective measures, by type of crime and victim-offender relationship",,,,,,
"data source: National Criminal Victimization Survey, 2006  NCJ 223436",,,,,,
produced by:  Cathy Maston ,,,,,,
authors:  Patsy Klaus and Cathy Maston,,,,,,
refer questions to: askbjs@usdoj.gov  202-307-0765,,,,,,
data of version: 08/29/08,,,,,,

"Table 68. Personal crimes of violence, 2006: Percent of victimizations in which victims took self-protective measures, by type of crime and victim-offender relationship",,,,,,
,Percent of all victimizations,,,,,
Type of crime,All victimizations,,Involving strangers,,Involving nonstrangers,
Crimes of violence,62.4,%,58.4,%,66,%
   Completed violence,66.2,,57.7,,72.9,
   Attempted/threatened violence,60.5,,58.7,,62.2,
   Rape/Sexual assault/a,58.3,,69.4,,51.5,
   Robbery,59,,56.2,,66.8,
      Completed/property taken,49.1,,41.8,,66.2,
         With injury,67.4,,71.7,,59.2,
         Without injury,35.3,,21.5,,73.1,
      Attempted to take property,79.7,,82.2,,68.6,*
         With injury,87.7,,80,*,100,*
         Without injury,77.8,,82.6,,48.8,*
   Assault,63.1,,58.4,,66.7,
      Aggravated,67.4,,62,,72.5,
         With injury,72.1,,62.6,,80,
         Threatened with weapon,65,,61.8,,68.1,
      Simple,61.5,,57,,64.9,
         With minor injury,75.3,,69.4,,78.1,
         Without injury,57.2,,54.2,,59.7,
"Note: Many incident characteristics were unaffected or minimally affected by changes in methodology in the 2006 National Crime Victimization. However, caution should be used in comparing 2006 rates of individual variables, particularly those with small sample sizes, to previous years. See Criminal Victimization, 2006, at <http://www.ojp.usdoj.gov/bjs/abstract/cv06.htm>.",,,,,,
*Estimate is based on about 10 or fewer sample cases.,,,,,,
a/Includes verbal threats of rape and threats of sexual assault.
