Bureau of Justice Statistics,,,,,,,,
filename:  cv0693a.csv,,,,,,,,
"Table 93a. Number and percent distribution of victimizations reported to the police, by type of crime, and gender of head of household",,,,,,,,
"data source: National Criminal Victimization Survey, 2006  NCJ 223436",,,,,,,,
produced by:  Cathy Maston ,,,,,,,,
authors:  Patsy Klaus and Cathy Maston,,,,,,,,
refer questions to: askbjs@usdoj.gov  202-307-0765,,,,,,,,
data of version:  08/29/08,,,,,,,,

"Table 93a. Property crimes, 2006: Number and percent distribution of victimizations reported to the police, by type of crime, and gender of head of household",,,,,,,,
,Percent of all victimizations reported to the police,,,,,,,
, Both Genders,,Male,,,,Female,
Type of crime,Number,Percent,Number,,Percent,,Number,Percent
Property crimes,"7,147,080",37.8,"3,567,050",,39,,"3,580,030",36.6
   Household burglary,"1,762,740",49.5,"810,540",,51.3,,"952,200",48.1
      Completed,"1,438,740",50.5,"661,450",,51.6,,"777,280",49.6
           Forcible entry,"727,880",71.1,"339,540",,69.8,,"388,340",72.2
           Unlawful entry/without force,"710,860",39,"321,910",,40.5,,"388,940",37.8
      Attempted forcible entry,"324,010",45.5,"149,090",,49.8,,"174,920",42.3
  Motor vehicle theft,"802,690",80.9,"438,170",,82.4,,"364,520",79.1
     Completed,"704,840",89,"402,240",,89,,"302,600",89.1
     Attempted,"97,850",48.8,"35,920",*,45.2,*,"61,920",51.2
   Theft,"4,581,650",31.9,"2,318,340",,33,,"2,263,310",30.9
    Completed,"4,418,580",32,"2,240,220",,33.1,,"2,178,360",31
          Less than $50,"662,560",17.3,"336,250",,18.2,,"326,320",16.5
          $50 - $249,"1,285,490",26,"663,460",,27.2,,"622,040",24.9
          $250 or more,"2,096,210",56.4,"1,063,200",,56.3,,"1,033,010",56.5
          Amount not available,"374,310",28.6,"177,320",,30.4,,"197,000",27.1
   Attempted,"163,080",28.5,"78,120",,29.2,,"84,960",28
"Note: Many incident characteristics were unaffected or minimally affected by changes in methodology in the 2006 National Crime Victimization. However, caution should be used in comparing 2006 rates of individual variables, particularly those with small sample sizes, to previous years. See Criminal Victimization, 2006, at <http://www.ojp.usdoj.gov/bjs/abstract/cv06.htm>.",,,,,,,,
Note: Detail may not add to total shown because of rounding.,,,,,,,,
*Estimate is based on 10 or fewer sample cases.,,,,,,,,
