Bureau of Justice Statistics,,,,,,,,,,,,,,
filename:  cv0690.csv,,,,,,,,,,,,,,
"Table 90. Percent distribution of victimizations resulting in loss of time from work, by race of victims, type of crime and number of days lost",,,,,,,,,,,,,,
"data source: National Criminal Victimization Survey, 2006  NCJ 223436",,,,,,,,,,,,,,
produced by:  Cathy Maston ,,,,,,,,,,,,,,
authors:  Patsy Klaus and Cathy Maston,,,,,,,,,,,,,,
refer questions to: askbjs@usdoj.gov  202-307-0765,,,,,,,,,,,,,,
data of version:  08/29/08,,,,,,,,,,,,,,

"Table 90. Selected personal and property crimes, 2006: Percent distribution of victimizations resulting in loss of time from work, by race of victims, type of crime and number of days lost",,,,,,,,,,,,,,
,,,,Percent of victimizations,,,,,,,,,,
Race and type of crime,,Number of victimizations, Total,,Less than 1 day,,1-5 days,,6-10 days,,11 days or more,,Not known and not available,
White only,,,,,,,,,,,,,,
,All personal crimes/a,"423,780",100,%,20.1,%,46.2,%,12.5,%,15.7,%,5.5,%*
,Crimes of violence,"407,970",100,,20.2,,45.5,,12.3,,16.4,,5.7,*
,All property crimes,"892,740",100,%,40,%,45,%,4.3,%,6.4,%,4.4,%
,Household burglary,"193,130",100,,36,,48,,4.7,*,4.6,*,6.7,*
,Motor vehicle theft,"158,090",100,,17.7,*,68.7,,3.4,*,4.1,*,6.1,*
,Theft,"541,520",100,,47.9,,36.9,,4.4,*,7.7,,3.1,*
Black only,,,,,,,,,,,,,,
,All personal crimes/a,"85,180",100,%,13.9,%*,49.7,%,12.9,%*,9.2,%*,14.4,%*
,Crimes of violence,"85,180",100,,13.9,*,49.7,,12.9,*,9.2,*,14.4,*
                           crimes                                                  ,All property crimes,"165,290",100,%,37.9,%,52.1,%,3.8,%*,3,%*,3.1,%*
                                                                                   ,Household burglary,"39,140",100,,59.5,*,40.5,*,0,*,0,*,0,*
                                                                                   ,Motor vehicle theft,"41,450",100,,9,*,70,*,8.5,*,0,*,12.5,*
                                                                                   ,Theft,"84,700",100,,42.1,*,48.8,,3.2,*,5.9,*,0,*
"Note: Many incident characteristics were unaffected or minimally affected by changes in methodology in the 2006 National Crime Victimization. However, caution should be used in comparing 2006 rates of individual variables, particularly those with small sample sizes, to previous years. See Criminal Victimization, 2006, at <http://www.ojp.usdoj.gov/bjs/abstract/cv06.htm>.",,,,,,,,,,,,,,
Detail may not add to total shown because of rounding.,,,,,,,,,,,,,,
"Excludes data on persons of ""Other"" races and persons indicating two or more races.",,,,,,,,,,,,,,
Excludes data on persons with races other than White only or Black only.,,,,,,,,,,,,,,
*Estimate is based on about 10 or fewer sample cases.,,,,,,,,,,,,,,
"a/Includes data on rape, sexual assault, robbery, assault, and purse snatching/pocket picking, not shown separately.",,,,,,,,,,,,,,
