Bureau of Justice Statistics,,,,,,,,,,,,,,,,,,,,
filename:  cv0685.csv,,,,,,,,,,,,,,,,,,,,
"Table 85. Percent distribution of victimizations resulting in theft loss, by race of victims, type of crime and value of loss",,,,,,,,,,,,,,,,,,,,
"data source: National Criminal Victimization Survey, 2006  NCJ 223436",,,,,,,,,,,,,,,,,,,,
produced by:  Cathy Maston ,,,,,,,,,,,,,,,,,,,,
authors:  Patsy Klaus and Cathy Maston,,,,,,,,,,,,,,,,,,,,
refer questions to: askbjs@usdoj.gov  202-307-0765,,,,,,,,,,,,,,,,,,,,
data of version:  08/29/08,,,,,,,,,,,,,,,,,,,,

"Table 85. Selected personal and property crimes, 2006: Percent distribution of victimizations resulting in theft loss, by race of victims, type of crime and value of loss",,,,,,,,,,,,,,,,,,,,
,,Percent of victimizations resulting in theft loss,,,,,,,,,,,,,,,,,,
Race and type of crime,Number of victimizations,, Total,,No monetary value,,Less than $50,,$50-$99,,      $100-$249,,$250-$499,,$500-$999,,$1000 or more,,Not known and not available,
All races/a,,,,,,,,,,,,,,,,,,,,
  All personal crimes/b,"666,620",,100,%,3.4,%*,22.8,%,15.6,%,14,%,10.6,%,8.7,%,11.6,%,13.4,%
Robbery ,"482,290",,100,%,3.6,*,23.2,,16.7,,14.3,,9.5,,8.2,,13.4,,11.1,
Purse snatching/Pocket picking,"166,360",,100,%,0,*,23.9,,14.1,*,14.7,*,12.7,*,9.3,*,5.4,*,19.9,*
  All property crimes,"16,964,190",,100,%,1.8,%,22.3,%,11.7,%,20.5,%,11.6,%,8.4,%,14,%,9.8,%
Household burglary,"2,381,320",,100,%,0.7,*,10.4,,5.5,,15.9,,13.1,,15.2,,28.8,,10.2,
Motor vehicle theft,"791,840",,100,%,0,*,0,*,0.5,*,1.6,*,1.7,*,10.9,,74.5,,10.8,
Theft,"13,791,020",,100,%,2.1,,25.6,,13.5,,22.4,,11.9,,7,,7.9,,9.6,
White only,,,,,,,,,,,,,,,,,,,,
  All personal crimes/b,"494,480",,100,%,4.6,%*,22.9,%,11.9,%,15.4,%,8.4,%,8.5,%,13,%,15.4,%
Robbery ,"367,050",,100,%,4.8,*,23.2,,13.9,,15.6,,8.6,*,7.5,*,15.4,,10.9,
Purse snatching/Pocket picking,"109,460",,100,%,0,*,25.3,*,7,*,17.3,*,5.6,*,10.6,*,3.8,*,30.2,*
  All property crimes,"13,570,200",,100,%,1.8,%,22.9,%,11.5,%,20.5,%,11.5,%,8.3,%,13.5,%,9.9,%
Household burglary,"1,833,590",,100,%,0.8,*,10,,5.3,,16.5,,13.5,,13.5,,30.7,,9.8,
Motor vehicle theft,"576,960",,100,%,0,*,0,*,0,*,1,*,2.3,*,12.3,,74.2,,10.3,
Theft,"11,159,650",,100,%,2.1,,26.2,,13.1,,22.2,,11.7,,7.3,,7.6,,9.9,
Black only,,,,,,,,,,,,,,,,,,,,
  All personal crimes/b,"107,470",,100,%,0,%*,22,%*,30.9,%*,8.7,%*,18.6,%*,7.5,%*,7.7,%*,4.6,%*
Robbery ,"83,610",,100,%,0,*,28.3,*,30.3,*,4.6,*,17,*,9.6,*,4.2,*,6,*
Purse snatching/Pocket picking,"23,860",*,100,%*,0,*,0,*,32.9,*,22.9,*,24.3,*,0,*,19.9,*,0,*
  All property crimes,"2,441,390",,100,%,1.8,%,20,%,11.7,%,19.2,%,11.4,%,10,%,15.6,%,10.3,%
Household burglary,"432,360",,100,%,0.7,*,11.9,,5.6,*,12.8,,11.6,,25.4,,19.8,,12.1,
Motor vehicle theft,"170,490",,100,%,0,*,0,*,2.2,*,4,*,0,*,9.2,*,74.1,,10.6,*
Theft,"1,838,530",,100,%,2.3,,23.8,,14,,22.1,,12.3,,6.4,,9.2,,9.9,
"Note: Many incident characteristics were unaffected or minimally affected by changes in methodology in the 2006 National Crime Victimization. However, caution should be used in comparing 2006 rates of individual variables, particularly those with small sample sizes, to previous years. See Criminal Victimization, 2006, at <http://www.ojp.usdoj.gov/bjs/abstract/cv06.htm>.",,,,,,,,,,,,,,,,,,,,
Detail may not add to total shown because of rounding.,,,,,,,,,,,,,,,,,,,,
*Estimate is based on about 10 or fewer sample cases.,,,,,,,,,,,,,,,,,,,,
"a/Includes data on persons of ""Other"" races and persons indicating two or more races, not shown separately.",,,,,,,,,,,,,,,,,,,,
"b/Includes data on rape and sexual assault, not shown separately, but excludes data on assault, which by definition does not involve theft.",,,,,,,,,,,,,,,,,,,,
