Bureau of Justice Statistics,,,,,,,,,,,,
filename:  cv0632.csv,,,,,,,,,,,,
Table 32. Percent distribution of victimizations by perceived drug or alcohol use by offender,,,,,,,,,,,,
"data source: National Criminal Victimization Survey, 2006  NCJ 223436",,,,,,,,,,,,
produced by:  Cathy Maston ,,,,,,,,,,,,
authors:  Patsy Klaus and Cathy Maston,,,,,,,,,,,,
refer questions to: askbjs@usdoj.gov  202-307-0765,,,,,,,,,,,,
data of version:  08/29/08,,,,,,,,,,,,

"Table 32. Personal crimes of violence, 2006: Percent distribution of victimizations by perceived drug or alcohol use by offender ",,,,,,,,,,,,
,Percent of victimizations,,,,,,,Assault,,,,
Perceived drug or alcohol use by offender,Crimes of violence,,Rape/Sexual assault/a,,Robbery,,     Total,,Aggravated,,   Simple,
Total victimizations,100,%,100,%,100,%,100,%,100,%,100,%
Total (Perceived to be under the influence of drugs or alcohol),27.1,,42.8,,24.8,,26.6,,27,,26.5,
  Under the influence of alcohol,15.2,,26.8,,12.4,,15,,14.5,,15.1,
  Under the influence of drugs,5.6,,1.2,*,7.1,,5.6,,5.2,,5.7,
  Under the influence of both drugs and alcohol,5.2,,14.8,,5.1,*,4.8,,5.8,,4.4,
"  Under the influence of one, not sure which",1,,0,*,0,*,1.2,,1.5,*,1.2,
  Not available whether drugs or alcohol,0.1,*,0,*,0.2,*,0,*,0,*,0,*
Not on alcohol or drugs,27,,19,,14.1,,29.2,,24,,31,
Don't know or not ascertained,45.9,,38.2,,61.1,,44.2,,49,,42.5,
"Note: Many incident characteristics were unaffected or minimally affected by changes in methodology in the 2006 National Crime Victimization. However, caution should be used in comparing 2006 rates of individual variables, particularly those with small sample sizes, to previous years. See Criminal Victimization, 2006, at <http://www.ojp.usdoj.gov/bjs/abstract/cv06.htm>.",,,,,,,,,,,,
Detail may not add to total shown because of rounding.,,,,,,,,,,,,
*Estimate is based on about 10 or fewer sample cases.,,,,,,,,,,,,
a/Includes verbal threats of rape and threats of sexual assault.,,,,,,,,,,,,
