Bureau of Justice Statistics,,,,
filename:  cv0624.csv,,,,
Table 24. Victimization rates by type of crime and number of persons in household,,,,
"data source: National Criminal Victimization Survey, 2006  NCJ 223436",,,,
produced by:  Cathy Maston ,,,,
authors:  Patsy Klaus and Cathy Maston,,,,
refer questions to: askbjs@usdoj.gov  202-307-0765,,,,
data of version:  08/29/08,,,,

"Table 24. Property crimes, 2006:  Victimization rates by type of crime and number of persons in household",,,,
                                                                                           ,"Rate per 1,000 households",,,
Type of crime,One,Two-three,Four-five,Six or more
Property crimes,101.4,152.6,235.3,347.8
  Household burglary,25.1,28.4,38.8,51.4
    Completed,18.7,23,32.2,41.7
      Forcible entry,7.7,8,11.2,12.7
      Unlawful entry without force,11,15,21,29,
    Attempted forcible entry,6.3,5.4,6.6,9.7,*
  Motor vehicle theft,5.7,7.8,10.9,27.4,
    Completed,4.2,6.4,8,25.7,
    Attempted,1.4,1.4,2.9,1.7,*
  Theft,70.6,116.4,185.6,269,
    Completed,67.4,111.6,178.5,261.7,
       Less than $50,21.1,31.7,45,66.7,
       $50 - $249,23.3,36.9,67.9,125.1,
       $250 or more,16.6,31.9,49.2,48.5,
       Amount not available,6.4,11,16.4,21.4,
     Attempted,3.2,4.8,7,7.3,*
Total number of households,"32,509,270","58,962,080","22,678,540","3,708,490",
"Note: Due to changes in methodology, the 2006 national crime victimization rates are not comparable to previous years and cannot be used for yearly trend comparisons. However, the overall patterns of victimization at the national level can be examined. See Criminal Victimization, 2006, at <http://www.ojp.usdoj.gov/bjs/abstract/cv06.htm>.",,,,,
Detail may not add to total shown because of rounding.,,,,,
Excludes data on households where the number of persons was not ascertained.,,,,,
*Estimate is based on about 10 or fewer sample cases.
