Bureau of Justice Statistics,,,,,,,,,,
filename:  cv0665.csv,,,,,,,,,,
"Table 65. Percent distribution of incidents, by distance from home and type of crime",,,,,,,,,,
"data source: National Criminal Victimization Survey, 2006  NCJ 223436",,,,,,,,,,
produced by:  Cathy Maston ,,,,,,,,,,
authors:  Patsy Klaus and Cathy Maston,,,,,,,,,,
refer questions to: askbjs@usdoj.gov  202-307-0765,,,,,,,,,,
data of version:  08/29/08,,,,,,,,,,

"Table 65. Selected personal and property crimes, 2006: Percent distribution of incidents, by distance from home and type of crime",,,,,,,,,,
                                                                                                          ,Percent of incidents,,,,,,,,,
Type of crime,Number of incidents,,       Total,,Inside home or lodging,,Near respondent's home,,One mile from home or less,
Crimes of violence,"5,685,620",,100,%,20.3,%,17.8,%,19.4,%
   Rape/Sexual assault/a,"255,630",,100,%,33.2,,12.3,*,10.7,
   Robbery,"645,950",,100,%,18.2,,18.5,,24.6,*
   Assault,"4,784,040",,100,%,19.9,,17.9,,19.2,
      Aggravated,"1,209,730",,100,%,25.3,,19.2,,18.8
      Simple,"3,574,320",,100,%,18,,17.5,,19.3
Purse snatching/Pocket picking,"173,220",,100,%,0,*,1.8,*,36.1
Property crimes,,,,,,,,,
   Motor vehicle theft,"992,260",,100,%,1.9,*,68.6,,4.9
   Theft,"14,362,570",,100,%,10.2,,50.2,,7.1
,Percent of incidents,,,,,,,,
Type of crime,Five miles from home or less,,Fifty miles from home or less,,More than 50 miles from home,,Don't know or not available,,
Crimes of violence,21.1,%,17.8,%,2.8,%,0.9,%,
   Rape/Sexual assault/a,19.6,,18.8,,2.3,*,3.1,*,
   Robbery,18.6,,14.7,,3.3,*,2.1,*,
   Assault,21.5,,18.1,,2.8,,0.6,*,
      Aggravated,16.3,,17.6,,2.4,*,0.3,*,
      Simple,23.2,,18.3,,2.9,,0.8,*,
Purse snatching/Pocket picking,15.7,*,22.6,,9.3,*,14.4,*,
Property crimes,,,,,,,,,
   Motor vehicle theft,12.3,,9.7,,1.3,*,1.2,*
   Theft,13.3,,13.2,,3.9,,2.1,
"Note: Many incident characteristics were unaffected or minimally affected by changes in methodology in the 2006 National Crime Victimization. However, caution should be used in comparing 2006 rates of individual variables, particularly those with small sample sizes, to previous years. See Criminal Victimization, 2006, at <http://www.ojp.usdoj.gov/bjs/abstract/cv06.htm>.",,,,,,,,
Detail may not add to total shown because of rounding.,,,,,,,,
*Estimate is based on about 10 or fewer sample cases.,,,,,,,,
a/Includes verbal threats of rape and threats of sexual assault.,,,,,,,,
