Bureau of Justice Statistics,,,,,,,,,,,,,,,,
filename:  cv0634.csv,,,,,,,,,,,,,,,,
"Table 34. Percent distribution of victimizations, by type of crime and relationship to offender",,,,,,,,,,,,,,,,
"data source: National Criminal Victimization Survey, 2006  NCJ 223436",,,,,,,,,,,,,,,,
produced by:  Cathy Maston ,,,,,,,,,,,,,,,,
authors:  Patsy Klaus and Cathy Maston,,,,,,,,,,,,,,,,
refer questions to: askbjs@usdoj.gov  202-307-0765,,,,,,,,,,,,,,,,
data of version:  08/29/08,,,,,,,,,,,,,,,,

"Table 34. Family violence, 2006:  Percent distribution of victimizations, by type of crime and relationship to offender",,,,,,,,,,,,,,,,
,,,Percent of victimizations,,,,,,,,,,,,,
,,,,,Related,,,,,,,,,,,
Type of crime,Total number of victimizations,,Total crimes,,Total,, Spouse,,Ex-spouse,,Parent,,Own child,,Other relatives,
Crimes of violence,"6,094,390",,100,%,11.7,%,3.6,%,1.6,%,0.9,%,1.5,%,4.1,%
   Completed violence,"2,019,260",,100,%,13.4,,5,,1.7,*,1.3,*,1.2,*,4.2,
   Attempted/threatened violence,"4,075,130",,100,%,10.9,,2.9,,1.5,,0.7,*,1.7,,4.1,
   Rape/Sexual assault/b,"260,940",,100,%,7.7,*,7.7,*,0,*,0,*,0,*,0,*
   Robbery,"712,610",,100,%,6.3,,1.8,*,1.9,*,0,*,0.5,*,2,*
      Completed/property taken,"482,290",,100,%,7.9,,2.7,*,1.4,*,0,*,0.8,*,3,*
      Attempted to take property,"230,320",,100,%,3,*,0,*,3,*,0,*,0,*,0,*
   Assault,"5,120,840",,100,%,12.7,,3.7,,1.6,,1,,1.7,,4.6,
      Aggravated,"1,344,280",,100,%,13.7,,1.4,*,2.3,*,1.7,*,2.4,*,5.9,
      Simple,"3,776,550",,100,%,12.4,,4.5,,1.4,,0.8,*,1.5,,4.2,
Type of crime,Well-known/a,,Casual acquaintances,,Don't know relationship,,Strangers,,Don't know number of offenders,,,,,,,
Crimes of violence,24.6,%,16.2,%,7,%,38,%,2.5,%,,,,,,
   Completed violence,30,,12.1,,5.9,,36.2,,2.4,,,,,,,
   Attempted/threatened violence,21.9,,18.2,,7.5,,38.9,,2.6,,,,,,,
   Rape/Sexual assault/b,27.4,,26.6,,4.3,*,34,,0,*,,,,,,
   Robbery,13.1,,6.9,,10.7,,59.2,,3.8,*,,,,,,
      Completed/property taken,15,,7.1,*,11.7,,53.3,,5,*,,,,,,
      Attempted to take property,9.1,*,6.5,*,8.6,*,71.6,,1.2,*,,,,,,
   Assault,26.1,,17,,6.6,,35.2,,2.5,,,,,,,
      Aggravated,24.2,,13.5,,6.6,,38.8,,3.3
      Simple,26.8,,18.2,,6.6,,34,,2.2
"Note: Many incident characteristics were unaffected or minimally affected by changes in methodology in the 2006 National Crime Victimization. However, caution should be used in comparing 2006 rates of individual variables, particularly those with small sample sizes, to previous years. See Criminal Victimization, 2006, at <http://www.ojp.usdoj.gov/bjs/abstract/cv06.htm>.",,,,,,,,,
Detail may not add to total shown because of rounding.,,,,,,,,,
*Estimate is based on about 10 or fewer sample cases.,,,,,,,,,
a/Includes data on offenders well known to the victim whose relationship to the victim could not be ascertained.,,,,,,,,,
b/Includes verbal threats of rape and threats of sexual assault.,,,,,,,,,
