Bureau of Justice Statistics,,,,,,,,,,,,,,,,
filename:  cv0649.csv,,,,,,,,,,,,,,,,
"Table 49. Percent distribution of multiple-offender victimizations, by type of crime and detailed victim-offender relationship",,,,,,,,,,,,,,,,
"data source: National Criminal Victimization Survey, 2006  NCJ 223436",,,,,,,,,,,,,,,,
produced by:  Cathy Maston ,,,,,,,,,,,,,,,,
authors:  Patsy Klaus and Cathy Maston,,,,,,,,,,,,,,,,
refer questions to: askbjs@usdoj.gov  202-307-0765,,,,,,,,,,,,,,,,
data of version:  08/29/08,,,,,,,,,,,,,,,,

"Table 49. Personal crimes of violence, 2006:  Percent distribution of multiple-offender victimizations, by type of crime and detailed victim-offender relationship",,,,,,,,,,,,,,,,
,,,Percent of multiple-offender victimizations,,,,,,,,,,,,,
,,,,,Some or all related,,,,,,,,,,,
Type of crime,Number of multiple-offender victimizations,,Total,,Total,,Spouses and ex-spouses,,Parents,,Own children,,Brothers and sisters,,Other relatives,
Crimes of violence,"1,207,350",,100,%,3.3,%,1,%*,0,%*,0.3,%*,0.9,%*,1.1,%*
   Completed violence,"531,200",,100,%,6.8,*,2.3,*,0,*,0.7,*,2,*,1.8,*
   Attempted/threatened violence,"676,150",,100,%,0.5,*,0,*,0,*,0,*,0,*,0.5,*
   Rape/Sexual assault/b,"38,530",,100,%,0,*,0,*,0,*,0,*,0,*,0,*
   Robbery,"328,990",,100,%,3.2,*,0.9,*,0,*,1.2,*,0,*,1.1,*
      Completed/property taken,"242,830",,100,%,4.4,*,1.3,*,0,*,1.6,*,0,*,1.6,*
      Attempted to take property,"86,160",,100,%,0,*,0,*,0,*,0,*,0,*,0,*
   Assault,"839,830",,100,%,3.4,*,1.1,*,0,*,0,*,1.2,*,1.1,*
      Aggravated,"274,850",,100,%,5.5,*,1.8,*,0,*,0,*,2.7,*,1,*
      Simple,"564,980",,100,%,2.4,*,0.7,*,0,*,0,*,0.5,*,1.1,*
Type of crime,"Some or all well known, not related/a",,Some or all casual acquaintances,,Don't know,,Stranger,,,,,,,,,
Crimes of violence,10.8,%,14.6,%,5.8,%,65.5,%,,,,,,,,
   Completed violence,8.2,,13.8,,3,*,68.3,,,,,,,,,
   Attempted/threatened violence,12.9,,15.3,,8,,63.3,,,,,,,,,
   Rape/Sexual assault/b,24.4,*,8,*,0,*,67.6,*,,,,,,,,
   Robbery,5.6,*,4.7,*,5.7,*,80.7,,,,,,,,,
      Completed/property taken,7.7,*,6.4,*,6.6,*,75,,,,,,,,,
      Attempted to take property,0,*,0,*,3.2,*,96.8,,,,,,,,,
   Assault,12.2,,18.8,,6.1,,59.5,,,,,,,,,
      Aggravated,8,*,15.1,,6.5,*,64.9
      Simple,14.3,,20.5,,5.9,*,56.8
"Note: Many incident characteristics were unaffected or minimally affected by changes in methodology in the 2006 National Crime Victimization. However, caution should be used in comparing 2006 rates of individual variables, particularly those with small sample sizes, to previous years. See Criminal Victimization, 2006, at <http://www.ojp.usdoj.gov/bjs/abstract/cv06.htm>.",,,,,,,
Detail may not add to total shown because of rounding.,,,,,,,
*Estimate is based on about 10 or fewer sample cases.,,,,,,,
a/Includes data on offenders well known to the victim whose relationship to the victim was not ascertained.,,,,,,,
b/Includes verbal threats of rape and threats of sexual assault.,,,,,,,
