Bureau of Justice Statistics,,,,,,,,,,,,,,,,
filename:  cv0684.csv,,,,,,,,,,,,,,,,
"Table 84. Percent distribution of victimizations resulting in theft loss, by type of crime and type of property stolen",,,,,,,,,,,,,,,,
"data source: National Criminal Victimization Survey, 2006  NCJ 223436",,,,,,,,,,,,,,,,
produced by:  Cathy Maston ,,,,,,,,,,,,,,,,
authors:  Patsy Klaus and Cathy Maston,,,,,,,,,,,,,,,,
refer questions to: askbjs@usdoj.gov  202-307-0765,,,,,,,,,,,,,,,,
data of version:  08/29/08,,,,,,,,,,,,,,,,

"Table 84. Personal and property crimes, 2006: Percent distribution of victimizations resulting in theft loss, by type of crime and type of property stolen",,,,,,,,,,,,,,,,
,Percent of property stolen,,,,,,,,,,,,,,,
,Personal crimes,,,,Crimes of violence/a,,,,Robbery,,,,Purse snatching/Pocket picking,,,
Type of property loss,Number,,Percent,,Number,,Percent,,Number,,Percent,,Number,,Percent,
Total,"1,286,740",,100,%,"893,310",,100,%,"840,670",,100,%,"393,430",,100,%
Cash,"384,760",,29.9,,"250,710",,28.1,,"240,910",,28.7,,"134,050",,34.1,
"Purse, wallet, credit cards","476,440",,37,,"241,310",,27,,"228,210",,27.1,,"235,130",,59.8,
Vehicle or parts,"37,720",,2.9,,"37,720",,4.2,,"34,300",*,4.1,*,0,*,0,*
   Motor vehicles,"18,930",*,1.5,*,"18,930",*,2.1,*,"15,510",*,1.8,*,0,*,0,*
   Vehicle parts,"10,490",*,0.8,*,"10,490",*,1.2,*,"10,490",*,1.2,*,0,*,0,*
   Unattached vehicle accessories,0,*,0,*,0,*,0,*,0,*,0,*,0,*,0,*
   Bicycle or parts,"8,300",*,0.6,*,"8,300",*,0.9,*,"8,300",*,1,*,0,*,0,*
Household furnishings,"24,020",*,1.9,*,"24,020",*,2.7,*,"24,020",*,2.9,*,0,*,0,*
Personal effects,"298,120",,23.2,,"273,870",,30.7,,"247,560",,29.4,,"24,250",*,6.2,*
"   Portable electronic,  photographic gear","124,260",,9.7,,"121,240",,13.6,,"114,990",,13.7,,"3,020",*,0.8,*
"   Jewelry, clothing","94,920",,7.4,,"91,060",,10.2,,"82,450",,9.8,,"3,860",*,1,*
   Other personal effects,"78,950",,6.1,,"61,570",,6.9,,"50,120",,6,,"17,370",*,4.4,*
Firearms,"8,470",*,0.7,*,"8,470",*,0.9,*,"8,470",*,1,*,0,*,0,*
"Tools, machinery","10,930",*,0.8,*,"10,930",*,1.2,*,"10,930",*,1.3,*,0,*,0,*
Other,"46,270",,3.6,,"46,270",,5.2,,"46,270",,5.5,,0,*,0,*
Don't know,0,*,0,*,0,*,0,*,0,*,0,*,0,*,0,*
,Percent of victimizations resulting in theft loss,,,,,,,,,,,,,,,
,Property crimes,,,,Household burglary,,,,Motor vehicle theft,,,,Theft,,,
Type of property loss,Number,,Percent,,Number,,Percent,,Number,,Percent,,Number,,Percent,
Total,"23,998,490",,100,%,"4,218,540",,100,%,"1,137,670",,100,%,"18,642,290",,100,%
Cash,"2,314,260",,9.6,,"413,300",,9.8,,"24,720",*,2.2,*,"1,876,240",,10.1,
"Purse, wallet, credit cards","2,659,680",,11.1,,"238,780",,5.7,,"26,520",*,2.3,*,"2,394,380",,12.8,
Vehicle or parts,"4,710,050",,19.6,,"253,480",,6,,"840,990",,73.9,,"3,615,580",,19.4,
   Motor vehicles,"824,180",,3.4,,"32,330",*,0.8,*,"791,840",,69.6,,0,*,0,*
   Vehicle parts,"2,062,100",,8.6,,"30,750",*,0.7,*,"29,210",*,2.6,*,"2,002,150",,10.7,
   Unattached vehicle accessories,"425,270",,1.8,,"24,060",*,0.6,*,"19,940",*,1.8,*,"381,260",,2,
   Bicycle or parts,"1,398,510",,5.8,,"166,340",,3.9,,0,*,0,*,"1,232,170",,6.6,
Household furnishings,"1,042,010",,4.3,,"533,020",,12.6,,"14,870",*,1.3,*,"494,130",,2.7,
Personal effects,"8,438,210",,35.2,,"1,762,330",,41.8,,"198,600",,17.5,,"6,477,280",,34.7,
"Portable electronic, photographic gear","3,281,030",,13.7,,"572,650",,13.6,,"64,320",,5.7,,"2,644,070",,14.2,
"   Jewelry, clothing","2,265,910",,9.4,,"618,690",,14.7,,"61,800",,5.4,,"1,585,420",,8.5,
   Other personal effects,"2,891,260",,12,,"570,990",,13.5,,"72,480",,6.4,,"2,247,800",,12.1,
Firearms,"191,420",,0.8,,"117,980",,2.8,,0,*,0,*,"73,440",,0.4,
"Tools, machinery","1,893,550",,7.9,,"507,200",,12,,"23,650",*,2.1,*,"1,362,700",,7.3,
Other,"2,749,310",,11.5,,"392,450",,9.3,,"8,320",*,0.7,*,"2,348,530",,12.6,
Don't know,0,*,0,*,0,*,0,*,0,*,0,*,0,*,0,*
"Note: Many incident characteristics were unaffected or minimally affected by changes in methodology in the 2006 National Crime Victimization. However, caution should be used in comparing 2006 rates of individual variables, particularly those with small sample sizes, to previous years. See Criminal Victimization, 2006, at <http://www.ojp.usdoj.gov/bjs/abstract/cv06.htm>.",,,,,,,,,,,,,,,,
Detail may not add to total shown because of rounding.,,,,,,,,,,,,,,,,
Some respondents may have cited multiple items as being stolen.,,,,,,,,,,,,,,,,
*Estimate is based on about 10 or fewer sample cases.,,,,,,,,,,,,,,,,
"a/Crimes of violence includes data on rape and sexual assault, not shown separately.",,,,,,,,,,,,,,,,
