Bureau of Justice Statistics,,,,,,
filename:  cv0698.csv,,,,,,
"Table 98. Percent of victimizations reported to the police, by type of crime and form of tenure",,,,,,
"data source: National Criminal Victimization Survey, 2006  NCJ 223436",,,,,,
produced by:  Cathy Maston ,,,,,,
authors:  Patsy Klaus and Cathy Maston,,,,,,
refer questions to: askbjs@usdoj.gov  202-307-0765,,,,,,
data of version:  08/29/08,,,,,,

"Table 98. Property crimes, 2006: Percent of victimizations reported to the police, by type of crime and form of tenure",,,,,,
,Percent of victimizations reported to the police,,,,,
Type of crime,Both forms,,Owned,,Rented,
Property crimes,37.8,%,39.1,%,35.9,%
   Household burglary,49.5,,51.9,,46.2,
      Completed,50.5,,52.4,,48,
         Forcible entry,71.1,,73.3,,68.2,
         Unlawful entry without force,39,,41.2,,35.8
      Attempted forcible entry,45.5,,50,,38.7
   Motor vehicle theft,80.9,,88.1,,73.4
      Completed,89,,96.9,,80.8
      Attempted,48.8,,53.3,,44.2
   Theft,31.9,,33.1,,30.1
      Completed,32,,33.2,,30.3
         Less than $50,17.3,,17.7,,16.7
         $50 - $249,26,,27,,24.7
         $250 or more,56.4,,57.1,,55.2
         Amount not available,28.6,,31.6,,24.1
      Attempted,28.5,,31.8,,24.6
"Note: Many incident characteristics were unaffected or minimally affected by changes in methodology in the 2006 National Crime Victimization. However, caution should be used in comparing 2006 rates of individual variables, particularly those with small sample sizes, to previous years. See Criminal Victimization, 2006, at <http://www.ojp.usdoj.gov/bjs/abstract/cv06.htm>.",,,,,
