Bureau of Justice Statistics,,,,,,,,,,,,,,,,,,,,
filename:  cv0683.csv,,,,,,,,,,,,,,,,,,,,
"Table 83. Percent distribution of victimizations resulting in economic loss, type of crime and value of loss",,,,,,,,,,,,,,,,,,,,
"data source: National Criminal Victimization Survey, 2006  NCJ 223436",,,,,,,,,,,,,,,,,,,,
produced by:  Cathy Maston ,,,,,,,,,,,,,,,,,,,,
authors:  Patsy Klaus and Cathy Maston,,,,,,,,,,,,,,,,,,,,
refer questions to: askbjs@usdoj.gov  202-307-0765,,,,,,,,,,,,,,,,,,,,
data of version:  08/29/08,,,,,,,,,,,,,,,,,,,,

"Table 83. Personal and property crimes, 2006: Percent distribution of victimizations resulting in economic loss, type of crime and value of loss",,,,,,,,,,,,,,,,,,,,
,,,Percent of victimizations,,,,,,,,,,,,,,,,,
Race and type of crime,Number of victimizations,, Total,,No monetary value,,Less than $50,,$50-$99,,$100-$249,,$250-$499,,$500-$999,,"$1,000 or more",,Not known and not available,
All personal crimes,"1,138,400",,100,%,6.1,%,20.9,%,11.5,%,16.5,%,7.4,%,6.8,%,9.6,%,21.1,%
Crimes of violence/a,"972,050",,100,,7.2,,20.3,,11.1,,16.8,,6.5,,6.4,,10.3,,21.3,
   Completed violence,"728,700",,100,,6.5,,22.1,,12.7,,16.2,,6.7,,5.8,,11.1,,18.8,
   Attempted/threatened violence,"243,350",,100,,9,*,14.9,*,6.3,*,18.7,,6,*,8.2,*,8,*,29,
   Robbery,"486,830",,100,,3.6,*,21.9,,16.5,,14.4,,9.4,,6.9,*,13.8,,13.6,
      Completed/property taken,"482,290",,100,,3.6,*,22.1,,16.7,,14.5,,9.5,,6.9,*,13.9,,12.7,
         With injury,"208,140",,100,,6.8,*,18.8,,23.4,,14.7,*,10.9,*,7.7,*,9.3,*,8.3,*
         Without injury,"274,150",,100,,1.2,*,24.5,,11.6,*,14.4,,8.4,*,6.3,*,17.4,,16.2,
      Attempted to take property,"4,540",*,100,*,0,*,0,*,0,*,0,*,0,*,0,*,0,*,100,*
         With injury,"1,700",*,100,*,0,*,0,*,0,*,0,*,0,*,0,*,0,*,100,*
         Without injury,"2,840",*,100,*,0,*,0,*,0,*,0,*,0,*,0,*,0,*,100,*
   Assault,"456,850",,100,,10.3,,20,,5,*,19.2,,3,*,6.3,*,5.9,*,30.3,
      Aggravated,"183,050",,100,,4.3,*,10.2,*,4.5,*,32.1,,2.6,*,3.6,*,3,*,39.6,
      Simple,"273,800",,100,,14.3,,26.5,,5.3,*,10.6,*,3.3,*,8.1,*,7.9,*,24.1,
Purse snatching/Pocket picking,"166,360",,100,,0,*,23.9,,14.1,*,14.7,*,12.7,*,9.3,*,5.4,*,19.9,*
All property crimes,"17,789,900",,100,%,2.2,%,21.2,%,11.2,%,18.9,%,11.3,%,8.6,%,14.2,%,12.4,%
   Household burglary,"2,888,690",,100,,3.5,,12.3,,6.5,,13.9,,11.8,,12.4,,24.8,,14.8,
      Completed,"2,508,220",,100,,1.6,,10.7,,5.8,,14.5,,12.7,,13.8,,28.1,,12.8,
         Forcible entry,"947,050",,100,,2,*,6.7,,3.1,*,7.5,,9.5,,12.8,,44.5,,13.8,
         Unlawful entry without force,"1,561,170",,100,,1.3,*,13.1,,7.4,,18.8,,14.7,,14.3,,18.2,,12.2,
      Attempted forcible entry,"380,470",,100,,16.3,,22.9,,11.3,,10,,5.9,*,3.3,*,2.9,*,27.5,
   Motor vehicle theft,"922,230",,100,,0.6,*,0,*,1,*,3.5,*,4.1,,10.7,,66.8,,13.3,
      Completed,"791,840",,100,,0,*,0,*,0.5,*,1.1,*,2.1,*,10.2,,74.9,,11.2,
      Attempted,"130,390",,100,,4.2,*,0,*,4.2,*,18.2,*,15.9,*,13.5,*,17.8,*,26.3,*
   Theft,"13,978,980",,100,,2.1,,24.4,,12.9,,20.9,,11.6,,7.7,,8.6,,11.9,
      Completed,"13,791,020",,100,,2,,24.6,,12.9,,20.9,,11.6,,7.7,,8.7,,11.6,
      Attempted,"187,960",,100,,6.8,*,9,*,11.1,*,24.4,,11.8,*,5.3,*,1.9,*,29.6,
"Note: Many incident characteristics were unaffected or minimally affected by changes in methodology in the 2006 National Crime Victimization. However, caution should be used in comparing 2006 rates of individual variables, particularly those with small sample sizes, to previous years. See Criminal Victimization, 2006, at <http://www.ojp.usdoj.gov/bjs/abstract/cv06.htm>.",,,,,,,,,,,,,,,,,,,,
Detail may not add to total shown because of rounding.,,,,,,,,,,,,,,,,,,,,
*Estimate is based on about 10 or fewer sample cases.,,,,,,,,,,,,,,,,,,,,
"a/Includes data on rape and sexual assault, not shown separately.",,,,,,,,,,,,,,,,,,,,
