Bureau of Justice Statistics,,,,,,,,,,,,,,,,,,,,
filename:  cv0697.csv,,,,,,,,,,,,,,,,,,,,
"Table 97. Percent of victimizations reported to the police, by type of crime, form of tenure, and race and ethnicity of head of household",,,,,,,,,,,,,,,,,,,,
"data source: National Criminal Victimization Survey, 2006  NCJ 223436",,,,,,,,,,,,,,,,,,,,
produced by:  Cathy Maston ,,,,,,,,,,,,,,,,,,,,
authors:  Patsy Klaus and Cathy Maston,,,,,,,,,,,,,,,,,,,,
refer questions to: askbjs@usdoj.gov  202-307-0765,,,,,,,,,,,,,,,,,,,,
data of version:  08/29/08,,,,,,,,,,,,,,,,,,,,

"Table 97. Property crimes, 2006: Percent of victimizations reported to the police, by type of crime, form of tenure, and race and ethnicity of head of household",,,,,,,,,,,,,,,,,,,,
,Percent of victimizations reported to the police,,,,,,,,,,,,,,,,,,,
,Both forms,,,,,,,,,,Owned,,,,,,,,,
Type of crime,All households/a,,White only,,Black only,,Hispanic,,Non-Hispanic,,All households/a,,White only,,Black only,,Hispanic,,Non-Hispanic,
Property crimes,37.8,%,37.7,%,38.8,%,33.5,%,38.4,%,39.1,%,39.1,%,39.2,%,34,%,39.7,%
   Household burglary,49.5,,49.5,,48.4,,42,,50.6,,51.9,,52,,49.2,,46.7,,52.3,
      Completed,50.5,,51.4,,48.2,,44.9,,51.4,,52.4,,53.2,,49.9,,47.9,,52.8,
         Forcible entry,71.1,,73.3,,66.1,,64,,72.2,,73.3,,76,,65,,80.9,,72.4
         Unlawful entry without force,39,,39.7,,34.7,,32.7,,40,,41.2,,42,,34.5,*,29.4,*,42.4
      Attempted forcible entry,45.5,,41.6,,49,,32,*,47.7,,50,,46.7,,47,*,42.6,*,50.5
   Motor vehicle theft,80.9,,82.5,,74.5,,68.8,,83.3,,88.1,,89.3,,90,,88.8,,88.2
      Completed,89,,89.8,,83.4,,79.5,,90.8,,96.9,,96.2,,100,,96.2,,96.9
      Attempted,48.8,,50.2,,43.3,*,25,*,53.5,,53.3,,57.6,,62.2,*,61.4,*,52.2
   Theft,31.9,,32.2,,31.5,,28.3,,32.5,,33.1,,33.3,,32.5,,27.9,,33.8
      Completed,32,,32.3,,32.1,,28.1,,32.7,,33.2,,33.3,,33.3,,27,,33.9
         Less than $50,17.3,,17.4,,20.2,,16.5,,17.4,,17.7,,17.9,,20.4,,16.7,*,17.8
         $50 - $249,26,,26.8,,25.1,,18.1,,27.4,,27,,27.5,,24.2,,17.7,,28.2
         $250 or more,56.4,,57.2,,50.8,,54.6,,56.7,,57.1,,57.3,,56.1,,50.8,,57.8
         Amount not available,28.6,,27.2,,36,,21.9,,30.1,,31.6,,31.2,,35.8,*,19.3,*,34.2
      Attempted,28.5,,28.7,,16,*,33,*,28.2,,31.8,,33.8,,12.6,*,56,*,29.3
,Percent of victimizations reported to the police,,,,,,,,,,,,,,,,,,
,Rented,,,,,,,,,,,,,,,,,,
Type of crime,All households/a,,White only,,Black only,,Hispanic,,Non-Hispanic,,,,,,,,,,
Property crimes,35.9,%,35.2,%,38.6,%,33,%,36.5,%
   Household burglary,46.2,,45.3,,48,,39.3,,47.9,
      Completed,48,,48.2,,47.3,,43.1,,49.1,
         Forcible entry,68.2,,69.2,,66.9,,55.2,,72,
         Unlawful entry without force,35.8,,35.7,,34.8,,34.8,,36,
      Attempted forcible entry,38.7,,33,,50.4,,25.5,*,42.8,
   Motor vehicle theft,73.4,,73.2,,68.7,,56.8,,77.5,
      Completed,80.8,,80.8,,77.7,,69.8,,83.6,
      Attempted,44.2,,40.7,*,34.2,*,0,*,54.9,
   Theft,30.1,,30.1,,30.9,,28.6,,30.4,
      Completed,30.3,,30.5,,31.3,,29.2,,30.5,
         Less than $50,16.7,,16.4,,20,,16.3,*,16.7,
         $50 - $249,24.7,,25.8,,25.8,,18.4,,26.1,
         $250 or more,55.2,,56.9,,47.2,,58.5,,54.7,
         Amount not available,24.1,,20.7,,36.2,*,24.7,*,23.4,
      Attempted,24.6,,21.6,,18.7,*,12.6,*,26.8,
"Note: Many incident characteristics were unaffected or minimally affected by changes in methodology in the 2006 National Crime Victimization. However, caution should be used in comparing 2006 rates of individual variables, particularly those with small sample sizes, to previous years. See Criminal Victimization, 2006, at <http://www.ojp.usdoj.gov/bjs/abstract/cv06.htm>."
*Estimate is based on about 10 or fewer sample cases.
"a/Includes data on persons of ""Other"" races and persons indicating two or more races."
