Bureau of Justice Statistics,,,,,
filename:  cv0626.csv,,,,,
"Table 26. Number of incidents and victimizations and ratio of victimizations to incidents, by type of crime",,,,,
"data source: National Criminal Victimization Survey, 2006  NCJ 223436",,,,,
produced by:  Cathy Maston ,,,,,
authors:  Patsy Klaus and Cathy Maston,,,,,
refer questions to: askbjs@usdoj.gov  202-307-0765,,,,,
data of version:  08/29/08,,,,,

"Table 26. Personal crimes, 2006:  Number of incidents and victimizations and ratio of victimizations to incidents, by type of crime",,,,,
Type of crime         ,     Incidents,,Victimizations,, Ratio
Personal crimes,"5,858,840",,"6,267,610",,1.07
  Crimes of violence,"5,685,620",,"6,094,390",,1.07
    Completed violence,"1,877,320",,"2,019,260",,1.08
    Attempted/threatened violence,"3,808,300",,"4,075,130",,1.07
   Rape/Sexual assault,"255,630",,"260,940",,1.02
      Rape/Attempted rape,"187,010",,"192,320",,1.03
         Rape,"113,290",,"116,600",,1.03
         Attempted rape/a,"73,720",,"75,720",,1.03
      Sexual assault/b,"68,620",,"68,620",,1
    Robbery,"645,950",,"712,610",,1.1
      Completed/property taken,"455,530",,"482,290",,1.06
         With injury,"201,430",,"208,140",,1.03
         Without injury,"254,110",,"274,150",,1.08
      Attempted to take property,"190,410",,"230,320",,1.21
         With injury,"30,950",*,"43,340",,1.4
         Without injury,"159,460",,"186,980",,1.17
    Assault,"4,784,040",,"5,120,840",,1.07
      Aggravated,"1,209,730",,"1,344,280",,1.11
         With injury,"413,610",,"466,610",,1.13
         Threatened with weapon,"796,120",,"877,670",,1.1
      Simple,"3,574,320",,"3,776,550",,1.06
         With minor injury,"841,980",,"900,850",,1.07,
         Without injury,"2,732,340",,"2,875,700",,1.05,
 Purse snatching/Pocket picking,"173,220",,"173,220",,1,
    Completed purse snatching,"34,250",*,"34,250",*,1,*
    Attempted purse snatching,"6,870",*,"6,870",*,1,*
    Pocket picking,"132,110",,"132,110",,1,
Note: Detail may not add to total shown because of rounding.,,,,,,
*Estimate is based on about 10 or fewer sample cases.,,,,,,
a/Includes verbal threats of rape.,,,,,,
b/Includes threats.,,,,,,
