Warsaw Police Department,
MONTHLY COUNCIL REPORT,
January 2014,
Civic Programs Presented & Community Events,
None,
Calls for Service,25
Directed Patrols,100
Business and Property Checks Conducted,263
Follow Ups,4
Arrest,4
Probation Violations,4
Uniform Traffic Summons,20
Defective Equipment,1
Drive while Suspended,2
Expired Inspection,2
Expired Registration,1
Failure to Keep Right of Center Lane,1
Failed to Yield Right of Way,2
Lane Change – Improper,1
"Seat Belt Required, Front Seat",1
Speeding,9
Submitted by:,
______________________________________,
Chandra O. Johnson - Administrative Assistant,
"""When The Community And Police Work Together We Can Make A Difference!"" – Chief C. Spare","""When The Community And Police Work Together We Can Make A Difference!"" – Chief C. Spare"
2/5/2014,
