Bureau of Justice Statistics,,,,,,,,,,,,,
filename:  cv0514.csv,,,,,,,,,,,,,
"Table 14. Victimization rates for persons age 12 and over, by type of crime and annual family income of victims",,,,,,,,,,,,,
"data source: National Criminal Victimization Survey, 2005  NCJ 215244",,,,,,,,,,,,,
produced by:  Cathy Maston ,,,,,,,,,,,,,
authors:  Patsy Klaus and Cathy Maston,,,,,,,,,,,,,
refer questions to: askbjs@usdoj.gov  202-307-0765,,,,,,,,,,,,,
data of version:  12/08/06,,,,,,,,,,,,,

"Table 14. Personal crimes, 2005:  Victimization rates for persons age 12 and over, by type of crime and annual family income of victims",,,,,,,,,,,,,
,"Rate per 1,000 persons age 12 and over",,,,,,,,,,,,
Type of crime         ,"Less than $7,500",,"$7,500-$14,999",," $15,000-$24,999",,"$25,000-$34,999",,"$35,000-$49,999",,"$50,000-$74,999",,"$75,000 or more"
All personal crimes,40.9,,28.1,,31.2,,27.1,,23.6,,21.7,,17.4
Crimes of violence,37.7,,26.5,,30.1,,26.1,,22.4,,21.1,,16.4
   Completed violence,14.4,,10.5,,9.7,,9.5,,6.8,,6,,4.9
   Attempted/threatened violence,23.3,,16,,20.4,,16.6,,15.7,,15.1,,11.4
   Rape/Sexual assault,2.2,*,0.6,*,1.4,*,1.7,,0.9,*,0.5,*,0.6,*
      Rape/Attempted rape,1.9,*,0.6,*,0.7,*,0.9,*,0.7,*,0.5,*,0.4,*
         Rape,1.9,*,0.4,*,0.4,*,0.9,*,0.3,*,0.1,*,0,*
         Attempted rape/a,0,*,0.2,*,0.3,*,0,*,0.3,*,0.4,*,0.4,*
      Sexual assault/b,0.3,*,0,*,0.7,*,0.8,*,0.2,*,0,*,0.2,*
   Robbery,5.6,,4.9,,3.5,,2.8,,2.5,,1.8,,2.1,
      Completed/property taken,3.7,*,4.1,,2.2,,2,,1.4,,1.2,,1.6,
         With injury,1.8,*,1.5,*,1.5,*,0.6,*,0.6,*,0.2,*,0.4,*
         Without injury,1.9,*,2.6,,0.7,*,1.5,*,0.8,*,1,*,1.2,
      Attempted to take property,2,*,0.8,*,1.3,*,0.8,*,1.2,*,0.6,*,0.5,*
         With injury,0.7,*,0,*,0.7,*,0.3,*,0.4,*,0.2,*,0.1,*
         Without injury,1.3,*,0.8,*,0.6,*,0.5,*,0.7,*,0.4,*,0.4,*
   Assault,29.9,,21,,25.2,,21.6,,19,,18.8,,13.7,
      Aggravated,9.7,,6.8,,6.4,,5.2,,4.3,,4.3,,2.6,
         With injury,2.9,*,2.5,,1.8,,2,,1.5,,1.3,,0.8,
         Threatened with weapon,6.8,,4.3,,4.6,,3.3,,2.8,,2.9,,1.8,
      Simple,20.1,,14.2,,18.8,,16.4,,14.7,,14.5,,11.1
         With minor injury,6,,3.4,,4.8,,3.9,,3.4,,3.3,,2.4
         Without injury,14.2,,10.8,,14,,12.5,,11.4,,11.2,,8.7
  Purse snatching/Pocket picking,3.2,*,1.6,*,1.1,*,1,*,1.1,*,0.6,*,1
Population age 12 and over,"8,367,490",,"14,798,200",,"22,414,530",,"22,504,200",,"30,575,740",,"35,692,930",,"52,979,190"
Note: Detail may not add to total shown because of rounding.,,,,,,,,,,,,,
Excludes data on persons whose family income level was not ascertained.,,,,,,,,,,,,,
*Estimate is based on about 10 or fewer sample cases.,,,,,,,,,,,,,
a/Includes verbal threats of rape.,,,,,,,,,,,,,
b/Includes threats.,,,,,,,,,,,,,
