Bureau of Justice Statistics,,,,,,,,,,,,,,,,,,,,,,,,
"Filename: Criminal Victimization in the United States, 2008 Statistical Tables",,,,,,,,,,,,,,,,,,,,,,,,
"Table 39. Percent distribution of single-offender victimizations, by type of crime and perceived age of offender",,,,,,,,,,,,,,,,,,,,,,,,
"Report title: Criminal Victimization in the United States, 2008 Statistical Tables",,,,,,,,,,,,,,,,,,,,,,,,
Data sources: National Crime Victimization Survey,,,,,,,,,,,,,,,,,,,,,,,,
Author(s): Michael Rand and Jayne E. Robinson,,,,,,,,,,,,,,,,,,,,,,,,
Refer questions to: askbjs@usdoj.gov 202-307-0765,,,,,,,,,,,,,,,,,,,,,,,,
Date of version: 5/1/2011,,,,,,,,,,,,,,,,,,,,,,,,
,,,,,,,,,,,,,,,,,,,,,,,,
"Table 39. Personal crimes of violence, 2008:",,,,,,,,,,,,,,,,,,,,,,,,
,,,,,,,,,,,,,,,,,,,,,,,,
"Percent distribution of single-offender victimizations,",,,,,,,,,,,,,,,,,,,,,,,,
by type of crime and perceived age of offender,,,,,,,,,,,,,,,,,,,,,,,,
,,,,,,,,,,,,,,,,,,,,,,,,
,,,,,,,,,,,,,,,,,,,,,,,,
,,,,,,,,,Perceived age of offender,,,,,,,,,,,,,,,
,,,,,Number of,,,,,,,,,,,,,,,,,,Not known,
,,,,,single-offender,,,,,,Perceived age 12-20,,,,,,,,,,,,or not,
Type of crime,,,,,victimizations,,  Total,,Under 12,,  Total,,14-Dec,,15-17,,18-20,,21-29,,   30 or older,,available,
,,,,,,,,,,,,,,,,,,,,,,,,
,,,,,,,,,,,,,,,,,,,,,,,,
Crimes of violence,,,,,"3,652,340",,100,%,0.8,*,23.7,,7,,10.2,,6.5,,23.3,,38.7,,13.4,
,,,,,,,,,,,,,,,,,,,,,,,,
  Completed violence,,,,,"1,002,360",,100,%,0.7,*,28.7,,7.3,,11.6,,9.8,,32.6,,29.4,,8.7,
  Attempted/threatened violence,,,,,"2,649,980",,100,%,0.9,*,21.9,,6.9,,9.6,,5.3,,19.8,,42.2,,15.2,
,   Rape/sexual assaulta,,,,"181,830",,100,%,0,*,36,,9,*,14.9,*,12.1,*,18.6,*,34.1,,11.2,*
,   Robbery,,,,"314,500",,100,%,0,*,25.4,,4.3,*,11.2,*,10,*,33.8,,25.5,,15.3,
,      Completed/property taken,,,,"217,270",,100,%,0,*,28.2,,6.2,*,14.5,*,7.6,*,33.6,,24.8,,13.4,*
,         With injury,,,,"83,780",,100,%,0,*,23.9,*,8.2,*,4.4,*,11.4,*,39,*,30.5,*,6.5,*
,         Without injury,,,,"133,480",,100,%,0,*,30.9,,4.9,*,20.8,*,5.2,*,30.2,,21.3,*,17.7,*
,      Attempted to take property,,,,"97,230",,100,%,0,*,19.3,*,0,*,3.7,*,15.5,*,34.2,*,27,*,19.5,*
,         With injury,,,,"31,570",*,100,%*,0,*,20.4,*,0,*,0,*,20.4,*,29.8,*,39.6,*,10.2,*
,         Without injury,,,,"65,660",,100,%,0,*,18.7,*,0,*,5.5,*,13.2,*,36.3,*,21,*,24,*
,   Assault,,,,"3,156,010",,100,%,0.9,*,22.8,,7.2,,9.8,,5.8,,22.6,,40.3,,13.4,
,      Aggravated,,,,"604,740",,100,%,0.6,*,24.5,,9.6,,10.5,,4.4,*,21.9,,36.1,,16.9,
,      Simple,,,,"2,551,260",,100,%,1,*,22.4,,6.6,,9.7,,6.2,,22.7,,41.3,,12.5,
,,,,,,,,,,,,,,,,,,,,,,,,
,,,,,,,,,,,,,,,,,,,,,,,,
,Note: Detail may not add to total shown because of rounding.,,,,,,,,,,,,,,,,,,,,,,,
,*Estimate is based on 10 or fewer sample cases.,,,,,,,,,,,,,,,,,,,,,,,
,aIncludes verbal threats of rape and threats of sexual assault.,,,,,,,,,,,,,,,,,,,,,,,
