Bureau of Justice Statistics,,,,,,,,,,,,,
"Filename: Criminal Victimization in the United States, 2008 Statistical Tables",,,,,,,,,,,,,
"Table 32. Percent distribution of victimizations,  by perceived drug or alcohol use by offender",,,,,,,,,,,,,
"Report title: Criminal Victimization in the United States, 2008 Statistical Tables",,,,,,,,,,,,,
Data sources: National Crime Victimization Survey,,,,,,,,,,,,,
Author(s): Michael Rand and Jayne E. Robinson,,,,,,,,,,,,,
Refer questions to: askbjs@usdoj.gov 202-307-0765,,,,,,,,,,,,,
Date of version: 5/1/2011,,,,,,,,,,,,,
,,,,,,,,,,,,,
"Table 32. Personal crimes of violence, 2008:",,,,,,,,,,,,,
,,,,,,,,,,,,,
"Percent distribution of victimizations,  by perceived drug or alcohol use by offender",,,,,,,,,,,,,
,,,,,,,,,,,,,
,,Percent of victimizations,,,,,,,,,,,
,,Crimes,,Rape/,,,,,,,,,
Perceived drug or,,of,,sexual,,,,Assault,,,,,
alcohol use by offender,,violence,,assaulta,,Robbery,,     Total,,Aggravated,,   Simple,
,,,,,,,,,,,,,
,,,,,,,,,,,,,
Total victimizations,,100,%,100,%,100,%,100,%,100,%,100,%
,,,,,,,,,,,,,
Total Perceived to be under the,,,,,,,,,,,,,
   influence of drugs or alcohol,,24.2,,30,,23.3,,24.1,,26.2,,23.5,
,,,,,,,,,,,,,
,,,,,,,,,,,,,
  Under the influence of alcohol,,13.8,,13.5,*,6.6,*,14.8,,14.8,,14.8,
  Under the influence of drugs,,5.1,,8.6,*,10.9,,4.1,,5.1,,3.9,
  Under the influence of both,,,,,,,,,,,,,
    drugs and alcohol,,3.9,,7.9,*,5.1,*,3.5,,4.9,,3.1,
"  Under the influence of one,",,,,,,,,,,,,,
    not sure which,,1.3,,0,*,0.6,*,1.5,,1.4,*,1.5,
  Not available whether,,,,,,,,,,,,,
    drugs or alcohol,,0.1,*,0,*,0,*,0.2,*,0,*,0.2,*
,,,,,,,,,,,,,
Not on alcohol or drugs,,28.6,,25.8,,13.9,,30.7,,26,,31.9,
Don't know or not ascertained,,47.2,,44.2,,62.8,,45.2,,47.8,,44.6,
,,,,,,,,,,,,,
,,,,,,,,,,,,,
Note: Detail may not add to total shown because of rounding.,,,,,,,,,,,,,
*Estimate is based on 10 or fewer sample cases.,,,,,,,,,,,,,
aIncludes verbal threats of rape and threats of sexual assault.,,,,,,,,,,,,,
