Bureau of Justice Statistics,,,,,,,,,,,,,,
"Filename: Criminal Victimization in the United States, 2008 Statistical Tables",,,,,,,,,,,,,,
"Table 30. Percent of victimizations involving strangers, by sex and race of victims and type of crime",,,,,,,,,,,,,,
"Report title: Criminal Victimization in the United States, 2008 Statistical Tables",,,,,,,,,,,,,,
Data sources: National Crime Victimization Survey,,,,,,,,,,,,,,
Author(s): Michael Rand and Jayne E. Robinson,,,,,,,,,,,,,,
Refer questions to: askbjs@usdoj.gov 202-307-0765,,,,,,,,,,,,,,
Date of version: 5/1/2011,,,,,,,,,,,,,,
,,,,,,,,,,,,,,
"Table 30. Personal crimes of violence, 2008:",,,,,,,,,,,,,,
,,,,,,,,,,,,,,
"Percent of victimizations involving strangers,",,,,,,,,,,,,,,
by sex and race of victims and type of crime,,,,,,,,,,,,,,
,,,,,,,,,,,,,,
,,,Crimes,,Rape/,,,,,,,,,
,,,of,,sexual,,,,Assault,,,,,
Sex and race,,,violence,,assaulta,,Robbery,,     Total,,Aggravated,,   Simple,
,,,,,,,,,,,,,,
Both ,,,,,,,,,,,,,,
,White only,,47.9,%,23.1,%*,60.3,%,47.6,%,52.4,%,46.5,%
,Black only,,61.9,,64.4,*,79,,56.6,,47.3,,60.2,
,,,,,,,,,,,,,,
Male,,,,,,,,,,,,,,
,White only,,62.3,,0,*,74.1,,62,,66.5,,60.9,
,Black only,,64.7,,0,*,88.8,,58.3,,38.2,*,65.7,
,,,,,,,,,,,,,,
Female,,,,,,,,,,,,,,
,White only,,30.3,,28.9,*,42.3,,29.2,,32.5,,28.5,
,Black only,,59,,76.4,*,63.8,,54.8,,56.6,,54,
,,,,,,,,,,,,,,
,,,,,,,,,,,,,,
"Note: Excludes data on persons of ""Other"" races.",,,,,,,,,,,,,,
*Estimate is based on 10 or fewer sample cases.,,,,,,,,,,,,,,
aIncludes verbal threats of rape and threats of sexual assault.,,,,,,,,,,,,,,
