Bureau of Justice Statistics,,,,,,,,,,,,,,,
"Filename: Criminal Victimization in the United States, 2008 Statistical Tables",,,,,,,,,,,,,,,
"Table 44. Percent distribution of multiple-offender victimizations, by type of crime and perceived sex of offenders",,,,,,,,,,,,,,,
"Report title: Criminal Victimization in the United States, 2008 Statistical Tables",,,,,,,,,,,,,,,
Data sources: National Crime Victimization Survey,,,,,,,,,,,,,,,
Author(s): Michael Rand and Jayne E. Robinson,,,,,,,,,,,,,,,
Refer questions to: askbjs@usdoj.gov 202-307-0765,,,,,,,,,,,,,,,
Date of version: 5/1/2011,,,,,,,,,,,,,,,
,,,,,,,,,,,,,,,
"Table 44. Personal crimes of violence, 2008:",,,,,,,,,,,,,,,
,,,,,,,,,,,,,,,
"Percent distribution of multiple-offender victimizations,",,,,,,,,,,,,,,,
by type of crime and perceived sex of offenders,,,,,,,,,,,,,,,
,,,,,,,,,,,,,,,
       ,,,,,,Percent of all multiple-offender victimizations,,,,,,,,,
                                                                                                                                         ,,,,Number of,,Perceived sex of offenders,,,,,,,,,
,,,,multiple-,,,,,,,,,,Not known,
                                                                                                                ,,,,offender,,,,,,,,Male and,,or not,
Type of crime,,,,victimizations,,Total,, Male,,Female,,female,,available,
,,,,,,,,,,,,,,,
Crimes of violence,,,,"946,580",,100,%,63,,9.2,,19.6,,8.2,
,,,,,,,,,,,,,,,
   Completed violence,,,,"325,080",,100,%,74.6,,4.5,*,19.9,,0.9,*
   Attempted/threatened violence,,,,"621,490",,100,%,57,,11.6,,19.4,,12.1,
   Rape/sexual assaulta,,,,"13,600",*,100,%*,75.7,*,0,*,24.3,*,0,*
   Robbery,,,,"215,540",,100,%,79.3,,2.8,*,11.3,*,6.7,*
      Completed/property taken,,,,"143,460",,100,%,78.4,,4.2,*,15.3,*,2.1,*
         With injury,,,,"51,210",,100,%,74.8,,0,*,25.2,*,0,*
         Without injury,,,,"92,240",,100,%,80.4,,6.6,*,9.8,*,3.3,*
      Attempted to take property,,,,"72,070",,100,%,81,,0,*,3.2,*,15.8,*
         With injury,,,,"32,710",*,100,%*,78.6,*,0,*,0,*,21.4,*
         Without injury,,,,"39,360",,100,%,83,*,0,*,5.9,*,11.1,*
   Assault,,,,"717,430",,100,%,57.9,,11.2,,22,,8.9,
      Aggravated,,,,"198,050",,100,%,67.5,,4.2,*,23.3,,5,*
      Simple,,,,"519,380",,100,%,54.3,,13.9,,21.5,,10.3,
,,,,,,,,,,,,,,,
,,,,,,,,,,,,,,,
Note: Detail may not add to total shown because of rounding.,,,,,,,,,,,,,,,
*Estimate is based on 10 or fewer sample cases.,,,,,,,,,,,,,,,
aIncludes verbal threats of rape and threats of sexual assault.,,,,,,,,,,,,,,,
