Name: “Table 1 of 1 on page 1 of 1”,Name: “Table 1 of 1 on page 1 of 1”
Table: 1,Table: 1
,
Warsaw Police Department,
MONTHLY COUNCIL REPORT,
November 2013,
Civic Programs Presented & Community Events,
"November 5 th – Bullying Symptoms, Solutions and Systems at RHS (Chief Spare)","November 5 th – Bullying Symptoms, Solutions and Systems at RHS (Chief Spare)"
November 6th – K & Q Resource Council to discuss Triad (Chief Spare),
Calls for Service,22
Directed Patrols,91
Property & Business Checks Conducted,202
Follow Ups,3
Arrest,9
Attempted Murder,1
Using Firearm in Attempted Murder,1
Use firearm in Attempted Malice,1
Shoot at Occupied Vehicle,1
Malicious Wounding,1
Convicted Felon with Firearm,1
Probation Violation,2
Drunk in Public,1
Uniform Traffic Summons,7
Drive While Suspended,1
Expired Inspection,1
Fail to Keep Right,1
Failure to Stop at Traffic Light,1
Following too Close,1
Speeding,2
______________________________________,
Chandra O. Johnson - Administrative Assistant,
"""When The Community And Police Work Together We Can Make A Difference!"" – Chief C. Spare","""When The Community And Police Work Together We Can Make A Difference!"" – Chief C. Spare"
12/9/2013,
