Bureau of Justice Statistics,,,,,,,,,,,,,,,,,,,,,,,,
Filename: mlj07t04.csv,,,,,,,,,,,,,,,,,,,,,,,,
"Table 4. Distribution of deaths, by time served (days) since admission and cause of death, 2000-2007",,,,,,,,,,,,,,,,,,,,,,,,
"Report title: Mortality in Local Jails, 2000-2007  NCJ 222988",,,,,,,,,,,,,,,,,,,,,,,,
Data source(s): Deaths in Custody Reporting Program and the Survey of Large Jails,,,,,,,,,,,,,,,,,,,,,,,,
Author(s): Margaret E. Noonan,,,,,,,,,,,,,,,,,,,,,,,,
Refer questions to: askbjs@usdoj.gov  (202) 307-0765,,,,,,,,,,,,,,,,,,,,,,,,
Date of version: 10-27-2010,,,,,,,,,,,,,,,,,,,,,,,,
,,,,,,,,,,,,,,,,,,,,,,,,
"Table 4. Distribution of deaths, by time served (days) since admission and cause of death, 2000-2007",,,,,,,,,,,,,,,,,,,,,,,,
, ,,Percent of jail deaths,,,,,,,,,,,,,,,,,,,,,
Time served,Percent of jail discharges*,,All causes,,Suicide,,Illness,,Heart disease,,AIDS,,Cancer,,Liver disease,,All other illnesses,,Drug/alcohol intoxication,,Accident,,Homicide,
7 or less days,62,%,38,%,47,%,27,%,32,%,7,%,4,%,24,%,31,%,74,%,51,%,27,%
8-30 days,18,,18,,16,,21,,21,,20,,12,,18,,22,,7,,11,,25,
31-60 days,6,,11,,11,,13,,13,,13,,14,,16,,12,,3,,8,,10,
61-120 days,6,,13,,11,,15,,13,,23,,18,,18,,14,,5,,10,,16,
121-180 days,3,,7,,5,,9,,8,,16,,16,,9,,8,,3,,5,,8,
More than 180 days,4,,13,,10,,15,,13,,21,,36,,16,,13,,8,,15,,14,
Note: Details may not sum to total due to rounding.,,,,,,,,,,,,,,,,,,,,,,,,
*The percent of jail discharges are based on unpublished BJS data from the 2004 Survey of Large Jails. See Methodology.,,,,,,,,,,,,,,,,,,,,,,,,
