Bureau of Justice Statistics,,,,,,,,
Filename: mlj07f02.csv,,,,,,,,
"Figure 2. Top four causes of death in local jails, 2000-2007",,,,,,,,
"Report title: Mortality in Local Jails, 2000-2007  NCJ 222988",,,,,,,,
Data source(s): Deaths in Custody Reporting Program,,,,,,,,
Author(s): Margaret E. Noonan,,,,,,,,
Refer questions to: askbjs@usdoj.gov  (202) 307-0765,,,,,,,,
Date of version: 07-07-2010,,,,,,,,
,,,,,,,,
"Figure 2. Top four causes of death in local jails, 2000-2007",,,,,,,,
"Mortality rate per 100,000 jail inmates",2000,2001,2002,2003,2004,2005,2006,2007
Suicide ,48,49,47,43,42,38,36,36
Heart disease,33,34,33,35,32,27,32,30
Intoxication,6,9,8,13,11,11,11,10
AIDS,10,9,7,8,7,5,7,5
