Bureau of Justice Statistics,,,,,,,,,,,
Filename: mlj07t10.csv,,,,,,,,,,,
"Table 10. Mortality rate per 100,000 jail inmates, by selected inmate characteristics and leading cause of death, 2000�2007",,,,,,,,,,,
"Report title: Mortality in Local Jails, 2000-2007  NCJ222988",,,,,,,,,,,
Data source(s): Deaths in Custody Reporting Program,,,,,,,,,,,
Author(s): Margaret E. Noonan,,,,,,,,,,,
Refer questions to: askbjs@usdoj.gov  (202) 307-0765,,,,,,,,,,,
Date of version: 10-27-2010,,,,,,,,,,,
,,,,,,,,,,,
"Table 10. Mortality rate per 100,000 jail inmates, by selected inmate characteristics and leading cause of death, 2000�2007",,,,,,,,,,,
Characteristic,,All causes,All illnesses,Heart disease,AIDS,Cancer,All other illnesses/a,Suicide,Drug/alcohol intoxication,Accidental,Homicide
,Total,145,77,32,7,5,32,42,10,4,3
Sex,,,,,,,,,,,
,Male,146,76,33,7,5,31,45,9,4,3
,Female,136,78,25,7,3,44,28,17,3,1
Race/Hispanic origin,,,,,,,,,,,
,"White, non-Hispanic",172,73,34,3,5,31,68,14,6,3
,"Black, non-Hispanic",123,87,35,13,6,33,16,6,3,3
,Hispanic,115,59,18,6,3,31,34,8,3,4
Age,,,,,,,,,,,
,Under 18,49,6,2,1,0,3,37,2,1,1
,18-24,52,9,3,1,0,5,31,5,2,3
,25-34,88,28,10,5,1,12,41,10,3,2
,35-44,163,85,33,12,3,36,50,12,5,3
,45-54,383,268,113,22,17,117,57,20,9,6
,55 or older,893,731,358,20,86,267,71,14,12,9
Legal Status,,,,,,,,,,,
,Convicted,88,55,25,5,4,22,18,4,3,2
,Unconvicted/b,179,90,36,9,6,39,58,14,5,4
"Note: Mortality rates are based on the average daily population (ADP). In 2000 and 2001, ADP was estimated by taking the average of January 1 and December 31 one-day inmate population counts. Inmate populations for age and offense are estimates based on the 2002 Survey of Inmates in Local Jails. Inmate populations for sex, race/Hispanic origin and legal status are estimates based on the 2000 through 2007 Annual Survey of Jails. Detail may not sum to total due to rounding. All causes of death are included in the calculations of the total mortality rate.",,,,,,,,,,,
"a/Includes other specified (such as influenza, septicemia, diabetes, and hepatitis) and unspecified or unknown illnesses. See appendix tables 2 and 3 of this report for a list of the more than 50 illnesses reported to the program. See Methodology for details on illness classifications.",,,,,,,,,,,
b/Unconvicted included inmates who were returned to jail on a probation or parole violation.,,,,,,,,,,,
