Bureau of Justice Statistics,,,,,,,
filename:  cv0577.csv,,,,,,,
"Table 77. Percent of victimizations in which victims incurred medical expenses, by selected characteristics of victims and type of crime",,,,,,,
"data source: National Criminal Victimization Survey, 2005  NCJ 215244",,,,,,,
produced by:  Cathy Maston ,,,,,,,
authors:  Patsy Klaus and Cathy Maston,,,,,,,
refer questions to: askbjs@usdoj.gov  202-307-0765,,,,,,,
data of version:  12/08/06,,,,,,,

"Table 77. Personal crimes of violence, 2005: Percent of victimizations in which victims incurred medical expenses, by selected characteristics of victims and type of crime",,,,,,,
,,Percent of victimizations,,,,,
Characteristic,,Crime of violence/a,,  Robbery,,  Assault,
Race,,,,,,,
,All races/b,7.4,%,11.3,%,6.5,%
,White only,6.5,,10.3,,5.6,
,Black only,12.2,,12,*,12.2,
Victim-offender relationship,,,,,,
,Strangers,7.9,,12.3,,6.8
,Nonstrangers,6.9,,7.4,*,6.2
Note: Data includes victimizations in which the amount of medical expenses incurred was not ascertained.,,,,,,
*Estimate is based on about 10 or fewer sample cases.,,,,,,
"a/Includes data on rape and sexual assault, not shown separately.",,,,,,
"b/Includes data on persons of ""Other"" races and persons indicating two or more races, not shown separately.",,,,,,
