"Bureau of Justice Statistics",,,,,,,,,
"Filename:  vpj05.csv",,,,,,,,,
"Table 5. Current offense of veterans in State prison, by Vietnam-era service",,,,,,,,,
"and combat-duty service, 1997",,,,,,,,,
"Report title: Veterans in Prison or Jail, NCJ 178888",,,,,,,,,
"Data source:  1997 Survey of Inmates in State Correctional Facilities",,,,,,,,,
"Author:  Christopher Mumola",,,,,,,,,
"Refer questions to: askbjs@ojp.usdoj.gov (202) 307-0765",,,,,,,,,
"Date of version: 12/15/99",,,,,,,,,
,,,,,,,,,
"Table 5. Current offense of veterans in State prison, by Vietnam-era",,,,,,,,,
"service and combat-duty service, 1997",,,,,,,,,
,,,,,,,,,
,"Percent of veterans in State prison, 1997",,,,,,,,
,"  Vietnam-era service /a",,,,,"Served in combat duty",,,
"Current offense","Yes",,"No",,,"Yes",,"No",
,,,,,,,,,
"  Violent offenses",59.4,"%",52.3,"%",,54.9,"%",55.1,"%"
"    Homicide /b",20.4,,14.4,,,19.6,,16.0,
"    Sexual assault c/",20.0,,16.4,,,16.2,,18.3,
"    Robbery",8.0,,11.4,,,8.0,,10.9,
"    Assault",8.8,,8.3,,,9.1,,8.0,
"    Other violent",2.2,,1.7,,,2.0,,1.9,
,,,,,,,,,
"  Property offenses",15.6,"%",23.1,"%",,18.5,"%",20.7,"%"
"    Burglary",6.9,,10.4,,,7.8,,9.2,
"    Larceny",4.1,,4.4,,,4.3,,4.3,
"    Motor vehicle theft",0.7,,1.7,,,0.7,,1.6,
"    Fraud",1.8,,4.0,,,3.7,,3.1,
"    Stolen property",0.9,,1.8,,,0.7,,1.8,
"    Other property",1.2,,0.8,,,1.4,,0.8,
,,,,,,,,,
"  Drug offenses",14.6,"%",14.4,"%",,13.7,"%",14.6,"%"
"    Possession",5.1,,4.6,,,3.9,,5.0,
"    Trafficking",8.7,,9.1,,,8.9,,9.0,
"    Other drug",0.7,,0.7,,,0.9,,0.6,
,,,,,,,,,
"  Public-order offenses",10.4,"%",10.1,"%",,12.5,"%",9.6,"%"
"    Weapons",0.9,,2.1,,,1.2,,1.9,
"    Other public-order",9.5,,7.9,,,11.3,,7.8,
,,,,,,,,,
"  Other/unspecified",0.0,"%",0.1,"%",,0.4,"%",0.0,"%"
,,,,,,,,,
"Number of prisoners ",44063,,81090,,,25741,,103590,
,,,,,,,,,
"a/ Defined as military service during the years 1964-73.",,,,,,,,,
"b/ Includes murder and manslaughter.",,,,,,,,,
"c/ Includes rape and other sexual assault.",,,,,,,,,
