"Bureau of Justice Statistics",,,,,,,
"Filename:  vpj01.csv",,,,,,,
"Table 1: Military service of veterans in State and Federal prisons, 1997 and local jails, 1996",,,,,,,
"Report title: Veterans in Prison or Jail, NCJ 178888",,,,,,,
"Data source:  1997 Survey of Inmates in State and Federal Correctional Facilities, and",,,,,,,
"1996 Survey of Inmates in Local Jails",,,,,,,
"Author:  Christopher Mumola",,,,,,,
"Refer questions to: askbjs@ojp.usdoj.gov (202) 307-0765",,,,,,,
"Date of version: 12/15/99",,,,,,,
,,,,,,,
"Table 1. Military service of veterans in State and Federal prisons, 1997",,,,,,,
"and local jails, 1996",,,,,,,
,,,,,,,
,"Percent of veterans",,,,,"Percent of",
,"in prison, 1997",,,,,"veterans in",
,"State",,"Federal",,,"local jails, 1996",
,,,,,,,
"In which branch of the U.S. Armed Forces",,,,,,,
"did you serve?  /a",,,,,,,
"  Army",58.6,"%",58.4,"%",,56.7,"%"
"  Navy",17.2,,14.0,,,19.8,
"  Marine Corps",15.6,,16.2,,,14.8,
"  Air Force",8.9,,11.9,,,10.1,
"  Coast Guard",0.9,,0.5,,,0.3,
"  Other /b",1.3,,1.2,,,1.0,
,,,,,,,
"During your service, did you see combat",,,,,,,
"in a combat or line unit?",,,,,,,
"  Yes",20.1,"%",20.2,"%",,21.0,"%"
"  No",79.9,,79.8,,,79.0,
,,,,,,,
"Length of military service ",,,,,,,
"  12 months or less",14.6,"%",10.3,"%",,13.6,"%"
"  13-24 months",19.2,,19.5,,,18.9,
"  25-36 months",25.0,,25.7,,,24.7,
"  37-60 months",21.1,,24.4,,,21.9,
"  61 months or longer",20.0,,20.0,,,21.0,
,,,,,,,
"     Mean length of service","45 mos.",,"48 mos.",,,"44 mos.",
,,,,,,,
"Estimated number of veterans",134400,,14800,,,59700,
,,,,,,,
"Note: Veterans made up 12.5% of the State, and 14.5% of the Federal prison population",,,,,,,
"at the time of the survey in 1997, and 11.7% of the local jail population at the time of the",,,,,,,
"survey in 1996.",,,,,,,
"a/ Detail adds to more than 100% because veterans may have served",,,,,,,
"in more than one branch of the U.S. Armed Forces.",,,,,,,
"b/ Includes National Guard or Reserve service in an unspecified branch",,,,,,,
"of the U.S. Armed Forces, as well as service in the Merchant Marine.",,,,,,,
