"Bureau of Justice Statistics",,,,,,,,,
"Filename:  vpj07.csv",,,,,,,,,
"Table 7. Criminal history of veterans in State prison, by Vietnam-era service",,,,,,,,,
"and combat-duty service, 1997",,,,,,,,,
"Report title: Veterans in Prison or Jail, NCJ 178888",,,,,,,,,
"Data source:  1997 Survey of Inmates in State Correctional Facilities",,,,,,,,,
"Author:  Christopher Mumola",,,,,,,,,
"Refer questions to: askbjs@ojp.usdoj.gov (202) 307-0765",,,,,,,,,
"Date of version: 12/15/99",,,,,,,,,
,,,,,,,,,
"Table 7. Criminal history of veterans in State prison,",,,,,,,,,
"by Vietnam-era service and combat-duty service, 1997",,,,,,,,,
,,,,,,,,,
,"Percent of veterans in State prison",,,,,,,,
,"Vietnam-era service /a",,,,,"Served in combat duty",,,
,"Yes",,"No",,,"Yes",,"No",
,,,,,,,,,
"Status at time of current arrest",,,,,,,,,
"  None",70.7,"%",60.5,"%",,71.5,"%",62.1,"%"
"  Status",29.3,,39.5,,,28.5,,37.9,
,,,,,,,,,
"Criminal history",,,,,,,,,
"  None",28.7,"%",30.8,"%",,40.3,"%",27.4,"%"
"  Priors",71.3,,69.2,,,59.7,,72.6,
"     Violent recidivists /b",48.4,,41.7,,,38.6,,45.8,
"     Drug recidivists only",2.1,,2.5,,,1.6,,2.4,
"     Other recidivists /c",20.8,,25.0,,,19.5,,24.4,
,,,,,,,,,
"Note: Detail may not add to total due to rounding.",,,,,,,,,
"a/ Defined as military service during the years 1964-1973.",,,,,,,,,
"b/ Recidivists with at least one current or past violent offense.",,,,,,,,,
"c/ Includes recidivists with unknown offense types.",,,,,,,,,
