"Bureau of Justice Statistics",,,,
"Filename:  vpj04.csv",,,,
"Table 4. Victim characteristics and use of weapon, by veteran",,,,
"status of violent State prisoners, 1997",,,,
"Report title: Veterans in Prison or Jail, NCJ 178888",,,,
"Data source:  1997 Survey of Inmates in State Correctional Facilities",,,,
"Author:  Christopher Mumola",,,,
"Refer questions to: askbjs@ojp.usdoj.gov (202) 307-0765",,,,
"Date of version: 12/15/99",,,,
,,,,
"Table 4. Victim characteristics and use of weapon,",,,,
"by veteran status of violent State prisoners, 1997",,,,
,,,,
,"      Percent of violent ",,,
,"      State prisoners, 1997",,,
"Victim characteristic","Veterans",,"Nonveterans",
,,,,
"Gender of victim(s)",,,,
"  Male",36.1,"%",52.7,"%"
"  Female",53.9,,36.1,
"  Both males and females",9.9,,11.3,
,,,,
"Age of youngest victim",,,,
"  12 or younger ",20.4,"%",9.4,"%"
"  13-17",15.4,,10.4,
"  18-24",13.6,,21.2,
"  25-34",22.0,,31.4,
"  35-54",22.3,,23.2,
"  55 or older",6.3,,4.4,
,,,,
"Victim-offender relationship",,,,
"  Knew victim /a",69.0,"%",51.1,"%"
"    Relative",22.4,,9.3,
"    Intimate /b",11.4,,8.8,
"    Friend/acquaintance",31.8,,27.3,
"    Other /c",5.2,,7.1,
"  Knew none of victims",31.0,,48.9,
,,,,
"Use of weapon",,,,
"  Yes",33.6,"%",43.8,"%"
"  No",66.4,,56.2,
,,,,
"a/ More than one victim may have been reported.",,,,
"b/ Includes (ex-)spouse, (ex-)boyfriend and (ex-)girlfriend.",,,,
"c/ Includes those known by sight only.",,,,
