"Bureau of Justice Statistics",,,,
"Filename:  vpj09.csv",,,,
"Table 9. Maximum sentence length and time to be served until release, ",,,,
"by veteran status, local jail inmates, 1996",,,,
"Report title: Veterans in Prison or Jail, NCJ 178888",,,,
"Data source: 1996 Survey of Inmates in Local Jails",,,,
"Author:  Christopher Mumola",,,,
"Refer questions to: askbjs@ojp.usdoj.gov (202) 307-0765",,,,
"Date of version: 12/15/99",,,,
,,,,
"Table 9. Maximum sentence length and time to be served",,,,
"until release, by veteran status, local jail inmates, 1996",,,,
,,,,
,"Percent of inmates",,,
,"sentenced to jail, 1996 /a",,,
,"Veterans",,"Nonveterans",
,,,,
"Maximum sentence length",,,,
"  Less than 3 months",21.8,"%",22.5,"%"
"  3-6 months",24.9,,27.1,
"  7-12 months",27.6,,25.9,
"  13-24 months",10.0,,12.0,
"  25-36 months",8.9,,5.7,
"  37-60 months",6.7,,6.8,
,,,,
"  Mean",13.2,"mos.",12.3,"mos."
,,,,
"Estimated total time to be ",,,,
"served on current sentence /b",,,,
"  Less than 3 months",30.0,"%",26.2,"%"
"  3-6 months",28.7,,30.3,
"  7-12 months",24.3,,25.6,
"  13-24 months",13.2,,9.7,
"  25-36 months",1.7,,4.4,
"  37-60 months",2.1,,3.6,
,,,,
"  Mean",7.6,"mos.",8.6,"mos."
,,,,
"a/ Excludes unsentenced jail inmates, and those sentenced",,,,
"but awaiting transfer to prison or juvenile facilities.",,,,
"b/ Based on time served when interviewed plus time to be",,,,
"served until the expected date of release.",,,,
