"Bureau of Justice Statistics",,,,,,,,,,,,,,
"Filename:  vpj02.csv",,,,,,,,,,,,,,
"Table 2. Selected characteristics of State and Federal prisoners, and local jail inmates, by veteran status",,,,,,,,,,,,,,
"Report title: Veterans in Prison or Jail, NCJ 178888",,,,,,,,,,,,,,
"Data source:  1997 Survey of Inmates in State and Federal Correctional Facilities, and",,,,,,,,,,,,,,
"1996 Survey of Inmates in Local Jails",,,,,,,,,,,,,,
"Author:  Christopher Mumola",,,,,,,,,,,,,,
"Refer questions to: askbjs@ojp.usdoj.gov (202) 307-0765",,,,,,,,,,,,,,
"Date of version: 12/15/99",,,,,,,,,,,,,,
,,,,,,,,,,,,,,
"Table 2. Selected characteristics of State and Federal prisoners, and local jail inmates,",,,,,,,,,,,,,,
"by veteran status",,,,,,,,,,,,,,
,,,,,,,,,,,,,,
,"Percent of prisoners, 1997",,,,,,,,,,"Percent of local",,,
,"State",,,,,"Federal",,,,,"jail inmates, 1996",,,
,"Veterans",,"Nonveterans",,,"Veterans",,"Nonveterans",,,"Veterans",,"Nonveterans",
,,,,,,,,,,,,,,
"Gender",,,,,,,,,,,,,,
"  Male",99.2,"%",93.0,"%",,98.9,"%",91.7,"%",,98.5,"%",88.7,"%"
"  Female",0.8,,7.0,,,1.1,,8.3,,,1.5,,11.3,
,,,,,,,,,,,,,,
"Race/Hispanic origin",,,,,,,,,,,,,,
"  White non-Hispanic",52.8,"%",30.5,"%",,49.8,"%",26.5,"%",,51.9,"%",35.3,"%"
"  Black non-Hispanic",37.2,,47.8,,,34.7,,38.4,,,36.6,,41.3,
"  Hispanic",6.9,,18.4,,,11.9,,30.0,,,8.6,,19.8,
"  Other",3.1,,3.2,,,3.5,,5.2,,,2.9,,3.6,
,,,,,,,,,,,,,,
"Age",,,,,,,,,,,,,,
"  24 or younger",1.9,"%",22.3,"%",,1.3,"%",10.2,"%",,4.6,"%",34.3,"%"
"  25-34",21.5,,40.5,,,22.3,,39.1,,,29.6,,38.4,
"  35-44",44.5,,27.3,,,30.3,,30.7,,,42.4,,21.5,
"  45-54",22.0,,8.0,,,27.1,,14.4,,,17.7,,4.8,
"  55 or older",10.1,,1.9,,,19.0,,5.6,,,5.7,,1.0,
,,,,,,,,,,,,,,
"Median","41 yrs.",,"31 yrs.",,,"43 yrs.",,"35 yrs.",,,"38 yrs.",,"28 yrs.",
,,,,,,,,,,,,,,
"Marital status",,,,,,,,,,,,,,
"  Married",21.8,"%",15.9,"%",,33.7,"%",29.8,"%",,21.4,"%",14.9,"%"
"  Widowed",3.7,,1.6,,,2.9,,1.5,,,3.6,,1.1,
"  Divorced",38.6,,15.7,,,35.1,,18.0,,,34.7,,13.1,
"  Separated",7.4,,5.6,,,5.5,,5.9,,,12.6,,8.1,
"  Never married",28.6,,61.2,,,22.8,,44.8,,,27.8,,62.7,
,,,,,,,,,,,,,,
"Education completed",,,,,,,,,,,,,,
"  8th grade or less",4.3,"%",15.4,"%",,3.0,"%",13.3,"%",,4.0,"%",14.4,"%"
"  Some high school",7.4,,28.2,,,4.1,,16.3,,,9.5,,36.7,
"  GED",31.1,,31.5,,,24.1,,27.3,,,21.8,,18.5,
"  High school graduate",25.3,,14.2,,,27.2,,19.0,,,28.1,,17.8,
"  Some college or more",32.0,,10.7,,,41.6,,24.2,,,36.7,,12.7,
