"Bureau of Justice Statistics",,,,,,,,,,,,,,
"Filename:  vpj03.csv",,,,,,,,,,,,,,
"Table 3. Current offense of State and Federal prisoners, and local jail inmates, by veteran status",,,,,,,,,,,,,,
"Report title: Veterans in Prison or Jail, NCJ 178888",,,,,,,,,,,,,,
"Data source:  1997 Survey of Inmates in State and Federal Correctional Facilities, and",,,,,,,,,,,,,,
"1996 Survey of Inmates in Local Jails",,,,,,,,,,,,,,
"Author:  Christopher Mumola",,,,,,,,,,,,,,
"Refer questions to: askbjs@ojp.usdoj.gov (202) 307-0765",,,,,,,,,,,,,,
"Date of version: 12/15/99",,,,,,,,,,,,,,
,,,,,,,,,,,,,,
"Table 3. Current offense of State and Federal prisoners, and local jail inmates, ",,,,,,,,,,,,,,
"by veteran status",,,,,,,,,,,,,,
,,,,,,,,,,,,,,
,"Percent of prisoners, 1997",,,,,,,,,,"Percent of local",,,
,"State",,,,,"Federal",,,,,"jail inmates, 1996",,,
"Current offense","Veterans",,"Nonveterans",,,"Veterans",,"Nonveterans",,,"Veterans",,"Nonveterans",
,,,,,,,,,,,,,,
"  Violent",55.1,"%",46.1,"%",,22.4,"%",13.4,"%",,26.7,"%",26.3,"%"
"    Homicide /a",16.8,,12.8,,,2.3,,1.4,,,2.8,,3.3,
"    Sexual assault /b",17.8,,7.2,,,1.6,,0.7,,,6.3,,2.8,
"    Robbery",10.4,,14.7,,,13.6,,9.3,,,6.4,,6.6,
"    Assault",8.2,,9.5,,,1.9,,1.2,,,9.4,,11.9,
"    Other violent",1.9,,1.9,,,3.0,,0.9,,,1.8,,1.8,
,,,,,,,,,,,,,,
"  Property",20.3,"%",22.2,"%",,10.9,"%",6.1,"%",,25.1,"%",27.1,"%"
"    Burglary",8.9,,10.9,,,0.1,,0.4,,,6.1,,7.9,
"    Larceny",4.3,,4.2,,,1.1,,0.4,,,8.5,,7.9,
"    Motor vehicle theft",1.4,,1.9,,,0.2,,0.3,,,1.6,,2.7,
"    Fraud",3.2,,2.6,,,8.7,,4.2,,,5.8,,4.4,
"    Stolen property",1.5,,1.6,,,0.5,,0.5,,,1.6,,2.2,
"    Other property",0.9,,1.0,,,0.2,,0.4,,,1.4,,2.1,
,,,,,,,,,,,,,,
"  Drug",14.4,"%",21.5,"%",,51.3,"%",64.6,"%",,16.5,"%",22.7,"%"
"    Possession",4.7,,9.4,,,6.5,,12.3,,,8.4,,11.9,
"    Trafficking",9.0,,11.6,,,41.3,,46.3,,,6.7,,9.5,
"    Other drug",0.7,,0.6,,,3.5,,5.9,,,1.4,,1.3,
,,,,,,,,,,,,,,
"  Public-order",10.2,"%",9.8,"%",,14.6,"%",14.8,"%",,31.3,"%",23.4,"%"
"    Weapons",1.7,,2.6,,,7.8,,6.7,,,2.3,,2.3,
"    Other public-order",8.4,,7.3,,,6.8,,8.1,,,29.0,,21.1,
,,,,,,,,,,,,,,
"  Other/unspecified",0.1,"%",0.3,"%",,0.8,"%",1.1,"%",,0.4,"%",0.5,"%"
,,,,,,,,,,,,,,
"a/ Includes murder and manslaughter.",,,,,,,,,,,,,,
"b/ Includes rape and other sexual assault.",,,,,,,,,,,,,,
