"Bureau of Justice Statistics",,,,,,,,,,,,,,
"Filename:  vpj06.csv",,,,,,,,,,,,,,
"Table 6. Criminal history of State and Federal prisoners, and local jail inmates, by veteran status",,,,,,,,,,,,,,
"Report title: Veterans in Prison or Jail, NCJ 178888",,,,,,,,,,,,,,
"Data source:  1997 Survey of Inmates in State and Federal Correctional Facilities, and",,,,,,,,,,,,,,
"1996 Survey of Inmates in Local Jails",,,,,,,,,,,,,,
"Author:  Christopher Mumola",,,,,,,,,,,,,,
"Refer questions to: askbjs@ojp.usdoj.gov (202) 307-0765",,,,,,,,,,,,,,
"Date of version: 12/15/99",,,,,,,,,,,,,,
,,,,,,,,,,,,,,
"Table 6. Criminal history of State and Federal prisoners, and local jail inmates, by veteran status",,,,,,,,,,,,,,
,,,,,,,,,,,,,,
,"Percent of prisoners, 1997",,,,,,,,,,"Percent of local",,,
,"State",,,,,"Federal",,,,,"jail inmates, 1996",,,
,"Veterans",,"Nonveterans",,,"Veterans",,"Nonveterans",,,"Veterans",,"Nonveterans",
,,,,,,,,,,,,,,
"Status at time of current arrest",,,,,,,,,,,,,,
"  None",64.1,"%",51.1,"%",,73.1,"%",72.7,"%",,53.2,"%",45.5,"%"
"  Status /a",35.9,,48.9,,,26.9,,27.3,,,46.8,,54.5,
"    On parole",21.0,,24.9,,,16.0,,13.1,,,13.0,,13.1,
"    On probation",14.4,,23.3,,,10.5,,13.9,,,25.6,,30.9,
"    On bail or pretrial release","--",,"--",,,"--",,"--",,,6.6,,8.9,
"    Other",0.5,,0.7,,,0.4,,0.3,,,1.6,,1.7,
,,,,,,,,,,,,,,
"Criminal history",,,,,,,,,,,,,,
"  None",30.1,"%",22.9,"%",,39.7,"%",38.7,"%",,27.3,"%",27.3,"%"
"  Priors",69.9,,77.1,,,60.3,,61.3,,,72.7,,72.7,
"    Violent recidivists /b",44.3,,47.2,,,26.4,,22.7,,,33.4,,34.0,
"    Drug recidivists only",2.3,,3.1,,,8.0,,10.6,,,4.5,,7.3,
"    Other recidivists /c",23.3,,26.8,,,25.8,,28.0,,,34.8,,31.4,
,,,,,,,,,,,,,,
"Number of prior probation/",,,,,,,,,,,,,,
"incarceration sentences",,,,,,,,,,,,,,
"  0",30.1,"%",22.9,"%",,39.7,"%",38.7,"%",,27.3,"%",27.3,"%"
"  1",17.8,,16.7,,,16.2,,17.6,,,17.4,,17.4,
"  2",14.9,,16.6,,,14.4,,14.3,,,10.5,,11.4,
"  3-5",22.1,,25.3,,,22.4,,18.5,,,21.3,,20.1,
"  6-10",9.6,,12.4,,,4.6,,8.3,,,14.3,,15.2,
"  11 or more",5.5,,6.1,,,2.7,,2.7,,,9.3,,8.6,
,,,,,,,,,,,,,,
"Note: Detail may not add to total due to rounding.",,,,,,,,,,,,,,
"-- Data not collected.",,,,,,,,,,,,,,
"a/ In cases where jail inmates had multiple types of criminal justice status when arrested, probation and parole supervision",,,,,,,,,,,,,,
"was taken as the primary status.",,,,,,,,,,,,,,
"b/Recidivists with at least one current or past violent offense.",,,,,,,,,,,,,,
"c/ Includes recidivists with unknown offense types.",,,,,,,,,,,,,,
