"Bureau of Justice Statistics",,,,,,,,,
"Filename:  vpj08.csv",,,,,,,,,
"Table 8. Maximum sentence length, and time to be served until release, by veteran status,",,,,,,,,,
"State and Federal prisoners, 1997",,,,,,,,,
"Report title: Veterans in Prison or Jail, NCJ 178888",,,,,,,,,
"Data source:  1997 Survey of Inmates in State and Federal Correctional Facilities",,,,,,,,,
"Author:  Christopher Mumola",,,,,,,,,
"Refer questions to: askbjs@ojp.usdoj.gov (202) 307-0765",,,,,,,,,
"Date of version: 12/15/99",,,,,,,,,
,,,,,,,,,
"Table 8. Maximum sentence length, and time to be served until release,",,,,,,,,,
"by veteran status, State and Federal prisoners, 1997",,,,,,,,,
,,,,,,,,,
,"Percent of prisoners, 1997",,,,,,,,
,"State",,,,,"Federal",,,
,"Veterans",,"Nonveterans",,,"Veterans",,"Nonveterans",
,,,,,,,,,
"Maximum sentence length",,,,,,,,,
"  Less than 12 months",2.3,"%",4.0,"%",,2.2,"%",2.5,"%"
"  12-35 months",9.5,,12.3,,,10.5,,11.1,
"  36-59 months",11.1,,12.9,,,12.7,,12.9,
"  60-119 months",17.9,,20.9,,,27.4,,29.1,
"  120-179 months",12.9,,13.4,,,17.3,,19.2,
"  180-239 months",9.1,,9.1,,,9.4,,9.4,
"  240+ months",26.1,,20.1,,,15.5,,12.9,
"  Life/death",11.1,,7.3,,,5.1,,2.9,
,,,,,,,,,
"  Mean /a","191","mos.","152","mos.",,"135","mos.","124","mos."
,,,,,,,,,
"Estimated total time to be",,,,,,,,,
"served on current sentence /b",,,,,,,,,
"  Less than 24 months",15.2,"%",18.5,"%",,9.5,"%",9.2,"%"
"  24-47 months",17.5,,20.7,,,15.2,,15.2,
"  48-71 months",12.7,,15.5,,,15.6,,17.3,
"  72-119 months",16.0,,16.4,,,22.8,,24.4,
"  120-179 months",9.7,,9.0,,,16.4,,14.9,
"  180-239 months",7.5,,4.7,,,6.9,,7.5,
"  240+ months",10.1,,6.4,,,8.3,,6.6,
"  No release expected",5.2,,2.9,,,2.5,,1.3,
"  Don't know",6.0,,5.9,,,2.8,,3.6,
,,,,,,,,,
"  Mean /c",107,"mos.","87","mos.",,"109","mos.","103","mos."
,,,,,,,,,
"a/Excludes sentences to life or death.",,,,,,,,,
"b/Based on time served when interviewed plus time to be served until the expected date of release.",,,,,,,,,
"c/Excludes inmates who do not expect to be released.",,,,,,,,,
