"Bureau of Justice Statistics",,,,,,,,,
"Filename:  vpj13.csv",,,,,,,,,
"Table 13. Alcohol dependence and experience of veterans in State prison, by Vietnam-era service",,,,,,,,,
"and combat-duty service, 1997",,,,,,,,,
"Report title: Veterans in Prison or Jail, NCJ 178888",,,,,,,,,
"Data source:  1997 Survey of Inmates in State Correctional Facilities",,,,,,,,,
"Author:  Christopher Mumola",,,,,,,,,
"Refer questions to: askbjs@ojp.usdoj.gov (202) 307-0765",,,,,,,,,
"Date of version: 12/15/99",,,,,,,,,
,,,,,,,,,
"Table 13. Alcohol dependence and experiences of veterans in State prison,",,,,,,,,,
"by Vietnam-era service and combat-duty service, 1997",,,,,,,,,
,,,,,,,,,
,"Percent of veterans in State prison, 1997",,,,,,,,
,"Vietnam-era service a/",,,,,"Served in combat duty",,,
,"Yes",,"No",,,"Yes",,"No",
,,,,,,,,,
"History of alcohol dependence /b",32.9,"%",29.8,"%",,27.6,"%",31.5,"%"
,,,,,,,,,
"Because of your drinking, have you ever --",,,,,,,,,
,,,,,,,,,
"  Lost a job?",16.0,"%",13.3,"%",,12.4,"%",14.8,"%"
,,,,,,,,,
"  Been arrested or held at a police station?",40.3,,35.9,,,34.7,,37.9,
,,,,,,,,,
"While drinking have you ever --",,,,,,,,,
,,,,,,,,,
"  Driven a motor vehicle while under the ",,,,,,,,,
"  influence of alcohol?",63.3,"%",56.6,"%",,56.0,"%",59.6,"%"
,,,,,,,,,
"  Gotten into a physical fight?",41.5,,40.5,,,36.4,,41.8,
,,,,,,,,,
"  Had as much as a fifth of liquor in 1 day,",,,,,,,,,
"  20 drinks, 3 six-packs of beer, or 3 bottles",45.7,,44.2,,,42.3,,45.0,
"  of wine?",,,,,,,,,
,,,,,,,,,
"a/ Defined as service during the years 1964-73.",,,,,,,,,
"b/ Measured by 3 or more positive CAGE responses.  For description of ",,,,,,,,,
"the CAGE diagnostic measure see Methodology.",,,,,,,,,
