"Bureau of Justice Statistics",,,,,,,,,,,,,,
"Filename:  vpj12.csv",,,,,,,,,,,,,,
"Table 12. Alcohol dependence and experiences of State and Federal prisoners, and local jail inmates, by veteran status",,,,,,,,,,,,,,
"Report title: Veterans in Prison or Jail, NCJ 178888",,,,,,,,,,,,,,
"Data source:  1997 Survey of Inmates in State and Federal Correctional Facilities, and 1996 Survey of Inmates in Local Jails",,,,,,,,,,,,,,
"Author:  Christopher Mumola",,,,,,,,,,,,,,
"Refer questions to: askbjs@ojp.usdoj.gov (202) 307-0765",,,,,,,,,,,,,,
"Date of version: 12/15/99",,,,,,,,,,,,,,
,,,,,,,,,,,,,,
"Table 12. Alcohol dependence and experiences of State and Federal prisoners,",,,,,,,,,,,,,,
"and local jail inmates, by veteran status",,,,,,,,,,,,,,
,,,,,,,,,,,,,,
,"Percent of prisoners, 1997",,,,,,,,,,"Percent of local",,,
,"State",,,,,"Federal",,,,,"jail inmates, 1996",,,
,"Veterans",,"Nonveterans",,,"Veterans",,"Nonveterans",,,"Veterans",,"Nonveterans",
,,,,,,,,,,,,,,
"History of alcohol dependence*",30.6,"%",23.6,"%",,20.9,"%",15.5,"%",,34.6,"%",25.2,"%"
,,,,,,,,,,,,,,
"Because of your drinking, have you ever --",,,,,,,,,,,,,,
,,,,,,,,,,,,,,
"  Lost a job?",14.3,"%",9.7,"%",,6.8,"%",4.7,"%",,16.6,"%",10.9,"%"
,,,,,,,,,,,,,,
"  Been arrested or held at a police station?",37.2,,28.4,,,24.8,,18.3,,,47.8,,30.4,
,,,,,,,,,,,,,,
"While drinking have you ever --",,,,,,,,,,,,,,
,,,,,,,,,,,,,,
"  Driven a motor vehicle while under the ",,,,,,,,,,,,,,
"  influence of alcohol?",58.8,"%",45.0,"%",,55.5,"%",41.0,"%",,61.6,"%",38.6,"%"
,,,,,,,,,,,,,,
"  Gotten into a physical fight?",40.6,,38.0,,,31.4,,21.3,,,45.2,,35.4,
,,,,,,,,,,,,,,
"  Had as much as a fifth of liquor in 1 day,",,,,,,,,,,,,,,
"  20 drinks, 3 six-packs of beer, or 3 bottles",,,,,,,,,,,,,,
"  of wine?",44.4,,40.6,,,33.4,,29.8,,,48.6,,39.2,
,,,,,,,,,,,,,,
"*Measured by 3 or more positive CAGE responses.  For description of the CAGE diagnostic measure see Methodology.",,,,,,,,,,,,,,
