"Bureau of Justice Statistics",,,,,,,,,,,,,,
"Filename:  vpj15.csv",,,,,,,,,,,,,,
"Table 15. Mental health status of State and Federal prisoners, and local jail inmates, by veteran status",,,,,,,,,,,,,,
"Report title: Veterans in Prison or Jail, NCJ 178888",,,,,,,,,,,,,,
"Data source:  1997 Survey of Inmates in State and Federal Correctional Facilities, and",,,,,,,,,,,,,,
"1996 Survey of Inmates in Local Jails",,,,,,,,,,,,,,
"Author:  Christopher Mumola",,,,,,,,,,,,,,
"Refer questions to: askbjs@ojp.usdoj.gov (202) 307-0765",,,,,,,,,,,,,,
"Date of version: 12/15/99",,,,,,,,,,,,,,
,,,,,,,,,,,,,,
"Table 15. Mental health status of State and Federal prisoners, and local jail inmates,",,,,,,,,,,,,,,
"by veteran status",,,,,,,,,,,,,,
,,,,,,,,,,,,,,
,"Percent of prisoners, 1997",,,,,,,,,,"    Percent of local",,,
,"State",,,,,"Federal",,,,,"    jail inmates, 1996",,,
,,,"Non-",,,,,"Non-",,,,,"Non-",
,"Veterans",,"veterans",,,"Veterans",,"veterans",,,"Veterans",,"veterans",
,,,,,,,,,,,,,,
"Identified as mentally ill*",19.3,"%",15.8,"%",,13.2,"%",6.4,"%",,24.6,"%",15.2,"%"
,,,,,,,,,,,,,,
"Reported a mental",,,,,,,,,,,,,,
"or emotional condition",11.2,,9.9,,,8.5,,4.2,,,16.5,,9.6,
,,,,,,,,,,,,,,
"Admitted overnight to a mental",,,,,,,,,,,,,,
"hospital or treatment program",14.3,,10.2,,,9.0,,3.9,,,16.2,,9.4,
,,,,,,,,,,,,,,
"*Reported either a mental or emotional condition or an overnight stay in a mental hospital or treatment program.  See",,,,,,,,,,,,,,
"Mental Health and Treatment of Inmates and Probationers, ",,,,,"NCJ 174463.",,,,,,,,,
