"Bureau of Justice Statistics",,,,,,,,,,,,,,
"Filename:  vpj14.csv",,,,,,,,,,,,,,
"Table 14. Substance abuse treatment history of State and Federal prisoners, and local jail inmates, by veteran status",,,,,,,,,,,,,,
"Report title: Veterans in Prison or Jail, NCJ 178888",,,,,,,,,,,,,,
"Data source:  1997 Survey of Inmates in State and Federal Correctional Facilities, and",,,,,,,,,,,,,,
"1996 Survey of Inmates in Local Jails",,,,,,,,,,,,,,
"Author:  Christopher Mumola",,,,,,,,,,,,,,
"Refer questions to: askbjs@ojp.usdoj.gov (202) 307-0765",,,,,,,,,,,,,,
"Date of version: 12/15/99",,,,,,,,,,,,,,
,,,,,,,,,,,,,,
"Table 14. Substance abuse treatment history of State and Federal prisoners, and local jail inmates,",,,,,,,,,,,,,,
"by veteran status",,,,,,,,,,,,,,
,,,,,,,,,,,,,,
,"Percent of prisoners, 1997",,,,,,,,,,"Percent of local",,,
,"State",,,,,"Federal",,,,,"jail inmates, 1996",,,
"Type of treatment ","Veterans",,"Nonveterans",,,"Veterans",,"Nonveterans",,,"Veterans",,"Nonveterans",
,,,,,,,,,,,,,,
"Ever any treatment or programs",58.7,"%",56.1,"%",,50.6,"%",45.7,"%",,48.4,"%",41.5,"%"
,,,,,,,,,,,,,,
"     Any treatment",37.4,,34.1,,,30.8,,23.5,,,40.3,,31.6,
"     Other alcohol/drug programs",46.3,,42.6,,,39.6,,34.7,,,38.6,,31.1,
,,,,,,,,,,,,,,
"Participated while under",,,,,,,,,,,,,,
"correctional supervision",47.2,"%",47.9,"%",,41.3,"%",38.8,"%",,31.9,"%",28.4,"%"
,,,,,,,,,,,,,,
"Any treatment",25.6,"%",26.2,,,21.2,,18.5,,,21.7,"%",17.5,"%"
"   In prison/jail",19.2,,19.7,,,15.8,,14.9,,,13.3,,10.3,
"   On probation/parole",15.1,,15.0,,,8.7,,8.3,,,15.5,,12.2,
,,,,,,,,,,,,,,
"Other alcohol/drug programs",38.4,"%",37.4,"%",,32.5,"%",30.7,"%",,25.8,"%",22.3,"%"
"   In prison/jail",34.9,,33.0,,,29.1,,27.2,,,18.0,,16.3,
"   On probation/parole",16.5,,17.3,,,10.7,,10.0,,,19.7,,14.7,
,,,,,,,,,,,,,,
"Participated since admission",33.7,"%",32.3,"%",,30.2,"%",27.8,"%",,10.1,"%",10.3,"%"
,,,,,,,,,,,,,,
"Any treatment",12.3,"%",11.9,"%",,11.0,"%",10.3,"%",,3.2,"%",3.4,"%"
"   Residential facility or unit",6.9,,6.9,,,8.1,,7.1,,,1.3,,1.6,
"   Counseling by a professional",6.2,,5.0,,,3.4,,3.9,,,1.1,,1.1,
"   Detoxification unit",1.2,,0.7,,,0.0,,0.2,,,0.6,,0.8,
"   Maintenance drug",0.1,,0.3,,,0.1,,0.2,,,0.4,,0.3,
,,,,,,,,,,,,,,
"Other alcohol/drug programs",29.3,"%",27.2,"%",,24.7,"%",22.8,"%",,8.8,"%",8.9,"%"
"   Self-help group/peer counseling",22.9,,22.7,,,12.1,,11.0,,,8.0,,7.6,
"   Education program",15.7,,12.2,,,17.6,,16.6,,,3.3,,3.1,
,,,,,,,,,,,,,,
"Note: Detail adds to more than total because prisoners may have participated in more",,,,,,,,,,,,,,
"than one type of treatment program.",,,,,,,,,,,,,,
