"Bureau of Justice Statistics",,,,,,,,,,,,,,
"Filename:  vpj10.csv",,,,,,,,,,,,,,
"Table 10. Drug use of State and Federal prisoners, and local jail inmates, by type of drug and veteran status",,,,,,,,,,,,,,
"Report title: Veterans in Prison or Jail, NCJ 178888",,,,,,,,,,,,,,
"Data source:  1997 Survey of Inmates in State and Federal Correctional Facilities, and",,,,,,,,,,,,,,
"1996 Survey of Inmates in Local Jails",,,,,,,,,,,,,,
"Author:  Christopher Mumola",,,,,,,,,,,,,,
"Refer questions to: askbjs@ojp.usdoj.gov (202) 307-0765",,,,,,,,,,,,,,
"Date of version: 12/15/99",,,,,,,,,,,,,,
,,,,,,,,,,,,,,
"Table 10. Drug use of State and Federal prisoners, and local jail inmates, by type of drug and veteran status",,,,,,,,,,,,,,
,,,,,,,,,,,,,,
,"Percent of inmates who reported --",,,,,,,,,,,,,
,,,,,,"Using drugs in the",,,,,"Using drugs at ",,,
,"Ever using drugs",,,,,"month before offense",,,,,"the time of offense",,,
"Type of drug","Veterans",,"Nonveterans",,,"Veterans",,"Nonveterans",,,"Veterans",,"Nonveterans",
,,,,,,,,,,,,,,
"State prisoners",,,,,,,,,,,,,,
,,,,,,,,,,,,,,
"     Any drug /a",79.0,"%",83.6,"%",,45.4,"%",58.1,"%",,26.0,"%",33.5,"%"
,,,,,,,,,,,,,,
"Marijuana/hashish",73.4,,77.5,,,27.2,,40.9,,,8.9,,16.0,
"Cocaine/crack",49.3,,49.1,,,21.6,,25.5,,,12.9,,15.1,
"Heroin/opiates",27.6,,24.0,,,6.6,,9.6,,,4.5,,5.7,
"Depressants /b",28.9,,22.9,,,5.1,,5.1,,,1.9,,1.8,
"Stimulants /c",37.0,,27.0,,,9.5,,8.9,,,4.9,,4.2,
"Hallucinogens /d",31.8,,28.2,,,2.0,,4.3,,,1.2,,1.9,
"Inhalants",14.4,,14.4,,,0.5,,1.0,,,"--",,"--",
,,,,,,,,,,,,,,
"Federal prisoners",,,,,,,,,,,,,,
,,,,,,,,,,,,,,
"     Any drug /a",72.5,"%",73.0,"%",,40.2,"%",45.6,"%",,21.3,"%",22.6,"%"
,,,,,,,,,,,,,,
"Marijuana/hashish",66.5,,65.1,,,25.2,,31.3,,,11.0,,10.8,
"Cocaine/crack",46.3,,44.6,,,18.9,,20.1,,,7.7,,9.6,
"Heroin/opiates",20.9,,15.3,,,6.6,,5.2,,,3.1,,3.0,
"Depressants /b",22.2,,15.5,,,2.5,,3.3,,,0.7,,1.1,
"Stimulants /c",30.4,,19.3,,,9.3,,7.3,,,5.8,,3.8,
"Hallucinogens /d",28.2,,17.5,,,1.6,,1.7,,,0.9,,0.8,
"Inhalants",9.3,,7.5,,,0.7,,0.5,,,"--",,"--",
,,,,,,,,,,,,,,
"Local jail inmates",,,,,,,,,,,,,,
,,,,,,,,,,,,,,
"     Any drug /a",81.0,"%",82.5,"%",,44.1,"%",49.5,"%",,28.8,"%",32.0,"%"
,,,,,,,,,,,,,,
"Marijuana/hashish",77.3,,78.3,,,25.9,,32.9,,,11.5,,16.7,
"Cocaine/crack",54.3,,49.9,,,19.7,,18.0,,,12.2,,11.3,
"Heroin/opiates",31.4,,22.9,,,6.3,,5.9,,,3.8,,3.8,
"Depressants /b",37.9,,28.8,,,2.8,,4.2,,,1.0,,1.8,
"Stimulants /c",42.5,,32.4,,,7.1,,7.4,,,3.9,,4.3,
"Hallucinogens /d",38.3,,31.4,,,1.5,,3.4,,,0.8,,1.2,
"Inhalants",20.1,,16.4,,,0.7,,0.7,,,0.2,,0.2,
,,,,,,,,,,,,,,
"Note: Detail adds to more than total because prisoners may have used more than one type of drug.",,,,,,,,,,,,,,
"-- Not reported.",,,,,,,,,,,,,,
"a/ Other unspecified drugs are included in the totals.",,,,,,,,,,,,,,
"b/ Includes barbiturates, tranquilizers, and Quaalude.",,,,,,,,,,,,,,
"c/ Includes amphetamine and methamphetamine.",,,,,,,,,,,,,,
"d/ Includes LSD and PCP.",,,,,,,,,,,,,,
