"Bureau of Justice Statistics",,,,,,,,,,,,,,
"Filename:  vpj16.csv",,,,,,,,,,,,,,
"Table 16. Employment, income and housing of State and Federal prisoners, and local jail inmates, by veteran status",,,,,,,,,,,,,,
"Report title: Veterans in Prison or Jail, NCJ 178888",,,,,,,,,,,,,,
"Data source:  1997 Survey of Inmates in State and Federal Correctional Facilities, and",,,,,,,,,,,,,,
"1996 Survey of Inmates in Local Jails",,,,,,,,,,,,,,
"Author:  Christopher Mumola",,,,,,,,,,,,,,
"Refer questions to: askbjs@ojp.usdoj.gov (202) 307-0765",,,,,,,,,,,,,,
"Date of version: 12/15/99",,,,,,,,,,,,,,
,,,,,,,,,,,,,,
"Table 16. Employment, income and housing of State and Federal prisoners,",,,,,,,,,,,,,,
"and local jail inmates, by veteran status",,,,,,,,,,,,,,
,,,,,,,,,,,,,,
,"Percent of prisoners, 1997",,,,,,,,,,"Percent of local",,,
,"State",,,,,"Federal",,,,,"jail inmates, 1996",,,
,"Veterans",,"Nonveterans",,,"Veterans",,"Nonveterans",,,"Veterans",,"Nonveterans",
,,,,,,,,,,,,,,
"Employment during month",,,,,,,,,,,,,,
"before current arrest",,,,,,,,,,,,,,
"  Unemployed",22.5,"%",33.2,"%",,27.9,"%",28.4,"%",,27.7,"%",36.8,"%"
"  Employed",77.5,,66.8,,,72.1,,71.6,,,72.3,,63.2,
,,,,,,,,,,,,,,
"    Full-time",69.3,,53.7,,,64.6,,59.3,,,59.2,,47.9,
"    Part-time",5.6,,10.3,,,6.3,,9.9,,,8.0,,10.7,
"    Occassional",2.7,,2.8,,,1.2,,2.4,,,5.1,,4.5,
,,,,,,,,,,,,,,
"Personal income in month",,,,,,,,,,,,,,
"before current arrest",,,,,,,,,,,,,,
"  Less than $200",12.7,"%",19.5,"%",,14.7,"%",18.7,"%",,16.5,"%",25.3,"%"
"  $200-599",17.2,,22.5,,,14.5,,15.1,,,20.8,,26.0,
"  $600-999",17.3,,16.9,,,13.5,,15.5,,,15.9,,17.7,
"  $1,000-1,999",26.9,,22.3,,,22.2,,22.1,,,29.1,,19.6,
"  $2,000-4,999",18.0,,11.1,,,18.8,,14.2,,,13.8,,8.8,
"  $5,000+",8.0,,7.6,,,16.3,,14.4,,,3.9,,2.7,
,,,,,,,,,,,,,,
"Type of housing prior to",,,,,,,,,,,,,,
"current arrest",,,,,,,,,,,,,,
"  House",52.2,"%",53.1,"%",,65.6,"%",59.5,"%",,49.7,"%",50.5,"%"
"  Apartment",30.3,,33.6,,,24.2,,30.9,,,28.9,,32.7,
"  Trailer/mobile home",9.0,,6.8,,,3.2,,4.9,,,7.6,,8.3,
"  Rooming house/hotel/motel",2.8,,2.2,,,1.6,,1.3,,,4.7,,3.2,
"  Street/homeless shelter",1.8,,1.7,,,0.9,,0.5,,,5.0,,3.7,
"  Group home or institution",1.0,,0.5,,,1.3,,0.3,,,2.5,,0.8,
"  Correctional facility",1.5,,1.7,,,1.5,,2.2,,,0.6,,0.6,
"  Other",1.3,,0.4,,,1.8,,0.4,,,1.0,,0.2,
,,,,,,,,,,,,,,
"Homeless, living on the street",,,,,,,,,,,,,,
"or in a shelter in the past year?",,,,,,,,,,,,,,
"  Yes",12.4,"%",10.3,"%",,5.9,"%",4.1,"%",,22.7,"%",19.1,"%"
