"Bureau of Justice Statistics",,,,,,
"Filename:  vpj11.csv",,,,,,
"Table 11. Prior drug use of veterans in State prison, by Vietnam-era",,,,,,
"service and combat-duty service, 1997",,,,,,
"Report title: Veterans in Prison or Jail, NCJ 178888",,,,,,
"Data source:  1997 Survey of Inmates in State Correctional Facilities",,,,,,
"Author:  Christopher Mumola",,,,,,
"Refer questions to: askbjs@ojp.usdoj.gov (202) 307-0765",,,,,,
"Date of version: 12/15/99",,,,,,
,,,,,,
"Table 11. Prior drug use of veterans in State prison, by ",,,,,,
"Vietnam-era service and combat-duty service, 1997",,,,,,
,,,,,,
,"Percent of veterans in",,,,,
,"State prison who reported---",,,,,
,,,"Ever ",,"Using drugs",
,"Ever",,"using",,"in the month",
,"using",,"intravenous",,"before the",
,"drugs",,"drugs",,"offense",
,,,,,,
"Vietnam-era service*",,,,,,
"  Yes",77.2,"%",31.8,"%",41.1,"%"
"  No",80.4,,20.5,,47.4,
,,,,,,
"Served in combat duty",,,,,,
"  Yes",68.5,"%",22.8,"%",29.8,"%"
"  No",81.8,,25.0,,49.5,
,,,,,,
"*Defined as service during the years 1964-73.",,,,,,
