"Bureau of Justice Statistics",,,,,,,,,,,,,,
"Filename:  vpjapp1.csv",,,,,,,,,,,,,,
"Appendix table 1. Standard errors of selected characteristics of veterans and nonveterans in State and Federal prisons, and local jails",,,,,,,,,,,,,,
"Report title: Veterans in Prison or Jail, NCJ 178888",,,,,,,,,,,,,,
"Data source:  1997 Survey of Inmates in State and Federal Correctional Facilities, and",,,,,,,,,,,,,,
"1996 Survey of Inmates in Local Jails",,,,,,,,,,,,,,
"Author:  Christopher Mumola",,,,,,,,,,,,,,
"Refer questions to: askbjs@ojp.usdoj.gov (202) 307-0765",,,,,,,,,,,,,,
"Date of version: 12/15/99",,,,,,,,,,,,,,
,,,,,,,,,,,,,,
"Appendix table 1. Standard errors of selected characteristics of veterans",,,,,,,,,,,,,,
"and nonveterans in State and Federal prisons, and local jails",,,,,,,,,,,,,,
,,,,,,,,,,,,,,
,"Estimated standard errors",,,,,,,,,,,,,
,"State prison",,,,,"Federal prison",,,,,"Local jail",,,
"Selected characteristic","Veterans",,"Nonveterans",,,"Veterans",,"Nonveterans",,,"Veterans",,"Nonveterans",
,,,,,,,,,,,,,,
"Current offense",,,,,,,,,,,,,,
"Violent",1.54,"%",0.58,"%",,1.66,"%",0.56,"%",,2.14,"%",0.82,"%"
"Property",1.25,,0.48,,,1.23,,0.39,,,1.92,,0.76,
"Drug",1.09,,0.48,,,3.11,,1.22,,,1.68,,0.70,
"Public-order",0.94,,0.35,,,1.41,,0.58,,,2.17,,0.78,
,,,,,,,,,,,,,,
"Criminal justice status at arrest",,,,,,,,,,,,,,
"Any status",1.48,"%",0.58,"%",,2.45,"%",1.01,"%",,2.21,"%",0.85,"%"
,,,,,,,,,,,,,,
"Criminal history",,,,,,,,,,,,,,
"Any priors",1.41,"%",0.49,"%",,2.70,"%",1.11,"%",,2.21,"%",0.86,"%"
,,,,,,,,,,,,,,
"Prior drug use",,,,,,,,,,,,,,
"Ever used drugs",1.25,"%",0.43,"%",,2.46,"%",1.01,"%",,1.83,"%",0.63,"%"
"Ever used IV drugs",1.32,,0.46,,,2.07,,0.73,,,1.88,,0.63,
"Used drugs in month before offense",1.53,,0.58,,,2.70,,1.13,,,2.48,,0.94,
"Under influence at time of offense",1.36,,0.55,,,2.26,,0.96,,,2.21,,0.88,
,,,,,,,,,,,,,,
"Prior alcohol abuse",,,,,,,,,,,,,,
"Alcohol dependent",1.42,"%",0.50,"%",,2.24,"%",0.82,"%",,2.03,"%",0.75,"%"
"Ever drove drunk",1.52,,0.58,,,2.73,,1.12,,,2.28,,0.94,
"""Binge drinker"" /a",1.53,,0.57,,,2.60,,1.04,,,2.25,,0.90,
,,,,,,,,,,,,,,
"Identified as mentally ill /b",1.22,"%",0.43,"%",,1.86,"%",0.56,"%",,2.35,"%",0.56,"%"
,,,,,,,,,,,,,,
"Homeless",,,,,,,,,,,,,,
"In year before arrest",1.01,"%",0.35,"%",,1.29,"%",0.45,"%",,1.80,"%",0.65,"%"
"At time of arrest",0.41,,0.15,,,0.52,,0.16,,,0.92,,0.30,
,,,,,,,,,,,,,,
"a/Binge drinking is defined as having consumed in a day as much as a fifth of lquor, equivalent to 20 drinks, 3 bottles of wine, or 3 six-packs of beer.",,,,,,,,,,,,,,
"b/Reported either a mental or emotional condition or an overnight stay in a mental hospital or program.",,,,,,,,,,,,,,
