"Bureau of Justice Statistics",,,,,,,,
"Filename:  vpjapp3.csv",,,,,,,,
"Appendix table 3. Selected characteristics of veterans in State and Federal prisons, and local jails",,,,,,,,
"Report title: Veterans in Prison or Jail, NCJ 178888",,,,,,,,
"Data source:  1997 Survey of Inmates in State and Federal Correctional Facilities, and",,,,,,,,
"1996 Survey of Inmates in Local Jails",,,,,,,,
"Author:  Christopher Mumola",,,,,,,,
"Refer questions to: askbjs@ojp.usdoj.gov (202) 307-0765",,,,,,,,
"Date of version: 12/15/99",,,,,,,,
,,,,,,,,
"Appendix table 3. Standard errors of selected characteristics of veterans",,,,,,,,
"in State and Federal prisons, and local jails",,,,,,,,
,,,,,,,,
,"Percent of veterans",,,,,,,
"Selected characteristic","State prison",,,"Federal prison",,,"Local jail",
,,,,,,,,
"Discharge type",,,,,,,,
"Honorable",1.32,"%",,2.17,"%",,1.77,"%"
"Dishonorable*",1.17,,,1.96,,,1.58,
,,,,,,,,
"Branch of military service",,,,,,,,
"Army",1.51,"%",,2.70,"%",,2.25,"%"
"Navy",1.16,,,1.90,,,1.78,
"Marine Corps",1.11,,,2.02,,,1.56,
"Air Force",0.87,,,1.78,,,1.34,
,,,,,,,,
"Combat duty during service",1.23,"%",,2.21,"%",,1.76,"%"
,,,,,,,,
"Era of military service",,,,,,,,
"Vietnam era (1964-1973)",1.49,"%",,2.76,"%",,"...","%"
"Other than Vietnam era",1.49,,,2.76,,,"...",
,,,,,,,,
"...Data not reported.",,,,,,,,
"*Excludes medical discharges and those veterans who have not yet been discharged.",,,,,,,,
