"Bureau of Justice Statistics",,,,
"Filename:  vpjapp2.csv",,,,
"Appendix table 2. Standard errors of victim characteristics, by veteran status of violent",,,,
"State prisoners, 1997",,,,
"Report title: Veterans in Prison or Jail, NCJ 178888",,,,
"Data source:  1997 Survey of Inmates in State Correctional Facilities",,,,
"Author:  Christopher Mumola",,,,
"Refer questions to: askbjs@ojp.usdoj.gov (202) 307-0765",,,,
"Date of version: 12/15/99",,,,
,,,,
"Appendix table 2. Standard errors of victim characteristics,",,,,
"by  veteran status of violent State prisoners, 1997",,,,
,,,,
,"Percent of violent ",,,
,"State prisoners",,,
"Victim characteristic","Veterans",,"Nonveterans",
,,,,
"Gender of victim(s)",,,,
"  Male",2.01,"%",0.87,"%"
"  Female",2.08,,0.84,
"  Both males and females",1.25,,0.55,
,,,,
"Age of youngest victim",,,,
"  12 or younger ",1.71,"%",0.52,"%"
"  13-17",1.53,,0.55,
"  18-24",1.45,,0.74,
"  25-34",1.75,,0.83,
"  35-54",1.76,,0.76,
"  55 or older",1.03,,0.37,
,,,,
"Victim-offender relationship",,,,
"  Knew victim a/",1.94,"%",0.88,"%"
"    Relative",1.75,,0.51,
"    Intimate b/",1.34,,0.50,
"    Friend/acquaintance",1.96,,0.78,
"    Other c/",0.93,,0.45,
"  Knew none of victims",1.94,,0.88,
,,,,
"Use of weapon",,,,
"  Yes",2.03,"%",0.88,"%"
"  No",2.03,,0.88,
,,,,
"a/ More than one victim may have been reported.",,,,
"b/ Includes (ex-)spouse, (ex-)boyfriend and (ex-)girlfriend.",,,,
"c/ Includes those known by sight only.",,,,
