Warsaw Police Department,
MONTHLY COUNCIL REPORT,
July 2013,
Civic Programs Presented & Community Events,
July 3 rd – Super Hero’s Day YMCA Pre-School (Chief Spare),
"July 5th – Richmond County Fireworks (Chief Spare, Officer Scholes, Officer Taylor)","July 5th – Richmond County Fireworks (Chief Spare, Officer Scholes, Officer Taylor)"
July 13th – Warsaw Farmer’s Market (Officer Taylor),
July 20th - Grand Opening Main Street Playground (Officers Scholes),
July 20 th & 21 st - Gun Show (Officers Scholes),
July 29th – Deputy Keith Amos Retirement Party (Chief Spare),
Calls for Service,42
Directed Patrols,504
Property & Business Checks Conducted,"1,126"
Follow Ups,3
Arrest,9
Child Endangerment,1
DUI,3
Probation Violation (Felony’s),3
Temporary Detention Order,2
Uniform Traffic Summons,44
Expired Inspection,1
Expired Registration,3
No Valid Driver’s License,4
Reckless Driving,2
Speeding,34
______________________________________,
Chandra O. Johnson - Administrative Assistant,
"""When The Community And Police Work Together We Can Make A Difference!"" – Chief C. Spare","""When The Community And Police Work Together We Can Make A Difference!"" – Chief C. Spare"
8/5/2013,
