,Warsaw Police Department
,MONTHLY COUNCIL REPORT
,2013 Year End Report
Civic Programs Presented & Community Events,
January 9th,Chief Spare spoke to the Warsaw Rotary Club members
February 19,Chief Spare spoke to the Warsaw Ruritan at Menokin Baptist Church
February 21,Chief Spare and Chandra Johnson Opening of Choices Youth & Family
,Services Inc
February 25,Chief Spare spoke to Caregivers at Home Instead Senior Care
February 27,Chief Spare spoke to the residence of College Green Apartments
April 6,Rappahannock Church of Christ Running Waters 5K Run (Officer
,Scholes)
April 8,RCC- Citizen’s Advisory Board (Chief Spare)
April 19,Methodist Church Luncheon (Chief Spare)
April 26,Prom Safety Talk at RHS (Chief Spare)
April 30,YMCA Preschool Community Helps (Chief Spare)
May 2,"National Day of Prayer (Chief Spare, Officer Scholes)"
May 4,"Because We Care Relay For Life at RHS (Chief Spare, Officers"
,Scholes & Taylor)
May 4,Car Seat Safety Check at Cuddlebugs Child Development Center
,"(Chief Spare, Officers Scholes & Taylor)"
May 4,YMCA Color Me Healthy 5k Run & Healthy Kids Day (Chief
,"Spare, Officers Scholes & Taylor"
May 4,"Gun Show (Chief Spare, Officers Scholes & Taylor)"
May 11,Warsaw Farmer’s Market (Officer Scholes)
May 11,Senior Law Day (Chief Spare)
May 14,Richmond County Resource Council (Chief Spare)
May 15,Community Helpers at Cuddlebugs Child Development Center (Chief
,Spare)
May 21,"Triad Health & Safety Fair (Chief Spare, Officer Scholes, Chandra"
,Johnson)
May 24,Richmond Co. Elem School Fun Day (Chief Spare) **Rained**
May 25,"Crime Stoppers Pig Pickin (Chief Spare, Officer’s Scholes and Taylor)"
June 5 th,Rappahannock High School Fun Day (Chief Spare)
June 8th,Warsaw Farmer’s Market (Officer Scholes)
June 12th,Military Officers Association of America (MOAA) Board Meeting (Chief
,Spare)
June 15th,Rappahannock High School Graduation (Officer Scholes)
June 11th,Richmond County Resource Council (Chief Spare)
June 26th,"Crisis Intervention Week Training (C.I.T.), (Officer Scholes)"
July 3rd,Super Hero’s Day YMCA Pre-School (Chief Spare)
,"""When The Community And Police Work Together We Can Make A Difference!"" - C. Spare"
1/6/2014,1
,Warsaw Police Department,
Continued - Civic Programs Presented & Community Events,Continued - Civic Programs Presented & Community Events,
July 5 th,"Richmond County Fireworks (Chief Spare, Officer Scholes,",
,Officer Taylor),
July 13th,Warsaw Farmer’s Market (Officer Taylor),
July 20th,Grand Opening Main Street Playground (Officers Scholes),
July 20th - 21st,Gun Show (Officers Scholes),
July 29th,Deputy Keith Amos Retirement Party (Chief Spare),
August 10 th,Warsaw Farmer’s Market (Officer Taylor),
August 20 th – 24 th,Richmond County Fair,
,"(Chief Spare, Officer Scholes, Aux. Officer Nathan Thompson)",
August 25th – 28 th,Virginia Assoc of Chiefs of Police Conference (Chief Spare),
September 8th,Triad/AARP Community Food Week Drive,
September 14th,Warsaw Farmer’s Market (Officer Scholes),
September 18th,Westmoreland Triad Signing (Chief Spare),
September 28th,YMCA Auction (Officer Scholes and Auxiliary Officer,
,Thompson),
October 5 th,Ocktober Fest (All Officers),
October 12 th,Warsaw Fest (All Officers and Auxiliary Officer),
November 5 th,"Bullying Symptoms, Solutions and Systems at RHS (Chief Spare)",
November 6 th,K & Q Resource Council to discuss Triad (Chief Spare),
December 1st,Tree Lighting Ceremony (Officer Bowden),
December 1st,"Tractors, Trucks and Toys Parade (All Officers)",
December 16th,Songs of Christmas – All week (Officers Scholes and Bowden),
December 22nd,Santa Clause is Coming to Town & RCVFD (Officer Scholes),
Arrest,,46
Assault & Battery,,2
Domestic Assault,,1
Drunk in Public,,6
DUI,,8
Eluding Law Enforcement,Eluding Law Enforcement,1
Emergency Custody Order,Emergency Custody Order,2
Endangering a Child,Endangering a Child,2
Fail to Take a Breath Test,Fail to Take a Breath Test,1
Habitual Offender (Felony),Habitual Offender (Felony),1
Open Container (Liquor Law Violations),Open Container (Liquor Law Violations),1
Possession of Marijuana,Possession of Marijuana,3
Probation Violation,,8
Refuse Breath Test,,2
Shoplifting,,2
Temporary Detention Order,Temporary Detention Order,4
Underage Possession of Alcohol,Underage Possession of Alcohol,2
,"""When The Community And Police Work Together We Can Make A Difference!"" - C. Spare",
1/6/2014,,2
,Warsaw Police Department
Uniform Traffic Summons,362
Child Restrains,1
Defective Equipment,19
Drive While Suspended,8
Expired Inspection,18
Expired Registration,7
Flag Etc. End of Load,1
Failure to Keep Right of Center Highway,1
Fail to Yield Private Drive,3
Fail to Yield Right of Way,3
Failure to Stop before Turning Right on Red,3
Failure to Stop at Traffic Light,1
Following too Close,9
Improper Lane Change,1
Highway Sign- Fail Obey,7
No CDL/No CDL in Possession,1
No Child Restraint Devices,5
No Insurance,2
No Safety Belt,3
No Valid Driver’s License,11
Reckless Driving,8
Speeding,250
Calls for Service,426
Directed Patrols,"3,413"
Property & Business Checks Conducted,"6,890"
Follow Ups,50
Submitted by:,
_____________________________________________,
Chandra O. Johnson – Administrative Assistant,
,"""When The Community And Police Work Together We Can Make A Difference!"" - C. Spare"
1/6/2014,3
