Name: “Table 1 of 1 on page 3 of 3”,Name: “Table 1 of 1 on page 3 of 3”
Table: 3,Table: 3
,
,Warsaw Police Department
Uniform Traffic Summons,362
Child Restrains,1
Defective Equipment,19
Drive While Suspended,8
Expired Inspection,18
Expired Registration,7
Flag Etc. End of Load,1
Failure to Keep Right of Center Highway,1
Fail to Yield Private Drive,3
Fail to Yield Right of Way,3
Failure to Stop before Turning Right on Red,3
Failure to Stop at Traffic Light,1
Following too Close,9
Improper Lane Change,1
Highway Sign- Fail Obey,7
No CDL/No CDL in Possession,1
No Child Restraint Devices,5
No Insurance,2
No Safety Belt,3
No Valid Driver’s License,11
Reckless Driving,8
Speeding,250
Calls for Service,426
Directed Patrols,"3,413"
Property & Business Checks Conducted,"6,890"
Follow Ups,50
Submitted by:,
_____________________________________________,
Chandra O. Johnson – Administrative Assistant,
,"""When The Community And Police Work Together We Can Make A Difference!"" - C. Spare"
1/6/2014,3
