Name: “Table 1 of 1 on page 2 of 3”,Name: “Table 1 of 1 on page 2 of 3”,Name: “Table 1 of 1 on page 2 of 3”
Table: 2,Table: 2,Table: 2
,,
,Warsaw Police Department,
Continued - Civic Programs Presented & Community Events,Continued - Civic Programs Presented & Community Events,
July 5 th,"Richmond County Fireworks (Chief Spare, Officer Scholes,",
,Officer Taylor),
July 13th,Warsaw Farmer’s Market (Officer Taylor),
July 20th,Grand Opening Main Street Playground (Officers Scholes),
July 20th - 21st,Gun Show (Officers Scholes),
July 29th,Deputy Keith Amos Retirement Party (Chief Spare),
August 10 th,Warsaw Farmer’s Market (Officer Taylor),
August 20 th – 24 th,Richmond County Fair,
,"(Chief Spare, Officer Scholes, Aux. Officer Nathan Thompson)",
August 25th – 28 th,Virginia Assoc of Chiefs of Police Conference (Chief Spare),
September 8th,Triad/AARP Community Food Week Drive,
September 14th,Warsaw Farmer’s Market (Officer Scholes),
September 18th,Westmoreland Triad Signing (Chief Spare),
September 28th,YMCA Auction (Officer Scholes and Auxiliary Officer,
,Thompson),
October 5 th,Ocktober Fest (All Officers),
October 12 th,Warsaw Fest (All Officers and Auxiliary Officer),
November 5 th,"Bullying Symptoms, Solutions and Systems at RHS (Chief Spare)",
November 6 th,K & Q Resource Council to discuss Triad (Chief Spare),
December 1st,Tree Lighting Ceremony (Officer Bowden),
December 1st,"Tractors, Trucks and Toys Parade (All Officers)",
December 16th,Songs of Christmas – All week (Officers Scholes and Bowden),
December 22nd,Santa Clause is Coming to Town & RCVFD (Officer Scholes),
Arrest,,46
Assault & Battery,,2
Domestic Assault,,1
Drunk in Public,,6
DUI,,8
Eluding Law Enforcement,Eluding Law Enforcement,1
Emergency Custody Order,Emergency Custody Order,2
Endangering a Child,Endangering a Child,2
Fail to Take a Breath Test,Fail to Take a Breath Test,1
Habitual Offender (Felony),Habitual Offender (Felony),1
Open Container (Liquor Law Violations),Open Container (Liquor Law Violations),1
Possession of Marijuana,Possession of Marijuana,3
Probation Violation,,8
Refuse Breath Test,,2
Shoplifting,,2
Temporary Detention Order,Temporary Detention Order,4
Underage Possession of Alcohol,Underage Possession of Alcohol,2
,"""When The Community And Police Work Together We Can Make A Difference!"" - C. Spare",
1/6/2014,,2
