"Bureau of Justice Statistics",,,,,,
"filename:  cv0279.csv",,,,,,
"Table 79. Percent of victimizations in which victims received hospital care, by selected characteristics of victims and type of crime",,,,,,
"data source: National Criminal Victimization Survey, 2002   NCJ  200561",,,,,,
"produced by:  Cathy Maston ",,,,,,
"authors:  Patsy Klaus and Cathy Maston",,,,,,
"refer questions to:  askbjs@ojp.usdoj.gov     202-307-0765",,,,,,
"date of version: 08/31/03",,,,,,
,,,,,,
"Table 79. Personal crimes of violence, 2002: Percent of victimizations in which victims received hospital care, by selected characteristics of victims and type of crime",,,,,,
,,,,,,
,"                   Percent of victimizations",,,,,
"Characteristic","Crimes of violence/a",,"Robbery",,"Assault",
,,,,,,
"Gender",,,,,,
"Both genders",5.5,"%",11.6,"%",4.5,"%"
"Male",5.1,,13.2,,4.0,
"Female",6.0,,8.9,"*",5.1,
,,,,,,
"Age",,,,,,
"12-19",3.5,,5.3,"*",2.7,
"20-34",7.3,,14.9,"*",6.0,
"35-49",5.1,,9.1,"*",4.6,
"50-64",6.9,,15.8,"*",5.5,"*"
"65 and over",4.1,"*",13.5,"*","0.0","*"
,,,,,,
"Race/a",,,,,,
"White",5.6,,12.0,,4.6,
"Black",6.0,,12.7,"*",4.9,"*"
,,,,,,
"Victim-offender relationship",,,,,,
"Strangers",5.4,,12.4,,3.7,
"Nonstrangers",5.6,,9.5,"*",5.2,
,,,,,,
"*Estimate is based on about 10 or fewer sample cases.",,,,,,
"a/Includes data on rape and sexual assault, not shown separately.",,,,,,
"b/Excludes data on persons of ""Other"" races.",,,,,,
