"Bureau of Justice Statistics",,,,,,,,,,,,
"filename:  cv0230.csv",,,,,,,,,,,,
"Table 30. Percent of victimizations involving strangers, by gender and race of victims and type of crime",,,,,,,,,,,,
"data source: National Criminal Victimization Survey, 2002   NCJ  200561",,,,,,,,,,,,
"produced by:  Cathy Maston ",,,,,,,,,,,,
"authors:  Patsy Klaus and Cathy Maston",,,,,,,,,,,,
"refer questions to:  askbjs@ojp.usdoj.gov     202-307-0765",,,,,,,,,,,,
"date of version: 08/31/03",,,,,,,,,,,,
,,,,,,,,,,,,
"Table 30. Personal crimes of violence, 2002: Percent of victimizations involving strangers, by gender and race of victims and type of crime",,,,,,,,,,,,
,,,,,,,,,,,,
,"                                           Percent of victimizations involving strangers",,,,,,,,,,,
,,,,,,,"                             Assault",,,,,
"Gender and race","Crimes of violence",,"Rape/ Sexual assault/a",,"Robbery",,"     Total",,"Aggravated",,"   Simple",
,,,,,,,,,,,,
"Both genders",,,,,,,,,,,,
"White",50.0,"%",38.6,"%",71.2,"%",48.4,"%",58.3,"%",45.9,"%"
"Black",47.4,,21.2,"*",76.7,,44.8,,62.1,,36.9,
,,,,,,,,,,,,
"Male",,,,,,,,,,,,
"White",60.3,,64.0,"*",81.6,,58.0,,63.7,,56.3,
"Black",61.0,,"0.0","*",82.1,,57.6,,80.2,,46.5,
,,,,,,,,,,,,
"Female",,,,,,,,,,,,
"White",37.6,,35.3,,53.1,,36.6,,49.6,,33.8,
"Black",35.1,,24.5,"*",67.1,"*",32.8,,43.4,,28.4,
,,,,,,,,,,,,
"Note: Excludes data on persons of ""Other"" races.",,,,,,,,,,,,
"*Estimate is based on about 10 or fewer sample cases.",,,,,,,,,,,,
"a/Includes verbal threats of rape and threats of sexual assault.",,,,,,,,,,,,
