"Bureau of Justice Statistics",,,,,,,,,,,
"filename:  cv0218.csv",,,,,,,,,,,
"Table 18. Number of victimizations and victimization rates on the basis of thefts per 1,000 households and of thefts per 1,000 vehicles owned, by selected household characteristics",,,,,,,,,,,
"data source: National Criminal Victimization Survey, 2002   NCJ  200561",,,,,,,,,,,
"produced by:  Cathy Maston ",,,,,,,,,,,
"authors:  Patsy Klaus and Cathy Maston",,,,,,,,,,,
"refer questions to:  askbjs@ojp.usdoj.gov     202-307-0765",,,,,,,,,,,
"date of version: 08/31/03",,,,,,,,,,,
,,,,,,,,,,,
"Table 18. Motor vehicle theft, 2002: Number of victimizations and victimization rates on the basis of thefts per 1,000 households and of thefts per 1,000 vehicles owned, by selected household characteristics",,,,,,,,,,,
,,,,,,,,,,,
,"                      Based on households",,,,,"                    Based on vehicles owned",,,,,
"Characteristic","Number of households","Number of thefts",,"Rate per 1,000",,"Number of vehicles owned",,"Number of thefts",,"Rate per 1,000",
,,,,,,,,,,,
"Race of head of household",,,,,,,,,,,
"   All races",110323840,988760,,9.0,,207059460,,1038580,,5.0,
"      White",92182320,695410,,7.5,,180197020,,735470,,4.1,
"      Black",14013850,241670,,17.2,,19552100,,249710,,12.8,
"      Other",4127670,51670,,12.5,,7310350,,53400,,7.3,
"                                                                                                           ",,,,,,,,,,,
"Age of head of household",,,,,,,,,,,
"   12-19",1041190,10690,"*",10.3,"*",1350580,,18960,"*",14.0,"*"
"   20-34",25241920,351090,,13.9,,43854050,,361520,,8.2,
"   35-49",36311160,395010,,10.9,,75478780,,415820,,5.5,
"   50-64",25786270,158620,,6.2,,54376910,,164770,,3.0,
"   65 and over",21943300,73350,,3.3,,31999150,,77510,,2.4,
"                                                                                                           ",,,,,,,,,,,
"Form of tenure",,,,,,,,,,,
"   Owned or being bought",75023210,487830,,6.5,,160270540,,508770,,3.2,
"   Rented",35300630,500930,,14.2,,46788920,,529810,,11.3,
,,,,,,,,,,,
"Locality of residence",,,,,,,,,,,
"   Urban",31937800,545060,,17.1,,48593400,,560020,,11.5,
"   Suburban",51446980,384280,,7.5,,103242550,,410510,,4.0,
"   Rural",26939060,59420,,2.2,,55223520,,68050,,1.2,
,,,,,,,,,,,
"Note: Detail may not add to total shown because of rounding.",,,,,,,,,,,
"*Estimate is based on about 10 or fewer sample cases.",,,,,,,,,,,
"The number of thefts based on vehicles owned is equal to or higher than the corresponding figure based on households because the former includes all completed or attempted vehicle thefts, regardless of the final classification of the event",,,,,,,,,,,
"The term ""Suburban"" is used to denote ""Outside central cities.""  The term ""Rural"" is used to denote ""Nonmetropolitan areas.""",,,,,,,,,,,
