"Bureau of Justice Statistics",,,,,,,,,,,,,
"filename:  cv0225.csv",,,,,,,,,,,,,
"Table 25. Victimization rates by type of crime and number of units in structure occupied by household",,,,,,,,,,,,,
"data source: National Criminal Victimization Survey, 2002   NCJ  200561",,,,,,,,,,,,,
"produced by:  Cathy Maston ",,,,,,,,,,,,,
"authors:  Patsy Klaus and Cathy Maston",,,,,,,,,,,,,
"refer questions to:  askbjs@ojp.usdoj.gov     202-307-0765",,,,,,,,,,,,,
"date of version: 08/31/03",,,,,,,,,,,,,
,,,,,,,,,,,,,
"Table 25. Property crimes, 2002: Victimization rates by type of crime and number of units in structure occupied by household",,,,,,,,,,,,,
,,,,,,,,,,,,,
"                                                                                                      ","                                                                                Rate per 1,000 households",,,,,,,,,,,,
"Type of crime","One/a","Two",,"Three",,"Four",,"     Five-nine",,"    Ten or more",,"Other than housing unit  ",
,,,,,,,,,,,,,
"Property crimes",146.3,215.5,,178.5,,193.0,,185.7,,175.8,,302.0,
"                                                                                           ",,,,,,,,,,,,,
"  Household burglary",26.6,40.0,,30.0,,33.7,,30.5,,23.7,,91.5,
"    Completed",22.9,35.3,,22.0,,25.7,,24.3,,19.7,,82.5,
"      Forcible entry",8.8,15.1,,14.4,"*",10.1,,10.4,,8.4,,5.8,"*"
"      Unlawful entry without force",14.1,20.2,,7.6,"*",15.6,,13.8,,11.3,,76.7,
"    Attempted forcible entry",3.7,4.7,"*",8.1,"*",8.0,"*",6.3,,4.0,,9.1,"*"
"  Motor vehicle theft",6.9,15.0,,13.7,"*",8.9,"*",13.2,,15.7,,9.1,"*"
"    Completed",5.5,10.5,,9.6,"*",7.5,"*",11.5,,12.5,,"0.0","*"
"    Attempted",1.4,4.5,"*",4.1,"*",1.4,"*",1.7,"*",3.1,,9.1,"*"
"  Theft",112.8,160.4,,134.8,,150.4,,141.9,,136.4,,201.4,
"    Completed",109.0,157.4,,129.0,,144.2,,137.4,,130.6,,201.4,
"       Less than $50",37.3,43.6,,32.7,,41.7,,36.7,,34.9,,91.2,
"       $50 - $249",36.5,56.8,,54.7,,50.5,,52.8,,44.7,,26.4,"*"
"       $250 or more",26.2,38.7,,35.1,,41.2,,35.5,,38.9,,72.0,
"       Amount not available",9.0,18.3,,6.6,"*",10.8,,12.4,,12.0,,11.8,"*"
"     Attempted",3.8,3.0,"*",5.9,"*",6.2,"*",4.5,"*",5.8,,"0.0","*"
,,,,,,,,,,,,,
"Total number of households",77587600,5496930,,1620070,,3369650,,5450370,,13523850,,434990,
,,,,,,,,,,,,,
"Note: Detail may not add to total shown because of rounding.  Excludes data on households for which the number of units in the structure was not ascertained.",,,,,,,,,,,,,
"*Estimate is based on about 10 or fewer sample cases.",,,,,,,,,,,,,
"a/Includes data on mobile homes, not shown separately.",,,,,,,,,,,,,
