"Bureau of Justice Statistics",,,,,,,,,,
"filename:  cv0202.csv",,,,,,,,,,
"Table 2. Number of victimizations and victimization rates for persons age 12 and over, by type of crime and gender of victims",,,,,,,,,,
"data source: National Criminal Victimization Survey, 2002   NCJ  200561",,,,,,,,,,
"produced by:  Cathy Maston ",,,,,,,,,,
"authors:  Patsy Klaus and Cathy Maston",,,,,,,,,,
"refer questions to:  askbjs@ojp.usdoj.gov     202-307-0765",,,,,,,,,,
"date of version: 08/31/03",,,,,,,,,,
,,,,,,,,,,
"Table 2. Personal crimes, 2002: Number of victimizations and victimization rates for persons age 12 and over, by type of crime and gender of victims",,,,,,,,,,
"              ",,,,,,,,,,
,"                                                                    Rate per 1,000 persons age 12 and over",,,,,,,,,
,"                     Both genders",,"                            Male",,,,"                          Female",,,
"Type of crime         ","Number","Rate","Number",,"Rate",,"Number",,"Rate",
,,,,,,,,,,
"All personal crimes",5496810,23.7,2927520,,26.1,,2569300,,21.5,
,,,,,,,,,,
"Crimes of violence",5341410,23.1,2857930,,25.5,,2483480,,20.8,
"   Completed violence",1753090,7.6,816240,,7.3,,936850,,7.8,
"   Attempted/threatened violence",3588320,15.5,2041690,,18.2,,1546630,,13.0,
"   Rape/Sexual assault",247730,1.1,31640,,0.3,,216090,,1.8,
"      Rape/Attempted rape",167860,0.7,22610,"*",0.2,"*",145240,,1.2,
"         Rape",90390,0.4,4100,"*","0.0","*",86290,,0.7,
"         Attempted rape/a",77470,0.3,18520,"*",0.2,"*",58950,,0.5,
"      Sexual assault/b",79870,0.3,9030,"*",0.1,"*",70840,,0.6,
"   Robbery",512490,2.2,323530,,2.9,,188960,,1.6,
"      Completed/property taken",385880,1.7,237350,,2.1,,148530,,1.2,
"         With injury",169980,0.7,102860,,0.9,,67130,,0.6,
"         Without injury",215890,0.9,134490,,1.2,,81400,,0.7,
"      Attempted to take property",126610,0.5,86180,,0.8,,40430,,0.3,
"         With injury",42600,0.2,31470,,0.3,,11130,"*",0.1,"*"
"         Without injury",84020,0.4,54710,,0.5,,29300,"*",0.2,"*"
"   Assault",4581190,19.8,2502760,,22.3,,2078440,,17.4,
"      Aggravated",990110,4.3,588430,,5.2,,401670,,3.4,
"         With injury",316260,1.4,166930,,1.5,,149330,,1.3,
"         Threatened with weapon",673850,2.9,421510,,3.8,,252350,,2.1,
"      Simple",3591090,15.5,1914320,,17.1,,1676760,,14.0,
"         With minor injury",906580,3.9,405670,,3.6,,500910,,4.2,
"         Without injury",2684510,11.6,1508650,,13.4,,1175860,,9.9,
"Purse snatching/Pocket picking",155400,0.7,69590,,0.6,,85810,,0.7,
,,,,,,,,,,
"Population age 12 and over",231589260,"...",112241930,,"...",,119347330,,"...",
,,,,,,,,,,
"Note: Detail may not add to total shown because of rounding.",,,,,,,,,,
"*Estimate is based on about 10 or fewer sample cases.",,,,,,,,,,
"...Not applicable.",,,,,,,,,,
"a/Includes verbal threats of rape.",,,,,,,,,,
"b/Includes threats.",,,,,,,,,,
