"Bureau of Justice Statistics",,,,,,,,,,,,,,,,
"filename:  cv02107.csv",,,,,,,,,,,,,,,,
"Table 107. Percent distribution of incidents where police came to the victim, by police response time and type of crime",,,,,,,,,,,,,,,,
"data source: National Criminal Victimization Survey, 2002   NCJ  200561",,,,,,,,,,,,,,,,
"produced by:  Cathy Maston ",,,,,,,,,,,,,,,,
"authors:  Patsy Klaus and Cathy Maston",,,,,,,,,,,,,,,,
"refer questions to:  askbjs@ojp.usdoj.gov     202-307-0765",,,,,,,,,,,,,,,,
"date of version: 08/31/03",,,,,,,,,,,,,,,,
,,,,,,,,,,,,,,,,
"Table 107. Personal and property crimes, 2002: Percent distribution of incidents where police came to the victim, by police response time and type of crime",,,,,,,,,,,,,,,,
,,,,,,,,,,,,,,,,
,"                                                                              Percent of incidents",,,,,,,,,,,,,,,
"Type of crime"," Total",,"Within 5 minutes",,"6-10 minutes",,"11 minutes-1 hour",," Within 1 day",,"Longer  than 1 day",,"Length of time not known",,"Not ascertained",
,,,,,,,,,,,,,,,,
"Crimes of violence/a",100,"%",29.6,"%",26.9,"%",33.0,"%",5.0,"%",0.1,"%*",5.3,"%",0.1,"%*"
,,,,,,,,,,,,,,," ",
"   Robbery",100,,31.7,,24.9,,30.3,,6.8,"*",0.9,"*",5.6,"*","0.0","*"
"   Aggravated assault",100,,31.2,,28.3,,35.2,,0.8,"*","0.0","*",4.4,"*","0.0","*"
"   Simple assault",100,,29.9,,25.8,,32.7,,5.6,,"0.0","*",5.8,,0.2,"*"
,,,,,,,,,,,,,,,,
"Property crimes",100,"%",9.7,"%",22.1,"%",47.2,"%",12.9,"%",2.0,"%",6.0,"%","0.0","%*"
,,,,,,,,,,,,,,,,
"   Household burglary",100,,8.9,,21.8,,46.8,,13.6,,1.6,"*",7.3,,"0.0","*"
"   Motor vehicle theft",100,,6.2,,21.5,,59.8,,6.3,,1.3,"*",4.8,"*","0.0","*"
"   Theft",100,,11.0,,22.4,,44.5,,14.1,,2.4,,5.6,,"0.0","*"
,,,,,,,,,,,,,,,,
"Note: Detail may not add to total shown because of rounding.",,,,,,,,,,,,,,,,
"*Estimate is based on about 10 or fewer sample cases.",,,,,,,,,,,,,,,,
"a/Crimes of violence includes data on rape and sexual assault, not shown separately.",,,,,,,,,,,,,,,,
