"Bureau of Justice Statistics",,,,,,,,,,
"filename:  cv0265.csv",,,,,,,,,,
"Table 65. Percent distribution of incidents, by distance from home and type of crime",,,,,,,,,,
"data source: National Criminal Victimization Survey, 2002   NCJ  200561",,,,,,,,,,
"produced by:  Cathy Maston ",,,,,,,,,,
"authors:  Patsy Klaus and Cathy Maston",,,,,,,,,,
"refer questions to:  askbjs@ojp.usdoj.gov     202-307-0765",,,,,,,,,,
"date of version: 08/31/03",,,,,,,,,,
,,,,,,,,,,
"Table 65. Selected personal and property crimes, 2002: Percent distribution of incidents, by distance from home and type of crime",,,,,,,,,,
,,,,,,,,,,
"                                                                                                          ",,,"                                           Percent of incidents",,,,,,,
"Type of crime"," Number of  incidents",,"Total",,"Inside home or lodging",,"Near respondent's home",,"One mile from home or less",
,,,,,,,,,,
"Crimes of violence",4923050,,100,"%",16.6,"%",16.9,"%",19.4,"%"
,,,,,,,,,,
"   Rape/Sexual assault/a",247730,,100,,30.0,,6.3,"*",12.7,
"   Robbery",458460,,100,,21.8,,15,,29.1,
"   Assault",4216850,,100,,15.2,,17.8,,18.7,
"      Aggravated",848030,,100,,15.8,,18.2,,18.4,
"      Simple",3368820,,100,,15.1,,17.7,,18.8,
,,,,,,,,,,
"Purse snatching/Pocket picking",154190,,100,,3.7,"*",7.0,"*",22.3,
,,,,,,,,,,
"Property crimes",,,,,,,,,,
,,,,,,,,,,
"   Motor vehicle theft",988760,,100,,1.3,"*",63.1,,5.2,
"   Theft",13494750,,100,,9.8,,46.6,,7.5,
,,,,,,,,,,
,,,,,,,,,,
,"                                               Percent of incidents",,,,,,,,,
"Type of crime","Five miles from home or less",,"Fifty miles from home or less",,"More than 50 miles from home",,"Don't know or not available",,,
,,,,,,,,,,
"Crimes of violence",23.1,"%",19.4,"%",3.2,"%",1.3,"%",,
,,,,,,,,,,
"   Rape/Sexual assault/a",25.8,,18.9,,4.1,"*",2.2,"*",,
"   Robbery",12.5,,19.2,,2.2,"*","0.0","*",,
"   Assault",24.1,,19.4,,3.3,,1.4,,,
"      Aggravated",23.0,,20.6,,4.0,,"0.0","*",,
"      Simple",24.3,,19.2,,3.1,,1.8,,,
,,,,,,,,,,
"Purse snatching/Pocket picking",38.8,,16.2,"*",12.0,"*","0.0","*",,
,,,,,,,,,,
"Property crimes",,,,,,,,,,
,,,,,,,,,,
"   Motor vehicle theft",13.7,,13.8,,1.9,"*",0.9,"*",,
"   Theft",15.1,,14.9,,3.8,,2.3,,,
,,,,,,,,,,
"Note: Detail may not add to total shown because of rounding.",,,,,,,,,,
"*Estimate is based on about 10 or fewer sample cases.",,,,,,,,,,
"a/Includes verbal threats of rape and threats of sexual assault.",,,,,,,,,,
