"Bureau of Justice Statistics",,,,,,,,,,,,,,,,
"filename:  cv0234.csv",,,,,,,,,,,,,,,,
"Table 34. Percent distribution of victimizations, by type of crime and relationship to offender",,,,,,,,,,,,,,,,
"data source: National Criminal Victimization Survey, 2002   NCJ  200561",,,,,,,,,,,,,,,,
"produced by:  Cathy Maston ",,,,,,,,,,,,,,,,
"authors:  Patsy Klaus and Cathy Maston",,,,,,,,,,,,,,,,
"refer questions to:  askbjs@ojp.usdoj.gov     202-307-0765",,,,,,,,,,,,,,,,
"date of version: 08/31/03",,,,,,,,,,,,,,,,
,,,,,,,,,,,,,,,,
"Table 34. Family violence, 2002: Percent distribution of victimizations, by type of crime and relationship to offender",,,,,,,,,,,,,,,,
,,,,,,,,,,,,,,,,
,,,"                                                                        Percent of victimizations",,,,,,,,,,,,,
,,,,,"                                                                          Related",,,,,,,,,,,
"Type of crime","Total number of victimizations",,"Total crimes",,"Total",," Spouse",,"Ex-spouse",,"Parent",,"Own child",,"Other relatives",
,,,,,,,,,,,,,,,,
"Crimes of violence",5341410,,100,"%",8.4,"%",2.6,"%",1.1,"%",1.3,"%",1.0,"%",2.3,"%"
,,,,,,,,,,,,,,,,
"   Completed violence",1753090,,100,"%",12.6,,5.0,,1.3,"*",2.1,,1.4,"*",2.8,
"   Attempted/threatened violence",3588320,,100,"%",6.3,,1.5,,1.0,,0.8,"*",0.8,"*",2.1,
"   Rape/Sexual assault/b",247730,,100,"%",2.2,"*",0.7,"*","0.0","*","0.0","*","0.0","*",1.6,"*"
"   Robbery",512490,,100,"%",6.7,,1.9,"*",0.7,"*",2.2,"*",0.4,"*",1.4,"*"
"      Completed/property taken",385880,,100,"%",4.9,"*",1.9,"*",0.5,"*",1.3,"*",0.6,"*",0.6,"*"
"      Attempted to take property",126610,,100,"%",12.1,"*",2.0,"*",1.4,"*",4.8,"*","0.0","*",3.9,"*"
"   Assault",4581190,,100,"%",8.9,,2.8,,1.2,,1.2,,1.1,,2.5,
"      Aggravated",990110,,100,"%",9.2,,2.8,"*",0.8,"*",2.2,"*",0.8,"*",2.6,"*"
"      Simple",3591090,,100,"%",8.8,,2.8,,1.4,,1.0,,1.2,,2.5,
,,,,,,,,,,,,,,,,
,,,,,,,,,,,,,,,,
,"                                                        Percent of victimizations",,,,,,,,,,,,,,,
"Type of crime"," Well-known/a",,"Casual acquaintances",,"Don't know relationship",,"Strangers",,"Don't know number of offenders",,,,,,,
,,,,,,,,,,,,,,,,
"Crimes of violence",27.4,"%",13.8,"%",4.3,"%",44.4,"%",1.7,"%",,,,,,
,,,,,,,,,,,,,,,,
"   Completed violence",31.2,,10.7,,4.4,,39.5,,1.7,"*",,,,,,
"   Attempted/threatened violence",25.6,,15.4,,4.2,,46.8,,1.7,,,,,,,
"   Rape/Sexual assault/b",38.6,,25.2,,0.9,"*",30.7,,2.2,"*",,,,,,
"   Robbery",18.3,,2.0,"*",8.0,,62.5,,2.5,"*",,,,,,
"      Completed/property taken",18.7,,2.7,"*",7.5,"*",63.0,,3.3,"*",,,,,,
"      Attempted to take property",17.1,"*","0.0","*",9.8,"*",61.0,,"0.0","*",,,,,,
"   Assault",27.9,,14.5,,4.0,,43.1,,1.6,,,,,,,
"      Aggravated",21.1,,10.4,,6.1,,50.6,,2.7,"*",,,,,,
"      Simple",29.7,,15.7,,3.4,,41.0,,1.3,,,,,,,
,,,,,,,,,,,,,,,,
"Note: Detail may not add to total shown because of rounding.",,,,,,,,,,,,,,,,
"*Estimate is based on about 10 or fewer sample cases.",,,,,,,,,,,,,,,,
"a/Includes data on offenders well known to the victim whose relationship to the victim could not be ascertained.",,,,,,,,,,,,,,,,
"b/Includes verbal threats of rape and threats of sexual assault.",,,,,,,,,,,,,,,,
