"Bureau of Justice Statistics",,,,,,
"filename:  cv0275.csv",,,,,,
"Table 75. Percent of victimizations in which victims sustained physical injury, by selected characteristics of victims and type of crime",,,,,,
"data source: National Criminal Victimization Survey, 2002   NCJ  200561",,,,,,
"produced by:  Cathy Maston ",,,,,,
"authors:  Patsy Klaus and Cathy Maston",,,,,,
"refer questions to:  askbjs@ojp.usdoj.gov     202-307-0765",,,,,,
"date of version: 08/31/03",,,,,,
,,,,,,
"Table 75. Personal robbery and assault, 2002: Percent of victimizations in which victims sustained physical injury, by selected characteristics of victims and type of crime",,,,,,
,,,,,,
,"    Percent of all victims who sustained physical injury",,,,,
"Characteristic","Robbery and assault",,"Robbery",,"Assault",
,,,,,,
"Gender",,,,,,
"Both genders",28.2,"%",41.5,"%",26.7,"%"
"Male",25.0,,41.5,,22.9,
"Female",32.1,,41.4,,31.3,
"                                                                         ",,,,,,
"Age",,,,,,
"12-15",25.6,,36.4,"*",24.8,
"16-19",30.6,,50.0,,29.0,
"20-34",29.1,,39.9,,27.8,
"35-49",27.4,,43.1,,25.9,
"50-64",27.4,,43.2,"*",24.6,
"65 and over",21.5,"*",33.1,"*",16.1,"*"
"                                                                         ",,,,,,
"Race/a",,,,,,
"White",28.4,,41.7,,27.2,
"Black",25.7,,41.5,,22.6,
"                                                                         ",,,,,,
"Victim-offender relationship",,,,,,
"Strangers",22.9,,35.2,,20.8,
"Nonstrangers",33.6,,58.5,,32.2,
"                                                                         ",,,,,,
"Income/b",,,,,,
"Less than $7,500",36.0,,42.1,"*",34.9,
"$7,500-$14,999",36.1,,53.2,,33.3,
"$15,000-$24,999",31.0,,42.3,"*",29.7,
"$25,000-$34,999",30.8,,42.4,"*",29.3,
"$35,000-$49,999",20.0,,21.8,"*",19.9,
"$50,000-$74,999",20.7,,24.9,"*",20.2,
"$75,000 or more",27.4,,55.1,"*",25.8,
,,,,,,
"*Estimate is based on about 10 or fewer sample cases.",,,,,,
"a/Excludes data on persons of ""Other"" races.",,,,,,
"b/Excludes data on persons whose family income level was not ascertained.",,,,,,
