"Bureau of Justice Statistics",,
"filename:  cv0287.csv",,
"Table 87. Percent of victimizations resulting in loss of time from work, by type of crime",,
"data source: National Criminal Victimization Survey, 2002   NCJ  200561",,
"produced by:  Cathy Maston ",,
"authors:  Patsy Klaus and Cathy Maston",,
"refer questions to:  askbjs@ojp.usdoj.gov     202-307-0765",,
"date of version: 08/31/03",,
,,
"Table 87. Selected personal and property crimes, 2002: Percent of victimizations resulting in loss of time from work, by type of crime",,
,,
"Type of crime         ","Percent of all victimizations",
"All personal crimes/a",7.2,"%"
,,
"Crimes of violence",7.3,
"   Completed violence",15.1,
"   Attempted/threatened violence",3.5,
"   Rape/Sexual assault/b",13.8,
"   Robbery",15.6,
"      Completed/property taken",17.0,
"         With injury",22.1,
"         Without injury",13.0,"*"
"      Attempted to take property",11.4,"*"
"         With injury",34.0,"*"
"         Without injury","0.0","*"
"   Assault",6.0,
"      Aggravated",11.9,
"      Simple",4.4,
,,
"All property crimes                         ",5.7,"%"
,,
"   Household burglary                                ",7.4,
"      Completed                            ",7.8,
"         Forcible entry                     ",14.0,
"         Unlawful entry without force       ",3.8,
"      Attempted forcible entry             ",5.1,"*"
"   Motor vehicle theft                     ",17.8,
"      Completed                            ",20.6,
"      Attempted                            ",7.4,"*"
"   Theft",4.5,
"      Completed",4.4,
"         Less than $50",2.1,
"         $50 - $249",3.4,
"         $250 or more",8.2,
"         Amount not available",5.8,
"      Attempted",6.3,"*"
,,
"Note: Detail may not add to total shown because of rounding.",,
"*Estimate is based on about 10 or fewer sample cases.",,
"a/Includes data on purse snatching/pocket picking, not shown separately.",,
"b/Includes verbal threats of rape and threats of sexual assault.",,
