"Bureau of Justice Statistics",,,,,,,,,,
"filename:  cv0205.csv",,,,,,,,,,
"Table 5. Number of victimizations and victimization rates for persons age 12 and over, by type of crime and race of victims",,,,,,,,,,
"data source: National Criminal Victimization Survey, 2002   NCJ  200561",,,,,,,,,,
"produced by:  Cathy Maston ",,,,,,,,,,
"authors:  Patsy Klaus and Cathy Maston",,,,,,,,,,
"refer questions to:  askbjs@ojp.usdoj.gov     202-307-0765",,,,,,,,,,
"date of version: 08/31/03",,,,,,,,,,
,,,,,,,,,,
"Table 5. Personal crimes, 2002: Number of victimizations and victimization rates for persons age 12 and over, by type of crime and race of victims",,,,,,,,,,
,,,,,,,,,,
"              ",,"                              Rate per 1,000 persons age 12 and over",,,,,,,,
,,"White",,,"Black",,,,"Other",
"Type of crime","Number","Rate","Number",,"Rate",,"Number",,"Rate",
,,,,,,,,,,
"All personal crimes",4525090,23.5,824530,,28.6,,147190,,15.1,
,,,,,,,,,,
"Crimes of violence",4392620,22.8,805440,,27.9,,143350,,14.7,
"   Completed violence",1430510,7.4,271200,,9.4,,51380,,5.3,
"   Attempted/threatened violence",2962110,15.4,534230,,18.5,,91980,,9.4,
"   Rape/Sexual assault",163790,0.8,72020,,2.5,,11920,"*",1.2,"*"
"      Rape/Attempted rape",103350,0.5,55460,,1.9,,9050,"*",0.9,"*"
"         Rape",65440,0.3,20980,"*",0.7,"*",3980,"*",0.4,"*"
"         Attempted rape/a",37910,0.2,34480,,1.2,,5070,"*",0.5,"*"
"      Sexual assault/b",60440,0.3,16560,"*",0.6,"*",2870,"*",0.3,"*"
"   Robbery",370800,1.9,118040,,4.1,,23650,"*",2.4,"*"
"      Completed/property taken",275550,1.4,98310,,3.4,,12020,"*",1.2,"*"
"         With injury",119810,0.6,43780,,1.5,,6390,"*",0.7,"*"
"         Without injury",155740,0.8,54520,,1.9,,5630,"*",0.6,"*"
"      Attempted to take property",95250,0.5,19740,"*",0.7,"*",11630,"*",1.2,"*"
"         With injury",34750,0.2,5230,"*",0.2,"*",2620,"*",0.3,"*"
"         Without injury",60490,0.3,14510,"*",0.5,"*",9010,"*",0.9,"*"
"   Assault",3858030,20.0,615370,,21.3,,107790,,11.0,
"      Aggravated",788040,4.1,192900,,6.7,,9170,"*",0.9,"*"
"         With injury",267900,1.4,45960,,1.6,,2390,"*",0.2,"*"
"         Threatened with weapon",520140,2.7,146930,,5.1,,6780,"*",0.7,"*"
"      Simple",3069990,15.9,422480,,14.6,,98620,,10.1,
"         With minor injury",780230,4.0,93360,,3.2,,32990,,3.4,
"         Without injury",2289760,11.9,329110,,11.4,,65630,,6.7,
"Purse snatching/Pocket picking",132460,0.7,19100,"*",0.7,"*",3840,"*",0.4,"*"
"                                                                                          ",,,,,,,,,,
"Population age 12 and over",192956980,"...",28871440,,"...",,9760850,,"...",
,,,,,,,,,,
"Note: Detail may not add to total shown because of rounding.",,,,,,,,,,
"*Estimate is based on about 10 or fewer sample cases.",,,,,,,,,,
"...Not applicable.",,,,,,,,,,
"a/Includes verbal threats of rape.",,,,,,,,,,
"b/Includes threats.",,,,,,,,,,
