"Bureau of Justice Statistics",,,,,,,,,,,,,,,,,,
"filename:  cv0243.csv",,,,,,,,,,,,,,,,,,
"Table 43. Personal crimes of violence, 2002: Percent distribution of single-offender victimizations, by type of crime and detailed victim-offender relationship",,,,,,,,,,,,,,,,,,
"data source: National Criminal Victimization Survey, 2002   NCJ  200561",,,,,,,,,,,,,,,,,,
"produced by:  Cathy Maston ",,,,,,,,,,,,,,,,,,
"authors:  Patsy Klaus and Cathy Maston",,,,,,,,,,,,,,,,,,
"refer questions to:  askbjs@ojp.usdoj.gov     202-307-0765",,,,,,,,,,,,,,,,,,
"date of version: 08/31/03",,,,,,,,,,,,,,,,,,
,,,,,,,,,,,,,,,,,,
"Table 43. Personal crimes of violence, 2002: Percent distribution of single-offender victimizations, by type of crime and detailed victim-offender relationship",,,,,,,,,,,,,,,,,,
,,,,,,,,,,,,,,,,,,
"       ",,,"                                                            Percent of single-offender victimizations",,,,,,,,,,,,,,,
"                                                                                                                                         ",,,,,"                                                                     Related",,,,,,,,,,,,,
"Type of crime","Number of single-offender victimizations",,"Total",," Total",,"Spouse",,"Ex-spouse",,"Parent",,"Own child",," Brother  or sister",," Other relative",
,,,,,,,,,,,,,,,,,,
"Crimes of violence",4158300,,100,"%",11.2,"%",3.6,"%",1.3,"%",1.7,"%",1.2,"%",1.2,"%",2.2,"%"
,,,,,,,,,,,,,,,,,,
"   Completed violence",1290480,,100,,16.8,,6.7,,1.4,"*",2.7,,1.9,"*",1.1,"*",2.8,
"   Attempted/threatened violence",2867810,,100,,8.7,,2.1,,1.3,,1.2,,0.9,"*",1.3,,1.9,
"   Rape/Sexual assault/b",202680,,100,,2.7,"*",0.8,"*","0.0","*","0.0","*","0.0","*",1.9,"*","0.0","*"
"   Robbery",280010,,100,,11.4,,3.6,"*",1.3,"*",4.0,"*",0.8,"*",0.9,"*",0.8,"*"
"      Completed/property taken",191270,,100,,8.6,"*",3.9,"*",0.9,"*",2.7,"*",1.1,"*","0.0","*","0.0","*"
"      Attempted to take property",88730,,100,,17.3,"*",2.9,"*",2.0,"*",6.9,"*","0.0","*",2.9,"*",2.6,"*"
"   Assault",3675610,,100,,11.6,,3.7,,1.4,,1.6,,1.3,,1.2,,2.4,
"      Aggravated",720880,,100,,12.5,,3.8,"*",1.0,"*",3.1,"*",0.7,"*",1.3,"*",2.6,"*"
"      Simple",2954730,,100,,11.4,,3.7,,1.5,,1.2,,1.5,,1.2,,2.3,
,,,,,,,,,,,,,,,,,,
,,,,,,,,,,,,,,,,,,
"Type of crime","Well known, not related/a",,"Casual acquaintance",,"Don't know",,"Stranger",,,,,,,,,,,
,,,,,,,,,,,,,,,,,,
"Crimes of violence",27.6,"%",16.8,"%",0.9,"%",43.5,"%",,,,,,,,,,
,,,,,,,,,,,,,,,,,,
"   Completed violence",34.4,,14.1,,0.4,"*",34.4,,,,,,,,,,,
"   Attempted/threatened violence",24.5,,18.1,,1.1,,47.6,,,,,,,,,,,
"   Rape/Sexual assault/b",36.3,,29.4,,"0.0","*",31.6,,,,,,,,,,,
"   Robbery",20.5,,3.7,"*",1.0,"*",63.4,,,,,,,,,,,
"      Completed/property taken",21.5,,5.4,"*",1.4,"*",63.0,,,,,,,,,,,
"      Attempted to take property",18.3,"*","0.0","*","0.0","*",64.4,,,,,,,,,,,
"   Assault",27.6,,17.1,,0.9,,42.7,,,,,,,,,,,
"      Aggravated",22.5,,13.4,,0.7,"*",50.9,,,,,,,,,,,
"      Simple",28.9,,18.1,,1.0,"*",40.6,,,,,,,,,,,
,,,,,,,,,,,,,,,,,,
"Note: Detail may not add to total shown because of rounding.",,,,,,,,,,,,,,,,,,
"*Estimate is based on about 10 or fewer sample cases.",,,,,,,,,,,,,,,,,,
"a/Includes data on offenders well known to the victim whose relationship could not be ascertained.",,,,,,,,,,,,,,,,,,
"b/Includes verbal threats of rape and threats of sexual assault.",,,,,,,,,,,,,,,,,,
