"Bureau of Justice Statistics",,,,,,,,,
"filename:  cv0293a..csv",,,,,,,,,
"Table 93a.  Number and percent distribution of victimizations reported to the police, by type of crime, and gender of head of household",,,,,,,,,
"data source: National Criminal Victimization Survey, 2002   NCJ  200561",,,,,,,,,
"produced by:  Cathy Maston ",,,,,,,,,
"authors:  Patsy Klaus and Cathy Maston",,,,,,,,,
"refer questions to:  askbjs@ojp.usdoj.gov     202-307-0765",,,,,,,,,
"date of version: 08/31/03",,,,,,,,,
,,,,,,,,,
"Table 93a. Property crimes, 2002: Number and percent distribution of victimizations reported to the police, by type of crime, and gender of head of household",,,,,,,,,
,,,,,,,,,
,,,,,,,,,
,"                            Percent of all victimizations reported to the police",,,,,,,,
,"            Both Genders",,,"                  Male",,,"                Female",,
"Type of crime","Number","Percent",,"Number","Percent",,"Number","Percent",
,,,,,,,,,
"Property crimes",7051970,40.2,"%",3717560,40.9,"%",3334410,39.5,"%"
,,,,,,,,,
"   Household burglary",1769140,57.9,,884260,58.5,,884880,57.3,
"      Completed",1526740,58.8,,782900,59.8,,743840,57.8,
"           Forcible entry",785490,77.2,,401660,77.8,,383830,76.5,
"           Unlawful entry/without force",741250,46.9,,381240,48.1,,360000,45.8,
"      Attempted forcible entry",242400,52.9,,101360,50.3,,141050,54.9,
"  Motor vehicle theft",850920,86.1,,451990,87.5,,398930,84.5,
"     Completed",748150,95.8,,401910,95.8,,346240,95.8,
"     Attempted",102770,49.4,,50080,51.4,,52690,47.6,
"   Theft",4431910,32.8,,2381310,33.7,,2050590,31.9,
"    Completed",4265800,32.7,,2279360,33.5,,1986440,31.9,
"          Less than $50",716170,17.1,,378150,17.0,,338020,17.3,
"          $50 - $249",1260710,28.3,,682450,29.3,,578260,27.2,
"          $250 or more",1843340,56.4,,994050,56.7,,849300,56.0,
"          Amount not available",445580,39.5,,224710,46.0,,220870,34.5,
"   Attempted",166100,36.5,,101950,39.6,,64150,32.5,
,,,,,,,,,
"Note: Detail may not add to total shown because of rounding.",,,,,,,,,
