"Bureau of Justice Statistics",,,,,,,,,,,,,,,,
"filename:  cv0245.csv",,,,,,,,,,,,,,,,
"Table 45. Percent distribution of multiple-offender victimizations, by type of crime and perceived age of offenders",,,,,,,,,,,,,,,,
"data source: National Criminal Victimization Survey, 2002   NCJ  200561",,,,,,,,,,,,,,,,
"produced by:  Cathy Maston ",,,,,,,,,,,,,,,,
"authors:  Patsy Klaus and Cathy Maston",,,,,,,,,,,,,,,,
"refer questions to:  askbjs@ojp.usdoj.gov     202-307-0765",,,,,,,,,,,,,,,,
"date of version: 08/31/03",,,,,,,,,,,,,,,,
,,,,,,,,,,,,,,,,
"Table 45. Personal crimes of violence, 2002: Percent distribution of multiple-offender victimizations, by type of crime and perceived age of offenders",,,,,,,,,,,,,,,,
,,,,,,,,,,,,,,,,
,,,"                                                   Percent of all multiple-offender victimizations",,,,,,,,,,,,,
,,,,,"                                                       Perceived age of offenders",,,,,,,,,,,
"Type of crime","Number of multiple-offender victimizations",,"Total",,"All under 12",,"All 12-20",,"All 21-29",,"All 30 and over",,"  Mixed ages",,"Not known and not available",
,,,,,,,,,,,,,,,,
"Crimes of violence",1091760,,100,"%",0.5,"%*",37.9,"%",16.4,"%",6.6,"%",26.0,"%",12.6,"%"
,,,,,,,,,,,,,,,,
"   Completed violence",433470,,100,,"0.0","*",26.0,,20.2,,9.9,,27.7,,16.2,
"   Attempted/threatened violence",658280,,100,,0.8,"*",45.7,,13.8,,4.5,"*",24.9,,10.2,
"   Rape/Sexual assault/a",39580,,100,,"0.0","*",38.3,"*",10.9,"*","0.0","*",43.6,"*",7.3,"*"
"   Robbery",219770,,100,,"0.0","*",27.7,,23.3,,7.1,"*",20.9,,21.1,
"      Completed/property taken",181890,,100,,"0.0","*",25.2,,24.3,,8.5,"*",19.5,,22.5,
"         With injury",89620,,100,,"0.0","*",13.3,"*",22.6,"*",11.0,"*",30.9,"*",22.2,"*"
"         Without injury",92260,,100,,"0.0","*",36.7,,25.9,"*",6.1,"*",8.4,"*",22.8,"*"
"      Attempted to take property",37870,,100,,"0.0","*",39.7,"*",18.6,"*","0.0","*",27.5,"*",14.2,"*"
"         With injury",7970,"*",100,"*","0.0","*",65.8,"*","0.0","*","0.0","*",34.2,"*","0.0","*"
"         Without injury",29900,"*",100,"*","0.0","*",32.7,"*",23.6,"*","0.0","*",25.7,"*",18.0,"*"
"   Assault",832400,,100,,0.6,"*",40.5,,14.8,,6.8,,26.6,,10.7,
"      Aggravated",242510,,100,,1.1,"*",26.2,,16.6,,5.7,"*",38.1,,12.3,"*"
"      Simple",589890,,100,,0.4,"*",46.4,,14.1,,7.3,,21.8,,10.0,
,,,,,,,,,,,,,,,,
"Note: Detail may not add to total shown because of rounding.",,,,,,,,,,,,,,,,
"*Estimate is based on about 10 or fewer sample cases.",,,,,,,,,,,,,,,,
"a/Includes verbal threats of rape and threats of sexual assault.",,,,,,,,,,,,,,,,
