"Bureau of Justice Statistics",,,,,
"filename:  cv0226.csv",,,,,
"Table 26. Number of incidents and victimizations and ratio of victimizations to incidents, by type of crime",,,,,
"data source: National Criminal Victimization Survey, 2002   NCJ  200561",,,,,
"produced by:  Cathy Maston ",,,,,
"authors:  Patsy Klaus and Cathy Maston",,,,,
"refer questions to:  askbjs@ojp.usdoj.gov     202-307-0765",,,,,
"date of version: 08/31/03",,,,,
,,,,,
"Table 26. Personal crimes, 2002: Number of incidents and victimizations and ratio of victimizations to incidents, by type of crime",,,,,
,,,,,
"Type of crime         ","     Incidents",,"Victimizations",," Ratio"
,,,,,
"Personal crimes",5077230,,5496810,,1.08
,,,,,
"  Crimes of violence",4923050,,5341410,,1.08
"    Completed violence",1605900,,1753090,,1.09
"    Attempted/threatened violence",3317150,,3588320,,1.08
"   Rape/Sexual assault",247730,,247730,,1.00
"      Rape/Attempted rape",167860,,167860,,1.00
"         Rape",90390,,90390,,1.00
"         Attempted rape/a",77470,,77470,,1.00
"      Sexual assault/b",79870,,79870,,1.00
"    Robbery",458460,,512490,,1.12
"      Completed/property taken",341910,,385880,,1.13
"         With injury",159120,,169980,,1.07
"         Without injury",182790,,215890,,1.18
"      Attempted to take property",116550,,126610,,1.09
"         With injury",39040,,42600,,1.09
"         Without injury",77510,,84020,,1.08
"    Assault",4216850,,4581190,,1.09
"      Aggravated",848030,,990110,,1.17
"         With injury",273670,,316260,,1.16
"         Threatened with weapon",574360,,673850,,1.17
"      Simple",3368820,,3591090,,1.07
"         With minor injury",845940,,906580,,1.07
"         Without injury",2522890,,2684510,,1.06
" Purse snatching/Pocket picking",154190,,155400,,1.01
"    Completed purse snatching",54190,,55400,,1.02
"    Attempted purse snatching",2140,"*",2140,"*",1.00
"    Pocket picking",97860,,97860,,1.00
,,,,,
"Note: Detail may not add to total shown because of rounding.",,,,,
"*Estimate is based on about 10 or fewer sample cases.",,,,,
"a/Includes verbal threats of rape.",,,,,
"b/Includes threats.",,,,,
