"Bureau of Justice Statistics",,,,,,,,,,,,,,,
"filename:  cv02106.csv",,,,,,,,,,,,,,,
"Table 106. Percent distribution of police response to a reported incident, by type of crime",,,,,,,,,,,,,,,
"data source: National Criminal Victimization Survey, 2002   NCJ  200561",,,,,,,,,,,,,,,
"produced by:  Cathy Maston ",,,,,,,,,,,,,,,
"authors:  Patsy Klaus and Cathy Maston",,,,,,,,,,,,,,,
"refer questions to:  askbjs@ojp.usdoj.gov     202-307-0765",,,,,,,,,,,,,,,
"date of version: 08/31/03",,,,,,,,,,,,,,,
,,,,,,,,,,,,,,,
"Table 106. Personal and property crimes, 2002: Percent distribution of police response to a reported incident, by type of crime",,,,,,,,,,,,,,,
,,,,,,,,,,,,,,,
,,"                                                                             Percent of incidents",,,,,,,,,,,,,
"Type of crime","Number of incidents","Total",,"Police came to victim",,"Victim went to police",,"Contact with police-don't know how",,"Police did not come",,"Not known if police came",,"Police were at the scene",
,,,,,,,,,,,,,,,
"Crimes of violence",2252570,100,"%",76.0,"%",5.9,"%","0.0","%*",12.5,"%",1.6,"%",3.9,"%"
,,,,,,,," ",,,,,,,
"   Rape/Sexual assault/a",133130,100,,63.8,,11.4,"*","0.0","*",20.7,"*",2.4,"*",1.8,"*"
"   Robbery",315980,100,,80.7,,8.5,"*","0.0","*",8.0,"*",0.9,"*",1.9,"*"
"   Aggravated assault",446860,100,,84.5,,3.7,"*","0.0","*",6.7,"*",0.4,"*",4.7,"*"
"   Simple assault",1356600,100,,73.4,,5.4,,"0.0","*",14.7,,2.2,"*",4.3,
"Purse snatching/Pocket picking",72040,100,,47.6,,21.6,"*","0.0","*",27.8,"*",3.0,"*","0.0","*"
,,,,,,,," ",,,,,,,
"Property crimes",6909730,100,"%",67.3,"%",5.1,"%","0.0","%*",24.4,"%",1.9,"%",1.2,"%"
,,,,,,,,,,,,,,,
"   Household burglary",1726780,100,,85.4,,2.4,,"0.0","*",10.2,,1.4,"*",0.6,"*"
"   Motor vehicle theft",822620,100,,73.6,,3.9,,"0.0","*",17.6,,2.0,"*",2.9,"*"
"   Theft",4360330,100,,58.9,,6.5,,"0.0","*",31.3,,2.2,,1.2,
,,,,,,,,,,,,,,,
"Note: Detail may not add to total shown because of rounding.",,,,,,,,,,,,,,,
"*Estimate is based on about 10 or fewer sample cases.",,,,,,,,,,,,,,,
"a/Includes verbal threats of rape and threats of sexual assault.",,,,,,,,,,,,,,,
