"Bureau of Justice Statistics",,,,,,,,,,,,,,
"filename:  cv0281.csv",,,,,,,,,,,,,,
"Table 81. Percent of victimizations resulting in economic loss, by type of crime and type of loss",,,,,,,,,,,,,,
"data source: National Criminal Victimization Survey, 2002   NCJ  200561",,,,,,,,,,,,,,
"produced by:  Cathy Maston ",,,,,,,,,,,,,,
"authors:  Patsy Klaus and Cathy Maston",,,,,,,,,,,,,,
"refer questions to:  askbjs@ojp.usdoj.gov     202-307-0765",,,,,,,,,,,,,,
"date of version: 08/31/03",,,,,,,,,,,,,,
,,,,,,,,,,,,,,
"Table 81. Personal and property crimes, 2002: Percent of victimizations resulting in economic loss, by type of crime and type of loss",,,,,,,,,,,,,,
"                                                                                                                                     ",,,,,,,,,,,,,,
"              ","                                                  Percent of victimizations resulting in economic loss",,,,,,,,,,,,,
"                                                                                      ",,,"                        Theft losses",,,,,,"                     Damage losses",,,,,
"Type of crime","All economic losses",,"All theft losses",,"With damage",,"Without damage",,"All damage losses",,"With theft",,"Without theft",
,,,,,,,,,,,,,,
"All personal crimes",16.2,"%",10.0,"%",0.8,"%",9.2,"%",7.0,"%",0.8,"%",6.2,"%"
,,,,,,,,,,,,,,
"Crimes of violence",13.8,,7.4,,0.8,,6.6,,7.2,,0.8,,6.4,
"   Completed violence",31.4,,22.4,,2.5,,19.9,,11.4,,2.5,,8.9,
"   Attempted/threatened violence",5.3,,0.1,"*","0.0","*",0.1,"*",5.1,,"0.0","*",5.1,
"   Rape/Sexual assault/a",11.4,"*",4.6,"*",1.7,"*",2.8,"*",8.5,"*",1.7,"*",6.8,"*"
"   Robbery",77.8,,75.3,,7.8,,67.5,,10.4,,7.8,,2.5,"*"
"      Completed/property taken",100.0,,100.0,,10.4,,89.6,,10.4,,10.4,,"...",
"         With injury",100.0,,100.0,,12.8,"*",87.2,,12.8,"*",12.8,"*","...",
"         Without injury",100.0,,100.0,,8.5,"*",91.5,,8.5,"*",8.5,"*","...",
"      Attempted to take property",10.3,"*","...",,"...",,"...",,10.3,"*","...",,10.3,"*"
"         With injury",6.1,"*","...",,"...",,"...",,6.1,"*","...",,6.1,"*"
"         Without injury",12.4,"*","...",,"...",,"...",,12.4,"*","...",,12.4,"*"
"   Assault",6.8,,"...",,"...",,"...",,6.8,,"...",,6.8,
"      Aggravated",12.8,,"...",,"...",,"...",,12.8,,"...",,12.8,
"      Simple",5.2,,"...",,"...",,"...",,5.2,,"...",,5.2,
"Purse snatching/Pocket picking",98.6,,98.6,,"0.0","*",98.6,,"0.0","*","0.0","*","0.0","*"
,,,,,,,,,,,,,,
"Property crimes",96.4,"%",91.8,"%",14.1,"%",77.8,"%",18.6,"%",14.1,"%",4.5,"%"
,,,,,,,,,,,,,,
"   Household burglary",88.6,,74.9,,19.7,,55.2,,33.4,,19.7,,13.7,
"      Completed",92.0,,87.9,,23.1,,64.8,,27.2,,23.1,,4.2,
"         Forcible entry",94.0,,85.3,,54.6,,30.7,,63.3,,54.6,,8.7,
"         Unlawful entry without force",90.8,,89.5,,2.7,,86.8,,4.0,,2.7,,1.2,"*"
"      Attempted forcible entry",69.2,,1.2,"*",0.6,"*",0.5,"*",68.7,,0.6,"*",68.1,
"   Motor vehicle theft",93.5,,79.0,,14.9,,64.0,,29.5,,14.9,,14.6,
"      Completed",100.0,,100.0,,18.9,,81.1,,18.9,,18.9,,"...",
"      Attempted",69.3,,"...",,"...",,"...",,69.3,,"...",,69.3,
"   Theft",98.3,,96.6,,12.7,,83.9,,14.4,,12.7,,1.7,
"      Completed",100.0,,100.0,,13.2,,86.8,,13.2,,13.2,,"...",
"         Less than $50",100.0,,100.0,,4.1,,95.9,,4.1,,4.1,,"...",
"         $50 - $249",100.0,,100.0,,12.0,,88.0,,12.0,,12.0,,"...",
"         $250 or more",100.0,,100.0,,26.7,,73.3,,26.7,,26.7,,"...",
"         Amount not available",100.0,,100.0,,12.1,,87.9,,12.1,,12.1,,"...",
"      Attempted",49.9,,"...",,"...",,"...",,49.9,,"...",,49.9,
,,,,,,,,,,,,,,
"Note: Detail may not add to total shown because of rounding. Because both theft and damage losses occurred in some victimizations, the sum of entries under ""All theft losses"" and ""All damage losses"" does not equal the entry shown under ""Al",,,,,,,,,,,,,,
"*Estimate is based on about 10 or fewer sample cases.",,,,,,,,,,,,,,
"...Not applicable.",,,,,,,,,,,,,,
"a/Includes verbal threats of rape and threats of sexual assault.",,,,,,,,,,,,,,
