"Bureau of Justice Statistics",,,,,,,,
"filename:  cv0217.csv",,,,,,,,
"Table 17. Number of victimizations and victimization rates by type of crime and ethnicity of head of household",,,,,,,,
"data source: National Criminal Victimization Survey, 2002   NCJ  200561",,,,,,,,
"produced by:  Cathy Maston ",,,,,,,,
"authors:  Patsy Klaus and Cathy Maston",,,,,,,,
"refer questions to:  askbjs@ojp.usdoj.gov     202-307-0765",,,,,,,,
"date of version: 08/31/03",,,,,,,,
,,,,,,,,
"Table 17. Property crimes, 2002: Number of victimizations and victimization rates by type of crime and ethnicity of head of household",,,,,,,,
"       ",,,,,,,,
"                                                                                           ","                                                             Rate per 1,000 households",,,,,,,
,"                       Total/a",,"                    Hispanic",,,,"                Non-Hispanic",
"Type of crime","Number","Rate","Number",,"Rate",,"Number","Rate"
,,,,,,,,
"Property crimes",17539220,159.0,2207780,,210.1,,15192540,153.3
"                                                                                           ",,,,,,,,
"   Household burglary",3055720,27.7,318370,,30.3,,2711060,27.4
"      Completed",2597310,23.5,279860,,26.6,,2295420,23.2
"         Forcible entry",1017660,9.2,134410,,12.8,,873960,8.8
"         Unlawful entry without force",1579650,14.3,145460,,13.8,,1421460,14.3
"      Attempted forcible entry",458410,4.2,38510,,3.7,,415640,4.2
"   Motor vehicle theft",988760,9.0,185660,,17.7,,789290,8.0
"      Completed",780630,7.1,156750,,14.9,,618020,6.2
"      Attempted",208120,1.9,28900,"*",2.8,"*",171270,1.7
"   Theft",13494750,122.3,1703750,,162.1,,11692180,118.0
"      Completed",13039920,118.2,1658360,,157.8,,11295340,114.0
"         Less than $50",4186570,37.9,372100,,35.4,,3781860,38.2
"         $50 - $249",4455080,40.4,647180,,61.6,,3784150,38.2
"         $250 or more",3270530,29.6,480070,,45.7,,2769960,27.9
"         Amount not available",1127740,10.2,159010,,15.1,,959360,9.7
"      Attempted",454830,4.1,45380,,4.3,,396850,4.0
,,,,,,,,
"Total number of households",110323840,"...",10507570,,"...",,99104480,"..."
,,,,,,,,
"Note: Detail may not add to total shown because of rounding.",,,,,,,,
"*Estimate is based on about 10 or fewer sample cases.",,,,,,,,
"...Not applicable.",,,,,,,,
"a/Includes data on persons whose ethnicity was not ascertained, which is not shown separately.",,,,,,,,
