"Sheriff's Office Workload Data                 The following statistics represent the workload generated during the period of                     January 1, 2013 to December 31, 2013.                                                         Calls for Service                      20,513                                                           Felony Warrants Served                      583                                                           Misdemeanor Warrants Served                      473                                                           Civil Papers Served                      6,291                                                           Traffic Summons Issued                      2,136                                                           Traffic Accidents Worked                      67                                                           Drug Charge Arrests                     82 persons                                                            DUI Arrests                      58                                                           Court Days                      187 days totaling 4,888 man hours                                                            Transports                     201 transports totaling 1,279 man hours for 32,422 miles traveled                                                           Community Presentations                     35 presentations to 2,241 persons",Calls for Service,"20,513",Felony Warrants Served,583,Misdemeanor Warrants Served,473,Civil Papers Served,"6,291",Traffic Summons Issued,"2,136",Traffic Accidents Worked,67,Drug Charge Arrests,82 persons,DUI Arrests,58,Court Days,"187 days totaling 4,888 man hours",Transports,"201 transports totaling 1,279 man hours for 32,422 miles traveled",Community Presentations,"35 presentations to 2,241 persons",,,,
Calls for Service,"20,513"
Felony Warrants Served,583
Misdemeanor Warrants Served,473
Civil Papers Served,"6,291"
Traffic Summons Issued,"2,136"
Traffic Accidents Worked,67
Drug Charge Arrests,82 persons
DUI Arrests,58
Court Days,"187 days totaling 4,888 man hours"
Transports,"201 transports totaling 1,279 man hours for 32,422 miles traveled"
Community Presentations,"35 presentations to 2,241 persons"
,
,
