[
  {
    "Sheriff's Office Workload Data                 The following statistics represent the workload generated during the period of                     January 1, 2013 to December 31, 2013.                                                         Calls for Service                      20,513                                                           Felony Warrants Served                      583                                                           Misdemeanor Warrants Served                      473                                                           Civil Papers Served                      6,291                                                           Traffic Summons Issued                      2,136                                                           Traffic Accidents Worked                      67                                                           Drug Charge Arrests                     82 persons                                                            DUI Arrests                      58                                                           Court Days                      187 days totaling 4,888 man hours                                                            Transports                     201 transports totaling 1,279 man hours for 32,422 miles traveled                                                           Community Presentations                     35 presentations to 2,241 persons":"Calls for Service",
    "Calls for Service":"20,513",
    "20,513":"",
    "Felony Warrants Served":"",
    "583":"",
    "Misdemeanor Warrants Served":"",
    "473":"",
    "Civil Papers Served":"",
    "6,291":"",
    "Traffic Summons Issued":"",
    "2,136":"",
    "Traffic Accidents Worked":"",
    "67":"",
    "Drug Charge Arrests":"",
    "82 persons":"",
    "DUI Arrests":"",
    "58":"",
    "Court Days":"",
    "187 days totaling 4,888 man hours":"",
    "Transports":"",
    "201 transports totaling 1,279 man hours for 32,422 miles traveled":"",
    "Community Presentations":"",
    "35 presentations to 2,241 persons":"",
    "FIELD24":"",
    "FIELD25":"",
    "FIELD26":"",
    "FIELD27":""
  },
  {
    "Sheriff's Office Workload Data                 The following statistics represent the workload generated during the period of                     January 1, 2013 to December 31, 2013.                                                         Calls for Service                      20,513                                                           Felony Warrants Served                      583                                                           Misdemeanor Warrants Served                      473                                                           Civil Papers Served                      6,291                                                           Traffic Summons Issued                      2,136                                                           Traffic Accidents Worked                      67                                                           Drug Charge Arrests                     82 persons                                                            DUI Arrests                      58                                                           Court Days                      187 days totaling 4,888 man hours                                                            Transports                     201 transports totaling 1,279 man hours for 32,422 miles traveled                                                           Community Presentations                     35 presentations to 2,241 persons":"Felony Warrants Served",
    "Calls for Service":"583",
    "20,513":"",
    "Felony Warrants Served":"",
    "583":"",
    "Misdemeanor Warrants Served":"",
    "473":"",
    "Civil Papers Served":"",
    "6,291":"",
    "Traffic Summons Issued":"",
    "2,136":"",
    "Traffic Accidents Worked":"",
    "67":"",
    "Drug Charge Arrests":"",
    "82 persons":"",
    "DUI Arrests":"",
    "58":"",
    "Court Days":"",
    "187 days totaling 4,888 man hours":"",
    "Transports":"",
    "201 transports totaling 1,279 man hours for 32,422 miles traveled":"",
    "Community Presentations":"",
    "35 presentations to 2,241 persons":"",
    "FIELD24":"",
    "FIELD25":"",
    "FIELD26":"",
    "FIELD27":""
  },
  {
    "Sheriff's Office Workload Data                 The following statistics represent the workload generated during the period of                     January 1, 2013 to December 31, 2013.                                                         Calls for Service                      20,513                                                           Felony Warrants Served                      583                                                           Misdemeanor Warrants Served                      473                                                           Civil Papers Served                      6,291                                                           Traffic Summons Issued                      2,136                                                           Traffic Accidents Worked                      67                                                           Drug Charge Arrests                     82 persons                                                            DUI Arrests                      58                                                           Court Days                      187 days totaling 4,888 man hours                                                            Transports                     201 transports totaling 1,279 man hours for 32,422 miles traveled                                                           Community Presentations                     35 presentations to 2,241 persons":"Misdemeanor Warrants Served",
    "Calls for Service":"473",
    "20,513":"",
    "Felony Warrants Served":"",
    "583":"",
    "Misdemeanor Warrants Served":"",
    "473":"",
    "Civil Papers Served":"",
    "6,291":"",
    "Traffic Summons Issued":"",
    "2,136":"",
    "Traffic Accidents Worked":"",
    "67":"",
    "Drug Charge Arrests":"",
    "82 persons":"",
    "DUI Arrests":"",
    "58":"",
    "Court Days":"",
    "187 days totaling 4,888 man hours":"",
    "Transports":"",
    "201 transports totaling 1,279 man hours for 32,422 miles traveled":"",
    "Community Presentations":"",
    "35 presentations to 2,241 persons":"",
    "FIELD24":"",
    "FIELD25":"",
    "FIELD26":"",
    "FIELD27":""
  },
  {
    "Sheriff's Office Workload Data                 The following statistics represent the workload generated during the period of                     January 1, 2013 to December 31, 2013.                                                         Calls for Service                      20,513                                                           Felony Warrants Served                      583                                                           Misdemeanor Warrants Served                      473                                                           Civil Papers Served                      6,291                                                           Traffic Summons Issued                      2,136                                                           Traffic Accidents Worked                      67                                                           Drug Charge Arrests                     82 persons                                                            DUI Arrests                      58                                                           Court Days                      187 days totaling 4,888 man hours                                                            Transports                     201 transports totaling 1,279 man hours for 32,422 miles traveled                                                           Community Presentations                     35 presentations to 2,241 persons":"Civil Papers Served",
    "Calls for Service":"6,291",
    "20,513":"",
    "Felony Warrants Served":"",
    "583":"",
    "Misdemeanor Warrants Served":"",
    "473":"",
    "Civil Papers Served":"",
    "6,291":"",
    "Traffic Summons Issued":"",
    "2,136":"",
    "Traffic Accidents Worked":"",
    "67":"",
    "Drug Charge Arrests":"",
    "82 persons":"",
    "DUI Arrests":"",
    "58":"",
    "Court Days":"",
    "187 days totaling 4,888 man hours":"",
    "Transports":"",
    "201 transports totaling 1,279 man hours for 32,422 miles traveled":"",
    "Community Presentations":"",
    "35 presentations to 2,241 persons":"",
    "FIELD24":"",
    "FIELD25":"",
    "FIELD26":"",
    "FIELD27":""
  },
  {
    "Sheriff's Office Workload Data                 The following statistics represent the workload generated during the period of                     January 1, 2013 to December 31, 2013.                                                         Calls for Service                      20,513                                                           Felony Warrants Served                      583                                                           Misdemeanor Warrants Served                      473                                                           Civil Papers Served                      6,291                                                           Traffic Summons Issued                      2,136                                                           Traffic Accidents Worked                      67                                                           Drug Charge Arrests                     82 persons                                                            DUI Arrests                      58                                                           Court Days                      187 days totaling 4,888 man hours                                                            Transports                     201 transports totaling 1,279 man hours for 32,422 miles traveled                                                           Community Presentations                     35 presentations to 2,241 persons":"Traffic Summons Issued",
    "Calls for Service":"2,136",
    "20,513":"",
    "Felony Warrants Served":"",
    "583":"",
    "Misdemeanor Warrants Served":"",
    "473":"",
    "Civil Papers Served":"",
    "6,291":"",
    "Traffic Summons Issued":"",
    "2,136":"",
    "Traffic Accidents Worked":"",
    "67":"",
    "Drug Charge Arrests":"",
    "82 persons":"",
    "DUI Arrests":"",
    "58":"",
    "Court Days":"",
    "187 days totaling 4,888 man hours":"",
    "Transports":"",
    "201 transports totaling 1,279 man hours for 32,422 miles traveled":"",
    "Community Presentations":"",
    "35 presentations to 2,241 persons":"",
    "FIELD24":"",
    "FIELD25":"",
    "FIELD26":"",
    "FIELD27":""
  },
  {
    "Sheriff's Office Workload Data                 The following statistics represent the workload generated during the period of                     January 1, 2013 to December 31, 2013.                                                         Calls for Service                      20,513                                                           Felony Warrants Served                      583                                                           Misdemeanor Warrants Served                      473                                                           Civil Papers Served                      6,291                                                           Traffic Summons Issued                      2,136                                                           Traffic Accidents Worked                      67                                                           Drug Charge Arrests                     82 persons                                                            DUI Arrests                      58                                                           Court Days                      187 days totaling 4,888 man hours                                                            Transports                     201 transports totaling 1,279 man hours for 32,422 miles traveled                                                           Community Presentations                     35 presentations to 2,241 persons":"Traffic Accidents Worked",
    "Calls for Service":"67",
    "20,513":"",
    "Felony Warrants Served":"",
    "583":"",
    "Misdemeanor Warrants Served":"",
    "473":"",
    "Civil Papers Served":"",
    "6,291":"",
    "Traffic Summons Issued":"",
    "2,136":"",
    "Traffic Accidents Worked":"",
    "67":"",
    "Drug Charge Arrests":"",
    "82 persons":"",
    "DUI Arrests":"",
    "58":"",
    "Court Days":"",
    "187 days totaling 4,888 man hours":"",
    "Transports":"",
    "201 transports totaling 1,279 man hours for 32,422 miles traveled":"",
    "Community Presentations":"",
    "35 presentations to 2,241 persons":"",
    "FIELD24":"",
    "FIELD25":"",
    "FIELD26":"",
    "FIELD27":""
  },
  {
    "Sheriff's Office Workload Data                 The following statistics represent the workload generated during the period of                     January 1, 2013 to December 31, 2013.                                                         Calls for Service                      20,513                                                           Felony Warrants Served                      583                                                           Misdemeanor Warrants Served                      473                                                           Civil Papers Served                      6,291                                                           Traffic Summons Issued                      2,136                                                           Traffic Accidents Worked                      67                                                           Drug Charge Arrests                     82 persons                                                            DUI Arrests                      58                                                           Court Days                      187 days totaling 4,888 man hours                                                            Transports                     201 transports totaling 1,279 man hours for 32,422 miles traveled                                                           Community Presentations                     35 presentations to 2,241 persons":"Drug Charge Arrests",
    "Calls for Service":"82 persons",
    "20,513":"",
    "Felony Warrants Served":"",
    "583":"",
    "Misdemeanor Warrants Served":"",
    "473":"",
    "Civil Papers Served":"",
    "6,291":"",
    "Traffic Summons Issued":"",
    "2,136":"",
    "Traffic Accidents Worked":"",
    "67":"",
    "Drug Charge Arrests":"",
    "82 persons":"",
    "DUI Arrests":"",
    "58":"",
    "Court Days":"",
    "187 days totaling 4,888 man hours":"",
    "Transports":"",
    "201 transports totaling 1,279 man hours for 32,422 miles traveled":"",
    "Community Presentations":"",
    "35 presentations to 2,241 persons":"",
    "FIELD24":"",
    "FIELD25":"",
    "FIELD26":"",
    "FIELD27":""
  },
  {
    "Sheriff's Office Workload Data                 The following statistics represent the workload generated during the period of                     January 1, 2013 to December 31, 2013.                                                         Calls for Service                      20,513                                                           Felony Warrants Served                      583                                                           Misdemeanor Warrants Served                      473                                                           Civil Papers Served                      6,291                                                           Traffic Summons Issued                      2,136                                                           Traffic Accidents Worked                      67                                                           Drug Charge Arrests                     82 persons                                                            DUI Arrests                      58                                                           Court Days                      187 days totaling 4,888 man hours                                                            Transports                     201 transports totaling 1,279 man hours for 32,422 miles traveled                                                           Community Presentations                     35 presentations to 2,241 persons":"DUI Arrests",
    "Calls for Service":"58",
    "20,513":"",
    "Felony Warrants Served":"",
    "583":"",
    "Misdemeanor Warrants Served":"",
    "473":"",
    "Civil Papers Served":"",
    "6,291":"",
    "Traffic Summons Issued":"",
    "2,136":"",
    "Traffic Accidents Worked":"",
    "67":"",
    "Drug Charge Arrests":"",
    "82 persons":"",
    "DUI Arrests":"",
    "58":"",
    "Court Days":"",
    "187 days totaling 4,888 man hours":"",
    "Transports":"",
    "201 transports totaling 1,279 man hours for 32,422 miles traveled":"",
    "Community Presentations":"",
    "35 presentations to 2,241 persons":"",
    "FIELD24":"",
    "FIELD25":"",
    "FIELD26":"",
    "FIELD27":""
  },
  {
    "Sheriff's Office Workload Data                 The following statistics represent the workload generated during the period of                     January 1, 2013 to December 31, 2013.                                                         Calls for Service                      20,513                                                           Felony Warrants Served                      583                                                           Misdemeanor Warrants Served                      473                                                           Civil Papers Served                      6,291                                                           Traffic Summons Issued                      2,136                                                           Traffic Accidents Worked                      67                                                           Drug Charge Arrests                     82 persons                                                            DUI Arrests                      58                                                           Court Days                      187 days totaling 4,888 man hours                                                            Transports                     201 transports totaling 1,279 man hours for 32,422 miles traveled                                                           Community Presentations                     35 presentations to 2,241 persons":"Court Days",
    "Calls for Service":"187 days totaling 4,888 man hours",
    "20,513":"",
    "Felony Warrants Served":"",
    "583":"",
    "Misdemeanor Warrants Served":"",
    "473":"",
    "Civil Papers Served":"",
    "6,291":"",
    "Traffic Summons Issued":"",
    "2,136":"",
    "Traffic Accidents Worked":"",
    "67":"",
    "Drug Charge Arrests":"",
    "82 persons":"",
    "DUI Arrests":"",
    "58":"",
    "Court Days":"",
    "187 days totaling 4,888 man hours":"",
    "Transports":"",
    "201 transports totaling 1,279 man hours for 32,422 miles traveled":"",
    "Community Presentations":"",
    "35 presentations to 2,241 persons":"",
    "FIELD24":"",
    "FIELD25":"",
    "FIELD26":"",
    "FIELD27":""
  },
  {
    "Sheriff's Office Workload Data                 The following statistics represent the workload generated during the period of                     January 1, 2013 to December 31, 2013.                                                         Calls for Service                      20,513                                                           Felony Warrants Served                      583                                                           Misdemeanor Warrants Served                      473                                                           Civil Papers Served                      6,291                                                           Traffic Summons Issued                      2,136                                                           Traffic Accidents Worked                      67                                                           Drug Charge Arrests                     82 persons                                                            DUI Arrests                      58                                                           Court Days                      187 days totaling 4,888 man hours                                                            Transports                     201 transports totaling 1,279 man hours for 32,422 miles traveled                                                           Community Presentations                     35 presentations to 2,241 persons":"Transports",
    "Calls for Service":"201 transports totaling 1,279 man hours for 32,422 miles traveled",
    "20,513":"",
    "Felony Warrants Served":"",
    "583":"",
    "Misdemeanor Warrants Served":"",
    "473":"",
    "Civil Papers Served":"",
    "6,291":"",
    "Traffic Summons Issued":"",
    "2,136":"",
    "Traffic Accidents Worked":"",
    "67":"",
    "Drug Charge Arrests":"",
    "82 persons":"",
    "DUI Arrests":"",
    "58":"",
    "Court Days":"",
    "187 days totaling 4,888 man hours":"",
    "Transports":"",
    "201 transports totaling 1,279 man hours for 32,422 miles traveled":"",
    "Community Presentations":"",
    "35 presentations to 2,241 persons":"",
    "FIELD24":"",
    "FIELD25":"",
    "FIELD26":"",
    "FIELD27":""
  },
  {
    "Sheriff's Office Workload Data                 The following statistics represent the workload generated during the period of                     January 1, 2013 to December 31, 2013.                                                         Calls for Service                      20,513                                                           Felony Warrants Served                      583                                                           Misdemeanor Warrants Served                      473                                                           Civil Papers Served                      6,291                                                           Traffic Summons Issued                      2,136                                                           Traffic Accidents Worked                      67                                                           Drug Charge Arrests                     82 persons                                                            DUI Arrests                      58                                                           Court Days                      187 days totaling 4,888 man hours                                                            Transports                     201 transports totaling 1,279 man hours for 32,422 miles traveled                                                           Community Presentations                     35 presentations to 2,241 persons":"Community Presentations",
    "Calls for Service":"35 presentations to 2,241 persons",
    "20,513":"",
    "Felony Warrants Served":"",
    "583":"",
    "Misdemeanor Warrants Served":"",
    "473":"",
    "Civil Papers Served":"",
    "6,291":"",
    "Traffic Summons Issued":"",
    "2,136":"",
    "Traffic Accidents Worked":"",
    "67":"",
    "Drug Charge Arrests":"",
    "82 persons":"",
    "DUI Arrests":"",
    "58":"",
    "Court Days":"",
    "187 days totaling 4,888 man hours":"",
    "Transports":"",
    "201 transports totaling 1,279 man hours for 32,422 miles traveled":"",
    "Community Presentations":"",
    "35 presentations to 2,241 persons":"",
    "FIELD24":"",
    "FIELD25":"",
    "FIELD26":"",
    "FIELD27":""
  },
  {
    "Sheriff's Office Workload Data                 The following statistics represent the workload generated during the period of                     January 1, 2013 to December 31, 2013.                                                         Calls for Service                      20,513                                                           Felony Warrants Served                      583                                                           Misdemeanor Warrants Served                      473                                                           Civil Papers Served                      6,291                                                           Traffic Summons Issued                      2,136                                                           Traffic Accidents Worked                      67                                                           Drug Charge Arrests                     82 persons                                                            DUI Arrests                      58                                                           Court Days                      187 days totaling 4,888 man hours                                                            Transports                     201 transports totaling 1,279 man hours for 32,422 miles traveled                                                           Community Presentations                     35 presentations to 2,241 persons":"",
    "Calls for Service":"",
    "20,513":"",
    "Felony Warrants Served":"",
    "583":"",
    "Misdemeanor Warrants Served":"",
    "473":"",
    "Civil Papers Served":"",
    "6,291":"",
    "Traffic Summons Issued":"",
    "2,136":"",
    "Traffic Accidents Worked":"",
    "67":"",
    "Drug Charge Arrests":"",
    "82 persons":"",
    "DUI Arrests":"",
    "58":"",
    "Court Days":"",
    "187 days totaling 4,888 man hours":"",
    "Transports":"",
    "201 transports totaling 1,279 man hours for 32,422 miles traveled":"",
    "Community Presentations":"",
    "35 presentations to 2,241 persons":"",
    "FIELD24":"",
    "FIELD25":"",
    "FIELD26":"",
    "FIELD27":""
  },
  {
    "Sheriff's Office Workload Data                 The following statistics represent the workload generated during the period of                     January 1, 2013 to December 31, 2013.                                                         Calls for Service                      20,513                                                           Felony Warrants Served                      583                                                           Misdemeanor Warrants Served                      473                                                           Civil Papers Served                      6,291                                                           Traffic Summons Issued                      2,136                                                           Traffic Accidents Worked                      67                                                           Drug Charge Arrests                     82 persons                                                            DUI Arrests                      58                                                           Court Days                      187 days totaling 4,888 man hours                                                            Transports                     201 transports totaling 1,279 man hours for 32,422 miles traveled                                                           Community Presentations                     35 presentations to 2,241 persons":"",
    "Calls for Service":"",
    "20,513":"",
    "Felony Warrants Served":"",
    "583":"",
    "Misdemeanor Warrants Served":"",
    "473":"",
    "Civil Papers Served":"",
    "6,291":"",
    "Traffic Summons Issued":"",
    "2,136":"",
    "Traffic Accidents Worked":"",
    "67":"",
    "Drug Charge Arrests":"",
    "82 persons":"",
    "DUI Arrests":"",
    "58":"",
    "Court Days":"",
    "187 days totaling 4,888 man hours":"",
    "Transports":"",
    "201 transports totaling 1,279 man hours for 32,422 miles traveled":"",
    "Community Presentations":"",
    "35 presentations to 2,241 persons":"",
    "FIELD24":"",
    "FIELD25":"",
    "FIELD26":"",
    "FIELD27":""
  }
]