Bureau of Justice Statistics,,,,,,,,,,,,,,,,,,
"Filename: Criminal Victictimization in the United States, 2008 Statistical Tables",,,,,,,,,,,,,,,,,,
"Table 106. Percent distribution of police response to a reported incident, by type of crime",,,,,,,,,,,,,,,,,,
"Report title: Criminal Victictimization in the United States, 2008 Statistical Tables",,,,,,,,,,,,,,,,,,
Data sources: National Crime Victimization Survey,,,,,,,,,,,,,,,,,,
Author(s): Michael Rand and Jayne E. Robinson,,,,,,,,,,,,,,,,,,
Refer questions to: askbjs@usdoj.gov 202-307-0765,,,,,,,,,,,,,,,,,,
,,,,,,,,,,,,,,,,,,
"Table 106. Personal and property crimes, 2008:",,,,,,,,,,,,,,,,,,
"Percent distribution of police response to a reported incident, by type of crime",,,,,,,,,,,,,,,,,,
       ,,,,,,,,,,,,,,,,,,
                                                                                         ,,,,,,,,,,,Percent of incidents,,,,,,,
Type of crime,,,Number of incidents,,Total,,Police came to victim,,Victim went to police,,Contact with police- don't know how,,Police did not come,,Not known if police came,,Police were at the scene,
,,,,,,,,,,,,,,,,,,
Crimes of violence,,,"2,057,630",,100,%,74.6,%,8,%,0,%*,10,%,2.4,%,5,%
,,,,,,,,,,,,,,,,,,
   Rape/sexual assault/a,,,"84,440",,100,%,80.5,%,9,%*,0,%*,10.5,%*,0,%*,0,%*
   Robbery,,,"296,450",,100,%,79.5,%,10.3,%*,0,%*,7.3,%*,1.2,%*,1.7,%*
   Aggravated assault,,,"441,710",,100,%,81.9,%,3.3,%*,0,%*,9.2,%,1.1,%*,4.6,%*
   Simple assault,,,"1,235,030",,100,%,70.5,%,9.1,%,0,%*,10.9,%,3.3,%,6.2,%
Purse snatching/pocket picking,,,"78,790",,100,%,60.5,%,16.1,%*,0,%*,17.2,%*,0,%*,6.1,%*
,,,,,,,,,,,,,,,,,,
Property crimes,,,"6,508,200",,100,%,69.8,%,5.5,%,0,%*,20,%,3.5,%,1.1,%
,,,,,,,,,,,,,,,,,,
   Household burglary,,,"1,772,440",,100,%,85.7,%,1.5,%*,0,%*,7.6,%,4.2,%,1,%*
   Motor vehicle theft,,,"624,370",,100,%,80.6,%,4.8,%*,0,%*,12.5,%,0.8,%*,1.3,%*
   Theft,,,"4,111,380",,100,%,61.3,%,7.4,%,0,%*,26.4,%,3.7,%,1.2,%
,,,,,,,,,,,,,,,,,,
Note: Detail may not add to total shown because of rounding.,,,,,,,,,,,,,,,,,,
*Estimate is based on 10 or fewer sample cases.,,,,,,,,,,,,,,,,,,
a/Includes verbal threats of rape and threats of sexual assault.,,,,,,,,,,,,,,,,,,
