Bureau of Justice Statistics,,,,,,,,,,,,,,,
"Filename: Criminal Victimization in the United States, 2008 Statistical Tables",,,,,,,,,,,,,,,
"Table 99.Percent of victimizations reported to the police, by type of crime and annual family income",,,,,,,,,,,,,,,
"Report title: Criminal Victimization in the United States, 2008 Statistical Tables",,,,,,,,,,,,,,,
Data sources: National Crime Victimization Survey,,,,,,,,,,,,,,,
Author(s): Michael Rand and Jayne E. Robinson,,,,,,,,,,,,,,,
Refer questions to: askbjs@usdoj.gov 202-307-0765,,,,,,,,,,,,,,,
Date of version: 5/1/2011,,,,,,,,,,,,,,,
,,,,,,,,,,,,,,,
"Table 99. Property crimes, 2008:",,,,,,,,,,,,,,,
,,,,,,,,,,,,,,,
"Percent of victimizations reported to the police,",,,,,,,,,,,,,,,
by type of crime and annual family income,,,,,,,,,,,,,,,
       ,,,,,,,,,,,,,,,
,,Percent of victimizations reported to the police,,,,,,,,,,,,,
                                                                                                                     ,,Less than,,"$7,500-",,"$15,000-",,"$25,000-",,"$35,000-",,"$50,000-",,"$75,000 ",
Type of crime,,"$7,500 ",,"$14,999 ",,"$24,999 ",,"$34,999 ",,"$49,999 ",,"$74,999 ",,or more,
Property crimes,,35.1,%,34.6,%,36,%,37.5,%,42.7,%,40.3,%,43.4,%
,,,,,,,,,,,,,,,
   Household burglary,,53.7,,43.4,,56.7,,57.2,,57.4,,62.1,,68,
      Completed,,60.7,,51.2,,55.4,,51.7,,59.3,,61.2,,69.2,
         Forcible entry,,73.3,,65.7,,71.3,,64.6,,83.1,,74.5,,83.5,
         Unlawful entry without force,,45.5,*,41.4,,43.7,,36.1,,40.8,,50.7,,58,
      Attempted forcible entry,,35,*,22.5,*,62.1,*,79.6,,52.4,,67,*,55.4,*
   Motor vehicle theft,,75,*,65.2,*,79.4,,84.5,,80.6,,77.9,,87.9,
      Completed,,80.5,*,83.7,*,88.8,,93.8,,95.2,,96.2,,94.3,
      Attempted,,37.5,*,21.5,*,0,*,36.3,*,32.6,*,35.7,*,68.1,*
   Thefta,,24.8,,28.5,,28.4,,29.1,,36.5,,32.5,,37.5,
      Completed,,23.7,,30.6,,28.5,,28.5,,36.4,,32.7,,36.7,
         Less than $50,,12.1,*,11,*,21.4,,14.1,,22.7,,15.7,,21.4,
         $50 - $249,,18.6,,28,,21.5,,23.9,,27,,28.9,,27.5,
         $250 or more,,34.3,,45.4,,47.6,,54.6,,58.3,,52.6,,59,
         Amount not available,,41.7,*,51.2,*,30.3,*,26.4,,44.1,,29.5,,36.6,
      Attempted,,80.4,*,4.9,*,28.3,*,46.9,*,38.2,*,30.5,*,51,
,,,,,,,,,,,,,,,
Note: Excludes data on persons whose family income level was not ascertained.,,,,,,,,,,,,,,,
*Estimate is based on 10 or fewer sample cases.,,,,,,,,,,,,,,,
"aTheft includes crimes previously classified as ""personal larceny without contact"" and ""household larceny.""",,,,,,,,,,,,,,,
