Bureau of Justice Statistics,,,,,,,,
"Filename: Criminal Victimization in the United States, 2008 Statistical Tables",,,,,,,,
"Table 92.Percent of victimizations reported to the police, by selected characteristics of victims and type of crime",,,,,,,,
"Report title: Criminal Victimization in the United States, 2008 Statistical Tables",,,,,,,,
Data sources: National Crime Victimization Survey,,,,,,,,
Author(s): Michael Rand and Jayne E. Robinson,,,,,,,,
Refer questions to: askbjs@usdoj.gov 202-307-0765,,,,,,,,
Date of version: 5/1/2011,,,,,,,,
,,,,,,,,
"Table 92. Personal crimes, 2008:",,,,,,,,
,,,,,,,,
"Percent of victimizations reported to the police,",,,,,,,,
by selected characteristics of victims and type of crime,,,,,,,,
,,,,,,,,
,,,Percent of all victimizations reported to the police,,,,,
,,,All personal,,  Crimes of,,  Purse snatching/,
Characteristic,,,crimes,,  violencea,,  pocket picking,
,,,,,,,,
,,,,,,,,
,Total,,47.3,%,47.1,%,57.6,%
Sex,,,,,,,,
,Male,,44.3,,44.2,,47.3,*
,Female,,51,,50.4,,67.7,
                                                    ,,,,,,,,
Raceb,,,,,,,,
   White only,,,46.3,,45.8,,63.3,
   Black only,,,58.9,,59.2,,50.5,*
,,,,,,,,
Ethnicity,,,,,,,,
   Hispanic,,,48.5,,48.5,,49.6,*
   Non-Hispanic,,,47.2,,46.9,,59.3,
,,,,,,,,
*Estimate is based on 10 or fewer sample cases.,,,,,,,,
"aIncludes data on rape, sexual assault, robbery, and both aggravated and simple assault, not shown separately.",,,,,,,,
"bExcludes data on persons of ""Other"" races and persons indicating two or more races.",,,,,,,,
