Bureau of Justice Statistics,,,,,,,,,,,,,
"Filename: Criminal Victimization in the United States, 2008 Statistical Tables",,,,,,,,,,,,,
"Table 94.Percent of victimizations reported to the police, by type of crime, victim-offender relationship, and race of victims",,,,,,,,,,,,,
"Report title: Criminal Victimization in the United States, 2008 Statistical Tables",,,,,,,,,,,,,
Data sources: National Crime Victimization Survey,,,,,,,,,,,,,
Author(s): Michael Rand and Jayne E. Robinson,,,,,,,,,,,,,
Refer questions to: askbjs@usdoj.gov 202-307-0765,,,,,,,,,,,,,
Date of version: 5/1/2011,,,,,,,,,,,,,
,,,,,,,,,,,,,
"Table 94. Violent crimes, 2008:",,,,,,,,,,,,,
,,,,,,,,,,,,,
"Percent of victimizations reported to the police, by type of crime,",,,,,,,,,,,,,
"victim-offender relationship, and race of victims",,,,,,,,,,,,,
,,,,,,,,,,,,,
,,Percent of all victimizations reported to the police,,,,,,,,,,,
,,All victimizations,,,,Involving strangers,,,,Involving nonstrangers,,,
Type of crime,,White only,,Black only,,White only,,Black only,,White only,,Black only,
,,,,,,,,,,,,,
Crimes of violence,,45.8,%,59.2,%,46.8,%,55,%,44.8,%,66,%
,,,,,,,,,,,,,
   Completed violence,,59.1,,67.2,,70.1,,67.1,,52.7,,67.4,
   Attempted/threatened violence,,41.3,,54,,41.2,,47.5,,41.3,,65,
   Rape/sexual assaulta,,43.5,,49.5,*,55.6,*,56.3,*,39.9,,37.2,*
   Robbery,,63.3,,62.9,,70,,64,,53.2,,58.4,*
      Completed/property taken,,66.8,,66.1,,76.1,,69.4,,56.4,,58.4,*
          With injury,,67.4,,100,*,92.3,,100,*,46.8,*,100,*
          Without injury,,66.4,,55.2,,67.5,,59.9,,64.8,*,44.1,*
      Attempted to take property,,55.4,,55.3,*,60.4,,55.3,*,37.8,*,0,*
          With injury,,54.8,*,45.9,*,64.5,*,45.9,*,0,*,0,*
          Without injury,,55.5,,63,*,59.2,*,63,*,44.3,*,0,*
   Assault,,44.2,,59.1,,43.8,,51.1,,44.5,,69.4,
      Aggravated,,56.5,,83.1,,59.8,,72.9,,52.9,,92.2,
          With injury,,72.2,,96.2,,82.9,,100,*,61.7,,94.2,*
          Threatened with weapon,,49.9,,76.6,,50.8,,64.6,*,48.9,,90.7,
      Simple,,41.2,,49.8,,39.5,,44.5,,42.7,,57.8,
          With minor injury,,51.6,,62.1,,54.8,,59.8,*,50.5,,65.1,*
          Attempted threat without weapon,,39,,46.1,,37.8,,40.4,,40.2,,55.3,
,,,,,,,,,,,,,
,,,,,,,,,,,,,
Note: Excludes data on persons with races other than white only and black only.,,,,,,,,,,,,,
*Estimate is based on 10 or fewer sample cases.,,,,,,,,,,,,,
aIncludes verbal threats of rape and threats of sexual assault.,,,,,,,,,,,,,
