Bureau of Justice Statistics,,,,,,,,,,,
"Filename: Criminal Victimization in the United States, 2008 Statistical Tables",,,,,,,,,,,
"Table 96.Percent of victimizations reported to the police, by type of crime and age of victims",,,,,,,,,,,
"Report title: Criminal Victimization in the United States, 2008 Statistical Tables",,,,,,,,,,,
Data sources: National Crime Victimization Survey,,,,,,,,,,,
Author(s): Michael Rand and Jayne E. Robinson,,,,,,,,,,,
Refer questions to: askbjs@usdoj.gov 202-307-0765,,,,,,,,,,,
Date of version: 5/1/2011,,,,,,,,,,,
,,,,,,,,,,,
"Table 96. Personal crimes, 2008:",,,,,,,,,,,
,,,,,,,,,,,
"Percent of victimizations reported to the police,",,,,,,,,,,,
by type of crime and age of victims,,,,,,,,,,,
       ,,,,,,,,,,,
,,Percent of victimizations reported to the police,,,,,,,,,
Type of crime,,19-Dec,,20-34,,35-49,,50-64,,65 or older,
,,,,,,,,,,,
All personal crimes,,34.3,%,53.1,%,52.3,%,51.1,%,46,%
,,,,,,,,,,,
Crimes of violence,,33.9,,53,,51.7,,50.7,,46.7,
   Completed violence,,53,,55.5,,69.8,,67,,64.9,*
   Attempted/threatened violence,,25.1,,51.9,,45.7,,47.6,,43.3,
   Rape/sexual assaulta,,28.1,*,37.3,*,64.9,*,16.3,*,66.7,*
   Robbery,,51,,55.2,,73.8,,78.3,*,100,*
      Completed/property taken,,52.7,,68.2,,78,,80.7,*,100,*
         With injury,,52.8,*,75.6,,92.7,*,100,*,100,*
         Without injury,,52.7,,61.8,,70.1,*,78.4,*,100,*
      Attempted to take property,,46.8,*,29.7,*,66.8,*,72.8,*,0,*
         With injury,,57.8,*,0,*,25.6,*,100,*,0,*
         Without injury,,34.5,*,42.8,*,82.5,*,63.3,*,0,*
   Assault,,31.6,,53.5,,47.9,,49.2,,41.1,
      Aggravated,,51.8,,63.6,,72.8,,60.3,,42.8,*
         With injury,,72.2,,68.5,,100,*,69.2,*,0,*
         Threatened with weapon,,37.9,,60.9,,66,,58.7,,42.8,*
      Simple,,27.2,,50.4,,42,,46.2,,40.8,*
         With minor injury,,47.5,,45.4,,55.5,,61.9,*,33.4,*
         Without injury,,21.9,,51.8,,39.1,,44.4,,41.2,*
Purse snatching/pocket picking,,47.7,*,60.2,*,68.1,*,61.6,*,41.5,*
,,,,,,,,,,,
*Estimate is based on 10 or fewer sample cases.,,,,,,,,,,,
aIncludes verbal threats of rape and threats of sexual assault.,,,,,,,,,,,
