Bureau of Justice Statistics,,,,,,,,,,,,,,,,,,,
"Filename: Criminal Victimization in the United States, 2008 Statistical Tables",,,,,,,,,,,,,,,,,,,
"Table 107.Percent distribution of incidents where police came to the victim,  by type of crime and police response time ",,,,,,,,,,,,,,,,,,,
"Report title: Criminal Victimization in the United States, 2008 Statistical Tables",,,,,,,,,,,,,,,,,,,
Data sources: National Crime Victimization Survey,,,,,,,,,,,,,,,,,,,
Author(s): Michael Rand and Jayne E. Robinson,,,,,,,,,,,,,,,,,,,
Refer questions to: askbjs@usdoj.gov 202-307-0765,,,,,,,,,,,,,,,,,,,
Date of version: 5/1/2011,,,,,,,,,,,,,,,,,,,
,,,,,,,,,,,,,,,,,,,
"Table 107. Personal and property crimes, 2008:",,,,,,,,,,,,,,,,,,,
,,,,,,,,,,,,,,,,,,,
"Percent distribution of incidents where police came to the victim,",,,,,,,,,,,,,,,,,,,
by type of crime and police response time ,,,,,,,,,,,,,,,,,,,
,,,,,,,,,,,,,,,,,,,
,,,,Percent of incidents,,,,,,,,,,,,,,,
,,,,,,,,,,,,,,  Longer,,Length of,,,
                                                                                               ,,,,,,Within 5,,10-Jun,,11 minutes-,, Within,,  than 1,,time not,,Not,
Type of crime,,,, Total,,minutes,,minutes,,1 hour,,1 day,,  day,,known,,ascertained,
,,,,,,,,,,,,,,,,,,,
Crimes of violencea,,,,100,%,28.3,,30.3,,33.5,,2.5,,0.4,*,5,,0,*
,,,,,,,,,,,,,,,,,,,
   Robbery,,,,100,%,32.3,,38.8,,28.3,,0,*,0,*,0.6,*,0,*
   Aggravated assault,,,,100,%,20.9,,32.6,,36.4,,4.8,*,0,*,5.4,*,0,*
   Simple assault,,,,100,%,31.4,,28,,31.8,,2.4,*,0.1,*,6.2,,0,*
,,,,,,,,,,,,,,,,,,,
Property crimes,,,,100,%,12.8,,20.2,,47.8,,12.6,,1.9,,4.7,,0,*
,,,,,,,,,,,,,,,,,,,
   Household burglary,,,,100,%,13.6,,21.8,,46.9,,12.6,,1.9,*,3.3,,0,*
   Motor vehicle theft,,,,100,%,12.5,,22.2,,49.1,,11.5,,1.3,*,3.3,*,0,*
   Theft ,,,,100,%,12.5,,18.9,,48,,12.7,,2,,5.9,,0.1,*
,,,,,,,,,,,,,,,,,,,
Note: Detail may not add to total shown because of rounding.,,,,,,,,,,,,,,,,,,,
*Estimate is based on 10 or fewer sample cases.,,,,,,,,,,,,,,,,,,,
"aIncludes data on rape and sexual assault, not shown separately.",,,,,,,,,,,,,,,,,,,
