Bureau of Justice Statistics,,,,,,,,,,,,,
"Filename: Criminal Victimization in the United States, 2008 Statistical Tables",,,,,,,,,,,,,
"Table 95.Percent of victimizations reported to the police, by type of crime, victim-offender relationship, and ethnicity of victims",,,,,,,,,,,,,
"Report title: Criminal Victimization in the United States, 2008 Statistical Tables",,,,,,,,,,,,,
Data sources: National Crime Victimization Survey,,,,,,,,,,,,,
Author(s): Michael Rand and Jayne E. Robinson,,,,,,,,,,,,,
Refer questions to: askbjs@usdoj.gov 202-307-0765,,,,,,,,,,,,,
Date of version: 5/1/2011,,,,,,,,,,,,,
,,,,,,,,,,,,,
"Table 95. Violent crimes, 2008:",,,,,,,,,,,,,
,,,,,,,,,,,,,
"Percent of victimizations reported to the police, by type of crime,",,,,,,,,,,,,,
"victim-offender relationship, and ethnicity of victims",,,,,,,,,,,,,
       ,,,,,,,,,,,,,
,,Percent of all victimizations reported to the police,,,,,,,,,,,
                                                                                               ,,All victimizations,,,,Involving strangers,,,,Involving nonstrangers,,,
,,,,Non-,,,,Non-,,,,Non-,
Type of crime,,Hispanic,,Hispanic,,Hispanic,,Hispanic,,Hispanic,,Hispanic,
,,,,,,,,,,,,,
Crimes of violence,,48.5,%,46.9,%,45.7,%,48.3,%,52.5,%,45.5,%
,,,,,,,,,,,,,
   Completed violence,,60.8,,58.2,,72.4,,67.3,,45.4,*,52.1,
   Attempted/threatened violence,,42.9,,42.6,,34.2,,42.8,,55.9,,42.4,
   Rape/sexual assaulta,,22.2,*,43.7,,100,*,49.3,*,0,*,40.5,
   Robbery,,54.6,,62.1,,55.3,,66.2,,51.1,*,54.4,
      Completed/property taken,,76.4,,64.8,,87.7,,68.5,,51.1,*,59.5,
         With injury,,76.7,*,72.3,,100,*,83.1,,0,*,57.8,*
         Without injury,,76.4,,59.3,,84.6,*,58.4,,59.4,*,60.8,
      Attempted to take property,,28.4,*,55.4,,28.4,*,62,,0,*,31,*
         With injury,,33.3,*,36,*,33.3,*,49.4,*,0,*,0,*
         Without injury,,19.4,*,61.4,,19.4,*,65.5,,0,*,44.3,*
   Assault,,48.2,,45.3,,40.5,,45.4,,57.1,,45.1,
      Aggravated,,62.1,,61.9,,57.5,,64.2,,73.6,*,59.8,
         With injury,,75.8,*,73.8,,69.6,*,87.6,,100,*,64.4,
         Threatened with weapon,,55.3,,57,,50.2,*,56.6,,65.4,*,57.5,
      Simple,,42.7,,41.2,,30.6,,40.7,,53.6,,41.6,
         With minor injury,,44.9,*,49.7,,48.4,*,56.9,,42.7,*,46.9,
         Without injury,,42.2,,39.2,,27.1,*,38.7,,57,,39.7,
,,,,,,,,,,,,,
Note: Excludes data on persons whose ethnicity was not ascertained.,,,,,,,,,,,,,
*Estimate is based on 10 or fewer sample cases.,,,,,,,,,,,,,
aIncludes verbal threats of rape and threats of sexual assault.,,,,,,,,,,,,,
