Bureau of Justice Statistics,,,,,,,,,,,,,,,
"Filename: Criminal Victimization in the United States, 2008 Statistical Tables",,,,,,,,,,,,,,,
"Table 91.Percent distribution of victimizations, by type of crime and whether or not reported to the police",,,,,,,,,,,,,,,
"Report title: Criminal Victimization in the United States, 2008 Statistical Tables",,,,,,,,,,,,,,,
Data sources: National Crime Victimization Survey,,,,,,,,,,,,,,,
Author(s): Michael Rand and Jayne E. Robinson,,,,,,,,,,,,,,,
Refer questions to: askbjs@usdoj.gov 202-307-0765,,,,,,,,,,,,,,,
Date of version: 5/1/2011,,,,,,,,,,,,,,,
,,,,,,,,,,,,,,,
"Table 91. Personal and property crimes, 2008:",,,,,,,,,,,,,,,
,,,,,,,,,,,,,,,
"Percent distribution of victimizations, by type of crime",,,,,,,,,,,,,,,
and whether or not reported to the police,,,,,,,,,,,,,,,
                                                                                          ,,,,,,,,Percent of victimizations reported to the police,,,,,,,
              ,,,,,,,,,,,,,,Not known,
                                                                                      ,,,,,,Number of,,,,,,,,or not,
Sector and type of crime,,,,,,victimizations,, Total,,  Yesa,,  No,,available,
,,,,,,,,,,,,,,,
,,,,,,,,,,,,,,,
,,All crimes,,,,"21,312,400",,100,%,41.9,,56.9,,1.2,
                                                                                      ,,,,,,,,,,,,,,,
Personal crimes,,,,,,"4,993,220",,100,%,47.3,,51.1,,1.5,
,,,,,,,,,,,,,,,
,Crimes of violence,,,,,"4,856,510",,100,%,47.1,,51.5,,1.4,
   ,,Completed violence,,,,"1,362,210",,100,%,58.5,,40.6,,1,*
   ,,Attempted/threatened violence,,,,"3,494,300",,100,%,42.6,,55.8,,1.6,
   ,Rape/sexual assault,,,,,"203,830",,100,%,41.4,,58.6,,0,*
      ,,Rape/Attempted rape,,,,"123,010",,100,%,44.9,,55.1,,0,*
         ,,,Rape,,,"52,470",,100,%,64.9,*,35.1,*,0,*
         ,,,Attempted rapeb,,,"70,540",,100,%,30,*,70,,0,*
      ,,Sexual assaultc,,,,"80,810",,100,%,36.1,*,63.9,,0,*
   ,Robbery,,,,,"551,830",,100,%,60.5,,39.5,,0,*
      ,,Completed/property taken,,,,"372,180",,100,%,66.8,,33.2,,0,*
         ,,,With injury,,,"141,600",,100,%,72.7,,27.3,,0,*
         ,,,Without injury,,,"230,590",,100,%,63.2,,36.8,,0,*
      ,,Attempted to take property,,,,"179,640",,100,%,47.4,,52.6,,0,*
         ,,,With injury,,,"64,290",,100,%,34.5,*,65.5,,0,*
         ,,,Without injury,,,"115,350",,100,%,54.6,,45.4,,0,*
   ,Assault,,,,,"4,100,850",,100,%,45.5,,52.8,,1.7,
      ,,Aggravated,,,,"839,940",,100,%,62,,35.3,,2.7,*
         ,,,With injury,,,"252,580",,100,%,74.1,,25.9,,0,*
         ,,,Threatened with weapon,,,"587,360",,100,%,56.8,,39.4,,3.9,*
      ,,Simple,,,,"3,260,920",,100,%,41.3,,57.2,,1.5,
         ,,,With minor injury,,,"616,200",,100,%,49.2,,48.6,,2.1,*
         ,,,Without injury,,,"2,644,720",,100,%,39.4,,59.2,,1.3,*
,Purse snatching/pocket picking,,,,,"136,710",,100,%,57.6,,38.5,,3.8,*
   ,,Completed purse snatching,,,,"18,260",*,100,%*,100,*,0,*,0,*
   ,,Attempted purse snatching,,,,"10,140",*,100,%*,0,*,100,*,0,*
   ,Pocket picking,,,,,"108,310",,100,%,55.9,,39.3,,4.8,*
,,,,,,,,,,,,,,,
Property crimes,,,,,,"16,319,180",,100,%,40.3,,58.6,,1.1,
,,,,,,,,,,,,,,,
,Household burglary,,,,,"3,188,620",,100,%,56.2,,42.3,,1.5,
   ,,Completed,,,,"2,598,960",,100,%,57.7,,40.7,,1.5,
      ,,,Forcible entry,,,"1,191,290",,100,%,73.9,,23.5,,2.6,*
      ,,,Unlawful entry without force,,,"1,407,670",,100,%,44,,55.3,,0.7,*
   ,,Attempted forcible entry,,,,"589,660",,100,%,49.5,,49.1,,1.3,*
,Motor vehicle theft,,,,,"795,160",,100,%,79.6,,19.8,,0.6,*
   ,,Completed,,,,"593,360",,100,%,91.1,,8.9,,0,*
   ,,Attempted,,,,"201,800",,100,%,45.8,,52,,2.2,*
,Theft,,,,,"12,335,400",,100,%,33.6,,65.3,,1,
  ,, Completed,,,,"11,740,750",,100,%,33.5,,65.5,,1,
      ,,,Less than $50,,,"2,859,180",,100,%,19.5,,79.5,,1,*
      ,,,$50 - $249,,,"4,169,140",,100,%,26,,73.3,,0.7,*
      ,,,$250 or more,,,"3,265,320",,100,%,54,,44.9,,1.1,*
      ,,,Amount not available,,,"1,447,100",,100,%,36.3,,61.9,,1.8,*
   ,,Attempted,,,,"594,660",,100,%,37,,61.9,,1.1,*
,,,,,,,,,,,,,,,
Note: Detail may not add to total shown because of rounding.,,,,,,,,,,,,,,,
*Estimate is based on 10 or fewer sample cases.,,,,,,,,,,,,,,,
"aFigures in this column represent the rates at which victimizations were reported to the police, or ""police reporting rates.""",,,,,,,,,,,,,,,
bIncludes verbal threats of rape.,,,,,,,,,,,,,,,
cIncludes threats.,,,,,,,,,,,,,,,
