,Warsaw Police Department,Warsaw Police Department
,MONTHLY COUNCIL REPORT,
,April 2013,
Civic Programs Presented & Community Events,Civic Programs Presented & Community Events,
April 6,Rappahannock Church of Christ Running Waters 5K Run (Officer Scholes),Rappahannock Church of Christ Running Waters 5K Run (Officer Scholes)
April 8,RCC- Citizen’s Advisory Board (Chief Spare),
April 19,Methodist Church Luncheon (Chief Spare),
April 26,Prom Safety Talk at RHS (Chief Spare),
April 30,YMCA Preschool Community Helps (Chief Spare),
Calls for Service,Calls for Service,42
Directed Patrols,Directed Patrols,326
Property & Business Checks Conducted,Property & Business Checks Conducted,615
Follow Ups,,7
Arrest,,8
Assault & Battery,Assault & Battery,2
Drunk in Public,Drunk in Public,2
DUI,,2
Emergency Custody Order,Emergency Custody Order,1
Shoplifting,,1
Uniform Traffic Summons,Uniform Traffic Summons,27
Drive While Suspended,Drive While Suspended,3
Expired Inspection,Expired Inspection,1
Fail to Yield Private Drive,Fail to Yield Private Drive,2
Following too Close,Following too Close,1
Highway Sign-Fail Obey,Highway Sign-Fail Obey,1
No Insurance,No Insurance,2
No Valid Driver's License,No Valid Driver's License,2
Reckless Driving,Reckless Driving,3
Speeding,,12
Submitted by:,Submitted by:,
_____________________________________________,_____________________________________________,
Chandra O. Johnson – W. P. D. Administrative Assistant,Chandra O. Johnson – W. P. D. Administrative Assistant,
"""When The Community And Police Work Together We Can Make A Difference!"" – Chief C. Spare","""When The Community And Police Work Together We Can Make A Difference!"" – Chief C. Spare","""When The Community And Police Work Together We Can Make A Difference!"" – Chief C. Spare"
,4/6/2013,
