"Bureau of Justice Statistics",,,,,,,,,,,,,,,,
"filename:  cv9550.csv",,,,,,,,,,,,,,,,
"Table 50: Victimization rates for persons age 12 and over,",,,,,,,,,,,,,,,,
"by type of crime and number of years lived at current residence",,,,,,,,,,,,,,,,
"data source: National Criminal Victimization Survey ,1995    NCJ 171129",,,,,,,,,,,,,,,,
"produced by:  Cathy Maston and Jayne Robinson",,,,,,,,,,,,,,,,
"authors:  Patsy Klaus and Cathy Maston",,,,,,,,,,,,,,,,
"refer questions to:  askbjs@ojp.usdoj.gov     202-307-0765",,,,,,,,,,,,,,,,
"date of version: 03/01/00",,,,,,,,,,,,,,,,
,,,,,,,,,,,,,,,,
,,,,,,,,,,,,,,,,
"Table 50. Violent crimes, 1995:",,,,,,,,,,,,,,,,
,,,,,,,,,,,,,,,,
"Victimization rates for persons age 12 and over,",,,,,,,,,,,,,,,,
"by type of crime and number of years lived at current residence",,,,,,,,,,,,,,,,
,,,,,,,,,,,,,,,,
"       ",,"                                                                                               Rate per 1,000 persons age 12 and over",,,,,,,,,,,,,,
,,,,"       Less than",,"        6 months",,,,,,,,,,"       5 years"
"Type of crime",,"Total",,"       6 months/1",,"        to 1 year",,"          1 year",,"        2 years",,"        3 years",,"       4 years",,"       or more"
,,,,,,,,,,,,,,,,
"  Crimes of violence",,44.5,,113.6,,72.8,,57.9,,46.5,,41.9,,44.5,,29.1
,,,,,,,,,,,,,,,,
"    Completed violence",,13.0,,38.1,,23.7,,15.2,,13.4,,12.4,,13.3,,7.6
"    Attempted/threatened violence",,31.5,,75.5,,49.1,,42.7,,33.1,,29.5,,31.2,,21.5
"    Rape/Sexual assault/2",,1.6,,5.3,,4.3,,2.4,,1.2,"*",1.0,"*",1.4,"*",0.8
"    Robbery",,5.3,,15.4,,8.6,,6.4,,5.6,,6.6,,5.3,,3.0
"      Completed/property taken",,3.5,,10.2,,5.2,,3.9,,3.8,,4.0,,3.5,,2.1
"      Attempted to take property",,1.8,,5.2,,3.4,,2.5,,1.9,,2.7,,1.8,"*",0.9
"    Assault",,37.6,,93.0,,59.9,,49.1,,39.7,,34.3,,37.8,,25.3
"      Aggravated",,8.8,,25.9,,14.8,,12.6,,7.7,,7.2,,7.9,,5.4
"        With injury",,2.3,,6.7,,3.3,,4.5,,2.0,,1.6,,2.3,,1.4
"        Threatened with weapon",,6.4,,19.2,,11.5,,8.1,,5.7,,5.6,,5.6,,4.0
"      Simple",,28.9,,67.1,,45.0,,36.5,,31.9,,27.2,,29.9,,19.9
"        With minor injury",,6.1,,17.3,,12.1,,5.5,,6.8,,6.0,,6.3,,3.6
"        Without injury",,22.8,,49.8,,32.9,,31.0,,25.2,,21.1,,23.6,,16.3
,,,,,,,,,,,,,,,,
"Population",,214480230,,18375710,,13753620,,15399820,,19023080,,15898560,,11247220,,120782230
"  age 12 and over",,,,,,,,,,,,,,,,
,,,,,,,,,,,,,,,,
,,,,,,,,,,,,,,,,
"Note:  Detail may not add to total shown because of rounding.",,,,,,,,,,,,,,,,
"Excludes data on persons whose mobility was not ascertained.",,,,,,,,,,,,,,,,
"* Estimate is based on about 10 or fewer sample cases.",,,,,,,,,,,,,,,,
"1/These numbers are unbounded estimates.  For more information, refer to Appendix III.",,,,,,,,,,,,,,,,
"2/Includes verbal threats of rape and threats of sexual assault.",,,,,,,,,,,,,,,,
