"Bureau of Justice Statistics",,,,
"filename:  cv9587.csv",,,,
"Table 87: Percent of victimizations resulting in",,,,
"loss of time from work, by type of crime",,,,
"data source: National Criminal Victimization Survey, 1995    NCJ 171129",,,,
"produced by:  Cathy Maston and Jayne Robinson",,,,
"authors:  Patsy Klaus and Cathy Maston",,,,
"refer questions to:  askbjs@ojp.usdoj.gov     202-307-0765",,,,
"date of version: 03/01/00",,,,
,,,,
,,,,
"Table 87. Selected personal and property crimes, 1995:",,,,
,,,,
"Percent of victimizations resulting in",,,,
"loss of time from work, by type of crime",,,,
,,,,
,,,"Percent of all",
"Type of crime         ",,,"victimizations",
"All personal crimes/1",,,6.7,"%"
,,,,
"Crimes of violence",,,6.8,
"   Completed violence",,,14.3,
"   Attempted/threatened violence",,,3.7,
"   Rape/Sexual assault/2",,,6.2,"*"
"   Robbery",,,10.7,
"      Completed/property taken",,,14.9,
"         With injury",,,20.9,
"         Without injury",,,12.4,
"      Attempted to take property",,,2.8,"*"
"         With injury",,,7.2,"*"
"         Without injury",,,1.5,"*"
"   Assault",,,6.2,
"      Aggravated",,,10.2,
"      Simple",,,5.0,
,,,,
"All property crimes                         ",,,5.5,"%"
,,,,
"   Household burglary                                ",,,7.3,
"      Completed                            ",,,7.9,
"         Forcible entry                     ",,,14.7,
"         Unlawful entry without force       ",,,3.9,
"      Attempted forcible entry             ",,,4.2,
"   Motor vehicle theft                     ",,,17.8,
"      Completed                            ",,,22.3,
"      Attempted                            ",,,9.1,
"   Theft",,,4.1,
"      Completed",,,4.1,
"         Less than $50",,,1.6,
"         $50 - $249",,,3.1,
"         $250 or more",,,11.0,
"         Amount not available",,,3.3,
"      Attempted",,,4.6,
,,,,
"Note: Detail may not add to total shown because of rounding.",,,,
"* Estimate is based on about 10 or fewer sample cases.",,,,
"1/Includes data on purse snatching/pocket picking, not shown separately.",,,,
"2/Includes verbal threats of rape and threats of sexual assault.",,,,
