"Bureau of Justice Statistics",,,,,,,,,,,,,,,,,
"filename:  cv9545.csv",,,,,,,,,,,,,,,,,
"Table 45: Percent distribution of multiple-offender victimizations,",,,,,,,,,,,,,,,,,
"by type of crime and perceived age of offenders",,,,,,,,,,,,,,,,,
"data source: National Criminal Victimization Survey,  1995    NCJ 171129",,,,,,,,,,,,,,,,,
"produced by:  Cathy Maston and Jayne Robinson",,,,,,,,,,,,,,,,,
"authors:  Patsy Klaus and Cathy Maston",,,,,,,,,,,,,,,,,
"refer questions to:  askbjs@ojp.usdoj.gov     202-307-0765",,,,,,,,,,,,,,,,,
"date of version: 03/01/00",,,,,,,,,,,,,,,,,
,,,,,,,,,,,,,,,,,
,,,,,,,,,,,,,,,,,
"Table 45. Personal crimes of violence, 1995:",,,,,,,,,,,,,,,,,
,,,,,,,,,,,,,,,,,
"Percent distribution of multiple-offender victimizations,",,,,,,,,,,,,,,,,,
"by type of crime and perceived age of offenders",,,,,,,,,,,,,,,,,
,,,,,,,,,,,,,,,,,
,,,"                                                                                                       Percent of all multiple-offender victimizations",,,,,,,,,,,,,,
,,"Number of",,,,,"Perceived age of offenders",,,,,,,,,,
"       ",,"multiple-",,,,,,,,,,,,,,"Not known",
"                                                                                                                                         ",,"offender",,,,"All",,"All",,"All",,"All 30",," Mixed",,"and not",
"Type of crime",,"victimizations",,"Total",,"under 12",,"12-20",,"21-29",,"and over",," ages",,"available",
,,,,,,,,,,,,,,,,,
,,,,,,,,,,,,,,,,,
"Crimes of violence",,2147890,,100,"%",0.9,"%",46.9,"%",13.4,"%",5.8,"%",27.9,"%",5.2,"%"
,,,,,,,,,,,,,,,,,
"   Completed violence",,720030,,100,"%",0.3,"*",41.9,,14.8,,7.4,,30.4,,5.2,
"   Attempted/threatened violence",,1427860,,100,"%",1.1,"*",49.5,,12.7,,4.9,,26.6,,5.1,
"   Rape/Sexual assault/1",,32480,,100,"%",0.0,"*",55.9,"*",6.7,"*",0.0,"*",28.8,"*",8.6,"*"
"   Robbery",,496710,,100,"%",0.0,"*",44.6,,18.3,,7.5,,23.6,,6.0,
"      Completed/property taken",,346500,,100,"%",0.0,"*",43.3,,17.1,,9.4,,24.1,,6.0,"*"
"         With injury",,127110,,100,"%",0.0,"*",42.9,,18.6,"*",6.2,"*",31.1,,1.2,"*"
"         Without injury",,219380,,100,"%",0.0,"*",43.6,,16.3,,11.3,,20.0,,8.9,"*"
"      Attempted to take property",,150200,,100,"%",0.0,"*",47.5,,20.9,,3.2,"*",22.6,,5.9,"*"
"         With injury",,43420,,100,"%",0.0,"*",50.4,"*",32.5,"*",0.0,"*",17.1,"*",0.0,"*"
"         Without injury",,106770,,100,"%",0.0,"*",46.3,,16.1,"*",4.5,"*",24.8,,8.3,"*"
"   Assault",,1618700,,100,"%",1.2,"*",47.5,,12.0,,5.3,,29.1,,4.8,
"      Aggravated",,497580,,100,"%",0.9,"*",37.6,,10.9,,6.2,,37.6,,6.7,
"      Simple",,1121110,,100,"%",1.3,"*",51.9,,12.6,,5.0,,25.4,,4.0,
,,,,,,,,,,,,,,,,,
,,,,,,,,,,,,,,,,,
"Note: Detail may not add to total shown because of rounding.",,,,,,,,,,,,,,,,,
"* Estimate is based on about 10 or fewer sample cases.",,,,,,,,,,,,,,,,,
"1/Includes verbal threats of rape and threats of sexual assault.",,,,,,,,,,,,,,,,,
