"Bureau of Justice Statistics",,,,,,,
"filename:  cv9592.csv",,,,,,,
"Table 92: Percent of victimizations reported to the police,",,,,,,,
"by selected characteristics of victims and type of crime",,,,,,,
"data source: National Criminal Victimization Survey, 1995    NCJ 171129",,,,,,,
"produced by:  Cathy Maston and Jayne Robinson",,,,,,,
"authors:  Patsy Klaus and Cathy Maston",,,,,,,
"refer questions to:  askbjs@ojp.usdoj.gov     202-307-0765",,,,,,,
"date of version: 03/01/00",,,,,,,
,,,,,,,
,,,,,,,
"Table 92. Personal crimes, 1995:",,,,,,,
,,,,,,,
"Percent of victimizations reported to the police,",,,,,,,
"by selected characteristics of victims and type of crime",,,,,,,
,,,,,,,
,,"Percent of all victimizations reported to the police",,,,,
,,"All",," Crimes",," Purse",
,,"personal",," of",," snatching/",
"Characteristic",,"crimes",," violence/1",," Pocket picking",
,,,,,,,
,,,,,,,
"Sex",,,,,,,
"   Both sexes",,41.6,"%",41.7,"%",37.8,"%"
,"Male",38.6,,38.7,,33.5,
,"Female",45.5,,45.8,,40.2,
"                                                    ",,,,,,,
"Race",,,,,,,
"   White",,40.4,,40.5,,38.5,
"   Black",,48.2,,49.0,,32.3,
,,,,,,,
"Ethnicity",,,,,,,
"   Hispanic",,40.7,,41.0,,33.6,"*"
"   Non-Hispanic",,41.7,,41.8,,39.3,
,,,,,,,
"* Estimate is based on about 10 or fewer sample cases.",,,,,,,
"1/Crimes of violence includes data on rape, sexual assault, robbery, and",,,,,,,
"both aggravated and simple assault, not shown separately.",,,,,,,
