"Bureau of Justice Statistics",,,,,,
"filename:  cv9526.csv",,,,,,
"Table 26: Number of incidents and victimizations and ratio ",,,,,,
"of victimizations to incidents, by type of crime",,,,,,
"data source: National Criminal Victimization Survey, 1995    NCJ 171129",,,,,,
"produced by:  Cathy Maston and Jayne Robinson",,,,,,
"authors:  Patsy Klaus and Cathy Maston",,,,,,
"refer questions to:  askbjs@ojp.usdoj.gov     202-307-0765",,,,,,
"date of version: 03/01/00",,,,,,
,,,,,,
,,,,,,
"Table 26. Personal crimes, 1995:  ",,,,,,
,,,,,,
"Number of incidents and victimizations and ratio",,,,,,
"of victimizations to incidents, by type of crime",,,,,,
"    ",,,,,,
"Type of crime         ",,"     Incidents",,"Victimizations",," Ratio"
,,,,,,
,,,,,,
"Personal crimes",,9089330,,9969940,,1.10
,,,,,,
"  Crimes of violence",,8727230,,9604570,,1.10
"    Completed violence",,2515470,,2785570,,1.11
"    Attempted/threatened violence",,6211770,,6819000,,1.10
"   Rape/Sexual assault",,335450,,340380,,1.01
"      Rape/Attempted rape",,229250,,234170,,1.02
"         Rape",,138240,,140820,,1.02
"         Attempted rape/1",,91000,,93350,,1.03
"      Sexual assault/2",,106210,,106210,,1.00
"    Robbery",,1039490,,1141820,,1.10
"      Completed/property taken",,673440,,744810,,1.11
"         With injury",,196880,,217780,,1.11
"         Without injury",,476560,,527040,,1.11
"      Attempted to take property",,366050,,397010,,1.08
"         With injury",,87610,,94560,,1.08
"         Without injury",,278440,,302450,,1.09
"    Assault",,7352290,,8122370,,1.10
"      Aggravated",,1622360,,1882810,,1.16
"         With injury",,439660,,506890,,1.15
"         Threatened with weapon",,1182700,,1375910,,1.16
"      Simple",,5729920,,6239560,,1.09
"         With minor injury",,1170780,,1299700,,1.11
"         Without injury",,4559140,,4939870,,1.08
" Purse snatching/Pocket picking",,362100,,365370,,1.01
"    Completed purse snatching",,65490,,66520,,1.02
"    Attempted purse snatching",,21000,"*",21000,"*",1.00
"    Pocket picking",,275610,,277850,,1.01
,,,,,,
"Note: Detail may not add to total shown because of rounding.",,,,,,
"* Estimate is based on about 10 or fewer sample cases.",,,,,,
"1/Includes verbal threats of rape.",,,,,,
"2/Includes threats.",,,,,,
,,,,,,
,,,,,,
,,,,,,
,,,,,,
,,,,,,
,,,,,,
,,,,,,
,,,,,,
,,,,,,
,,,,,,
,,,,,,
,,,,,,
,,,,,,
,,,,,,
,,,,,,
,,,,,,
,,,,,,
,,,,,,
,,,,,,
,,,,,,
,,,,,,
,,,,,,
,,,,,,
,,,,,,
,,,,,,
,,,,,,
,,,,,,
,,,,,,
,,,,,,
,,,,,,
,,,,,,
,,,,,,
,,,,,,
,,,,,,
,,,,,,
,,,,,,
,,,,,,
,,,,,,
,,,,,,
,,,,,,
,,,,,,
,,,,,,
,,,,,,
,,,,,,
,,,,,,
,,,,,,
,,,,,,
,,,,,,
,,,,,,
,,,,,,
36,"     Criminal Victimization in the United States,1995",,,,,
