"Bureau of Justice Statistics",,,,,,,,
"filename:  cv9577.csv",,,,,,,,
"Table 77: Percent of victimizations in which victims incurred medical",,,,,,,,
"expenses, by selected characteristics of victims and",,,,,,,,
"type of crime",,,,,,,,
"data source: National Criminal Victimization Survey, 1995    NCJ 171129",,,,,,,,
"produced by:  Cathy Maston and Jayne Robinson",,,,,,,,
"authors:  Patsy Klaus and Cathy Maston",,,,,,,,
"refer questions to:  askbjs@ojp.usdoj.gov     202-307-0765",,,,,,,,
"date of version: 03/01/00",,,,,,,,
,,,,,,,,
,,,,,,,,
"Table 77. Personal crimes of violence, 1995:",,,,,,,,
,,,,,,,,
"Percent of victimizations in which victims incurred medical",,,,,,,,
"expenses, by selected characteristics of victims and",,,,,,,,
"type of crime",,,,,,,,
,,,,,,,,
,,,,"Percent of victimizations",,,,
,,," Crimes of",,,,,
"Characteristic",,," violence/1",,"  Robbery",,"  Assault",
,,,,,,,,
,,,,,,,,
"Race",,,,,,,,
,"All races/2",,5.7,"%",6.6,"%",5.2,"%"
,"White",,5.3,,5.3,,5.0,
,"Black",,7.9,,9.2,,7.0,
,,,,,,,,
"Victim-offender relationship",,,,,,,,
,"Strangers",,5.7,,7.2,,5.1,
,"Nonstrangers",,5.8,,4.5,"*",5.3,
,,,,,,,,
"Note: Data includes victimizations in which the amount of medical expenses",,,,,,,,
"incurred was not ascertained.",,,,,,,,
"* Estimate is based on about 10 or fewer sample cases.",,,,,,,,
"1/Includes data on rape and sexual assault, not shown separately.",,,,,,,,
"2/Includes data on persons of ""Other"" races, not shown separately.",,,,,,,,
