"Bureau of Justice Statistics",,,,,,,,,,,,,,,,,
"filename:  cv9572.csv",,,,,,,,,,,,,,,,,
"Table 72: Percent victimization in which self-protective measures employed,",,,,,,,,,,,,,,,,,
"by person taking the measure, outcome of action, and type of crime",,,,,,,,,,,,,,,,,
"data source: National Criminal Victimization Survey, 1995    NCJ 171129",,,,,,,,,,,,,,,,,
"produced by:  Cathy Maston and Jayne Robinson",,,,,,,,,,,,,,,,,
"authors:  Patsy Klaus and Cathy Maston",,,,,,,,,,,,,,,,,
"refer questions to:  askbjs@ojp.usdoj.gov     20.02-307-0765",,,,,,,,,,,,,,,,,
"date of version: 03/01/00",,,,,,,,,,,,,,,,,
,,,,,,,,,,,,,,,,,
,,,,,,,,,,,,,,,,,
"Table 72. Personal crimes of violence, 1995:",,,,,,,,,,,,,,,,,
,,,,,,,,,,,,,,,,,
"Percent victimization in which self-protective measures employed,",,,,,,,,,,,,,,,,,
"by person taking the measure, outcome of action, and type of crime",,,,,,,,,,,,,,,,,
,,,,,,,,,,,,,,,,,
,,,,,,,"Percent of victimizations",,,,,,,,,,
,,,,,,,,,,"Both ",,"Neither",,,,,
,,,,,,,,,,"helped",,"helped",,,,,
,,"Number of",,,,"Helped",,"Hurt",,"and hurt",,"nor hurt",,"  Don't",,"Not",
,,"victimizations",," Total",,"situation",,"situation",,"situation",,"situation",,"  know",,"available",
,,,,,,,,,,,,,,,,,
,,,,,,,,,,,,,,,,,
"Measure taken by victim",,,,,,,,,,,,,,,,,
,"Crimes of violence",6796570,,100,"%",66.7,"%",8.4,"%",6.8,"%",12.2,"%",5.6,"%",0.3,"%*"
,"   Rape/Sexual assault/1",249000,,100,"%",47.2,,8.2,"*",7.9,"*",27.3,,9.4,"*",0.0,"*"
,"   Robbery",710780,,100,"%",65.0,,8.5,,8.3,,11.9,,6.3,,0.0,"*"
,"   Assault",5836790,,100,"%",67.7,,8.4,,6.6,,11.6,,5.4,,0.3,"*"
,"      Aggravated",1368640,,100,"%",68.2,,6.6,,8.0,,11.3,,5.5,,0.4,"*"
,"      Simple",4468160,,100,"%",67.6,,9.0,,6.2,,11.6,,5.3,,0.3,"*"
"       ",,,,,,,,,,,,,,,,,
"Measure taken by others",,,,,,,,,,,,,,,,,
,"Crimes of violence",6627660,,100,"%",34.0,,11.7,"%",3.2,"%",43.0,"%",6.3,,1.9,
,"   Rape/Sexual assault/1",112340,,100,"%",32.9,,12.0,"*",0.0,"*",41.4,,7.2,"*",6.6,"*"
,"   Robbery",583120,,100,"%",24.1,,12.9,,2.2,"*",48.0,,9.7,,3.2,"*"
,"   Assault",5932200,,100,"%",34.9,,11.6,,3.4,,42.5,,5.9,,1.7,
,"      Aggravated",1384260,,100,"%",36.5,,10.6,,3.0,,42.4,,6.2,,1.4,"*"
,"      Simple",4547940,,100,"%",34.5,,11.9,,3.5,,42.5,,5.8,,1.8,
,,,,,,,,,,,,,,,,,
,,,,,,,,,,,,,,,,,
"Note: Detail may not add to total shown because of rounding.",,,,,,,,,,,,,,,,,
"Excludes victimizations in which no self-protective actions were taken.  Of those victimizations in which a self-protective measure ",,,,,,,,,,,,,,,,,
"or measures was/were employed, the victim and/or someone else may have taken the action.  ",,,,,,,,,,,,,,,,,
"Therefore, the above categories are not mutually exclusive.",,,,,,,,,,,,,,,,,
"* Estimate is based on about 10 or fewer sample cases.",,,,,,,,,,,,,,,,,
"1/Includes verbal threats of rape and threats of sexual assault.",,,,,,,,,,,,,,,,,
,,,,,,,,,,,,,,,,,
,,,,,,,,,,,,,,,,,
,,,,,,,,,,,,,,,,,
,,,,,,,,,,,,,,,,,
,,,,,,,,,,,,,,,,,
,,,,,,,,,,,,,,,,,
,,,,,,,,,,,,,,,,,
,,,,,,,,,,,,,,,,,
,,,,,,,,,,,,,,,,,
,,,,,,,,,,,,,,,,,
,,,,,,,,,,,,,,,,,
,,,,,,,,,,,,,,,,,
,,,,,,,,,,,,,,,,,
,,,,,,,,,,,,,,,,,
,,,,,,,,,,,,,,,,,
,,,,,,,,,,,,,,,,,
,,,,,,,,,,,,,,,,,
,,,,,,,,,,,,,,,,,
,,,,,,,,,,,,,,,,,
,,,,,,,,,,,,,,,,,
,,,,,,,,,,,,,,,,,
80,"   Criminal Victimization in the United States, 1995",,,,,,,,,,,,,,,,
