"Bureau of Justice Statistics",,,,,,,
"filename:  cv9568.csv",,,,,,,
"Table 68: Percent of victimizations in which victims took self-protective",,,,,,,
"measures, by type of crime and victim-offender relationship",,,,,,,
"data source: National Criminal Victimization Survey, 1995    NCJ 171129",,,,,,,
"produced by:  Cathy Maston and Jayne Robinson",,,,,,,
"authors:  Patsy Klaus and Cathy Maston",,,,,,,
"refer questions to:  askbjs@ojp.usdoj.gov     202-307-0765",,,,,,,
"date of version: 03/01/00",,,,,,,
,,,,,,,
"Table 68. Personal crimes of violence, 1995:",,,,,,,
,,,,,,,
"Percent of victimizations in which victims took self-protective",,,,,,,
"measures, by type of crime and victim-offender relationship",,,,,,,
,,,,,,,
,,," Percent of all victimizations",,,,
,,"All",,"Involving",,"Involving",
"Type of crime",,"victimizations",,"strangers",,"nonstrangers",
,,,,,,,
,,,,,,,
"Crimes of violence",,70.8,"%",68.9,"%",72.9,"%"
,,,,,,,
"   Completed violence",,70.8,,62.6,,78.3,
"   Attempted/threatened violence",,70.7,,71.1,,70.3,
"   Rape/Sexual assault/1",,73.2,,66.5,,76.1,
"   Robbery",,62.2,,59.2,,73.4,
"      Completed/property taken",,50.0,,43.7,,72.0,
"         With injury",,70.7,,65.1,,87.1,
"         Without injury",,41.5,,35.3,,64.4,
"      Attempted to take property",,85.2,,87.3,,76.5,
"         With injury",,88.4,,96.3,,73.7,
"         Without injury",,84.2,,85.2,,78.6,
"   Assault",,71.9,,71.1,,72.6,
"      Aggravated",,72.7,,72.2,,73.4,
"         With injury",,74.5,,73.3,,75.3,
"         Threatened with weapon",,72.0,,71.9,,72.3,
"      Simple",,71.6,,70.7,,72.4,
"         With minor injury",,81.2,,79.3,,82.3,
"         Without injury",,69.1,,69.0,,69.1,
,,,,,,,
"1/Includes verbal threats of rape and threats of sexual assault.",,,,,,,
