Warsaw Police Department,
MONTHLY COUNCIL REPORT,
October 2013,
Civic Programs Presented & Community Events,
October 5 th – Ocktober Fest (All Officers),
October 12th – Warsaw Fest (All Officers and Auxiliary Officer),
Calls for Service,24
Directed Patrols,128
Property & Business Checks Conducted,249
Follow Ups,3
Arrest,1
Probation Violation (Felony),1
Uniform Traffic Summons,11
Defective Equipment,1
Expired Inspection,1
Fail to Yield Private Drive,1
Failure to Stop before Turning on Red,1
Highway Sign-Fail Obey,1
Speeding,6
______________________________________,
Chandra O. Johnson - Administrative Assistant,
"""When The Community And Police Work Together We Can Make A Difference!"" – Chief C. Spare","""When The Community And Police Work Together We Can Make A Difference!"" – Chief C. Spare"
11/8/2013,
