Name: “Table 1 of 1 on page 26 of 32”,Name: “Table 1 of 1 on page 26 of 32”,Name: “Table 1 of 1 on page 26 of 32”,Name: “Table 1 of 1 on page 26 of 32”,Name: “Table 1 of 1 on page 26 of 32”,Name: “Table 1 of 1 on page 26 of 32”
Table: 26,Table: 26,Table: 26,Table: 26,Table: 26,Table: 26
,,,,,
,,Noise Violations,Noise Violations,Noise Violations,
,873,873,,,
,804,,,,
,,,,,232
,,,,,206
,,,,193,
Noise Complaints,Noise Complaints,Noise Complaints,,Charges Placed,
,2010,2010,2011,2012,
This chart illustrates the difference in the number of,This chart illustrates the difference in the number of,This chart illustrates the difference in the number of,This chart illustrates the difference in the number of,This chart illustrates the difference in the number of,noise complaints versus
"charges placed in 2010, 2011, and 2012. Though a Noise Violation may seem to be a","charges placed in 2010, 2011, and 2012. Though a Noise Violation may seem to be a","charges placed in 2010, 2011, and 2012. Though a Noise Violation may seem to be a","charges placed in 2010, 2011, and 2012. Though a Noise Violation may seem to be a","charges placed in 2010, 2011, and 2012. Though a Noise Violation may seem to be a","charges placed in 2010, 2011, and 2012. Though a Noise Violation may seem to be a"
"minor offense, it often leads to the discovery of more serious crimes such as drug","minor offense, it often leads to the discovery of more serious crimes such as drug","minor offense, it often leads to the discovery of more serious crimes such as drug","minor offense, it often leads to the discovery of more serious crimes such as drug","minor offense, it often leads to the discovery of more serious crimes such as drug","minor offense, it often leads to the discovery of more serious crimes such as drug"
and alcohol violations.,,,,,
,Alcohol Violations,Alcohol Violations,Alcohol Violations,Alcohol Violations,
,,,,,1077
,,,,,986
,,,,,748
,,,656,632,
,445,463,,,
,330,,,,
,285,,,,
Citations,,Warrants,Warrants,,Total
,2010,,2011,,2012
Radford City Police Department has a strict policy on lowering alcohol violations in,Radford City Police Department has a strict policy on lowering alcohol violations in,Radford City Police Department has a strict policy on lowering alcohol violations in,Radford City Police Department has a strict policy on lowering alcohol violations in,Radford City Police Department has a strict policy on lowering alcohol violations in,Radford City Police Department has a strict policy on lowering alcohol violations in
the City. Studies have shown that alcohol is one of the major contributing factors to,the City. Studies have shown that alcohol is one of the major contributing factors to,the City. Studies have shown that alcohol is one of the major contributing factors to,the City. Studies have shown that alcohol is one of the major contributing factors to,the City. Studies have shown that alcohol is one of the major contributing factors to,the City. Studies have shown that alcohol is one of the major contributing factors to
"other crime, such as assaults, rapes, larcenies, and vandalisms.","other crime, such as assaults, rapes, larcenies, and vandalisms.","other crime, such as assaults, rapes, larcenies, and vandalisms.","other crime, such as assaults, rapes, larcenies, and vandalisms.","other crime, such as assaults, rapes, larcenies, and vandalisms.",
,,,- 26-,,
