Name: “Table 1 of 1 on page 4 of 32”,Name: “Table 1 of 1 on page 4 of 32”,Name: “Table 1 of 1 on page 4 of 32”,Name: “Table 1 of 1 on page 4 of 32”,Name: “Table 1 of 1 on page 4 of 32”,Name: “Table 1 of 1 on page 4 of 32”,Name: “Table 1 of 1 on page 4 of 32”,Name: “Table 1 of 1 on page 4 of 32”,Name: “Table 1 of 1 on page 4 of 32”,Name: “Table 1 of 1 on page 4 of 32”,Name: “Table 1 of 1 on page 4 of 32”,Name: “Table 1 of 1 on page 4 of 32”,Name: “Table 1 of 1 on page 4 of 32”,Name: “Table 1 of 1 on page 4 of 32”,Name: “Table 1 of 1 on page 4 of 32”
Table: 4,Table: 4,Table: 4,Table: 4,Table: 4,Table: 4,Table: 4,Table: 4,Table: 4,Table: 4,Table: 4,Table: 4,Table: 4,Table: 4,Table: 4
,,,,,,,,,,,,,,
,,,Letter from Chief Don Goodman,Letter from Chief Don Goodman,Letter from Chief Don Goodman,Letter from Chief Don Goodman,Letter from Chief Don Goodman,Letter from Chief Don Goodman,Letter from Chief Don Goodman,Letter from Chief Don Goodman,Letter from Chief Don Goodman,Letter from Chief Don Goodman,,
To Mayor Brown and City Council Members:,To Mayor Brown and City Council Members:,To Mayor Brown and City Council Members:,To Mayor Brown and City Council Members:,To Mayor Brown and City Council Members:,To Mayor Brown and City Council Members:,To Mayor Brown and City Council Members:,To Mayor Brown and City Council Members:,To Mayor Brown and City Council Members:,,,,,,
"On behalf of the Radford City Police Department, I am pleased to provide you with","On behalf of the Radford City Police Department, I am pleased to provide you with","On behalf of the Radford City Police Department, I am pleased to provide you with","On behalf of the Radford City Police Department, I am pleased to provide you with","On behalf of the Radford City Police Department, I am pleased to provide you with","On behalf of the Radford City Police Department, I am pleased to provide you with","On behalf of the Radford City Police Department, I am pleased to provide you with","On behalf of the Radford City Police Department, I am pleased to provide you with","On behalf of the Radford City Police Department, I am pleased to provide you with","On behalf of the Radford City Police Department, I am pleased to provide you with","On behalf of the Radford City Police Department, I am pleased to provide you with","On behalf of the Radford City Police Department, I am pleased to provide you with","On behalf of the Radford City Police Department, I am pleased to provide you with","On behalf of the Radford City Police Department, I am pleased to provide you with","On behalf of the Radford City Police Department, I am pleased to provide you with"
a copy of our 2012 Annual Report.,a copy of our 2012 Annual Report.,a copy of our 2012 Annual Report.,a copy of our 2012 Annual Report.,a copy of our 2012 Annual Report.,a copy of our 2012 Annual Report.,a copy of our 2012 Annual Report.,This report provides statistical information on,This report provides statistical information on,This report provides statistical information on,This report provides statistical information on,This report provides statistical information on,This report provides statistical information on,This report provides statistical information on,This report provides statistical information on
the activities of the Department and highlights some of our accomplishments. What,the activities of the Department and highlights some of our accomplishments. What,the activities of the Department and highlights some of our accomplishments. What,the activities of the Department and highlights some of our accomplishments. What,the activities of the Department and highlights some of our accomplishments. What,the activities of the Department and highlights some of our accomplishments. What,the activities of the Department and highlights some of our accomplishments. What,the activities of the Department and highlights some of our accomplishments. What,the activities of the Department and highlights some of our accomplishments. What,the activities of the Department and highlights some of our accomplishments. What,the activities of the Department and highlights some of our accomplishments. What,the activities of the Department and highlights some of our accomplishments. What,the activities of the Department and highlights some of our accomplishments. What,the activities of the Department and highlights some of our accomplishments. What,the activities of the Department and highlights some of our accomplishments. What
it can’t catalog is the productive and professional relationship we enjoy as a part of,it can’t catalog is the productive and professional relationship we enjoy as a part of,it can’t catalog is the productive and professional relationship we enjoy as a part of,it can’t catalog is the productive and professional relationship we enjoy as a part of,it can’t catalog is the productive and professional relationship we enjoy as a part of,it can’t catalog is the productive and professional relationship we enjoy as a part of,it can’t catalog is the productive and professional relationship we enjoy as a part of,it can’t catalog is the productive and professional relationship we enjoy as a part of,it can’t catalog is the productive and professional relationship we enjoy as a part of,it can’t catalog is the productive and professional relationship we enjoy as a part of,it can’t catalog is the productive and professional relationship we enjoy as a part of,it can’t catalog is the productive and professional relationship we enjoy as a part of,it can’t catalog is the productive and professional relationship we enjoy as a part of,it can’t catalog is the productive and professional relationship we enjoy as a part of,it can’t catalog is the productive and professional relationship we enjoy as a part of
the City’s public safety team. We are grateful and proud to serve the City.,the City’s public safety team. We are grateful and proud to serve the City.,the City’s public safety team. We are grateful and proud to serve the City.,the City’s public safety team. We are grateful and proud to serve the City.,the City’s public safety team. We are grateful and proud to serve the City.,the City’s public safety team. We are grateful and proud to serve the City.,the City’s public safety team. We are grateful and proud to serve the City.,the City’s public safety team. We are grateful and proud to serve the City.,the City’s public safety team. We are grateful and proud to serve the City.,the City’s public safety team. We are grateful and proud to serve the City.,the City’s public safety team. We are grateful and proud to serve the City.,the City’s public safety team. We are grateful and proud to serve the City.,the City’s public safety team. We are grateful and proud to serve the City.,the City’s public safety team. We are grateful and proud to serve the City.,
We have experienced a challenging year highlighted by staffing shortages and,We have experienced a challenging year highlighted by staffing shortages and,We have experienced a challenging year highlighted by staffing shortages and,We have experienced a challenging year highlighted by staffing shortages and,We have experienced a challenging year highlighted by staffing shortages and,We have experienced a challenging year highlighted by staffing shortages and,We have experienced a challenging year highlighted by staffing shortages and,We have experienced a challenging year highlighted by staffing shortages and,We have experienced a challenging year highlighted by staffing shortages and,We have experienced a challenging year highlighted by staffing shortages and,We have experienced a challenging year highlighted by staffing shortages and,We have experienced a challenging year highlighted by staffing shortages and,We have experienced a challenging year highlighted by staffing shortages and,We have experienced a challenging year highlighted by staffing shortages and,We have experienced a challenging year highlighted by staffing shortages and
challenging public safety and police issues.,challenging public safety and police issues.,challenging public safety and police issues.,challenging public safety and police issues.,challenging public safety and police issues.,challenging public safety and police issues.,challenging public safety and police issues.,challenging public safety and police issues.,challenging public safety and police issues.,"Even with these demands, we continue","Even with these demands, we continue","Even with these demands, we continue","Even with these demands, we continue","Even with these demands, we continue","Even with these demands, we continue"
to move forward as an agency. Our level of service and commitment to public safety,to move forward as an agency. Our level of service and commitment to public safety,to move forward as an agency. Our level of service and commitment to public safety,to move forward as an agency. Our level of service and commitment to public safety,to move forward as an agency. Our level of service and commitment to public safety,to move forward as an agency. Our level of service and commitment to public safety,to move forward as an agency. Our level of service and commitment to public safety,to move forward as an agency. Our level of service and commitment to public safety,to move forward as an agency. Our level of service and commitment to public safety,to move forward as an agency. Our level of service and commitment to public safety,to move forward as an agency. Our level of service and commitment to public safety,to move forward as an agency. Our level of service and commitment to public safety,to move forward as an agency. Our level of service and commitment to public safety,to move forward as an agency. Our level of service and commitment to public safety,to move forward as an agency. Our level of service and commitment to public safety
and the community remain strong as evidenced by our growing Citizen’s Police,and the community remain strong as evidenced by our growing Citizen’s Police,and the community remain strong as evidenced by our growing Citizen’s Police,and the community remain strong as evidenced by our growing Citizen’s Police,and the community remain strong as evidenced by our growing Citizen’s Police,and the community remain strong as evidenced by our growing Citizen’s Police,and the community remain strong as evidenced by our growing Citizen’s Police,and the community remain strong as evidenced by our growing Citizen’s Police,and the community remain strong as evidenced by our growing Citizen’s Police,and the community remain strong as evidenced by our growing Citizen’s Police,and the community remain strong as evidenced by our growing Citizen’s Police,and the community remain strong as evidenced by our growing Citizen’s Police,and the community remain strong as evidenced by our growing Citizen’s Police,and the community remain strong as evidenced by our growing Citizen’s Police,and the community remain strong as evidenced by our growing Citizen’s Police
"Academy, participation in the City/University Commission, the greater RU Alcohol","Academy, participation in the City/University Commission, the greater RU Alcohol","Academy, participation in the City/University Commission, the greater RU Alcohol","Academy, participation in the City/University Commission, the greater RU Alcohol","Academy, participation in the City/University Commission, the greater RU Alcohol","Academy, participation in the City/University Commission, the greater RU Alcohol","Academy, participation in the City/University Commission, the greater RU Alcohol","Academy, participation in the City/University Commission, the greater RU Alcohol","Academy, participation in the City/University Commission, the greater RU Alcohol","Academy, participation in the City/University Commission, the greater RU Alcohol","Academy, participation in the City/University Commission, the greater RU Alcohol","Academy, participation in the City/University Commission, the greater RU Alcohol","Academy, participation in the City/University Commission, the greater RU Alcohol","Academy, participation in the City/University Commission, the greater RU Alcohol","Academy, participation in the City/University Commission, the greater RU Alcohol"
"Task Force, and the Radford Youth/Adult Partnership.","Task Force, and the Radford Youth/Adult Partnership.","Task Force, and the Radford Youth/Adult Partnership.","Task Force, and the Radford Youth/Adult Partnership.","Task Force, and the Radford Youth/Adult Partnership.","Task Force, and the Radford Youth/Adult Partnership.","Task Force, and the Radford Youth/Adult Partnership.","Task Force, and the Radford Youth/Adult Partnership.","Task Force, and the Radford Youth/Adult Partnership.","Task Force, and the Radford Youth/Adult Partnership.","Task Force, and the Radford Youth/Adult Partnership.",,,,
The first full year in the new Public Safety Building has brought an increase in,The first full year in the new Public Safety Building has brought an increase in,The first full year in the new Public Safety Building has brought an increase in,The first full year in the new Public Safety Building has brought an increase in,The first full year in the new Public Safety Building has brought an increase in,The first full year in the new Public Safety Building has brought an increase in,The first full year in the new Public Safety Building has brought an increase in,The first full year in the new Public Safety Building has brought an increase in,The first full year in the new Public Safety Building has brought an increase in,The first full year in the new Public Safety Building has brought an increase in,The first full year in the new Public Safety Building has brought an increase in,The first full year in the new Public Safety Building has brought an increase in,The first full year in the new Public Safety Building has brought an increase in,The first full year in the new Public Safety Building has brought an increase in,The first full year in the new Public Safety Building has brought an increase in
cooperation with neighboring agencies.,cooperation with neighboring agencies.,cooperation with neighboring agencies.,cooperation with neighboring agencies.,cooperation with neighboring agencies.,cooperation with neighboring agencies.,cooperation with neighboring agencies.,cooperation with neighboring agencies.,Our crime lab and other technological,Our crime lab and other technological,Our crime lab and other technological,Our crime lab and other technological,Our crime lab and other technological,Our crime lab and other technological,Our crime lab and other technological
advances are the envy of the region and allow our neighbors access to crime fighting,advances are the envy of the region and allow our neighbors access to crime fighting,advances are the envy of the region and allow our neighbors access to crime fighting,advances are the envy of the region and allow our neighbors access to crime fighting,advances are the envy of the region and allow our neighbors access to crime fighting,advances are the envy of the region and allow our neighbors access to crime fighting,advances are the envy of the region and allow our neighbors access to crime fighting,advances are the envy of the region and allow our neighbors access to crime fighting,advances are the envy of the region and allow our neighbors access to crime fighting,advances are the envy of the region and allow our neighbors access to crime fighting,advances are the envy of the region and allow our neighbors access to crime fighting,advances are the envy of the region and allow our neighbors access to crime fighting,advances are the envy of the region and allow our neighbors access to crime fighting,advances are the envy of the region and allow our neighbors access to crime fighting,advances are the envy of the region and allow our neighbors access to crime fighting
tools,that,in,the,past,was,only,held,at,the,Department,of,Forensic,Forensic,Science
laboratories.,laboratories.,,,,,,,,,,,,,
It is an exciting time to serve the city as a member of the Radford City Police,It is an exciting time to serve the city as a member of the Radford City Police,It is an exciting time to serve the city as a member of the Radford City Police,It is an exciting time to serve the city as a member of the Radford City Police,It is an exciting time to serve the city as a member of the Radford City Police,It is an exciting time to serve the city as a member of the Radford City Police,It is an exciting time to serve the city as a member of the Radford City Police,It is an exciting time to serve the city as a member of the Radford City Police,It is an exciting time to serve the city as a member of the Radford City Police,It is an exciting time to serve the city as a member of the Radford City Police,It is an exciting time to serve the city as a member of the Radford City Police,It is an exciting time to serve the city as a member of the Radford City Police,It is an exciting time to serve the city as a member of the Radford City Police,It is an exciting time to serve the city as a member of the Radford City Police,It is an exciting time to serve the city as a member of the Radford City Police
Department.,Department.,,I am proud of our accomplishments.,I am proud of our accomplishments.,I am proud of our accomplishments.,I am proud of our accomplishments.,I am proud of our accomplishments.,I am proud of our accomplishments.,I am proud of our accomplishments.,"However, it is the day to day","However, it is the day to day","However, it is the day to day","However, it is the day to day","However, it is the day to day"
problem solving and innovation by dedicated employees that brings me the most,problem solving and innovation by dedicated employees that brings me the most,problem solving and innovation by dedicated employees that brings me the most,problem solving and innovation by dedicated employees that brings me the most,problem solving and innovation by dedicated employees that brings me the most,problem solving and innovation by dedicated employees that brings me the most,problem solving and innovation by dedicated employees that brings me the most,problem solving and innovation by dedicated employees that brings me the most,problem solving and innovation by dedicated employees that brings me the most,problem solving and innovation by dedicated employees that brings me the most,problem solving and innovation by dedicated employees that brings me the most,problem solving and innovation by dedicated employees that brings me the most,problem solving and innovation by dedicated employees that brings me the most,problem solving and innovation by dedicated employees that brings me the most,problem solving and innovation by dedicated employees that brings me the most
satisfaction.,satisfaction.,,Employees,Employees,and,officers,officers,go,above,and,beyond,daily,to,provide
exceptional service to the City. They continue to earn my respect as their Chief and,exceptional service to the City. They continue to earn my respect as their Chief and,exceptional service to the City. They continue to earn my respect as their Chief and,exceptional service to the City. They continue to earn my respect as their Chief and,exceptional service to the City. They continue to earn my respect as their Chief and,exceptional service to the City. They continue to earn my respect as their Chief and,exceptional service to the City. They continue to earn my respect as their Chief and,exceptional service to the City. They continue to earn my respect as their Chief and,exceptional service to the City. They continue to earn my respect as their Chief and,exceptional service to the City. They continue to earn my respect as their Chief and,exceptional service to the City. They continue to earn my respect as their Chief and,exceptional service to the City. They continue to earn my respect as their Chief and,exceptional service to the City. They continue to earn my respect as their Chief and,exceptional service to the City. They continue to earn my respect as their Chief and,exceptional service to the City. They continue to earn my respect as their Chief and
as a City resident.,as a City resident.,as a City resident.,as a City resident.,Each and every one of them demonstrates our core values of,Each and every one of them demonstrates our core values of,Each and every one of them demonstrates our core values of,Each and every one of them demonstrates our core values of,Each and every one of them demonstrates our core values of,Each and every one of them demonstrates our core values of,Each and every one of them demonstrates our core values of,Each and every one of them demonstrates our core values of,Each and every one of them demonstrates our core values of,Each and every one of them demonstrates our core values of,Each and every one of them demonstrates our core values of
"Service, Courage, Order, and Pride daily.","Service, Courage, Order, and Pride daily.","Service, Courage, Order, and Pride daily.","Service, Courage, Order, and Pride daily.","Service, Courage, Order, and Pride daily.","Service, Courage, Order, and Pride daily.","Service, Courage, Order, and Pride daily.","Service, Courage, Order, and Pride daily.",,,,,,,
We invite you to review the pages of this report to share in our success.,We invite you to review the pages of this report to share in our success.,We invite you to review the pages of this report to share in our success.,We invite you to review the pages of this report to share in our success.,We invite you to review the pages of this report to share in our success.,We invite you to review the pages of this report to share in our success.,We invite you to review the pages of this report to share in our success.,We invite you to review the pages of this report to share in our success.,We invite you to review the pages of this report to share in our success.,We invite you to review the pages of this report to share in our success.,We invite you to review the pages of this report to share in our success.,We invite you to review the pages of this report to share in our success.,We invite you to review the pages of this report to share in our success.,,
"Sincerely,","Sincerely,",,,,,,,,,,,,,
Don Goodman,Don Goodman,Don Goodman,,,,,,,,,,,,
Chief of Police,Chief of Police,Chief of Police,,,,,,,,,,,,
,,,,,,,- 4-,,,,,,,
