Name: “Table 1 of 1 on page 10 of 32”,Name: “Table 1 of 1 on page 10 of 32”,Name: “Table 1 of 1 on page 10 of 32”,Name: “Table 1 of 1 on page 10 of 32”,Name: “Table 1 of 1 on page 10 of 32”,Name: “Table 1 of 1 on page 10 of 32”,Name: “Table 1 of 1 on page 10 of 32”,Name: “Table 1 of 1 on page 10 of 32”,Name: “Table 1 of 1 on page 10 of 32”,Name: “Table 1 of 1 on page 10 of 32”,Name: “Table 1 of 1 on page 10 of 32”,Name: “Table 1 of 1 on page 10 of 32”
Table: 10,Table: 10,Table: 10,Table: 10,Table: 10,Table: 10,Table: 10,Table: 10,Table: 10,Table: 10,Table: 10,Table: 10
,,,,,,,,,,,
,,,Animal Control,Animal Control,Animal Control,Animal Control,Animal Control,,,,
,,,(continued),(continued),(continued),(continued),(continued),,,,
The Radford Animal Control shelter has made further improvements in 2012 to,The Radford Animal Control shelter has made further improvements in 2012 to,The Radford Animal Control shelter has made further improvements in 2012 to,The Radford Animal Control shelter has made further improvements in 2012 to,The Radford Animal Control shelter has made further improvements in 2012 to,The Radford Animal Control shelter has made further improvements in 2012 to,The Radford Animal Control shelter has made further improvements in 2012 to,The Radford Animal Control shelter has made further improvements in 2012 to,The Radford Animal Control shelter has made further improvements in 2012 to,The Radford Animal Control shelter has made further improvements in 2012 to,The Radford Animal Control shelter has made further improvements in 2012 to,The Radford Animal Control shelter has made further improvements in 2012 to
improve the facility which has improved care standards for the animals housed,improve the facility which has improved care standards for the animals housed,improve the facility which has improved care standards for the animals housed,improve the facility which has improved care standards for the animals housed,improve the facility which has improved care standards for the animals housed,improve the facility which has improved care standards for the animals housed,improve the facility which has improved care standards for the animals housed,improve the facility which has improved care standards for the animals housed,improve the facility which has improved care standards for the animals housed,improve the facility which has improved care standards for the animals housed,improve the facility which has improved care standards for the animals housed,improve the facility which has improved care standards for the animals housed
here. The use of Facebook and other social networks has increased community,here. The use of Facebook and other social networks has increased community,here. The use of Facebook and other social networks has increased community,here. The use of Facebook and other social networks has increased community,here. The use of Facebook and other social networks has increased community,here. The use of Facebook and other social networks has increased community,here. The use of Facebook and other social networks has increased community,here. The use of Facebook and other social networks has increased community,here. The use of Facebook and other social networks has increased community,here. The use of Facebook and other social networks has increased community,here. The use of Facebook and other social networks has increased community,here. The use of Facebook and other social networks has increased community
"involvement, awareness, and led to more adoptions in the year 2012.","involvement, awareness, and led to more adoptions in the year 2012.","involvement, awareness, and led to more adoptions in the year 2012.","involvement, awareness, and led to more adoptions in the year 2012.","involvement, awareness, and led to more adoptions in the year 2012.","involvement, awareness, and led to more adoptions in the year 2012.","involvement, awareness, and led to more adoptions in the year 2012.","involvement, awareness, and led to more adoptions in the year 2012.","involvement, awareness, and led to more adoptions in the year 2012.","involvement, awareness, and led to more adoptions in the year 2012.",,
Radford,Animal,Control,has,also,strived,to,improve,relations,relations,with,other
organizations to provide services to the community and donations to the shelter.,organizations to provide services to the community and donations to the shelter.,organizations to provide services to the community and donations to the shelter.,organizations to provide services to the community and donations to the shelter.,organizations to provide services to the community and donations to the shelter.,organizations to provide services to the community and donations to the shelter.,organizations to provide services to the community and donations to the shelter.,organizations to provide services to the community and donations to the shelter.,organizations to provide services to the community and donations to the shelter.,organizations to provide services to the community and donations to the shelter.,organizations to provide services to the community and donations to the shelter.,organizations to provide services to the community and donations to the shelter.
These services include a pet food pantry.,These services include a pet food pantry.,These services include a pet food pantry.,These services include a pet food pantry.,These services include a pet food pantry.,Food is regularly donated to us from Feed,Food is regularly donated to us from Feed,Food is regularly donated to us from Feed,Food is regularly donated to us from Feed,Food is regularly donated to us from Feed,Food is regularly donated to us from Feed,Food is regularly donated to us from Feed
America and citizens of the community. As a result of these generous donations we,America and citizens of the community. As a result of these generous donations we,America and citizens of the community. As a result of these generous donations we,America and citizens of the community. As a result of these generous donations we,America and citizens of the community. As a result of these generous donations we,America and citizens of the community. As a result of these generous donations we,America and citizens of the community. As a result of these generous donations we,America and citizens of the community. As a result of these generous donations we,America and citizens of the community. As a result of these generous donations we,America and citizens of the community. As a result of these generous donations we,America and citizens of the community. As a result of these generous donations we,America and citizens of the community. As a result of these generous donations we
have been able to assist many families with feeding their pets that would have,have been able to assist many families with feeding their pets that would have,have been able to assist many families with feeding their pets that would have,have been able to assist many families with feeding their pets that would have,have been able to assist many families with feeding their pets that would have,have been able to assist many families with feeding their pets that would have,have been able to assist many families with feeding their pets that would have,have been able to assist many families with feeding their pets that would have,have been able to assist many families with feeding their pets that would have,have been able to assist many families with feeding their pets that would have,have been able to assist many families with feeding their pets that would have,have been able to assist many families with feeding their pets that would have
otherwise,been,surrendered,to,the,shelter.,,We,have,also,assisted,other
"organizations with donations of cat and dog food. Approximately 20,000 lbs of pet","organizations with donations of cat and dog food. Approximately 20,000 lbs of pet","organizations with donations of cat and dog food. Approximately 20,000 lbs of pet","organizations with donations of cat and dog food. Approximately 20,000 lbs of pet","organizations with donations of cat and dog food. Approximately 20,000 lbs of pet","organizations with donations of cat and dog food. Approximately 20,000 lbs of pet","organizations with donations of cat and dog food. Approximately 20,000 lbs of pet","organizations with donations of cat and dog food. Approximately 20,000 lbs of pet","organizations with donations of cat and dog food. Approximately 20,000 lbs of pet","organizations with donations of cat and dog food. Approximately 20,000 lbs of pet","organizations with donations of cat and dog food. Approximately 20,000 lbs of pet","organizations with donations of cat and dog food. Approximately 20,000 lbs of pet"
food has been given to citizens and other needy organizations in 2012.,food has been given to citizens and other needy organizations in 2012.,food has been given to citizens and other needy organizations in 2012.,food has been given to citizens and other needy organizations in 2012.,food has been given to citizens and other needy organizations in 2012.,food has been given to citizens and other needy organizations in 2012.,food has been given to citizens and other needy organizations in 2012.,food has been given to citizens and other needy organizations in 2012.,food has been given to citizens and other needy organizations in 2012.,food has been given to citizens and other needy organizations in 2012.,,
West End Animal Clinic and The Radford Humane Society continue to assist with,West End Animal Clinic and The Radford Humane Society continue to assist with,West End Animal Clinic and The Radford Humane Society continue to assist with,West End Animal Clinic and The Radford Humane Society continue to assist with,West End Animal Clinic and The Radford Humane Society continue to assist with,West End Animal Clinic and The Radford Humane Society continue to assist with,West End Animal Clinic and The Radford Humane Society continue to assist with,West End Animal Clinic and The Radford Humane Society continue to assist with,West End Animal Clinic and The Radford Humane Society continue to assist with,West End Animal Clinic and The Radford Humane Society continue to assist with,West End Animal Clinic and The Radford Humane Society continue to assist with,West End Animal Clinic and The Radford Humane Society continue to assist with
low cost spay/neuter and vaccinations for any pet adopted from Radford Animal,low cost spay/neuter and vaccinations for any pet adopted from Radford Animal,low cost spay/neuter and vaccinations for any pet adopted from Radford Animal,low cost spay/neuter and vaccinations for any pet adopted from Radford Animal,low cost spay/neuter and vaccinations for any pet adopted from Radford Animal,low cost spay/neuter and vaccinations for any pet adopted from Radford Animal,low cost spay/neuter and vaccinations for any pet adopted from Radford Animal,low cost spay/neuter and vaccinations for any pet adopted from Radford Animal,low cost spay/neuter and vaccinations for any pet adopted from Radford Animal,low cost spay/neuter and vaccinations for any pet adopted from Radford Animal,low cost spay/neuter and vaccinations for any pet adopted from Radford Animal,low cost spay/neuter and vaccinations for any pet adopted from Radford Animal
Shelter.,"They have also assisted many citizens with low cost surgeries, treatments","They have also assisted many citizens with low cost surgeries, treatments","They have also assisted many citizens with low cost surgeries, treatments","They have also assisted many citizens with low cost surgeries, treatments","They have also assisted many citizens with low cost surgeries, treatments","They have also assisted many citizens with low cost surgeries, treatments","They have also assisted many citizens with low cost surgeries, treatments","They have also assisted many citizens with low cost surgeries, treatments","They have also assisted many citizens with low cost surgeries, treatments","They have also assisted many citizens with low cost surgeries, treatments","They have also assisted many citizens with low cost surgeries, treatments"
and other animal related services. Low cost services for other animals are provided,and other animal related services. Low cost services for other animals are provided,and other animal related services. Low cost services for other animals are provided,and other animal related services. Low cost services for other animals are provided,and other animal related services. Low cost services for other animals are provided,and other animal related services. Low cost services for other animals are provided,and other animal related services. Low cost services for other animals are provided,and other animal related services. Low cost services for other animals are provided,and other animal related services. Low cost services for other animals are provided,and other animal related services. Low cost services for other animals are provided,and other animal related services. Low cost services for other animals are provided,and other animal related services. Low cost services for other animals are provided
by,Mountain,View,Humane,Society,in,,Christiansburg,Christiansburg,Christiansburg,who,provided
spaying/neutering for 27 shelter animals in 2012 at no cost to the City or adopter.,spaying/neutering for 27 shelter animals in 2012 at no cost to the City or adopter.,spaying/neutering for 27 shelter animals in 2012 at no cost to the City or adopter.,spaying/neutering for 27 shelter animals in 2012 at no cost to the City or adopter.,spaying/neutering for 27 shelter animals in 2012 at no cost to the City or adopter.,spaying/neutering for 27 shelter animals in 2012 at no cost to the City or adopter.,spaying/neutering for 27 shelter animals in 2012 at no cost to the City or adopter.,spaying/neutering for 27 shelter animals in 2012 at no cost to the City or adopter.,spaying/neutering for 27 shelter animals in 2012 at no cost to the City or adopter.,spaying/neutering for 27 shelter animals in 2012 at no cost to the City or adopter.,spaying/neutering for 27 shelter animals in 2012 at no cost to the City or adopter.,spaying/neutering for 27 shelter animals in 2012 at no cost to the City or adopter.
Radford animal shelter hosted several low cost Rabies vaccination clinics with the,Radford animal shelter hosted several low cost Rabies vaccination clinics with the,Radford animal shelter hosted several low cost Rabies vaccination clinics with the,Radford animal shelter hosted several low cost Rabies vaccination clinics with the,Radford animal shelter hosted several low cost Rabies vaccination clinics with the,Radford animal shelter hosted several low cost Rabies vaccination clinics with the,Radford animal shelter hosted several low cost Rabies vaccination clinics with the,Radford animal shelter hosted several low cost Rabies vaccination clinics with the,Radford animal shelter hosted several low cost Rabies vaccination clinics with the,Radford animal shelter hosted several low cost Rabies vaccination clinics with the,Radford animal shelter hosted several low cost Rabies vaccination clinics with the,Radford animal shelter hosted several low cost Rabies vaccination clinics with the
"assistance of West End Animal Clinic, Riverside Veterinary Clinic, and Janet Jones","assistance of West End Animal Clinic, Riverside Veterinary Clinic, and Janet Jones","assistance of West End Animal Clinic, Riverside Veterinary Clinic, and Janet Jones","assistance of West End Animal Clinic, Riverside Veterinary Clinic, and Janet Jones","assistance of West End Animal Clinic, Riverside Veterinary Clinic, and Janet Jones","assistance of West End Animal Clinic, Riverside Veterinary Clinic, and Janet Jones","assistance of West End Animal Clinic, Riverside Veterinary Clinic, and Janet Jones","assistance of West End Animal Clinic, Riverside Veterinary Clinic, and Janet Jones","assistance of West End Animal Clinic, Riverside Veterinary Clinic, and Janet Jones","assistance of West End Animal Clinic, Riverside Veterinary Clinic, and Janet Jones","assistance of West End Animal Clinic, Riverside Veterinary Clinic, and Janet Jones","assistance of West End Animal Clinic, Riverside Veterinary Clinic, and Janet Jones"
of Radford Treasurer’s Office.,of Radford Treasurer’s Office.,of Radford Treasurer’s Office.,,,,,,,,,
Radford Animal Shelter ran the Giving Tree program at Christmas for the second,Radford Animal Shelter ran the Giving Tree program at Christmas for the second,Radford Animal Shelter ran the Giving Tree program at Christmas for the second,Radford Animal Shelter ran the Giving Tree program at Christmas for the second,Radford Animal Shelter ran the Giving Tree program at Christmas for the second,Radford Animal Shelter ran the Giving Tree program at Christmas for the second,Radford Animal Shelter ran the Giving Tree program at Christmas for the second,Radford Animal Shelter ran the Giving Tree program at Christmas for the second,Radford Animal Shelter ran the Giving Tree program at Christmas for the second,Radford Animal Shelter ran the Giving Tree program at Christmas for the second,Radford Animal Shelter ran the Giving Tree program at Christmas for the second,Radford Animal Shelter ran the Giving Tree program at Christmas for the second
"year. We received donations of food, toys, collars/leashes, cat litter and other animal","year. We received donations of food, toys, collars/leashes, cat litter and other animal","year. We received donations of food, toys, collars/leashes, cat litter and other animal","year. We received donations of food, toys, collars/leashes, cat litter and other animal","year. We received donations of food, toys, collars/leashes, cat litter and other animal","year. We received donations of food, toys, collars/leashes, cat litter and other animal","year. We received donations of food, toys, collars/leashes, cat litter and other animal","year. We received donations of food, toys, collars/leashes, cat litter and other animal","year. We received donations of food, toys, collars/leashes, cat litter and other animal","year. We received donations of food, toys, collars/leashes, cat litter and other animal","year. We received donations of food, toys, collars/leashes, cat litter and other animal","year. We received donations of food, toys, collars/leashes, cat litter and other animal"
related items from businesses and citizens. The program was a great success and,related items from businesses and citizens. The program was a great success and,related items from businesses and citizens. The program was a great success and,related items from businesses and citizens. The program was a great success and,related items from businesses and citizens. The program was a great success and,related items from businesses and citizens. The program was a great success and,related items from businesses and citizens. The program was a great success and,related items from businesses and citizens. The program was a great success and,related items from businesses and citizens. The program was a great success and,related items from businesses and citizens. The program was a great success and,related items from businesses and citizens. The program was a great success and,related items from businesses and citizens. The program was a great success and
will hopefully be an annual event at Radford Animal Shelter.,will hopefully be an annual event at Radford Animal Shelter.,will hopefully be an annual event at Radford Animal Shelter.,will hopefully be an annual event at Radford Animal Shelter.,will hopefully be an annual event at Radford Animal Shelter.,will hopefully be an annual event at Radford Animal Shelter.,will hopefully be an annual event at Radford Animal Shelter.,will hopefully be an annual event at Radford Animal Shelter.,will hopefully be an annual event at Radford Animal Shelter.,,,
Girl Scout Troop 1075 along with Cathy Calfee completed their bronze award via,Girl Scout Troop 1075 along with Cathy Calfee completed their bronze award via,Girl Scout Troop 1075 along with Cathy Calfee completed their bronze award via,Girl Scout Troop 1075 along with Cathy Calfee completed their bronze award via,Girl Scout Troop 1075 along with Cathy Calfee completed their bronze award via,Girl Scout Troop 1075 along with Cathy Calfee completed their bronze award via,Girl Scout Troop 1075 along with Cathy Calfee completed their bronze award via,Girl Scout Troop 1075 along with Cathy Calfee completed their bronze award via,Girl Scout Troop 1075 along with Cathy Calfee completed their bronze award via,Girl Scout Troop 1075 along with Cathy Calfee completed their bronze award via,Girl Scout Troop 1075 along with Cathy Calfee completed their bronze award via,Girl Scout Troop 1075 along with Cathy Calfee completed their bronze award via
volunteer work for Radford Animal Shelter.,volunteer work for Radford Animal Shelter.,volunteer work for Radford Animal Shelter.,volunteer work for Radford Animal Shelter.,volunteer work for Radford Animal Shelter.,They renovated the kitchen storage,They renovated the kitchen storage,They renovated the kitchen storage,They renovated the kitchen storage,They renovated the kitchen storage,They renovated the kitchen storage,They renovated the kitchen storage
"area by painting the walls and floor, providing storage containers, and helping","area by painting the walls and floor, providing storage containers, and helping","area by painting the walls and floor, providing storage containers, and helping","area by painting the walls and floor, providing storage containers, and helping","area by painting the walls and floor, providing storage containers, and helping","area by painting the walls and floor, providing storage containers, and helping","area by painting the walls and floor, providing storage containers, and helping","area by painting the walls and floor, providing storage containers, and helping","area by painting the walls and floor, providing storage containers, and helping","area by painting the walls and floor, providing storage containers, and helping","area by painting the walls and floor, providing storage containers, and helping","area by painting the walls and floor, providing storage containers, and helping"
organize supplies. They raised funds for the project by bake sales and other Girl,organize supplies. They raised funds for the project by bake sales and other Girl,organize supplies. They raised funds for the project by bake sales and other Girl,organize supplies. They raised funds for the project by bake sales and other Girl,organize supplies. They raised funds for the project by bake sales and other Girl,organize supplies. They raised funds for the project by bake sales and other Girl,organize supplies. They raised funds for the project by bake sales and other Girl,organize supplies. They raised funds for the project by bake sales and other Girl,organize supplies. They raised funds for the project by bake sales and other Girl,organize supplies. They raised funds for the project by bake sales and other Girl,organize supplies. They raised funds for the project by bake sales and other Girl,organize supplies. They raised funds for the project by bake sales and other Girl
Scout activities.,Scout activities.,"In addition, they also made cat toys and spent an afternoon","In addition, they also made cat toys and spent an afternoon","In addition, they also made cat toys and spent an afternoon","In addition, they also made cat toys and spent an afternoon","In addition, they also made cat toys and spent an afternoon","In addition, they also made cat toys and spent an afternoon","In addition, they also made cat toys and spent an afternoon","In addition, they also made cat toys and spent an afternoon","In addition, they also made cat toys and spent an afternoon","In addition, they also made cat toys and spent an afternoon"
enriching the cats accommodation.,enriching the cats accommodation.,enriching the cats accommodation.,enriching the cats accommodation.,,,,,,,,
Radford Rotary Noon club kindly donated us paint for walls and floors in the,Radford Rotary Noon club kindly donated us paint for walls and floors in the,Radford Rotary Noon club kindly donated us paint for walls and floors in the,Radford Rotary Noon club kindly donated us paint for walls and floors in the,Radford Rotary Noon club kindly donated us paint for walls and floors in the,Radford Rotary Noon club kindly donated us paint for walls and floors in the,Radford Rotary Noon club kindly donated us paint for walls and floors in the,Radford Rotary Noon club kindly donated us paint for walls and floors in the,Radford Rotary Noon club kindly donated us paint for walls and floors in the,Radford Rotary Noon club kindly donated us paint for walls and floors in the,Radford Rotary Noon club kindly donated us paint for walls and floors in the,Radford Rotary Noon club kindly donated us paint for walls and floors in the
kennels and repairs to improve the kennels are scheduled.,kennels and repairs to improve the kennels are scheduled.,kennels and repairs to improve the kennels are scheduled.,kennels and repairs to improve the kennels are scheduled.,kennels and repairs to improve the kennels are scheduled.,kennels and repairs to improve the kennels are scheduled.,kennels and repairs to improve the kennels are scheduled.,kennels and repairs to improve the kennels are scheduled.,,,,
,,,,- 10-,,,,,,,
