Name: “Table 1 of 1 on page 12 of 32”,Name: “Table 1 of 1 on page 12 of 32”,Name: “Table 1 of 1 on page 12 of 32”,Name: “Table 1 of 1 on page 12 of 32”
Table: 12,Table: 12,Table: 12,Table: 12
,,,
Citizen Complaints & Compliments,Citizen Complaints & Compliments,Citizen Complaints & Compliments,
During the year 2012 the Department investigated seven (7) citizen complaints of,During the year 2012 the Department investigated seven (7) citizen complaints of,During the year 2012 the Department investigated seven (7) citizen complaints of,During the year 2012 the Department investigated seven (7) citizen complaints of
misconduct by police officers.,"Of those seven (7) complaints, four (4) were founded.","Of those seven (7) complaints, four (4) were founded.","Of those seven (7) complaints, four (4) were founded."
The founded incidents were corrected through appropriate disciplinary action.,The founded incidents were corrected through appropriate disciplinary action.,The founded incidents were corrected through appropriate disciplinary action.,The founded incidents were corrected through appropriate disciplinary action.
"In addition to complaints, the Department welcomes compliments in written form","In addition to complaints, the Department welcomes compliments in written form","In addition to complaints, the Department welcomes compliments in written form","In addition to complaints, the Department welcomes compliments in written form"
"for Police employees. In 2012, we received six (6) written compliments.","for Police employees. In 2012, we received six (6) written compliments.","for Police employees. In 2012, we received six (6) written compliments.",
,Citizen Complaints,,
8,,,
,,7,
,,,2010
4,,4,2011
,,3,2012
,,1,
Complaints,Founded,,
,,- 12-,
