Name: “Table 1 of 1 on page 17 of 32”,Name: “Table 1 of 1 on page 17 of 32”,Name: “Table 1 of 1 on page 17 of 32”,Name: “Table 1 of 1 on page 17 of 32”,Name: “Table 1 of 1 on page 17 of 32”,Name: “Table 1 of 1 on page 17 of 32”,Name: “Table 1 of 1 on page 17 of 32”,Name: “Table 1 of 1 on page 17 of 32”,Name: “Table 1 of 1 on page 17 of 32”,Name: “Table 1 of 1 on page 17 of 32”,Name: “Table 1 of 1 on page 17 of 32”
Table: 17,Table: 17,Table: 17,Table: 17,Table: 17,Table: 17,Table: 17,Table: 17,Table: 17,Table: 17,Table: 17
,,,,,,,,,,
,Criminal Investigations Bureau,Criminal Investigations Bureau,Criminal Investigations Bureau,Criminal Investigations Bureau,Criminal Investigations Bureau,Criminal Investigations Bureau,Criminal Investigations Bureau,Criminal Investigations Bureau,,
,,,,(continued),(continued),,,,,
"During Thanksgiving and Christmas break for Radford University, we provided","During Thanksgiving and Christmas break for Radford University, we provided","During Thanksgiving and Christmas break for Radford University, we provided","During Thanksgiving and Christmas break for Radford University, we provided","During Thanksgiving and Christmas break for Radford University, we provided","During Thanksgiving and Christmas break for Radford University, we provided","During Thanksgiving and Christmas break for Radford University, we provided","During Thanksgiving and Christmas break for Radford University, we provided","During Thanksgiving and Christmas break for Radford University, we provided","During Thanksgiving and Christmas break for Radford University, we provided","During Thanksgiving and Christmas break for Radford University, we provided"
nighttime,burglary,and,arson,watch,utilizing,detectives,and,patrol,officers,in
unmarked vehicles. A high expectation of burglary calls and an active arsonist,unmarked vehicles. A high expectation of burglary calls and an active arsonist,unmarked vehicles. A high expectation of burglary calls and an active arsonist,unmarked vehicles. A high expectation of burglary calls and an active arsonist,unmarked vehicles. A high expectation of burglary calls and an active arsonist,unmarked vehicles. A high expectation of burglary calls and an active arsonist,unmarked vehicles. A high expectation of burglary calls and an active arsonist,unmarked vehicles. A high expectation of burglary calls and an active arsonist,unmarked vehicles. A high expectation of burglary calls and an active arsonist,unmarked vehicles. A high expectation of burglary calls and an active arsonist,unmarked vehicles. A high expectation of burglary calls and an active arsonist
prompted the need for the extra patrol. This year we had very few burglaries,prompted the need for the extra patrol. This year we had very few burglaries,prompted the need for the extra patrol. This year we had very few burglaries,prompted the need for the extra patrol. This year we had very few burglaries,prompted the need for the extra patrol. This year we had very few burglaries,prompted the need for the extra patrol. This year we had very few burglaries,prompted the need for the extra patrol. This year we had very few burglaries,prompted the need for the extra patrol. This year we had very few burglaries,prompted the need for the extra patrol. This year we had very few burglaries,prompted the need for the extra patrol. This year we had very few burglaries,prompted the need for the extra patrol. This year we had very few burglaries
reported when the students returned to Radford than in the past.,reported when the students returned to Radford than in the past.,reported when the students returned to Radford than in the past.,reported when the students returned to Radford than in the past.,reported when the students returned to Radford than in the past.,reported when the students returned to Radford than in the past.,reported when the students returned to Radford than in the past.,reported when the students returned to Radford than in the past.,,,
"Even though only one homicide (Smith) was investigated this year, and an arrest","Even though only one homicide (Smith) was investigated this year, and an arrest","Even though only one homicide (Smith) was investigated this year, and an arrest","Even though only one homicide (Smith) was investigated this year, and an arrest","Even though only one homicide (Smith) was investigated this year, and an arrest","Even though only one homicide (Smith) was investigated this year, and an arrest","Even though only one homicide (Smith) was investigated this year, and an arrest","Even though only one homicide (Smith) was investigated this year, and an arrest","Even though only one homicide (Smith) was investigated this year, and an arrest","Even though only one homicide (Smith) was investigated this year, and an arrest","Even though only one homicide (Smith) was investigated this year, and an arrest"
"was made shortly after the incident, a total of 20 deaths were reported, many of","was made shortly after the incident, a total of 20 deaths were reported, many of","was made shortly after the incident, a total of 20 deaths were reported, many of","was made shortly after the incident, a total of 20 deaths were reported, many of","was made shortly after the incident, a total of 20 deaths were reported, many of","was made shortly after the incident, a total of 20 deaths were reported, many of","was made shortly after the incident, a total of 20 deaths were reported, many of","was made shortly after the incident, a total of 20 deaths were reported, many of","was made shortly after the incident, a total of 20 deaths were reported, many of","was made shortly after the incident, a total of 20 deaths were reported, many of","was made shortly after the incident, a total of 20 deaths were reported, many of"
which CIB personnel actively investigated. This is a significant increase over the,which CIB personnel actively investigated. This is a significant increase over the,which CIB personnel actively investigated. This is a significant increase over the,which CIB personnel actively investigated. This is a significant increase over the,which CIB personnel actively investigated. This is a significant increase over the,which CIB personnel actively investigated. This is a significant increase over the,which CIB personnel actively investigated. This is a significant increase over the,which CIB personnel actively investigated. This is a significant increase over the,which CIB personnel actively investigated. This is a significant increase over the,which CIB personnel actively investigated. This is a significant increase over the,which CIB personnel actively investigated. This is a significant increase over the
previous year.,previous year.,,,,,,,,,
The chart below shows a breakdown of the cases CIB worked by type of offense.,The chart below shows a breakdown of the cases CIB worked by type of offense.,The chart below shows a breakdown of the cases CIB worked by type of offense.,The chart below shows a breakdown of the cases CIB worked by type of offense.,The chart below shows a breakdown of the cases CIB worked by type of offense.,The chart below shows a breakdown of the cases CIB worked by type of offense.,The chart below shows a breakdown of the cases CIB worked by type of offense.,The chart below shows a breakdown of the cases CIB worked by type of offense.,The chart below shows a breakdown of the cases CIB worked by type of offense.,,
,Type and Number of Cases Worked by Criminal Investigations for 2012,Type and Number of Cases Worked by Criminal Investigations for 2012,Type and Number of Cases Worked by Criminal Investigations for 2012,Type and Number of Cases Worked by Criminal Investigations for 2012,Type and Number of Cases Worked by Criminal Investigations for 2012,Type and Number of Cases Worked by Criminal Investigations for 2012,Type and Number of Cases Worked by Criminal Investigations for 2012,Type and Number of Cases Worked by Criminal Investigations for 2012,,
Arson,,2,Motor Vehicle Theft,Motor Vehicle Theft,Motor Vehicle Theft,12,Runaway Juvenile,Runaway Juvenile,4,4
Assault -Aggravated,Assault -Aggravated,19,Murder,Murder,,1,Vandalism,Vandalism,115,115
Assault - Sexual,Assault - Sexual,26,Other Offenses,Other Offenses,Other Offenses,43,Weapons Offense,Weapons Offense,5,5
Assault - Simple,Assault - Simple,41,Larceny,Larceny,,191,Death,Death,20,20
Burglary,,79,Robbery,Robbery,,9,Fraud,Fraud,62,62
Kidnapping,,0,,,,,,,,
,,,,- 17-,- 17-,,,,,
