Name: “Table 1 of 1 on page 9 of 32”,Name: “Table 1 of 1 on page 9 of 32”,Name: “Table 1 of 1 on page 9 of 32”,Name: “Table 1 of 1 on page 9 of 32”,Name: “Table 1 of 1 on page 9 of 32”
Table: 9,Table: 9,Table: 9,Table: 9,Table: 9
,,,,
,,Animal Control,,
,Services Division,,,
,1057,,,
,,,684,
,,652,,
,436,,,
,,330,332,
,233,232,,
,,30,34,17
,,19,,
,,4,0,14
2010,2010,2011*,2012,
Animal Complaints,Animal Complaints,Animal Impounds,Traps Set,
Wildlife Euthanized,Wildlife Euthanized,Bite Exposures,,
"*During 2011, the task of setting animal traps and euthanizing wildlife ceased to be a responsibility of Radford City","*During 2011, the task of setting animal traps and euthanizing wildlife ceased to be a responsibility of Radford City","*During 2011, the task of setting animal traps and euthanizing wildlife ceased to be a responsibility of Radford City","*During 2011, the task of setting animal traps and euthanizing wildlife ceased to be a responsibility of Radford City","*During 2011, the task of setting animal traps and euthanizing wildlife ceased to be a responsibility of Radford City"
Animal Control,,,,
,,- 9-,,
