Name: “Table 1 of 1 on page 24 of 32”,Name: “Table 1 of 1 on page 24 of 32”,Name: “Table 1 of 1 on page 24 of 32”,Name: “Table 1 of 1 on page 24 of 32”
Table: 24,Table: 24,Table: 24,Table: 24
,,,
Group “A” Offenses,Group “A” Offenses,,
(continued),,,
,,,%
,2011,2012,
,,,change
COUNTERFEITING / FORGERY,37,62,68%
FRAUD,,,
False pretenses / Swindle / Confidence,,,
Game,72,86,19%
Credit Card / ATM Fraud,58,23,-60%
Impersonation,22,21,-5%
Welfare Fraud,-,-,-
Wire Fraud,-,-,-
Total Fraud,152,130,-14%
EMBEZZLEMENT,5,3,-40%
STOLEN PROPERTY OFFENSES,9,6,-33%
DESTRUCTION / DAMAGE / VANDALISM,292,294,1%
NARCOTICS OFFENSES,,,
Drug / Narcotic Offenses,213,245,15%
Drug Equipment Violations,109,133,22%
Total Narcotic Violations,322,378,17%
NON-FORCIBLE SEX OFFENSES,,,
Incest,-,-,-
Statutory Rape,-,-,-
Total Non-Forcible sex offenses,-,-,-
PORNOGRAPHY / OBSCENE MATERIALS,4,3,-25%
GAMBLING OFFENSES,,,
Betting / Wagering,-,-,-
Operating / Promoting / Assisting Gambling,-,-,-
Gambling Equipment Offenses,-,-,-
Sports Tampering,-,-,-
Total Gambling Offenses,-,-,-
PROSTITUITON OFFENSES,,,
Prostitution,-,-,-
Assisting or Promoting Prostitution,-,-,-
Total Prostitution Offenses,-,-,-
BRIBERY,-,-,-
WEAPONS LAW VIOLATIONS,29,22,-24%
GRAND TOTALS,1680,1712,2%
- 24-,,,
