Name: “Table 1 of 1 on page 23 of 32”,Name: “Table 1 of 1 on page 23 of 32”,Name: “Table 1 of 1 on page 23 of 32”,Name: “Table 1 of 1 on page 23 of 32”,Name: “Table 1 of 1 on page 23 of 32”
Table: 23,Table: 23,Table: 23,Table: 23,Table: 23
,,,,
,Group “A” Offenses,Group “A” Offenses,,
The following pages outline the Group “A” offenses for 2012 as compared to that of,The following pages outline the Group “A” offenses for 2012 as compared to that of,The following pages outline the Group “A” offenses for 2012 as compared to that of,The following pages outline the Group “A” offenses for 2012 as compared to that of,The following pages outline the Group “A” offenses for 2012 as compared to that of
2011.,Group “A” offenses are considered major crimes and are reported to the State,Group “A” offenses are considered major crimes and are reported to the State,Group “A” offenses are considered major crimes and are reported to the State,Group “A” offenses are considered major crimes and are reported to the State
as Uniform Crime Reporting Offenses.,as Uniform Crime Reporting Offenses.,,,
,,,,%
,,2011,2012,
,,,,change
,HOMICIDE,2,1,-100%
,KIDNAPPING,5,3,--40%
,FORCIBLE SEX OFFENSES,,,
,Rape,9,11,22%
,Forcible Sodomy,4,2,-50%
,Sexual Assault w/ object,-,4,N/C*
,Forcible Fondling,9,13,44%
,Total Forcible Sex Offenses,22,30,36%
,ROBBERY,8,10,25%
,ASSAULTS,,,
,Aggravated Assaults,30,48,60%
,Simple Assaults,261,224,-14%
,Intimidation,6,15,150%
,Total Assaults,297,287,-3%
,ARSON,4,2,-50%
,EXTORTION,-,-,-
BURGLARY / BREAKING AND ENTERING,BURGLARY / BREAKING AND ENTERING,96,106,10%
,LARCENIES,,,
,Pocket Picking,-,-,-
,Purse Snatching,-,-,-
,Shoplifting,81,51,-37%
,Theft from a building,9,15,67%
,Theft from a coin operated machine,14,10,-29%
,Theft from a motor vehicle,58,57,-2%
,Theft of motor vehicle parts and accessories,19,23,21%
,All other larcenies,196,196,-
,Total Larcenies,377,352,-7%
,MOTOR VEHCILE THEFT,19,23,21%
*The percentage is not calculable due to division by 0,*The percentage is not calculable due to division by 0,,,
,- 23-,,,
