Name: “Table 1 of 1 on page 28 of 32”,Name: “Table 1 of 1 on page 28 of 32”,Name: “Table 1 of 1 on page 28 of 32”,Name: “Table 1 of 1 on page 28 of 32”
Table: 28,Table: 28,Table: 28,Table: 28
,,,
Traffic Violations (Resulting in Charges),Traffic Violations (Resulting in Charges),Traffic Violations (Resulting in Charges),Traffic Violations (Resulting in Charges)
,,,3274
,2332,,
,,2115,
,654,541,
,,,514
2010,,2011,2012
,Speeding,Total Traffic Violations,
,Vehicle Crashes,Vehicle Crashes,
,Total Number of Accidents,Total Number of Accidents,
,,,387
,,369,
,325,,
,2010,2011,2012
There appears to be a steady increase in number of vehicle crashes in the City of,There appears to be a steady increase in number of vehicle crashes in the City of,There appears to be a steady increase in number of vehicle crashes in the City of,There appears to be a steady increase in number of vehicle crashes in the City of
Radford. This could be a direct result of the increase in traffic within the city.,Radford. This could be a direct result of the increase in traffic within the city.,Radford. This could be a direct result of the increase in traffic within the city.,Radford. This could be a direct result of the increase in traffic within the city.
,,- 28-,
