Name: “Table 1 of 1 on page 19 of 32”,Name: “Table 1 of 1 on page 19 of 32”,Name: “Table 1 of 1 on page 19 of 32”,Name: “Table 1 of 1 on page 19 of 32”,Name: “Table 1 of 1 on page 19 of 32”,Name: “Table 1 of 1 on page 19 of 32”,Name: “Table 1 of 1 on page 19 of 32”,Name: “Table 1 of 1 on page 19 of 32”,Name: “Table 1 of 1 on page 19 of 32”
Table: 19,Table: 19,Table: 19,Table: 19,Table: 19,Table: 19,Table: 19,Table: 19,Table: 19
,,,,,,,,
Claytor Lake Regional Task Force,Claytor Lake Regional Task Force,Claytor Lake Regional Task Force,Claytor Lake Regional Task Force,Claytor Lake Regional Task Force,Claytor Lake Regional Task Force,Claytor Lake Regional Task Force,,
,(continued),(continued),(continued),(continued),,,,
The following table illustrates other statistics relative to the work of the task force,The following table illustrates other statistics relative to the work of the task force,The following table illustrates other statistics relative to the work of the task force,The following table illustrates other statistics relative to the work of the task force,The following table illustrates other statistics relative to the work of the task force,The following table illustrates other statistics relative to the work of the task force,The following table illustrates other statistics relative to the work of the task force,The following table illustrates other statistics relative to the work of the task force,The following table illustrates other statistics relative to the work of the task force
as a whole:,,,,,,,,
,,,,2010,,2011,,2012
Total amount of money seized by the Task Force,Total amount of money seized by the Task Force,Total amount of money seized by the Task Force,Total amount of money seized by the Task Force,"$27,552",,"$29,156",,"$34,106"
Total street value of seized illegal or controlled,Total street value of seized illegal or controlled,Total street value of seized illegal or controlled,Total street value of seized illegal or controlled,,,,,
,,,,"$1,483,100",,"$813,384","$312,550","$312,550"
substances,,,,,,,,
Total number of weapons seized by the Task Force,Total number of weapons seized by the Task Force,Total number of weapons seized by the Task Force,Total number of weapons seized by the Task Force,67,,48,,5
Vehicles seized involved in the sale of illegal or,Vehicles seized involved in the sale of illegal or,Vehicles seized involved in the sale of illegal or,Vehicles seized involved in the sale of illegal or,,,,,
,,,,3,,4,,7
controlled substances,,,,,,,,
Total number of cases initiated by the Task Force,Total number of cases initiated by the Task Force,Total number of cases initiated by the Task Force,Total number of cases initiated by the Task Force,266,,293,,220
Total number of search warrants executed,Total number of search warrants executed,Total number of search warrants executed,,75,,55,,73
The following table illustrates other statistics relative to the work of the task force,The following table illustrates other statistics relative to the work of the task force,The following table illustrates other statistics relative to the work of the task force,The following table illustrates other statistics relative to the work of the task force,The following table illustrates other statistics relative to the work of the task force,The following table illustrates other statistics relative to the work of the task force,The following table illustrates other statistics relative to the work of the task force,The following table illustrates other statistics relative to the work of the task force,The following table illustrates other statistics relative to the work of the task force
in the City of Radford:,,,,,,,,
Total number of guns seized by the Police Department,Total number of guns seized by the Police Department,Total number of guns seized by the Police Department,Total number of guns seized by the Police Department,Total number of guns seized by the Police Department,,,0,
Total number of cases initiated by the Narcotics Unit,Total number of cases initiated by the Narcotics Unit,Total number of cases initiated by the Narcotics Unit,Total number of cases initiated by the Narcotics Unit,Total number of cases initiated by the Narcotics Unit,,,35,35
Total Charges pending or placed,Total Charges pending or placed,,,,,,70,70
Total number of search warrants executed,Total number of search warrants executed,Total number of search warrants executed,Total number of search warrants executed,,,,11,11
"In 2012, the Radford City Police Department, along with the Claytor Lake Regional","In 2012, the Radford City Police Department, along with the Claytor Lake Regional","In 2012, the Radford City Police Department, along with the Claytor Lake Regional","In 2012, the Radford City Police Department, along with the Claytor Lake Regional","In 2012, the Radford City Police Department, along with the Claytor Lake Regional","In 2012, the Radford City Police Department, along with the Claytor Lake Regional","In 2012, the Radford City Police Department, along with the Claytor Lake Regional","In 2012, the Radford City Police Department, along with the Claytor Lake Regional","In 2012, the Radford City Police Department, along with the Claytor Lake Regional"
"Drug Task Force, experienced an increase in large marijuana seizures compared","Drug Task Force, experienced an increase in large marijuana seizures compared","Drug Task Force, experienced an increase in large marijuana seizures compared","Drug Task Force, experienced an increase in large marijuana seizures compared","Drug Task Force, experienced an increase in large marijuana seizures compared","Drug Task Force, experienced an increase in large marijuana seizures compared","Drug Task Force, experienced an increase in large marijuana seizures compared","Drug Task Force, experienced an increase in large marijuana seizures compared","Drug Task Force, experienced an increase in large marijuana seizures compared"
with past years. The increase in the number of seizures can be contributed to the,with past years. The increase in the number of seizures can be contributed to the,with past years. The increase in the number of seizures can be contributed to the,with past years. The increase in the number of seizures can be contributed to the,with past years. The increase in the number of seizures can be contributed to the,with past years. The increase in the number of seizures can be contributed to the,with past years. The increase in the number of seizures can be contributed to the,with past years. The increase in the number of seizures can be contributed to the,with past years. The increase in the number of seizures can be contributed to the
distributors/consumers,attempting,to,have,marijuana,sent,through,the,Postal
"Service, UPS and Fed Ex. Upon learning of these tactics, interdiction was conducted","Service, UPS and Fed Ex. Upon learning of these tactics, interdiction was conducted","Service, UPS and Fed Ex. Upon learning of these tactics, interdiction was conducted","Service, UPS and Fed Ex. Upon learning of these tactics, interdiction was conducted","Service, UPS and Fed Ex. Upon learning of these tactics, interdiction was conducted","Service, UPS and Fed Ex. Upon learning of these tactics, interdiction was conducted","Service, UPS and Fed Ex. Upon learning of these tactics, interdiction was conducted","Service, UPS and Fed Ex. Upon learning of these tactics, interdiction was conducted","Service, UPS and Fed Ex. Upon learning of these tactics, interdiction was conducted"
of these packages at the parcel facilities by the use of our K-9 units in the city,of these packages at the parcel facilities by the use of our K-9 units in the city,of these packages at the parcel facilities by the use of our K-9 units in the city,of these packages at the parcel facilities by the use of our K-9 units in the city,of these packages at the parcel facilities by the use of our K-9 units in the city,of these packages at the parcel facilities by the use of our K-9 units in the city,of these packages at the parcel facilities by the use of our K-9 units in the city,of these packages at the parcel facilities by the use of our K-9 units in the city,of these packages at the parcel facilities by the use of our K-9 units in the city
before they were able to be delivered.,before they were able to be delivered.,before they were able to be delivered.,,,,,,
"In early February, a Fed Ex package was intercepted containing 1.5 pounds of","In early February, a Fed Ex package was intercepted containing 1.5 pounds of","In early February, a Fed Ex package was intercepted containing 1.5 pounds of","In early February, a Fed Ex package was intercepted containing 1.5 pounds of","In early February, a Fed Ex package was intercepted containing 1.5 pounds of","In early February, a Fed Ex package was intercepted containing 1.5 pounds of","In early February, a Fed Ex package was intercepted containing 1.5 pounds of","In early February, a Fed Ex package was intercepted containing 1.5 pounds of","In early February, a Fed Ex package was intercepted containing 1.5 pounds of"
marijuana. A controlled delivery was executed with a subject taking control of the,marijuana. A controlled delivery was executed with a subject taking control of the,marijuana. A controlled delivery was executed with a subject taking control of the,marijuana. A controlled delivery was executed with a subject taking control of the,marijuana. A controlled delivery was executed with a subject taking control of the,marijuana. A controlled delivery was executed with a subject taking control of the,marijuana. A controlled delivery was executed with a subject taking control of the,marijuana. A controlled delivery was executed with a subject taking control of the,marijuana. A controlled delivery was executed with a subject taking control of the
package and taken into custody. In a subsequent search of the suspect’s vehicle,package and taken into custody. In a subsequent search of the suspect’s vehicle,package and taken into custody. In a subsequent search of the suspect’s vehicle,package and taken into custody. In a subsequent search of the suspect’s vehicle,package and taken into custody. In a subsequent search of the suspect’s vehicle,package and taken into custody. In a subsequent search of the suspect’s vehicle,package and taken into custody. In a subsequent search of the suspect’s vehicle,package and taken into custody. In a subsequent search of the suspect’s vehicle,package and taken into custody. In a subsequent search of the suspect’s vehicle
$9447.00 was recovered along with the marijuana.,$9447.00 was recovered along with the marijuana.,$9447.00 was recovered along with the marijuana.,$9447.00 was recovered along with the marijuana.,$9447.00 was recovered along with the marijuana.,,,,
In April of 2012 a large distributor of Marijuana was put out of business in which,In April of 2012 a large distributor of Marijuana was put out of business in which,In April of 2012 a large distributor of Marijuana was put out of business in which,In April of 2012 a large distributor of Marijuana was put out of business in which,In April of 2012 a large distributor of Marijuana was put out of business in which,In April of 2012 a large distributor of Marijuana was put out of business in which,In April of 2012 a large distributor of Marijuana was put out of business in which,In April of 2012 a large distributor of Marijuana was put out of business in which,In April of 2012 a large distributor of Marijuana was put out of business in which
(2) vehicles were seized along with 8 pounds of marijuana and $3400.00 in cash.,(2) vehicles were seized along with 8 pounds of marijuana and $3400.00 in cash.,(2) vehicles were seized along with 8 pounds of marijuana and $3400.00 in cash.,(2) vehicles were seized along with 8 pounds of marijuana and $3400.00 in cash.,(2) vehicles were seized along with 8 pounds of marijuana and $3400.00 in cash.,(2) vehicles were seized along with 8 pounds of marijuana and $3400.00 in cash.,(2) vehicles were seized along with 8 pounds of marijuana and $3400.00 in cash.,(2) vehicles were seized along with 8 pounds of marijuana and $3400.00 in cash.,(2) vehicles were seized along with 8 pounds of marijuana and $3400.00 in cash.
Several other operations were conducted that led to the seizure of another vehicle,Several other operations were conducted that led to the seizure of another vehicle,Several other operations were conducted that led to the seizure of another vehicle,Several other operations were conducted that led to the seizure of another vehicle,Several other operations were conducted that led to the seizure of another vehicle,Several other operations were conducted that led to the seizure of another vehicle,Several other operations were conducted that led to the seizure of another vehicle,Several other operations were conducted that led to the seizure of another vehicle,Several other operations were conducted that led to the seizure of another vehicle
"leading to a search warrant in Floyd County with 5 pounds of marijuana, 200","leading to a search warrant in Floyd County with 5 pounds of marijuana, 200","leading to a search warrant in Floyd County with 5 pounds of marijuana, 200","leading to a search warrant in Floyd County with 5 pounds of marijuana, 200","leading to a search warrant in Floyd County with 5 pounds of marijuana, 200","leading to a search warrant in Floyd County with 5 pounds of marijuana, 200","leading to a search warrant in Floyd County with 5 pounds of marijuana, 200","leading to a search warrant in Floyd County with 5 pounds of marijuana, 200","leading to a search warrant in Floyd County with 5 pounds of marijuana, 200"
"marijuana plants and $10,000.00 in cash.","marijuana plants and $10,000.00 in cash.","marijuana plants and $10,000.00 in cash.","marijuana plants and $10,000.00 in cash.",,,,,
,,- 19-,- 19-,,,,,
