Name: “Table 1 of 1 on page 31 of 32”,Name: “Table 1 of 1 on page 31 of 32”,Name: “Table 1 of 1 on page 31 of 32”,Name: “Table 1 of 1 on page 31 of 32”,Name: “Table 1 of 1 on page 31 of 32”,Name: “Table 1 of 1 on page 31 of 32”,Name: “Table 1 of 1 on page 31 of 32”
Table: 31,Table: 31,Table: 31,Table: 31,Table: 31,Table: 31,Table: 31
,,,,,,
Requests for Community Service,Requests for Community Service,Requests for Community Service,Requests for Community Service,Requests for Community Service,,
,(continued),,,,,
,Calls for Funeral Escorts,Calls for Funeral Escorts,Calls for Funeral Escorts,,,
,,,,72,72,
62,,,,,,
,46,,,,,
2010,2011,,,2012,2012,
Calls for Vehicle Lockouts,,,,,,
302,,,,,,
,This data has not been captured in,This data has not been captured in,This data has not been captured in,This data has not been captured in,This data has not been captured in,This data has not been captured in
,"previous years, but is a service that","previous years, but is a service that","previous years, but is a service that","previous years, but is a service that","previous years, but is a service that","previous years, but is a service that"
,we,offer,the,citizens,of,Radford
,and those visiting Radford.,and those visiting Radford.,and those visiting Radford.,and those visiting Radford.,and those visiting Radford.,As you
,"can see, we spend much time and","can see, we spend much time and","can see, we spend much time and","can see, we spend much time and","can see, we spend much time and","can see, we spend much time and"
,effort for this community service.,effort for this community service.,effort for this community service.,effort for this community service.,effort for this community service.,effort for this community service.
2012,,,,,,
,- 31-,,,,,
