Name: “Table 1 of 1 on page 8 of 32”,Name: “Table 1 of 1 on page 8 of 32”,Name: “Table 1 of 1 on page 8 of 32”,Name: “Table 1 of 1 on page 8 of 32”,Name: “Table 1 of 1 on page 8 of 32”,Name: “Table 1 of 1 on page 8 of 32”,Name: “Table 1 of 1 on page 8 of 32”,Name: “Table 1 of 1 on page 8 of 32”,Name: “Table 1 of 1 on page 8 of 32”,Name: “Table 1 of 1 on page 8 of 32”,Name: “Table 1 of 1 on page 8 of 32”
Table: 8,Table: 8,Table: 8,Table: 8,Table: 8,Table: 8,Table: 8,Table: 8,Table: 8,Table: 8,Table: 8
,,,,,,,,,,
,,,Citizen Involvement,Citizen Involvement,Citizen Involvement,Citizen Involvement,Citizen Involvement,Citizen Involvement,,
The Radford City Police Department,The Radford City Police Department,The Radford City Police Department,The Radford City Police Department,The Radford City Police Department,The Radford City Police Department,,,,,
offers a Citizen Ride-Along Program.,offers a Citizen Ride-Along Program.,offers a Citizen Ride-Along Program.,offers a Citizen Ride-Along Program.,offers a Citizen Ride-Along Program.,offers a Citizen Ride-Along Program.,,,Citizen Ride Alongs,Citizen Ride Alongs,
The,program,allows,citizens,to,ride,,,,,
with and observe police officers while,with and observe police officers while,with and observe police officers while,with and observe police officers while,with and observe police officers while,with and observe police officers while,,,,,107
they,are,performing,their,duties.,duties.,,,,,
Those participating in the Ride Along,Those participating in the Ride Along,Those participating in the Ride Along,Those participating in the Ride Along,Those participating in the Ride Along,Those participating in the Ride Along,,71,,,
Program during 2012 were: potential,Program during 2012 were: potential,Program during 2012 were: potential,Program during 2012 were: potential,Program during 2012 were: potential,Program during 2012 were: potential,,,,56,
department,department,,"employees,",Radford,Radford,,,,,
University and New River Community,University and New River Community,University and New River Community,University and New River Community,University and New River Community,University and New River Community,,,,,
College,"students,","students,",local,"merchants,","merchants,",,,,,
fellow,law,enforcement,enforcement,officers,from,,2010,,2011,2012
other,"jurisdictions,","jurisdictions,",employee,family,family,,,,,
"members, Citizens’ Police Academy participants, and interested citizens. Not","members, Citizens’ Police Academy participants, and interested citizens. Not","members, Citizens’ Police Academy participants, and interested citizens. Not","members, Citizens’ Police Academy participants, and interested citizens. Not","members, Citizens’ Police Academy participants, and interested citizens. Not","members, Citizens’ Police Academy participants, and interested citizens. Not","members, Citizens’ Police Academy participants, and interested citizens. Not","members, Citizens’ Police Academy participants, and interested citizens. Not","members, Citizens’ Police Academy participants, and interested citizens. Not","members, Citizens’ Police Academy participants, and interested citizens. Not","members, Citizens’ Police Academy participants, and interested citizens. Not"
counted in the totals above are the ride alongs done by the Police Department,counted in the totals above are the ride alongs done by the Police Department,counted in the totals above are the ride alongs done by the Police Department,counted in the totals above are the ride alongs done by the Police Department,counted in the totals above are the ride alongs done by the Police Department,counted in the totals above are the ride alongs done by the Police Department,counted in the totals above are the ride alongs done by the Police Department,counted in the totals above are the ride alongs done by the Police Department,counted in the totals above are the ride alongs done by the Police Department,counted in the totals above are the ride alongs done by the Police Department,counted in the totals above are the ride alongs done by the Police Department
chaplains. Above is a comparison of citizen participation in this program for,chaplains. Above is a comparison of citizen participation in this program for,chaplains. Above is a comparison of citizen participation in this program for,chaplains. Above is a comparison of citizen participation in this program for,chaplains. Above is a comparison of citizen participation in this program for,chaplains. Above is a comparison of citizen participation in this program for,chaplains. Above is a comparison of citizen participation in this program for,chaplains. Above is a comparison of citizen participation in this program for,chaplains. Above is a comparison of citizen participation in this program for,chaplains. Above is a comparison of citizen participation in this program for,chaplains. Above is a comparison of citizen participation in this program for
the last three years.,the last three years.,the last three years.,,,,,,,,
The,Radford,City,Police,Department,Department,held,its,Fourth,Annual,Citizen’s
Academy in 2012. The objects of the academy are as follows:,Academy in 2012. The objects of the academy are as follows:,Academy in 2012. The objects of the academy are as follows:,Academy in 2012. The objects of the academy are as follows:,Academy in 2012. The objects of the academy are as follows:,Academy in 2012. The objects of the academy are as follows:,Academy in 2012. The objects of the academy are as follows:,Academy in 2012. The objects of the academy are as follows:,Academy in 2012. The objects of the academy are as follows:,,
,To,familiarize,the,citizens,of,Radford,with,the,organization,and
,function of the Radford Department of Police.,function of the Radford Department of Police.,function of the Radford Department of Police.,function of the Radford Department of Police.,function of the Radford Department of Police.,function of the Radford Department of Police.,function of the Radford Department of Police.,,,
,To give the citizens a better understanding of the parameters in which,To give the citizens a better understanding of the parameters in which,To give the citizens a better understanding of the parameters in which,To give the citizens a better understanding of the parameters in which,To give the citizens a better understanding of the parameters in which,To give the citizens a better understanding of the parameters in which,To give the citizens a better understanding of the parameters in which,To give the citizens a better understanding of the parameters in which,To give the citizens a better understanding of the parameters in which,To give the citizens a better understanding of the parameters in which
,an officer functions and why officers handle situations as they do.,an officer functions and why officers handle situations as they do.,an officer functions and why officers handle situations as they do.,an officer functions and why officers handle situations as they do.,an officer functions and why officers handle situations as they do.,an officer functions and why officers handle situations as they do.,an officer functions and why officers handle situations as they do.,an officer functions and why officers handle situations as they do.,an officer functions and why officers handle situations as they do.,
,To develop citizen awareness and understanding of the role of law,To develop citizen awareness and understanding of the role of law,To develop citizen awareness and understanding of the role of law,To develop citizen awareness and understanding of the role of law,To develop citizen awareness and understanding of the role of law,To develop citizen awareness and understanding of the role of law,To develop citizen awareness and understanding of the role of law,To develop citizen awareness and understanding of the role of law,To develop citizen awareness and understanding of the role of law,To develop citizen awareness and understanding of the role of law
,enforcement.,enforcement.,,,,,,,,
,To promote a positive image and base of support among members of,To promote a positive image and base of support among members of,To promote a positive image and base of support among members of,To promote a positive image and base of support among members of,To promote a positive image and base of support among members of,To promote a positive image and base of support among members of,To promote a positive image and base of support among members of,To promote a positive image and base of support among members of,To promote a positive image and base of support among members of,To promote a positive image and base of support among members of
,the Radford community.,the Radford community.,the Radford community.,,,,,,,
,To develop a nucleus of well-informed citizens who can be a resource,To develop a nucleus of well-informed citizens who can be a resource,To develop a nucleus of well-informed citizens who can be a resource,To develop a nucleus of well-informed citizens who can be a resource,To develop a nucleus of well-informed citizens who can be a resource,To develop a nucleus of well-informed citizens who can be a resource,To develop a nucleus of well-informed citizens who can be a resource,To develop a nucleus of well-informed citizens who can be a resource,To develop a nucleus of well-informed citizens who can be a resource,To develop a nucleus of well-informed citizens who can be a resource
,for,the,community,in,promoting,promoting,understanding,understanding,between,the
,community and the Police Department,community and the Police Department,community and the Police Department,community and the Police Department,community and the Police Department,community and the Police Department,,,,
We are honored to have as the graduates of the Fourth Annual Citizen’s Academy,We are honored to have as the graduates of the Fourth Annual Citizen’s Academy,We are honored to have as the graduates of the Fourth Annual Citizen’s Academy,We are honored to have as the graduates of the Fourth Annual Citizen’s Academy,We are honored to have as the graduates of the Fourth Annual Citizen’s Academy,We are honored to have as the graduates of the Fourth Annual Citizen’s Academy,We are honored to have as the graduates of the Fourth Annual Citizen’s Academy,We are honored to have as the graduates of the Fourth Annual Citizen’s Academy,We are honored to have as the graduates of the Fourth Annual Citizen’s Academy,We are honored to have as the graduates of the Fourth Annual Citizen’s Academy,We are honored to have as the graduates of the Fourth Annual Citizen’s Academy
the following outstanding citizens of the City of Radford:,the following outstanding citizens of the City of Radford:,the following outstanding citizens of the City of Radford:,the following outstanding citizens of the City of Radford:,the following outstanding citizens of the City of Radford:,the following outstanding citizens of the City of Radford:,the following outstanding citizens of the City of Radford:,the following outstanding citizens of the City of Radford:,the following outstanding citizens of the City of Radford:,,
,,Melissa Almond,Melissa Almond,,,,Robert Almond,Robert Almond,,
,,Mary Augst,Mary Augst,,,,Don Cunningham,Don Cunningham,,
,,Jaime Duval,Jaime Duval,,,,John Giesen,John Giesen,,
,,Lerone Graham,Lerone Graham,,,,Susan Kelly,Susan Kelly,,
,,Karen Kiley,Karen Kiley,,,,Kari Myers,Kari Myers,,
,,Joshua Oakley,Joshua Oakley,,,,Jamie Olsen,Jamie Olsen,,
,,Richard Olsen,Richard Olsen,,,,Melissa Skelton,Melissa Skelton,,
,,Danielle Tresco,Danielle Tresco,,,,Christopher Webster,Christopher Webster,Christopher Webster,
,,,,,- 8-,,,,,
