Name: “Table 1 of 1 on page 22 of 32”,Name: “Table 1 of 1 on page 22 of 32”,Name: “Table 1 of 1 on page 22 of 32”,Name: “Table 1 of 1 on page 22 of 32”,Name: “Table 1 of 1 on page 22 of 32”,Name: “Table 1 of 1 on page 22 of 32”,Name: “Table 1 of 1 on page 22 of 32”,Name: “Table 1 of 1 on page 22 of 32”,Name: “Table 1 of 1 on page 22 of 32”,Name: “Table 1 of 1 on page 22 of 32”,Name: “Table 1 of 1 on page 22 of 32”
Table: 22,Table: 22,Table: 22,Table: 22,Table: 22,Table: 22,Table: 22,Table: 22,Table: 22,Table: 22,Table: 22
,,,,,,,,,,
,,,,K-K99 OUfNfiIcTer,K-K99 OUfNfiIcTer,K-K99 OUfNfiIcTer,,,,
"In 2012, The Radford City Police Department continued the services provided by its","In 2012, The Radford City Police Department continued the services provided by its","In 2012, The Radford City Police Department continued the services provided by its","In 2012, The Radford City Police Department continued the services provided by its","In 2012, The Radford City Police Department continued the services provided by its","In 2012, The Radford City Police Department continued the services provided by its","In 2012, The Radford City Police Department continued the services provided by its","In 2012, The Radford City Police Department continued the services provided by its","In 2012, The Radford City Police Department continued the services provided by its","In 2012, The Radford City Police Department continued the services provided by its","In 2012, The Radford City Police Department continued the services provided by its"
K-9,Unit.,The,Unit,responded,to,numerous,regional,requests,from,other
"jurisdictions for tracking, explosives detection, and narcotics detection.","jurisdictions for tracking, explosives detection, and narcotics detection.","jurisdictions for tracking, explosives detection, and narcotics detection.","jurisdictions for tracking, explosives detection, and narcotics detection.","jurisdictions for tracking, explosives detection, and narcotics detection.","jurisdictions for tracking, explosives detection, and narcotics detection.","jurisdictions for tracking, explosives detection, and narcotics detection.","jurisdictions for tracking, explosives detection, and narcotics detection.","jurisdictions for tracking, explosives detection, and narcotics detection.",In addition,In addition
"to aiding surrounding jurisdictions, the Unit is utilized by The Radford City Police","to aiding surrounding jurisdictions, the Unit is utilized by The Radford City Police","to aiding surrounding jurisdictions, the Unit is utilized by The Radford City Police","to aiding surrounding jurisdictions, the Unit is utilized by The Radford City Police","to aiding surrounding jurisdictions, the Unit is utilized by The Radford City Police","to aiding surrounding jurisdictions, the Unit is utilized by The Radford City Police","to aiding surrounding jurisdictions, the Unit is utilized by The Radford City Police","to aiding surrounding jurisdictions, the Unit is utilized by The Radford City Police","to aiding surrounding jurisdictions, the Unit is utilized by The Radford City Police","to aiding surrounding jurisdictions, the Unit is utilized by The Radford City Police","to aiding surrounding jurisdictions, the Unit is utilized by The Radford City Police"
"Department on a regular basis for the detection of narcotics and explosives, and","Department on a regular basis for the detection of narcotics and explosives, and","Department on a regular basis for the detection of narcotics and explosives, and","Department on a regular basis for the detection of narcotics and explosives, and","Department on a regular basis for the detection of narcotics and explosives, and","Department on a regular basis for the detection of narcotics and explosives, and","Department on a regular basis for the detection of narcotics and explosives, and","Department on a regular basis for the detection of narcotics and explosives, and","Department on a regular basis for the detection of narcotics and explosives, and","Department on a regular basis for the detection of narcotics and explosives, and","Department on a regular basis for the detection of narcotics and explosives, and"
additionally used for tracking and apprehension.,additionally used for tracking and apprehension.,additionally used for tracking and apprehension.,additionally used for tracking and apprehension.,additionally used for tracking and apprehension.,additionally used for tracking and apprehension.,The K-9 Unit has made multiple,The K-9 Unit has made multiple,The K-9 Unit has made multiple,The K-9 Unit has made multiple,The K-9 Unit has made multiple
seizures of narcotics and performed many explosive sweeps. The Unit hosted the,seizures of narcotics and performed many explosive sweeps. The Unit hosted the,seizures of narcotics and performed many explosive sweeps. The Unit hosted the,seizures of narcotics and performed many explosive sweeps. The Unit hosted the,seizures of narcotics and performed many explosive sweeps. The Unit hosted the,seizures of narcotics and performed many explosive sweeps. The Unit hosted the,seizures of narcotics and performed many explosive sweeps. The Unit hosted the,seizures of narcotics and performed many explosive sweeps. The Unit hosted the,seizures of narcotics and performed many explosive sweeps. The Unit hosted the,seizures of narcotics and performed many explosive sweeps. The Unit hosted the,seizures of narcotics and performed many explosive sweeps. The Unit hosted the
2012 Fall Workshop for the Virginia Police Workdog Association. There were 50 dog,2012 Fall Workshop for the Virginia Police Workdog Association. There were 50 dog,2012 Fall Workshop for the Virginia Police Workdog Association. There were 50 dog,2012 Fall Workshop for the Virginia Police Workdog Association. There were 50 dog,2012 Fall Workshop for the Virginia Police Workdog Association. There were 50 dog,2012 Fall Workshop for the Virginia Police Workdog Association. There were 50 dog,2012 Fall Workshop for the Virginia Police Workdog Association. There were 50 dog,2012 Fall Workshop for the Virginia Police Workdog Association. There were 50 dog,2012 Fall Workshop for the Virginia Police Workdog Association. There were 50 dog,2012 Fall Workshop for the Virginia Police Workdog Association. There were 50 dog,2012 Fall Workshop for the Virginia Police Workdog Association. There were 50 dog
teams from across the United States that attended the week-long event.,teams from across the United States that attended the week-long event.,teams from across the United States that attended the week-long event.,teams from across the United States that attended the week-long event.,teams from across the United States that attended the week-long event.,teams from across the United States that attended the week-long event.,teams from across the United States that attended the week-long event.,teams from across the United States that attended the week-long event.,teams from across the United States that attended the week-long event.,,
The Unit consists of:,The Unit consists of:,The Unit consists of:,The Unit consists of:,,,,,,,
,"Ruckus, a Belgian Malinois, certified in tracking, obedience, apprehension,","Ruckus, a Belgian Malinois, certified in tracking, obedience, apprehension,","Ruckus, a Belgian Malinois, certified in tracking, obedience, apprehension,","Ruckus, a Belgian Malinois, certified in tracking, obedience, apprehension,","Ruckus, a Belgian Malinois, certified in tracking, obedience, apprehension,","Ruckus, a Belgian Malinois, certified in tracking, obedience, apprehension,","Ruckus, a Belgian Malinois, certified in tracking, obedience, apprehension,","Ruckus, a Belgian Malinois, certified in tracking, obedience, apprehension,","Ruckus, a Belgian Malinois, certified in tracking, obedience, apprehension,","Ruckus, a Belgian Malinois, certified in tracking, obedience, apprehension,"
,and narcotics detection; handled by Officer Rob Stultz,and narcotics detection; handled by Officer Rob Stultz,and narcotics detection; handled by Officer Rob Stultz,and narcotics detection; handled by Officer Rob Stultz,and narcotics detection; handled by Officer Rob Stultz,and narcotics detection; handled by Officer Rob Stultz,and narcotics detection; handled by Officer Rob Stultz,,,
,"Ares, a German shepherd certified in tracking, apprehension, and narcotics","Ares, a German shepherd certified in tracking, apprehension, and narcotics","Ares, a German shepherd certified in tracking, apprehension, and narcotics","Ares, a German shepherd certified in tracking, apprehension, and narcotics","Ares, a German shepherd certified in tracking, apprehension, and narcotics","Ares, a German shepherd certified in tracking, apprehension, and narcotics","Ares, a German shepherd certified in tracking, apprehension, and narcotics","Ares, a German shepherd certified in tracking, apprehension, and narcotics","Ares, a German shepherd certified in tracking, apprehension, and narcotics","Ares, a German shepherd certified in tracking, apprehension, and narcotics"
,detection; handled by SPO John Crowder,detection; handled by SPO John Crowder,detection; handled by SPO John Crowder,detection; handled by SPO John Crowder,detection; handled by SPO John Crowder,,,,,
,"Robbie, a Belgian Malinois certified in explosive detection and apprehension;","Robbie, a Belgian Malinois certified in explosive detection and apprehension;","Robbie, a Belgian Malinois certified in explosive detection and apprehension;","Robbie, a Belgian Malinois certified in explosive detection and apprehension;","Robbie, a Belgian Malinois certified in explosive detection and apprehension;","Robbie, a Belgian Malinois certified in explosive detection and apprehension;","Robbie, a Belgian Malinois certified in explosive detection and apprehension;","Robbie, a Belgian Malinois certified in explosive detection and apprehension;","Robbie, a Belgian Malinois certified in explosive detection and apprehension;","Robbie, a Belgian Malinois certified in explosive detection and apprehension;"
,handled by SPO Mike Jenkins.,handled by SPO Mike Jenkins.,handled by SPO Mike Jenkins.,handled by SPO Mike Jenkins.,handled by SPO Mike Jenkins.,Robbie was donated by the U.S. Navy to,Robbie was donated by the U.S. Navy to,Robbie was donated by the U.S. Navy to,Robbie was donated by the U.S. Navy to,Robbie was donated by the U.S. Navy to
,Radford Police Department in 2011.,Radford Police Department in 2011.,Radford Police Department in 2011.,Radford Police Department in 2011.,Radford Police Department in 2011.,,,,,
"As a whole, the K-9 Unit received over 1,600 hours of training in 2012.","As a whole, the K-9 Unit received over 1,600 hours of training in 2012.","As a whole, the K-9 Unit received over 1,600 hours of training in 2012.","As a whole, the K-9 Unit received over 1,600 hours of training in 2012.","As a whole, the K-9 Unit received over 1,600 hours of training in 2012.","As a whole, the K-9 Unit received over 1,600 hours of training in 2012.","As a whole, the K-9 Unit received over 1,600 hours of training in 2012.","As a whole, the K-9 Unit received over 1,600 hours of training in 2012.","As a whole, the K-9 Unit received over 1,600 hours of training in 2012.",,
,K-9 ROBBIE,K-9 ROBBIE,K-9 ROBBIE,,,,,,,
,,,,,- 22-,,,,,
