Name: “Table 1 of 1 on page 18 of 32”,Name: “Table 1 of 1 on page 18 of 32”,Name: “Table 1 of 1 on page 18 of 32”
Table: 18,Table: 18,Table: 18
,,
Claytor Lake Regional Task Force,Claytor Lake Regional Task Force,Claytor Lake Regional Task Force
The Radford City Police Department is a member of the Claytor Lake Regional,The Radford City Police Department is a member of the Claytor Lake Regional,The Radford City Police Department is a member of the Claytor Lake Regional
Drug Task Force.,"A cooperative venture between the Virginia State Police, the","A cooperative venture between the Virginia State Police, the"
"Town of Dublin Police Department, the Town of Pulaski Police Department, Pulaski","Town of Dublin Police Department, the Town of Pulaski Police Department, Pulaski","Town of Dublin Police Department, the Town of Pulaski Police Department, Pulaski"
"County Sheriff’s Office, Wytheville Sheriff’s Office, and the Radford City Police","County Sheriff’s Office, Wytheville Sheriff’s Office, and the Radford City Police","County Sheriff’s Office, Wytheville Sheriff’s Office, and the Radford City Police"
Department. Officers assigned to this task force have been successful in removing,Department. Officers assigned to this task force have been successful in removing,Department. Officers assigned to this task force have been successful in removing
some of our more dangerous criminals from the street.,some of our more dangerous criminals from the street.,The following pages outline
their successes over the past year.,their successes over the past year.,
,Total Weight of Substances,Total Weight of Substances
Controlled Substance,Purchased and/or Seized,Purchased and/or Seized
,In All Areas,In City of Radford
Marijuana,"9,724 grams","6,952 grams"
Marijuana plants,12,6
Powder Cocaine,9 grams,1 gram
Crack Cocaine,97.5 grams,0.5 grams
Heroin,4.4 grams,-
Methamphetamine,56 grams,2.5 grams
Oxycontin,-,-
Lortab,,
Xanax,,
Methadone,,
Morphine,,
Suboxone,,
Oxycodone,,
Schedule II Narcotics,514 dose units,4 dose units
Schedule III Narcotics,135.5 dose units,-
Schedule IV Narcotics,7771 dose units,-
Other Narcotics/MDMA,106.5 grams,187 grams
Hallucinogens,85 grams,85 grams
Methamphetamine Labs,25,1
,- 18-,
