Name: “Table 1 of 1 on page 16 of 32”,Name: “Table 1 of 1 on page 16 of 32”,Name: “Table 1 of 1 on page 16 of 32”,Name: “Table 1 of 1 on page 16 of 32”,Name: “Table 1 of 1 on page 16 of 32”,Name: “Table 1 of 1 on page 16 of 32”,Name: “Table 1 of 1 on page 16 of 32”,Name: “Table 1 of 1 on page 16 of 32”,Name: “Table 1 of 1 on page 16 of 32”,Name: “Table 1 of 1 on page 16 of 32”,Name: “Table 1 of 1 on page 16 of 32”,Name: “Table 1 of 1 on page 16 of 32”,Name: “Table 1 of 1 on page 16 of 32”,Name: “Table 1 of 1 on page 16 of 32”,Name: “Table 1 of 1 on page 16 of 32”,Name: “Table 1 of 1 on page 16 of 32”
Table: 16,Table: 16,Table: 16,Table: 16,Table: 16,Table: 16,Table: 16,Table: 16,Table: 16,Table: 16,Table: 16,Table: 16,Table: 16,Table: 16,Table: 16,Table: 16
,,,,,,,,,,,,,,,
,,,Criminal Investigations Bureau,Criminal Investigations Bureau,Criminal Investigations Bureau,Criminal Investigations Bureau,Criminal Investigations Bureau,Criminal Investigations Bureau,Criminal Investigations Bureau,Criminal Investigations Bureau,Criminal Investigations Bureau,Criminal Investigations Bureau,,,
,,,,,,(continued),(continued),(continued),,,,,,,
Our first hit using evidence processed in our lab was a Burglary of a 92 year old,Our first hit using evidence processed in our lab was a Burglary of a 92 year old,Our first hit using evidence processed in our lab was a Burglary of a 92 year old,Our first hit using evidence processed in our lab was a Burglary of a 92 year old,Our first hit using evidence processed in our lab was a Burglary of a 92 year old,Our first hit using evidence processed in our lab was a Burglary of a 92 year old,Our first hit using evidence processed in our lab was a Burglary of a 92 year old,Our first hit using evidence processed in our lab was a Burglary of a 92 year old,Our first hit using evidence processed in our lab was a Burglary of a 92 year old,Our first hit using evidence processed in our lab was a Burglary of a 92 year old,Our first hit using evidence processed in our lab was a Burglary of a 92 year old,Our first hit using evidence processed in our lab was a Burglary of a 92 year old,Our first hit using evidence processed in our lab was a Burglary of a 92 year old,Our first hit using evidence processed in our lab was a Burglary of a 92 year old,Our first hit using evidence processed in our lab was a Burglary of a 92 year old,Our first hit using evidence processed in our lab was a Burglary of a 92 year old
widow.,widow.,Results were back approximately two months after being submitted to the,Results were back approximately two months after being submitted to the,Results were back approximately two months after being submitted to the,Results were back approximately two months after being submitted to the,Results were back approximately two months after being submitted to the,Results were back approximately two months after being submitted to the,Results were back approximately two months after being submitted to the,Results were back approximately two months after being submitted to the,Results were back approximately two months after being submitted to the,Results were back approximately two months after being submitted to the,Results were back approximately two months after being submitted to the,Results were back approximately two months after being submitted to the,Results were back approximately two months after being submitted to the,Results were back approximately two months after being submitted to the
"lab, far quicker than the normal 7 – 8 months that the lab normally takes when","lab, far quicker than the normal 7 – 8 months that the lab normally takes when","lab, far quicker than the normal 7 – 8 months that the lab normally takes when","lab, far quicker than the normal 7 – 8 months that the lab normally takes when","lab, far quicker than the normal 7 – 8 months that the lab normally takes when","lab, far quicker than the normal 7 – 8 months that the lab normally takes when","lab, far quicker than the normal 7 – 8 months that the lab normally takes when","lab, far quicker than the normal 7 – 8 months that the lab normally takes when","lab, far quicker than the normal 7 – 8 months that the lab normally takes when","lab, far quicker than the normal 7 – 8 months that the lab normally takes when","lab, far quicker than the normal 7 – 8 months that the lab normally takes when","lab, far quicker than the normal 7 – 8 months that the lab normally takes when","lab, far quicker than the normal 7 – 8 months that the lab normally takes when","lab, far quicker than the normal 7 – 8 months that the lab normally takes when","lab, far quicker than the normal 7 – 8 months that the lab normally takes when","lab, far quicker than the normal 7 – 8 months that the lab normally takes when"
evidence is submitted.,evidence is submitted.,evidence is submitted.,evidence is submitted.,evidence is submitted.,As a result of the lab analysis the subject confessed to the,As a result of the lab analysis the subject confessed to the,As a result of the lab analysis the subject confessed to the,As a result of the lab analysis the subject confessed to the,As a result of the lab analysis the subject confessed to the,As a result of the lab analysis the subject confessed to the,As a result of the lab analysis the subject confessed to the,As a result of the lab analysis the subject confessed to the,As a result of the lab analysis the subject confessed to the,As a result of the lab analysis the subject confessed to the,As a result of the lab analysis the subject confessed to the
crime and was found guilty.,crime and was found guilty.,crime and was found guilty.,crime and was found guilty.,crime and was found guilty.,crime and was found guilty.,,,,,,,,,,
The lab has also been used by other agencies to process evidence and has been a,The lab has also been used by other agencies to process evidence and has been a,The lab has also been used by other agencies to process evidence and has been a,The lab has also been used by other agencies to process evidence and has been a,The lab has also been used by other agencies to process evidence and has been a,The lab has also been used by other agencies to process evidence and has been a,The lab has also been used by other agencies to process evidence and has been a,The lab has also been used by other agencies to process evidence and has been a,The lab has also been used by other agencies to process evidence and has been a,The lab has also been used by other agencies to process evidence and has been a,The lab has also been used by other agencies to process evidence and has been a,The lab has also been used by other agencies to process evidence and has been a,The lab has also been used by other agencies to process evidence and has been a,The lab has also been used by other agencies to process evidence and has been a,The lab has also been used by other agencies to process evidence and has been a,The lab has also been used by other agencies to process evidence and has been a
teaching aid to classes at Radford University. Students are able to learn by hands,teaching aid to classes at Radford University. Students are able to learn by hands,teaching aid to classes at Radford University. Students are able to learn by hands,teaching aid to classes at Radford University. Students are able to learn by hands,teaching aid to classes at Radford University. Students are able to learn by hands,teaching aid to classes at Radford University. Students are able to learn by hands,teaching aid to classes at Radford University. Students are able to learn by hands,teaching aid to classes at Radford University. Students are able to learn by hands,teaching aid to classes at Radford University. Students are able to learn by hands,teaching aid to classes at Radford University. Students are able to learn by hands,teaching aid to classes at Radford University. Students are able to learn by hands,teaching aid to classes at Radford University. Students are able to learn by hands,teaching aid to classes at Radford University. Students are able to learn by hands,teaching aid to classes at Radford University. Students are able to learn by hands,teaching aid to classes at Radford University. Students are able to learn by hands,teaching aid to classes at Radford University. Students are able to learn by hands
on,processing,processing,in,real,life,scenarios,which,benefit,benefit,them,in,their,studies.,studies.,This
relationship between our agency the university community has grown over the past,relationship between our agency the university community has grown over the past,relationship between our agency the university community has grown over the past,relationship between our agency the university community has grown over the past,relationship between our agency the university community has grown over the past,relationship between our agency the university community has grown over the past,relationship between our agency the university community has grown over the past,relationship between our agency the university community has grown over the past,relationship between our agency the university community has grown over the past,relationship between our agency the university community has grown over the past,relationship between our agency the university community has grown over the past,relationship between our agency the university community has grown over the past,relationship between our agency the university community has grown over the past,relationship between our agency the university community has grown over the past,relationship between our agency the university community has grown over the past,relationship between our agency the university community has grown over the past
couple of years.,couple of years.,couple of years.,,,,,,,,,,,,,
"In 2011 Sergeant Caldwell went to Hoover, Alabama for two weeks and was trained","In 2011 Sergeant Caldwell went to Hoover, Alabama for two weeks and was trained","In 2011 Sergeant Caldwell went to Hoover, Alabama for two weeks and was trained","In 2011 Sergeant Caldwell went to Hoover, Alabama for two weeks and was trained","In 2011 Sergeant Caldwell went to Hoover, Alabama for two weeks and was trained","In 2011 Sergeant Caldwell went to Hoover, Alabama for two weeks and was trained","In 2011 Sergeant Caldwell went to Hoover, Alabama for two weeks and was trained","In 2011 Sergeant Caldwell went to Hoover, Alabama for two weeks and was trained","In 2011 Sergeant Caldwell went to Hoover, Alabama for two weeks and was trained","In 2011 Sergeant Caldwell went to Hoover, Alabama for two weeks and was trained","In 2011 Sergeant Caldwell went to Hoover, Alabama for two weeks and was trained","In 2011 Sergeant Caldwell went to Hoover, Alabama for two weeks and was trained","In 2011 Sergeant Caldwell went to Hoover, Alabama for two weeks and was trained","In 2011 Sergeant Caldwell went to Hoover, Alabama for two weeks and was trained","In 2011 Sergeant Caldwell went to Hoover, Alabama for two weeks and was trained","In 2011 Sergeant Caldwell went to Hoover, Alabama for two weeks and was trained"
"on cell phone forensics and evidence recovery by the Secret Service. In 2012, he","on cell phone forensics and evidence recovery by the Secret Service. In 2012, he","on cell phone forensics and evidence recovery by the Secret Service. In 2012, he","on cell phone forensics and evidence recovery by the Secret Service. In 2012, he","on cell phone forensics and evidence recovery by the Secret Service. In 2012, he","on cell phone forensics and evidence recovery by the Secret Service. In 2012, he","on cell phone forensics and evidence recovery by the Secret Service. In 2012, he","on cell phone forensics and evidence recovery by the Secret Service. In 2012, he","on cell phone forensics and evidence recovery by the Secret Service. In 2012, he","on cell phone forensics and evidence recovery by the Secret Service. In 2012, he","on cell phone forensics and evidence recovery by the Secret Service. In 2012, he","on cell phone forensics and evidence recovery by the Secret Service. In 2012, he","on cell phone forensics and evidence recovery by the Secret Service. In 2012, he","on cell phone forensics and evidence recovery by the Secret Service. In 2012, he","on cell phone forensics and evidence recovery by the Secret Service. In 2012, he","on cell phone forensics and evidence recovery by the Secret Service. In 2012, he"
analyzed,analyzed,74,cell,phones,for,our,department,department,as,well,as,other,agencies,agencies,from
Wytheville,Wytheville,to,Roanoke.,Roanoke.,Cases,range,from,"homicides,","homicides,","homicides,",internet,internet,crimes,against,against
children to burglaries and drug cases.,children to burglaries and drug cases.,children to burglaries and drug cases.,children to burglaries and drug cases.,children to burglaries and drug cases.,children to burglaries and drug cases.,children to burglaries and drug cases.,,,,,,,,,
Detectives attended a wide variety of training during the year. Each detective has,Detectives attended a wide variety of training during the year. Each detective has,Detectives attended a wide variety of training during the year. Each detective has,Detectives attended a wide variety of training during the year. Each detective has,Detectives attended a wide variety of training during the year. Each detective has,Detectives attended a wide variety of training during the year. Each detective has,Detectives attended a wide variety of training during the year. Each detective has,Detectives attended a wide variety of training during the year. Each detective has,Detectives attended a wide variety of training during the year. Each detective has,Detectives attended a wide variety of training during the year. Each detective has,Detectives attended a wide variety of training during the year. Each detective has,Detectives attended a wide variety of training during the year. Each detective has,Detectives attended a wide variety of training during the year. Each detective has,Detectives attended a wide variety of training during the year. Each detective has,Detectives attended a wide variety of training during the year. Each detective has,Detectives attended a wide variety of training during the year. Each detective has
been,trained,trained,in,evidence,evidence,"collection,",interview,interview,and,interrogation,interrogation,interrogation,interrogation,and,other
specialized courses.,specialized courses.,specialized courses.,specialized courses.,,,,,,,,,,,,
Detective Martin completed meth lab certification training sponsored by the DEA,Detective Martin completed meth lab certification training sponsored by the DEA,Detective Martin completed meth lab certification training sponsored by the DEA,Detective Martin completed meth lab certification training sponsored by the DEA,Detective Martin completed meth lab certification training sponsored by the DEA,Detective Martin completed meth lab certification training sponsored by the DEA,Detective Martin completed meth lab certification training sponsored by the DEA,Detective Martin completed meth lab certification training sponsored by the DEA,Detective Martin completed meth lab certification training sponsored by the DEA,Detective Martin completed meth lab certification training sponsored by the DEA,Detective Martin completed meth lab certification training sponsored by the DEA,Detective Martin completed meth lab certification training sponsored by the DEA,Detective Martin completed meth lab certification training sponsored by the DEA,Detective Martin completed meth lab certification training sponsored by the DEA,Detective Martin completed meth lab certification training sponsored by the DEA,Detective Martin completed meth lab certification training sponsored by the DEA
during the past year. They provided equipment needed to respond to meth lab clean,during the past year. They provided equipment needed to respond to meth lab clean,during the past year. They provided equipment needed to respond to meth lab clean,during the past year. They provided equipment needed to respond to meth lab clean,during the past year. They provided equipment needed to respond to meth lab clean,during the past year. They provided equipment needed to respond to meth lab clean,during the past year. They provided equipment needed to respond to meth lab clean,during the past year. They provided equipment needed to respond to meth lab clean,during the past year. They provided equipment needed to respond to meth lab clean,during the past year. They provided equipment needed to respond to meth lab clean,during the past year. They provided equipment needed to respond to meth lab clean,during the past year. They provided equipment needed to respond to meth lab clean,during the past year. They provided equipment needed to respond to meth lab clean,during the past year. They provided equipment needed to respond to meth lab clean,during the past year. They provided equipment needed to respond to meth lab clean,during the past year. They provided equipment needed to respond to meth lab clean
up.,He,has,responded,responded,to,approximately,approximately,20,meth,labs,with,the,Claytor,Claytor,Lake
Regional Drug Task Force since the training.,Regional Drug Task Force since the training.,Regional Drug Task Force since the training.,Regional Drug Task Force since the training.,Regional Drug Task Force since the training.,Regional Drug Task Force since the training.,Regional Drug Task Force since the training.,Regional Drug Task Force since the training.,,,,,,,,
On,June,"30,",2012,officers,officers,and,detectives,responded,responded,to,200,Jefferies,Jefferies,Drive,in
"reference to a shooting. Officers found Travis Lincoln Smith, age 25 bleeding from a","reference to a shooting. Officers found Travis Lincoln Smith, age 25 bleeding from a","reference to a shooting. Officers found Travis Lincoln Smith, age 25 bleeding from a","reference to a shooting. Officers found Travis Lincoln Smith, age 25 bleeding from a","reference to a shooting. Officers found Travis Lincoln Smith, age 25 bleeding from a","reference to a shooting. Officers found Travis Lincoln Smith, age 25 bleeding from a","reference to a shooting. Officers found Travis Lincoln Smith, age 25 bleeding from a","reference to a shooting. Officers found Travis Lincoln Smith, age 25 bleeding from a","reference to a shooting. Officers found Travis Lincoln Smith, age 25 bleeding from a","reference to a shooting. Officers found Travis Lincoln Smith, age 25 bleeding from a","reference to a shooting. Officers found Travis Lincoln Smith, age 25 bleeding from a","reference to a shooting. Officers found Travis Lincoln Smith, age 25 bleeding from a","reference to a shooting. Officers found Travis Lincoln Smith, age 25 bleeding from a","reference to a shooting. Officers found Travis Lincoln Smith, age 25 bleeding from a","reference to a shooting. Officers found Travis Lincoln Smith, age 25 bleeding from a","reference to a shooting. Officers found Travis Lincoln Smith, age 25 bleeding from a"
single gunshot wound to the chest.,single gunshot wound to the chest.,single gunshot wound to the chest.,single gunshot wound to the chest.,single gunshot wound to the chest.,single gunshot wound to the chest.,single gunshot wound to the chest.,He was pronounced dead on the scene by EMS,He was pronounced dead on the scene by EMS,He was pronounced dead on the scene by EMS,He was pronounced dead on the scene by EMS,He was pronounced dead on the scene by EMS,He was pronounced dead on the scene by EMS,He was pronounced dead on the scene by EMS,He was pronounced dead on the scene by EMS,He was pronounced dead on the scene by EMS
personnel.,personnel.,,,,,,,,,,,,,,
"We charged victims brother Samuel Christopher Smith, age 21 of Hiwassee with","We charged victims brother Samuel Christopher Smith, age 21 of Hiwassee with","We charged victims brother Samuel Christopher Smith, age 21 of Hiwassee with","We charged victims brother Samuel Christopher Smith, age 21 of Hiwassee with","We charged victims brother Samuel Christopher Smith, age 21 of Hiwassee with","We charged victims brother Samuel Christopher Smith, age 21 of Hiwassee with","We charged victims brother Samuel Christopher Smith, age 21 of Hiwassee with","We charged victims brother Samuel Christopher Smith, age 21 of Hiwassee with","We charged victims brother Samuel Christopher Smith, age 21 of Hiwassee with","We charged victims brother Samuel Christopher Smith, age 21 of Hiwassee with","We charged victims brother Samuel Christopher Smith, age 21 of Hiwassee with","We charged victims brother Samuel Christopher Smith, age 21 of Hiwassee with","We charged victims brother Samuel Christopher Smith, age 21 of Hiwassee with","We charged victims brother Samuel Christopher Smith, age 21 of Hiwassee with","We charged victims brother Samuel Christopher Smith, age 21 of Hiwassee with","We charged victims brother Samuel Christopher Smith, age 21 of Hiwassee with"
second degree murder.,second degree murder.,second degree murder.,second degree murder.,second degree murder.,Samuel was playing with a handgun after snorting drugs;,Samuel was playing with a handgun after snorting drugs;,Samuel was playing with a handgun after snorting drugs;,Samuel was playing with a handgun after snorting drugs;,Samuel was playing with a handgun after snorting drugs;,Samuel was playing with a handgun after snorting drugs;,Samuel was playing with a handgun after snorting drugs;,Samuel was playing with a handgun after snorting drugs;,Samuel was playing with a handgun after snorting drugs;,Samuel was playing with a handgun after snorting drugs;,Samuel was playing with a handgun after snorting drugs;
he pointed the weapon at Travis and pulled the trigger. He was pronounced dead on,he pointed the weapon at Travis and pulled the trigger. He was pronounced dead on,he pointed the weapon at Travis and pulled the trigger. He was pronounced dead on,he pointed the weapon at Travis and pulled the trigger. He was pronounced dead on,he pointed the weapon at Travis and pulled the trigger. He was pronounced dead on,he pointed the weapon at Travis and pulled the trigger. He was pronounced dead on,he pointed the weapon at Travis and pulled the trigger. He was pronounced dead on,he pointed the weapon at Travis and pulled the trigger. He was pronounced dead on,he pointed the weapon at Travis and pulled the trigger. He was pronounced dead on,he pointed the weapon at Travis and pulled the trigger. He was pronounced dead on,he pointed the weapon at Travis and pulled the trigger. He was pronounced dead on,he pointed the weapon at Travis and pulled the trigger. He was pronounced dead on,he pointed the weapon at Travis and pulled the trigger. He was pronounced dead on,he pointed the weapon at Travis and pulled the trigger. He was pronounced dead on,he pointed the weapon at Travis and pulled the trigger. He was pronounced dead on,he pointed the weapon at Travis and pulled the trigger. He was pronounced dead on
scene.,scene.,,,,,,,,,,,,,,
The Commonwealth consulted the victim's family (also defendants) and made a plea,The Commonwealth consulted the victim's family (also defendants) and made a plea,The Commonwealth consulted the victim's family (also defendants) and made a plea,The Commonwealth consulted the victim's family (also defendants) and made a plea,The Commonwealth consulted the victim's family (also defendants) and made a plea,The Commonwealth consulted the victim's family (also defendants) and made a plea,The Commonwealth consulted the victim's family (also defendants) and made a plea,The Commonwealth consulted the victim's family (also defendants) and made a plea,The Commonwealth consulted the victim's family (also defendants) and made a plea,The Commonwealth consulted the victim's family (also defendants) and made a plea,The Commonwealth consulted the victim's family (also defendants) and made a plea,The Commonwealth consulted the victim's family (also defendants) and made a plea,The Commonwealth consulted the victim's family (also defendants) and made a plea,The Commonwealth consulted the victim's family (also defendants) and made a plea,The Commonwealth consulted the victim's family (also defendants) and made a plea,The Commonwealth consulted the victim's family (also defendants) and made a plea
offer,in,accord,with,with,their,wishes.,The,charge,charge,was,reduced,reduced,to,involuntary,involuntary
"manslaughter and a guilty plea was accepted on February 15, 2013 in Radford City","manslaughter and a guilty plea was accepted on February 15, 2013 in Radford City","manslaughter and a guilty plea was accepted on February 15, 2013 in Radford City","manslaughter and a guilty plea was accepted on February 15, 2013 in Radford City","manslaughter and a guilty plea was accepted on February 15, 2013 in Radford City","manslaughter and a guilty plea was accepted on February 15, 2013 in Radford City","manslaughter and a guilty plea was accepted on February 15, 2013 in Radford City","manslaughter and a guilty plea was accepted on February 15, 2013 in Radford City","manslaughter and a guilty plea was accepted on February 15, 2013 in Radford City","manslaughter and a guilty plea was accepted on February 15, 2013 in Radford City","manslaughter and a guilty plea was accepted on February 15, 2013 in Radford City","manslaughter and a guilty plea was accepted on February 15, 2013 in Radford City","manslaughter and a guilty plea was accepted on February 15, 2013 in Radford City","manslaughter and a guilty plea was accepted on February 15, 2013 in Radford City","manslaughter and a guilty plea was accepted on February 15, 2013 in Radford City","manslaughter and a guilty plea was accepted on February 15, 2013 in Radford City"
Circuit Court.,Circuit Court.,Circuit Court.,,,,,,,,,,,,,
,,,,,,,- 16-,,,,,,,,
