Name: “Table 1 of 1 on page 27 of 32”,Name: “Table 1 of 1 on page 27 of 32”,Name: “Table 1 of 1 on page 27 of 32”,Name: “Table 1 of 1 on page 27 of 32”
Table: 27,Table: 27,Table: 27,Table: 27
,,,
,DUI Arrests,,
,,167,167
,134,,
129,,,
2010,2011,2012,2012
This chart shows the level of consistency in the enforcement efforts of the Radford,This chart shows the level of consistency in the enforcement efforts of the Radford,This chart shows the level of consistency in the enforcement efforts of the Radford,This chart shows the level of consistency in the enforcement efforts of the Radford
Department of Police to get drunk drivers off the streets and in jail.,Department of Police to get drunk drivers off the streets and in jail.,Department of Police to get drunk drivers off the streets and in jail.,
,Traffic Stops,,
,,6052,
5087,5035,,
3225,,3286,3444
2010,2011,2012,2012
Number of Traffic Stops,Number of Traffic Stops,Police Warnings Given,
,- 27-,,
