Name: “Table 1 of 1 on page 25 of 32”,Name: “Table 1 of 1 on page 25 of 32”,Name: “Table 1 of 1 on page 25 of 32”,Name: “Table 1 of 1 on page 25 of 32”,Name: “Table 1 of 1 on page 25 of 32”
Table: 25,Table: 25,Table: 25,Table: 25,Table: 25
,,,,
,Group “B” Offenses,Group “B” Offenses,,
We will now examine Group “B” offenses.,We will now examine Group “B” offenses.,These are crimes that are not “major” in,These are crimes that are not “major” in,These are crimes that are not “major” in
"nature, but are serious offenses that require as much manpower and attention as","nature, but are serious offenses that require as much manpower and attention as","nature, but are serious offenses that require as much manpower and attention as","nature, but are serious offenses that require as much manpower and attention as","nature, but are serious offenses that require as much manpower and attention as"
Group “A” offenses.,These are reportable to the state only when an arrest is made.,These are reportable to the state only when an arrest is made.,These are reportable to the state only when an arrest is made.,These are reportable to the state only when an arrest is made.
This list will not include Driving Under the Influence reports or Alcohol Violation,This list will not include Driving Under the Influence reports or Alcohol Violation,This list will not include Driving Under the Influence reports or Alcohol Violation,This list will not include Driving Under the Influence reports or Alcohol Violation,This list will not include Driving Under the Influence reports or Alcohol Violation
"reports, as these will be discussed in depth further in the Annual Report.","reports, as these will be discussed in depth further in the Annual Report.","reports, as these will be discussed in depth further in the Annual Report.","reports, as these will be discussed in depth further in the Annual Report.",
,,2011,2012,% change
Bad Checks,Bad Checks,8,10,25%
Curfew/Loitering/Vagrancy Violation,Curfew/Loitering/Vagrancy Violation,-,2,N/C*
Disorderly Conduct,Disorderly Conduct,24,21,-13%
"Family Offenses, Non-Violent","Family Offenses, Non-Violent",55,63,15%
Peeping Tom,Peeping Tom,2,2,-
,Runaway,18,18,-
Trespassing,Trespassing,22,19,-14%
Conspiracy to Commit a Group “A” offense,Conspiracy to Commit a Group “A” offense,15,20,33%
Conspiracy to Commit a Group “B” offense,Conspiracy to Commit a Group “B” offense,-,-,-
All Other Reportable Offenses,All Other Reportable Offenses,355,441,24%
GRAND TOTALS,GRAND TOTALS,499,596,19%
*The percentage is not calculable due to division by 0,*The percentage is not calculable due to division by 0,,,
,- 25-,,,
