Name: “Table 1 of 1 on page 29 of 32”,Name: “Table 1 of 1 on page 29 of 32”,Name: “Table 1 of 1 on page 29 of 32”,Name: “Table 1 of 1 on page 29 of 32”
Table: 29,Table: 29,Table: 29,Table: 29
,,,
Arrest Totals,Arrest Totals,,
The Radford City Police Department makes arrests via two (2) main avenues.,The Radford City Police Department makes arrests via two (2) main avenues.,The Radford City Police Department makes arrests via two (2) main avenues.,The Radford City Police Department makes arrests via two (2) main avenues.
These are: citations issued for minor criminal offenses and for infractions of traffic,These are: citations issued for minor criminal offenses and for infractions of traffic,These are: citations issued for minor criminal offenses and for infractions of traffic,These are: citations issued for minor criminal offenses and for infractions of traffic
and local laws and arrests or service made on warrants issued by the magistrate,and local laws and arrests or service made on warrants issued by the magistrate,and local laws and arrests or service made on warrants issued by the magistrate,and local laws and arrests or service made on warrants issued by the magistrate
"and indictments handed down from Circuit Court. Civil papers, which include the","and indictments handed down from Circuit Court. Civil papers, which include the","and indictments handed down from Circuit Court. Civil papers, which include the","and indictments handed down from Circuit Court. Civil papers, which include the"
"detention of mental subjects, no trespassing notices given to citizens, and protective","detention of mental subjects, no trespassing notices given to citizens, and protective","detention of mental subjects, no trespassing notices given to citizens, and protective","detention of mental subjects, no trespassing notices given to citizens, and protective"
"orders, are also served by sworn personnel but not counted as arrests.","orders, are also served by sworn personnel but not counted as arrests.","orders, are also served by sworn personnel but not counted as arrests.",
,,"6,263",
"5,278","5,059",,
Total Arrests,,,
2010,2011,2012,
Calls for Service,Calls for Service,,
Total Calls for Service,Total Calls for Service,,
"29,245",,,
,,"26,348",
,"24,337",,
2010,2011,2012,
"The total number of calls for service includes Police, Fire, EMS, and Public Works","The total number of calls for service includes Police, Fire, EMS, and Public Works","The total number of calls for service includes Police, Fire, EMS, and Public Works","The total number of calls for service includes Police, Fire, EMS, and Public Works"
calls that are dispatched through the Emergency Communications Center.,calls that are dispatched through the Emergency Communications Center.,calls that are dispatched through the Emergency Communications Center.,The
number of calls increased 8% from 2011 to 2012.,number of calls increased 8% from 2011 to 2012.,The number of calls may fluctuate,The number of calls may fluctuate
based upon how data is input.,,,
,- 29-,,
