Name: “Table 1 of 1 on page 11 of 32”,Name: “Table 1 of 1 on page 11 of 32”,Name: “Table 1 of 1 on page 11 of 32”,Name: “Table 1 of 1 on page 11 of 32”,Name: “Table 1 of 1 on page 11 of 32”,Name: “Table 1 of 1 on page 11 of 32”,Name: “Table 1 of 1 on page 11 of 32”,Name: “Table 1 of 1 on page 11 of 32”,Name: “Table 1 of 1 on page 11 of 32”,Name: “Table 1 of 1 on page 11 of 32”,Name: “Table 1 of 1 on page 11 of 32”,Name: “Table 1 of 1 on page 11 of 32”,Name: “Table 1 of 1 on page 11 of 32”,Name: “Table 1 of 1 on page 11 of 32”,Name: “Table 1 of 1 on page 11 of 32”,Name: “Table 1 of 1 on page 11 of 32”
Table: 11,Table: 11,Table: 11,Table: 11,Table: 11,Table: 11,Table: 11,Table: 11,Table: 11,Table: 11,Table: 11,Table: 11,Table: 11,Table: 11,Table: 11,Table: 11
,,,,,,,,,,,,,,,
,,,,,,Animal Control,Animal Control,Animal Control,Animal Control,Animal Control,,,,,
,,,,,,(continued),(continued),(continued),(continued),,,,,,
"A new program to assist dog owners to bring outdoor dogs indoors has begun, the","A new program to assist dog owners to bring outdoor dogs indoors has begun, the","A new program to assist dog owners to bring outdoor dogs indoors has begun, the","A new program to assist dog owners to bring outdoor dogs indoors has begun, the","A new program to assist dog owners to bring outdoor dogs indoors has begun, the","A new program to assist dog owners to bring outdoor dogs indoors has begun, the","A new program to assist dog owners to bring outdoor dogs indoors has begun, the","A new program to assist dog owners to bring outdoor dogs indoors has begun, the","A new program to assist dog owners to bring outdoor dogs indoors has begun, the","A new program to assist dog owners to bring outdoor dogs indoors has begun, the","A new program to assist dog owners to bring outdoor dogs indoors has begun, the","A new program to assist dog owners to bring outdoor dogs indoors has begun, the","A new program to assist dog owners to bring outdoor dogs indoors has begun, the","A new program to assist dog owners to bring outdoor dogs indoors has begun, the","A new program to assist dog owners to bring outdoor dogs indoors has begun, the","A new program to assist dog owners to bring outdoor dogs indoors has begun, the"
"program offers assistance and training along with a crate loan or donation, crates","program offers assistance and training along with a crate loan or donation, crates","program offers assistance and training along with a crate loan or donation, crates","program offers assistance and training along with a crate loan or donation, crates","program offers assistance and training along with a crate loan or donation, crates","program offers assistance and training along with a crate loan or donation, crates","program offers assistance and training along with a crate loan or donation, crates","program offers assistance and training along with a crate loan or donation, crates","program offers assistance and training along with a crate loan or donation, crates","program offers assistance and training along with a crate loan or donation, crates","program offers assistance and training along with a crate loan or donation, crates","program offers assistance and training along with a crate loan or donation, crates","program offers assistance and training along with a crate loan or donation, crates","program offers assistance and training along with a crate loan or donation, crates","program offers assistance and training along with a crate loan or donation, crates","program offers assistance and training along with a crate loan or donation, crates"
are donated by citizens. A dog crate indoors can assist with the canine being left,are donated by citizens. A dog crate indoors can assist with the canine being left,are donated by citizens. A dog crate indoors can assist with the canine being left,are donated by citizens. A dog crate indoors can assist with the canine being left,are donated by citizens. A dog crate indoors can assist with the canine being left,are donated by citizens. A dog crate indoors can assist with the canine being left,are donated by citizens. A dog crate indoors can assist with the canine being left,are donated by citizens. A dog crate indoors can assist with the canine being left,are donated by citizens. A dog crate indoors can assist with the canine being left,are donated by citizens. A dog crate indoors can assist with the canine being left,are donated by citizens. A dog crate indoors can assist with the canine being left,are donated by citizens. A dog crate indoors can assist with the canine being left,are donated by citizens. A dog crate indoors can assist with the canine being left,are donated by citizens. A dog crate indoors can assist with the canine being left,are donated by citizens. A dog crate indoors can assist with the canine being left,are donated by citizens. A dog crate indoors can assist with the canine being left
unattended and not cause damage and also assists with potty training the canine.,unattended and not cause damage and also assists with potty training the canine.,unattended and not cause damage and also assists with potty training the canine.,unattended and not cause damage and also assists with potty training the canine.,unattended and not cause damage and also assists with potty training the canine.,unattended and not cause damage and also assists with potty training the canine.,unattended and not cause damage and also assists with potty training the canine.,unattended and not cause damage and also assists with potty training the canine.,unattended and not cause damage and also assists with potty training the canine.,unattended and not cause damage and also assists with potty training the canine.,unattended and not cause damage and also assists with potty training the canine.,unattended and not cause damage and also assists with potty training the canine.,unattended and not cause damage and also assists with potty training the canine.,unattended and not cause damage and also assists with potty training the canine.,unattended and not cause damage and also assists with potty training the canine.,unattended and not cause damage and also assists with potty training the canine.
These,are,the,two(2),two(2),main,reasons,that,dogs,are,normally,normally,left,outdoors.,outdoors.,The
program is in its infancy but we have high hopes for its success.,program is in its infancy but we have high hopes for its success.,program is in its infancy but we have high hopes for its success.,program is in its infancy but we have high hopes for its success.,program is in its infancy but we have high hopes for its success.,program is in its infancy but we have high hopes for its success.,program is in its infancy but we have high hopes for its success.,program is in its infancy but we have high hopes for its success.,program is in its infancy but we have high hopes for its success.,program is in its infancy but we have high hopes for its success.,program is in its infancy but we have high hopes for its success.,program is in its infancy but we have high hopes for its success.,,,,
"Other services provided to Radford citizens include free straw for outdoor pets, as","Other services provided to Radford citizens include free straw for outdoor pets, as","Other services provided to Radford citizens include free straw for outdoor pets, as","Other services provided to Radford citizens include free straw for outdoor pets, as","Other services provided to Radford citizens include free straw for outdoor pets, as","Other services provided to Radford citizens include free straw for outdoor pets, as","Other services provided to Radford citizens include free straw for outdoor pets, as","Other services provided to Radford citizens include free straw for outdoor pets, as","Other services provided to Radford citizens include free straw for outdoor pets, as","Other services provided to Radford citizens include free straw for outdoor pets, as","Other services provided to Radford citizens include free straw for outdoor pets, as","Other services provided to Radford citizens include free straw for outdoor pets, as","Other services provided to Radford citizens include free straw for outdoor pets, as","Other services provided to Radford citizens include free straw for outdoor pets, as","Other services provided to Radford citizens include free straw for outdoor pets, as","Other services provided to Radford citizens include free straw for outdoor pets, as"
well as education to better the care of pets in Radford. We have also assisted with,well as education to better the care of pets in Radford. We have also assisted with,well as education to better the care of pets in Radford. We have also assisted with,well as education to better the care of pets in Radford. We have also assisted with,well as education to better the care of pets in Radford. We have also assisted with,well as education to better the care of pets in Radford. We have also assisted with,well as education to better the care of pets in Radford. We have also assisted with,well as education to better the care of pets in Radford. We have also assisted with,well as education to better the care of pets in Radford. We have also assisted with,well as education to better the care of pets in Radford. We have also assisted with,well as education to better the care of pets in Radford. We have also assisted with,well as education to better the care of pets in Radford. We have also assisted with,well as education to better the care of pets in Radford. We have also assisted with,well as education to better the care of pets in Radford. We have also assisted with,well as education to better the care of pets in Radford. We have also assisted with,well as education to better the care of pets in Radford. We have also assisted with
euthanasia to families with low income in cases where the animal has been proven,euthanasia to families with low income in cases where the animal has been proven,euthanasia to families with low income in cases where the animal has been proven,euthanasia to families with low income in cases where the animal has been proven,euthanasia to families with low income in cases where the animal has been proven,euthanasia to families with low income in cases where the animal has been proven,euthanasia to families with low income in cases where the animal has been proven,euthanasia to families with low income in cases where the animal has been proven,euthanasia to families with low income in cases where the animal has been proven,euthanasia to families with low income in cases where the animal has been proven,euthanasia to families with low income in cases where the animal has been proven,euthanasia to families with low income in cases where the animal has been proven,euthanasia to families with low income in cases where the animal has been proven,euthanasia to families with low income in cases where the animal has been proven,euthanasia to families with low income in cases where the animal has been proven,euthanasia to families with low income in cases where the animal has been proven
dangerous,dangerous,or,is,sick,and,suffering.,A,free,Dog,Training,Class,Class,has,also,been
implemented,implemented,implemented,to,assist,dog,owners,with,better,,control,and,a,more,rewarding,rewarding
relationship,relationship,relationship,with,their,dogs.,Radford,Radford,Animal,Animal,Control,promotes,promotes,,a,friendly
community approach which is being reciprocated by Radford citizens. As a result of,community approach which is being reciprocated by Radford citizens. As a result of,community approach which is being reciprocated by Radford citizens. As a result of,community approach which is being reciprocated by Radford citizens. As a result of,community approach which is being reciprocated by Radford citizens. As a result of,community approach which is being reciprocated by Radford citizens. As a result of,community approach which is being reciprocated by Radford citizens. As a result of,community approach which is being reciprocated by Radford citizens. As a result of,community approach which is being reciprocated by Radford citizens. As a result of,community approach which is being reciprocated by Radford citizens. As a result of,community approach which is being reciprocated by Radford citizens. As a result of,community approach which is being reciprocated by Radford citizens. As a result of,community approach which is being reciprocated by Radford citizens. As a result of,community approach which is being reciprocated by Radford citizens. As a result of,community approach which is being reciprocated by Radford citizens. As a result of,community approach which is being reciprocated by Radford citizens. As a result of
"these relationships and services, our adoption rate and animal transfer to other","these relationships and services, our adoption rate and animal transfer to other","these relationships and services, our adoption rate and animal transfer to other","these relationships and services, our adoption rate and animal transfer to other","these relationships and services, our adoption rate and animal transfer to other","these relationships and services, our adoption rate and animal transfer to other","these relationships and services, our adoption rate and animal transfer to other","these relationships and services, our adoption rate and animal transfer to other","these relationships and services, our adoption rate and animal transfer to other","these relationships and services, our adoption rate and animal transfer to other","these relationships and services, our adoption rate and animal transfer to other","these relationships and services, our adoption rate and animal transfer to other","these relationships and services, our adoption rate and animal transfer to other","these relationships and services, our adoption rate and animal transfer to other","these relationships and services, our adoption rate and animal transfer to other","these relationships and services, our adoption rate and animal transfer to other"
agencies continues to increase dramatically.,agencies continues to increase dramatically.,agencies continues to increase dramatically.,agencies continues to increase dramatically.,agencies continues to increase dramatically.,agencies continues to increase dramatically.,agencies continues to increase dramatically.,agencies continues to increase dramatically.,,,,,,,,
Radford,Animal,Animal,Animal,Control,Control,continues,to,build,,relationships,relationships,with,community,community,community
organizations and schools and will on request provide a tour of the facility or a talk,organizations and schools and will on request provide a tour of the facility or a talk,organizations and schools and will on request provide a tour of the facility or a talk,organizations and schools and will on request provide a tour of the facility or a talk,organizations and schools and will on request provide a tour of the facility or a talk,organizations and schools and will on request provide a tour of the facility or a talk,organizations and schools and will on request provide a tour of the facility or a talk,organizations and schools and will on request provide a tour of the facility or a talk,organizations and schools and will on request provide a tour of the facility or a talk,organizations and schools and will on request provide a tour of the facility or a talk,organizations and schools and will on request provide a tour of the facility or a talk,organizations and schools and will on request provide a tour of the facility or a talk,organizations and schools and will on request provide a tour of the facility or a talk,organizations and schools and will on request provide a tour of the facility or a talk,organizations and schools and will on request provide a tour of the facility or a talk,organizations and schools and will on request provide a tour of the facility or a talk
at your school or organization. The shelter which is maintained by a full time,at your school or organization. The shelter which is maintained by a full time,at your school or organization. The shelter which is maintained by a full time,at your school or organization. The shelter which is maintained by a full time,at your school or organization. The shelter which is maintained by a full time,at your school or organization. The shelter which is maintained by a full time,at your school or organization. The shelter which is maintained by a full time,at your school or organization. The shelter which is maintained by a full time,at your school or organization. The shelter which is maintained by a full time,at your school or organization. The shelter which is maintained by a full time,at your school or organization. The shelter which is maintained by a full time,at your school or organization. The shelter which is maintained by a full time,at your school or organization. The shelter which is maintained by a full time,at your school or organization. The shelter which is maintained by a full time,at your school or organization. The shelter which is maintained by a full time,at your school or organization. The shelter which is maintained by a full time
"Animal Control Officer, a part-time Kennel Assistant and a volunteer force (mainly","Animal Control Officer, a part-time Kennel Assistant and a volunteer force (mainly","Animal Control Officer, a part-time Kennel Assistant and a volunteer force (mainly","Animal Control Officer, a part-time Kennel Assistant and a volunteer force (mainly","Animal Control Officer, a part-time Kennel Assistant and a volunteer force (mainly","Animal Control Officer, a part-time Kennel Assistant and a volunteer force (mainly","Animal Control Officer, a part-time Kennel Assistant and a volunteer force (mainly","Animal Control Officer, a part-time Kennel Assistant and a volunteer force (mainly","Animal Control Officer, a part-time Kennel Assistant and a volunteer force (mainly","Animal Control Officer, a part-time Kennel Assistant and a volunteer force (mainly","Animal Control Officer, a part-time Kennel Assistant and a volunteer force (mainly","Animal Control Officer, a part-time Kennel Assistant and a volunteer force (mainly","Animal Control Officer, a part-time Kennel Assistant and a volunteer force (mainly","Animal Control Officer, a part-time Kennel Assistant and a volunteer force (mainly","Animal Control Officer, a part-time Kennel Assistant and a volunteer force (mainly","Animal Control Officer, a part-time Kennel Assistant and a volunteer force (mainly"
"RU students), had an exciting and productive 2012.","RU students), had an exciting and productive 2012.","RU students), had an exciting and productive 2012.","RU students), had an exciting and productive 2012.","RU students), had an exciting and productive 2012.","RU students), had an exciting and productive 2012.","RU students), had an exciting and productive 2012.","RU students), had an exciting and productive 2012.","RU students), had an exciting and productive 2012.","RU students), had an exciting and productive 2012.",,,,,,
,,,,,,,,,Christmas Giving Tree 2012,Christmas Giving Tree 2012,Christmas Giving Tree 2012,Christmas Giving Tree 2012,Christmas Giving Tree 2012,Christmas Giving Tree 2012,
Girl Scout Group 1075,Girl Scout Group 1075,Girl Scout Group 1075,Girl Scout Group 1075,Girl Scout Group 1075,,,,,,,,,,,
,,,,,,,- 11-,,,,,,,,
