Name: “Table 1 of 1 on page 30 of 32”,Name: “Table 1 of 1 on page 30 of 32”,Name: “Table 1 of 1 on page 30 of 32”,Name: “Table 1 of 1 on page 30 of 32”,Name: “Table 1 of 1 on page 30 of 32”,Name: “Table 1 of 1 on page 30 of 32”,Name: “Table 1 of 1 on page 30 of 32”,Name: “Table 1 of 1 on page 30 of 32”,Name: “Table 1 of 1 on page 30 of 32”,Name: “Table 1 of 1 on page 30 of 32”,Name: “Table 1 of 1 on page 30 of 32”,Name: “Table 1 of 1 on page 30 of 32”,Name: “Table 1 of 1 on page 30 of 32”
Table: 30,Table: 30,Table: 30,Table: 30,Table: 30,Table: 30,Table: 30,Table: 30,Table: 30,Table: 30,Table: 30,Table: 30,Table: 30
,,,,,,,,,,,,
,,Requests for Community Service,Requests for Community Service,Requests for Community Service,Requests for Community Service,Requests for Community Service,Requests for Community Service,Requests for Community Service,Requests for Community Service,Requests for Community Service,,
In,addition,to,requests,for,criminal,"investigations,","investigations,",service,service,calls,for,criminal
activities,and,and,other,general,public,safety,"issues,",the,City,of,Radford,Police
Department spends much time assisting the community with non-criminal services.,Department spends much time assisting the community with non-criminal services.,Department spends much time assisting the community with non-criminal services.,Department spends much time assisting the community with non-criminal services.,Department spends much time assisting the community with non-criminal services.,Department spends much time assisting the community with non-criminal services.,Department spends much time assisting the community with non-criminal services.,Department spends much time assisting the community with non-criminal services.,Department spends much time assisting the community with non-criminal services.,Department spends much time assisting the community with non-criminal services.,Department spends much time assisting the community with non-criminal services.,Department spends much time assisting the community with non-criminal services.,Department spends much time assisting the community with non-criminal services.
These include:,These include:,These include:,,,,,,,,,,
, Car Seat Installation, Car Seat Installation, Car Seat Installation, Car Seat Installation,,,,,,,,
, Non-Violent Family Matters (to include Run-Aways), Non-Violent Family Matters (to include Run-Aways), Non-Violent Family Matters (to include Run-Aways), Non-Violent Family Matters (to include Run-Aways), Non-Violent Family Matters (to include Run-Aways), Non-Violent Family Matters (to include Run-Aways), Non-Violent Family Matters (to include Run-Aways), Non-Violent Family Matters (to include Run-Aways),,,,
, Civil Disputes, Civil Disputes, Civil Disputes,,,,,,,,,
, Traffic Control, Traffic Control, Traffic Control,,,,,,,,,
We will look at some of these services now.,We will look at some of these services now.,We will look at some of these services now.,We will look at some of these services now.,We will look at some of these services now.,We will look at some of these services now.,We will look at some of these services now.,,,,,,
,,,,Calls for Mental Subjects,Calls for Mental Subjects,Calls for Mental Subjects,Calls for Mental Subjects,Calls for Mental Subjects,Calls for Mental Subjects,Calls for Mental Subjects,,
,,99,99,,,100,100,,,,,
,,,,,,,,,,,75,
,,2010,2010,,,2011,2011,,,,2012,2012
,,,,,- 30-,,,,,,,
