Name: “Table 1 of 1 on page 13 of 32”,Name: “Table 1 of 1 on page 13 of 32”,Name: “Table 1 of 1 on page 13 of 32”
Table: 13,Table: 13,Table: 13
,,
Parking Enforcement,Parking Enforcement,Parking Enforcement
"Since 2010, the duties of parking enforcement are assigned to the Patrol Division","Since 2010, the duties of parking enforcement are assigned to the Patrol Division","Since 2010, the duties of parking enforcement are assigned to the Patrol Division"
and are shared by the patrol shifts.,Patrol Officers have been effective in their,Patrol Officers have been effective in their
enforcement of parking regulations and in the resolution of parking complaints.,enforcement of parking regulations and in the resolution of parking complaints.,enforcement of parking regulations and in the resolution of parking complaints.
,Parking Tickets Issued,
,"2,133",
,,"1,952"
"1,690",,
2010,2011,2012
,- 13-,
