Name: “Table 1 of 1 on page 5 of 32”,Name: “Table 1 of 1 on page 5 of 32”
Table: 5,Table: 5
,
Mission Statement,Mission Statement
The Radford City Police,The Radford City Police
Department will strive to,Department will strive to
enhance quality of life by,enhance quality of life by
providing professional law,providing professional law
enforcement service to our,enforcement service to our
"citizens, businesses, and","citizens, businesses, and"
visitors through a shared,visitors through a shared
responsibility with our,responsibility with our
community.,We will serve daily
"with Courage, Order and Pride.","with Courage, Order and Pride."
,- 5-
