Bureau of Justice Statistics,,,,,,,,,,
Filename: rpa11at04,,,,,,,,,,
"Appendix table 4. Standard errors for table 4: Perceptions of police behavior and response during contacts to request assistance, by reason for mosr recent contact and race/Hispanic origin of persons, 2011",,,,,,,,,,
"Report title: Requests for Police Assistance, 2011",,,,,,,,,,
"Data source: BJS Police-Public Contact Survey, 2011",,,,,,,,,,
"Authors: Matthew Durose and Lynn Langton, Ph.D.",,,,,,,,,,
Refer questions to: askbjs@usdoj.gov 202-307-0765,,,,,,,,,,
Date of release: 09/24/13,,,,,,,,,,
,,,,,,,,,,
"Appendix table 4. Standard errors for table 4: Perceptions of police behavior and response during contacts to request assistance, by reason for mosr recent contact and race/Hispanic origin of persons, 2011",,,,,,,,,,
Reason for most recent contact,,,,,,,,,,
Police were helpful,,,All,,White,,Black/African American,,Hispanic/Latino,
,,Total,1.2,%,1.3,%,2.7,%,2.4,%
,Reported crime/disturbance/suspicious activity,,1.4,,1.6,,3.1,,2.9,
,Reported noncrime emergency,,1.3,,1.3,,4.9,,2.6,
,Other reason,,2.4,,2.5,,7.3,,7.1,
Police acted properly,,,,,,,,,,
,,Total,0.9,%,1,%,1.5,%,1.7,%
,Reported crime/disturbance/suspicious activity ,,1,,1.2,,1.5,,1.9,
,Reported noncrime emergency,,1.5,,1.7,,4.3,,3.3,
,Other reason,,2.1,,2.2,,4.7,,6.4,
Satisfied with police response,,,,,,,,,,
,,Total,1.2,%,1.3,%,2.9,%,2.8,%
,Reported crime/disturbance/suspicious activity ,,1.5,,1.6,,3.4,,3.4,
,Reported noncrime emergency,,1.5,,1.5,,5.2,,3.7,
,Other reason,,2.4,,2.5,,6.8,,8.1,
"Source: Bureau of Justice Statistics, National Crime Victimization Survey, Police-Public Contact Survey, 2011.",,,,,,,,,,
