Bureau of Justice Statistics,,,,,,
Filename: rpa11t07,,,,,,
"Table 7. Persons who felt police spent an appropriate amount of time with them after requesting assistance, by perceptions of police behavior and response, 2011",,,,,,
"Report title: Requests for Police Assistance, 2011",,,,,,
"Data source: BJS Police-Public Contact Survey, 2011",,,,,,
"Authors: Matthew Durose and Lynn Langton, Ph.D.",,,,,,
Refer questions to: askbjs@usdoj.gov 202-307-0765,,,,,,
Date of release: 09/24/13,,,,,,
,,,,,,
"Table 7. Persons who felt police spent an appropriate amount of time with them after requesting assistance, by perceptions of police behavior and response, 2011",,,,,,
,,,,,,
,,Percent who felt police spent an appropriate amount of time with them,,,,
Police behavior and response,,Total,,Yes,"No, too much","No, too little"
,Total,100,%,92.9,1.5,5.6
Police were helpful ,,,,,,
,Yes,100,%,97.6,0.6,1.8
,No,100,%,60,8.1,31.8
Police acted properly,,,,,,
,Yes,100,%,97.4,0.8,1.8
,No,100,%,36.7,11.7,51.5
Satisfied with police response,,,,,,
,Yes,100,%,98.5,0.6,0.9
,No,100,%,59.3,7,33.8
Note: Data based on the person's most recent contact with police in 2011. Percentages exclude 3.5% of respondents who did not know or report whether the police spent an appropriate amount of time with them. See appendix table 7 for standard errors.,,,,,,
"Source: Bureau of Justice Statistics, National Crime Victimization Survey, Police-Public Contact Survey, 2011.",,,,,,
