Bureau of Justice Statistics,,,,,,,
Filename: rpa11t03,,,,,,,
"Table 3. Persons who requested police assistance who had face-to-face contact with an officer, by reason for most recent contact, 2011",,,,,,,
"Report title: Requests for Police Assistance, 2011",,,,,,,
"Data source: BJS Police-Public Contact Survey, 2011",,,,,,,
"Authors: Matthew Durose and Lynn Langton, Ph.D.",,,,,,,
Refer questions to: askbjs@usdoj.gov 202-307-0765,,,,,,,
Date of release: 09/24/13,,,,,,,
 ,,,,,,,
"Table 3. Persons who requested police assistance who had face-to-face contact with an officer, by reason for most recent contact, 2011",,,,,,,
,,,,Percent who had face-to-face with police after requesting assistance,,,
Reason for most recent contact,,Number requesting assistance,,Total,,Yes,No
,Total,"24,227,000",,100,%,62.1,37.9
Reported crime/disturbance/ suspicious activity ,,"14,523,000",,100,%,67,33
Reported noncrime emergency ,,"6,477,000",,100,%,46.2,53.8
Other reason*,,"3,228,000",,100,%,72.1,27.9
Note: Percentages based on the 24.2 million persons who reported that their most recent contact in 2011 was to request assistance from the police. Percentages exclude less than 0.1% of respondents who did not report whether the contact was face-to-face. Number of persons who requested assistance from police rounded to nearest thousand. See appendix table 3 for standard errors.,,,,,,,
"*Includes other reasons for approaching or seeking help from police, such as asking for directions, having a problem with an animal, or returning a lost item. ",,,,,,,
"Source: Bureau of Justice Statistics, National Crime Victimization Survey, Police-Public Contact Survey, 2011.",,,,,,,
