Bureau of Justice Statistics,,,,,,
Filename: rpa11t08,,,,,,
"Table 8. Persons who requested police assistance who reported how likely they were to contact police again for a similar problem, by reason for most recent contact, 2011",,,,,,
"Report title: Requests for Police Assistance, 2011",,,,,,
"Data source: BJS Police-Public Contact Survey, 2011",,,,,,
"Authors: Matthew Durose and Lynn Langton, Ph.D.",,,,,,
Refer questions to: askbjs@usdoj.gov 202-307-0765,,,,,,
Date of release: 09/24/13,,,,,,
,,,,,,
"Table 8. Persons who requested police assistance who reported how likely they were to contact police again for a similar problem, by reason for most recent contact, 2011",,,,,,
,,How likely to contact police again for a similar problem,,,,
Reason for most recent contact,,Total,,More likely to call,Just as likely to call,Less likely to call
,Total,100,%,33.9,59.2,6.9
Reported crime/disturbance/suspicious activity,,100,%,34.1,58.4,7.5
Reported noncrime emergency,,100,%,34,61.7,4.2
Other reason*,,100,%,33,57.5,9.5
Note: Data based on the person's most recent contact with police in 2011. Percentages exclude 1.8% of respondents who did not know or report how likely they were to contact the police again for a similar problem. See appendix table 8 for standard errors.,,,,,,
"*Includes other reasons for approaching or seeking help from police, such as asking for directions, having a problem with an animal, or returning a lost item. ",,,,,,
"Source: Bureau of Justice Statistics, National Crime Victimization Survey, Police-Public Contact Survey, 2011.",,,,,,
