Bureau of Justice Statistics,,,,,,
Filename: rpa11at03,,,,,,
"Appendix table 3. Standard errors for table 3: Persons who requested police assistance who had face-to-face contact with an officer, by reason for most recent contact, 2011",,,,,,
"Report title: Requests for Police Assistance, 2011",,,,,,
"Data source: BJS Police-Public Contact Survey, 2011",,,,,,
"Authors: Matthew Durose and Lynn Langton, Ph.D.",,,,,,
Refer questions to: askbjs@usdoj.gov 202-307-0765,,,,,,
Date of release: 09/24/13,,,,,,
,,,,,,
"Appendix table 3. Standard errors for table 3: Persons who requested police assistance who had face-to-face contact with an officer, by reason for most recent contact, 2011",,,,,,
,,,Percent who had face-to-face with police after requesting assistance,,,
Reason for most recent contact,Number requesting assistance,,Yes,,No,
     Total,"932,827",,1.6,%,1.5,%
Reported crime/disturbance/suspicious activity,"678,514",,1.8,,1.7,
Reported noncrime emergency,"402,977",,2.4,,2.4,
Other reason,"255,515",,2.9,,2.7,
"Source: Bureau of Justice Statistics, National Crime Victimization Survey, Police-Public Contact Survey, 2011.",,,,,,
