Bureau of Justice Statistics,,,,,,,
Filename: rpa11at06,,,,,,,
"Appendix table 6. Standard errors for table 6: Persons who felt police improved the situation during contacts to request assistance, by reason for most recent contact, 2011",,,,,,,
"Report title: Requests for Police Assistance, 2011",,,,,,,
"Data source: BJS Police-Public Contact Survey, 2011",,,,,,,
"Authors: Matthew Durose and Lynn Langton, Ph.D.",,,,,,,
Refer questions to: askbjs@usdoj.gov 202-307-0765,,,,,,,
Date of release: 09/24/13,,,,,,,
,,,,,,,
"Appendix table 6. Standard errors for table 6: Persons who felt police improved the situation during contacts to request assistance, by reason for most recent contact, 2011",,,,,,,
,,Percent who felt the police improved the situation,,,,,
Reason for most recent contact,,Yes,,No,,Don�t know,
,Total,1.6,%,1.2,%,1.1,%
Reported crime/disturbance/ suspicious activity,,1.9,,1.5,,1.2,
Reported noncrime emergency,,2.3,,1.1,,1.9,
Other reason,,3.1,,2.6,,2,
"Source: Bureau of Justice Statistics, National Crime Victimization Survey, Police-Public Contact Survey, 2011.",,,,,,,
