Bureau of Justice Statistics,,,,,,,
Filename: rpa11at07,,,,,,,
"Appendix table 7. Standard errors for table 7: Persons who felt police spent an appropriate amount of time with them after requesting assistance, by perceptions of police behavior and response, 2011",,,,,,,
"Report title: Requests for Police Assistance, 2011",,,,,,,
"Data source: BJS Police-Public Contact Survey, 2011",,,,,,,
"Authors: Matthew Durose and Lynn Langton, Ph.D.",,,,,,,
Refer questions to: askbjs@usdoj.gov 202-307-0765,,,,,,,
Date of release: 09/24/13,,,,,,,
,,,,,,,
"Appendix table 7. Standard errors for table 7: Persons who felt police spent an appropriate amount of time with them after requesting assistance, by perceptions of police behavior and response, 2011",,,,,,,
,,Percent who felt police spent an appropriate amount of time with them,,,,,
Police behavior and response,,Yes,,"No, too much",,"No, too little",
,Total,0.9,%,0.3,%,0.6,%
Police were helpful ,,,,,,,
,Yes,0.6,%,0.2,%,0.3,%
,No,3.2,,1.5,,2.9,
Police acted properly,,,,,,,
,Yes,0.6,%,0.2,%,0.3,%
,No,4,,2.5,,4.2,
Satisfied with police response,,,,,,,
,Yes,0.4,%,0.2,%,0.2,%
,No,3.1,,1.3,,2.8,
"Source: Bureau of Justice Statistics, National Crime Victimization Survey, Police-Public Contact Survey, 2011.",,,,,,,
