Bureau of Justice Statistics,,,,,,,
Filename: rpa11at08,,,,,,,
"Appendix table 8. Standard errors for table 8: Persons who requested police assistance who reported how likely they were to contact police again for a similar problem, by reason for most recent contact, 2011",,,,,,,
"Report title: Requests for Police Assistance, 2011",,,,,,,
"Data source: BJS Police-Public Contact Survey, 2011",,,,,,,
"Authors: Matthew Durose and Lynn Langton, Ph.D.",,,,,,,
Refer questions to: askbjs@usdoj.gov 202-307-0765,,,,,,,
Date of release: 09/24/13,,,,,,,
,,,,,,,
"Appendix table 8. Standard errors for table 8: Persons who requested police assistance who reported how likely they were to contact police again for a similar problem, by reason for most recent contact, 2011",,,,,,,
,,How likely to contact police again for a similar problem,,,,,
Reason for most recent contact,,More likely to call,,Just as likely to call,,Less likely to call,
,Total,1.4,%,1.6,%,0.6,%
Reported crime/disturbance/suspicious activity ,,1.7,,1.9,,0.8,
Reported noncrime emergency ,,2.2,,2.4,,0.8,
Other reason,,2.9,,3.1,,1.6,
"Source: Bureau of Justice Statistics, National Crime Victimization Survey, Police-Public Contact Survey, 2011.",,,,,,,
