Bureau of Justice Statistics,,,,,,
Filename: rpa11t06,,,,,,
"Table 6. Persons who felt police improved the situation during contacts to request assistance, by reason for most recent contact, 2011",,,,,,
"Report title: Requests for Police Assistance, 2011",,,,,,
"Data source: BJS Police-Public Contact Survey, 2011",,,,,,
"Authors: Matthew Durose and Lynn Langton, Ph.D.",,,,,,
Refer questions to: askbjs@usdoj.gov 202-307-0765,,,,,,
Date of release: 09/24/13,,,,,,
,,,,,,
"Table 6. Persons who felt police improved the situation during contacts to request assistance, by reason for most recent contact, 2011",,,,,,
,,Percent who felt the police improved the situation,,,,
Reason for most recent contact,,Total,,Yes,No,Don�t know
,Total,100,%,61.3,20.9,17.8
Reported crime/disturbance/suspicious activity,,100,%,57.7,25.6,16.7
Reported noncrime emergency,,100,%,69.9,8.4,21.7
Other reason*,,100,%,60.3,25.3,14.4
Note: Data based on the person�s most recent contact with police in 2011. Percentages exclude 0.1% of respondents who did not report whether the police improved the situation. See appendix table 6 for standard errors.,,,,,,
"*Includes other reasons for approaching or seeking help from police, such as asking for directions, having a problem with an animal, or returning a lost item.",,,,,,
"Source: Bureau of Justice Statistics, National Crime Victimization Survey, Police-Public Contact Survey, 2011.",,,,,,
