Bureau of Justice Statistics,,,,,,,
Filename: rpa11at09,,,,,,,
"Appendix table 9. Standard errors for table 9: Persons who requested police assistance who reported how likely they were to contact police again for a similar problem, by perceptions of police behavior and response, 2011",,,,,,,
"Report title: Requests for Police Assistance, 2011",,,,,,,
"Data source: BJS Police-Public Contact Survey, 2011",,,,,,,
"Authors: Matthew Durose and Lynn Langton, Ph.D.",,,,,,,
Refer questions to: askbjs@usdoj.gov 202-307-0765,,,,,,,
Date of release: 09/24/13,,,,,,,
,,,,,,,
"Appendix table 9. Standard errors for table 9: Persons who requested police assistance who reported how likely they were to contact police again for a similar problem, by perceptions of police behavior and response, 2011",,,,,,,
,,How likely to contact police again for a similar problem,,,,,
Police behavior and response,,More likely to call,,Just as likely to call,,Less likely to call,
,Total,1.4,%,1.6,%,0.6,%
Police were helpful ,,,,,,,
,Yes,1.6,%,1.7,%,0.4,%
,No,2.1,,3.2,,3,
Police acted properly,,,,,,,
,Yes,1.5,%,1.6,%,0.4,%
,No,2.1,,4,,4.1,
Satisfied with police response,,,,,,,
,Yes,1.6,%,1.7,%,0.3,%
,No,2,,3,,2.8,
"Source: Bureau of Justice Statistics, National Crime Victimization Survey, Police-Public Contact Survey, 2011.",,,,,,,
