Bureau of Justice Statistics,,,,
Filename: rpa11t01,,,,
"Table 1. U.S. residents age 16 or older who had contact with police, by reason for contact, 2011",,,,
"Report title: Requests for Police Assistance, 2011",,,,
"Data source: BJS Police-Public Contact Survey, 2011",,,,
"Authors: Matthew Durose and Lynn Langton, Ph.D.",,,,
Refer questions to: askbjs@usdoj.gov 202-307-0765,,,,
Date of release: 09/24/13,,,,
,,,,
"Table 1. U.S. residents age 16 or older who had contact with police, by reason for contact, 2011",,,,
,,,,
Reason for contact with police,,Number,Percent,
,Total,"62,937,000",26.1,%
Requested assistance,,"31,405,000",13,%
,Reported crime/disturbance/suspicious activity,"19,737,000",8.2,
,Reported noncrime emergency,"12,566,000",5.2,
,Other reason/a,"3,900,000",1.6,
Stopped/approached by police/b,,"35,425,000",14.7,%
Involved in a traffic accident reported to police,,"7,434,000",3.1,%
Participated in an anti-crime program with police,,"3,490,000",1.4,%
"Note: Data based on the 241,404,000 U.S. residents age 16 or older in 2011. Numbers and percentages include persons who experienced contact with police anytime during 2011. Detail sums to more than total because some persons had more than one type of contact with police in 2011. Number of persons who requested police assistance rounded to nearest thousand. See appendix table 1 for standard errors. ",,,,
"a/Includes other reasons for approaching or seeking help from police, such as asking for directions, having a problem with an animal, or returning a lost item.",,,,
"b/Includes persons who had involuntary contact that was initiated by the police such as being pulled over in a moving vehicle, being arrested for a crime, or being approached for some other reason (e.g., police were providing a service or conducting a criminal investigation).",,,,
"Source: Bureau of Justice Statistics, National Crime Victimization Survey, Police-Public Contact Survey, 2011.",,,,
