Bureau of Justice Statistics,
Filename: rpa11f01,
"Figure 1. Perceptions of police behavior and response following requests for assistance, 2011",
"Report title: Requests for Police Assistance, 2011",
"Data source: BJS Police-Public Contact Survey, 2011",
"Authors: Matthew Durose and Lynn Langton, Ph.D.",
Refer questions to: askbjs@usdoj.gov 202-307-0765,
Date of release: 09/24/13,
,
"Figure 1. Perceptions of police behavior and response following requests for assistance, 2011",
Police behavior and response,Percent of persons age 16 or older
Police were helpful,86.4
Police acted properly,93.1
Satisfied with the police response,84.7
"Note: Data based on the person�s most recent contact with police in 2011.Percentages exclude 1.7% of respondents who did not know or report whether the police were helpful, 2.9% who did not know or report whether the police acted properly, and 0.8% who did not know or report whether they were satisfied with the police response. See appendix table 4 for standard errors.",
"Source: Bureau of Justice Statistics, National Crime Victimization Survey, Police-Public Contact Survey, 2011.",
