Bureau of Justice Statistics,,,,,,,,,,
Filename: rpa11t04,,,,,,,,,,
"Table 4. Perceptions of police behavior and response during contacts to request assistance, by reason for most recent contact and race/Hispanic origin of persons, 2011",,,,,,,,,,
"Report title: Requests for Police Assistance, 2011",,,,,,,,,,
"Data source: BJS Police-Public Contact Survey, 2011",,,,,,,,,,
"Authors: Matthew Durose and Lynn Langton, Ph.D.",,,,,,,,,,
Refer questions to: askbjs@usdoj.gov 202-307-0765,,,,,,,,,,
Date of release: 09/24/13,,,,,,,,,,
,,,,,,,,,,
"Table 4. Perceptions of police behavior and response during contacts to request assistance, by reason for most recent contact and race/Hispanic origin of persons, 2011",,,,,,,,,,
,,,,,,,,,,
Reason for most recent contact,,,All/a,,White/b,,Black/African American/b,,Hispanic/ Latino,
Police were helpful,,,,,,,,,,
,,Total,86.4,%,86.7,%,83.2,%,87.9,%
,Reported crime/disturbance/suspicious activity,,84,,83.5,,85,,86,
,Reported noncrime emergency,,93.2,,93.9,,82.6,,95.6,
,Other reason/c,,83.9,,85.5,,75.1,,81.5,
Police acted properly,,,,,,,,,,
,,Total,93.1,%,93.5,%,90.4,%,92.8,%
,Reported crime/disturbance/suspicious activity,,92.4,,92.3,,92.6,,92.5,
,Reported noncrime emergency,,95.6,,96.3,,88.1,,96,
,Other reason/c,,90.9,,92.5,,83.5,,86.9,
Satisfied with police response,,,,,,,,,,
,,Total,84.7,%,85.8,%,80.1,%,81.4,%
,Reported crime/disturbance/suspicious activity ,,82,,82.7,,80.5,,79,
,Reported noncrime emergency,,91.4,,92.5,,79.2,,90.9,
,Other reason/c,,83.6,,85.4,,80,,73.9,
"Note: Data based on the person's most recent contact with police in 2011. Percentages exclude 1.7% of respondents who did not know or report whether the police were helpful, 2.9% who did not know or report whether the police acted properly, and 0.8% who did not know or report whether they were satisfied with the police response. See appendix table 4 for standard errors.",,,,,,,,,,
"a/Includes estimates for persons identifying as white, black, Hispanic, American Indian, Alaska Native, Asian, Native Hawaiian, or other Pacific Islander, and persons of two or more races. Separate statistics on American Indians, Alaska Natives, Asians, Native Hawaiians, or other Pacific Islanders, and persons of two or more races are not shown due to too few sample cases to obtain reliable estimates.",,,,,,,,,,
b/Excludes persons of Hispanic or Latino origin.,,,,,,,,,,
"c/Includes other reasons for approaching or seeking help from police, such as asking for directions, having a problem with an animal, or returning a lost item. ",,,,,,,,,,
"Source: Bureau of Justice Statistics, National Crime Victimization Survey, Police-Public Contact Survey, 2011.",,,,,,,,,,
