Bureau of Justice Statistics,,,,
Filename: rpa11at01,,,,
"Appendix table 1. Standard errors for table 1: U.S. residents age 16 or older who had contact with police, by reason for contact, 2011",,,,
"Report title: Requests for Police Assistance, 2011",,,,
"Data source: BJS Police-Public Contact Survey, 2011",,,,
"Authors: Matthew Durose and Lynn Langton, Ph.D.",,,,
Refer questions to: askbjs@usdoj.gov 202-307-0765,,,,
Date of release: 09/24/13,,,,
,,,,
"Appendix table 1. Standard errors for table 1: U.S. residents age 16 or older who had contact with police, by reason for contact, 2011",,,,
Reason for contact with police,,Number,Percent,
,Total,"1,581,523",0.7,%
Requested assistance ,,"1,088,977",0.5,%
,Reported crime/disturbance/suspicious activity,"822,688",0.3,
,Reported noncrime emergency,"618,878",0.3,
,Other reason,"289,181",0.1,
Stopped/approached by police,,"1,167,506",0.5,%
Involved in a traffic accident reported to police,,"440,856",0.2,%
Participated in an anti-crime program with police,,"268,884",0.1,%
"Source: Bureau of Justice Statistics, National Crime Victimization Survey, Police-Public Contact Survey, 2011.",,,,
