Bureau of Justice Statistics,,,,,,
Filename: rpa11t09,,,,,,
"Table 9. Persons who requested police assistance who reported how likely they were to contact police again for a similar problem, by perceptions of police behavior and response, 2011",,,,,,
"Report title: Requests for Police Assistance, 2011",,,,,,
"Data source: BJS Police-Public Contact Survey, 2011",,,,,,
"Authors: Matthew Durose and Lynn Langton, Ph.D.",,,,,,
Refer questions to: askbjs@usdoj.gov 202-307-0765,,,,,,
Date of release: 09/24/13,,,,,,
 ,,,,,,
"Table 9. Persons who requested police assistance who reported how likely they were to contact police again for a similar problem, by perceptions of police behavior and response, 2011",,,,,,
,,How likely to contact police again for a similar problem,,,,
Police behavior and response,,Total,,More likely to call,Just as likely to call,Less likely to call
,Total,100,%,33.9,59.2,6.9
Police were helpful ,,,,,,
,Yes,100,%,36.8,60.6,2.7
,No,100,%,16.3,48.8,34.9
Police acted properly,,,,,,
,Yes,100,%,36,60.4,3.6
,No,100,%,9.1,43.8,47.1
Satisfied with police response,,,,,,
,Yes,100,%,37.2,60.6,2.2
,No,100,%,16.2,50.1,33.7
"Note: Data based on the person's most recent contact with police in 2011. Percentages exclude 1.7% of respondents who did not know or report whether the police were helpful, 2.9% who did not know or report whether the police acted properly, 0.8% who did not know or report whether they were satisfied with the police response, and 1.8% of respondents who did not know or report how likely they were to contact the police again for a similar problem. See appendix table 9 for standard errors.",,,,,,
"Source: Bureau of Justice Statistics, National Crime Victimization Survey, Police-Public Contact Survey, 2011.",,,,,,
